name,style,ingredients,cook_time,difficulty,suitable_time,suitable_weather,suitable_season,source_recipe_id,source_url,source_category,source_main_taste,source_main_season,source_review_count,source_avg_rating,source_scrap_count
닭볶음탕 진짜진짜 황금레시피 알려 드려요~~^^,한식,"닭,당면,감자,당근,양파,고추,대파,마늘,우유,멸치,다시마,표고버섯,간장,고추장,고춧가루,간양파,청주,물,후추,참기름,액젓",60,쉬움,저녁,"맑음,비,눈,더위,추위","봄,여름,가을,겨울",6876357,https://www.10000recipe.com/recipe/6876357,국/탕,,,2724,,
부대찌개 양념 만드는법 홀릭되는 맛임,한식,"김치줌,소세지,스팸,두부,떡,대파센티,홍고추,청양고추큰거,사골곰탕,된장,고춧가루,마늘,간장,설탕,물,소주컵",30,쉬움,"점심,저녁","맑음,비,눈,더위,추위","봄,여름,가을,겨울",6884636,https://www.10000recipe.com/recipe/6884636,찌개,,,1970,,
"순두부찌개. 바지락, 고기 없이도 기가 막힌 순두부찌개 만드는 법 / 만들기 / 순두부찌개 황금 레시피",한식,"순두부,대파,양파,애호박,청양고추,계란,참기름,식용유,고춧가루,소금,설탕,간장,마늘,멸치육수,뚝배기",30,쉬움,"점심,저녁","맑음,비,눈,더위,추위","봄,여름,가을,겨울",6912220,https://www.10000recipe.com/recipe/6912220,찌개,,,1816,,
"매콤 된장찌개, 채소와 두부만 넣은 초간단 초스피드 된장찌개",한식,"느타리버섯,양파,애호박,청양고추,두부,물,된장,간장,고춧가루,마늘,설탕,소금,뚝배기",15,쉬움,"아침,점심,야식","맑음,비,눈,더위,추위","봄,여름,가을,겨울",6859263,https://www.10000recipe.com/recipe/6859263,찌개,,,1390,,
"단짠단짠 너무맛있는별미, 간장쪽갈비",한식,"등갈비,된장,통마늘,간장,설탕,물엿,매실액,맛술,마늘,참기름,물,깨",60,쉬움,저녁,"맑음,비,눈,더위,추위","봄,여름,가을,겨울",6884469,https://www.10000recipe.com/recipe/6884469,메인반찬,,,1255,,
초간단 10분 요리 김치비빔국수 양념장 끝내줘요,한식,"국수,식용유,김치,간장,고추장,고춧가루,설탕,올리고당,식초,참기름,통깨,면기,멀티팟",10,쉬움,"아침,점심,야식","맑음,비,눈,더위,추위","봄,여름,가을,겨울",6885928,https://www.10000recipe.com/recipe/6885928,면/만두,,,1201,,
돼지고기고추장찌개,한식,"돼지고기,감자,애호박,청양고추,마늘,고추장,양파,간장,설탕,올리고당,소금,참기름,고춧가루",60,쉬움,저녁,"맑음,비,눈,더위,추위","봄,여름,가을,겨울",6885185,https://www.10000recipe.com/recipe/6885185,찌개,,,1190,,
참치김치찌개 황금레시피 맛있게 끓여먹어요~,한식,"신김치,대파,참치,식용유,고춧가루,김치국물,물,대나무트레이,면기,수저세트,수저받침",10,쉬움,"아침,점심,야식","맑음,비,눈,더위,추위","봄,여름,가을,겨울",6864674,https://www.10000recipe.com/recipe/6864674,찌개,,,1176,,
스팸 김치볶음밥,한식,"김치,스팸,밥,올리고당,고추장,맛술,참기름,후춧가루,조리용나이프",30,쉬움,"점심,저녁","맑음,비,눈,더위,추위","봄,여름,가을,겨울",5590466,https://www.10000recipe.com/recipe/5590466,밥/죽/떡,,,1078,,
"닭볶음탕 황금레시피, 밖에서 사 먹는 닭도리탕 맛을 집에서 내봤어요 ~",한식,"닭볶음탕용닭,감자,양파,당근,다진대파또는쪽파,물,통깨,고춧가루,고추장,간장,마늘,설탕,올리고당,생강가루,미림,후춧가루,조리용나이프,계량컵",60,쉬움,저녁,"맑음,비,눈,더위,추위","봄,여름,가을,겨울",6887142,https://www.10000recipe.com/recipe/6887142,국/탕,,,1023,,
김치 볶음밥 완전 새로운 방식!,한식,"김치,설탕,간장,고춧가루,참기름,마요네즈,된장,파,조리용나이프",15,쉬움,"아침,점심,야식","맑음,비,눈,더위,추위","봄,여름,가을,겨울",6923068,https://www.10000recipe.com/recipe/6923068,밥/죽/떡,,,934,,
비빔국수 황금레시피,한식,"국수,깻잎,열무김치있으면,고추장,고춧가루,식초,설탕,마늘,간장,와사비,참기름,다진고추,깨소금,조리용나이프,면기",30,쉬움,"점심,저녁","맑음,비,눈,더위,추위","봄,여름,가을,겨울",6896908,https://www.10000recipe.com/recipe/6896908,면/만두,,,825,,
집에 있는 재료로 간단하게~ 오므라이스,한식,"햄,양파,당근,감자,파잎위주,식은밥,케찹,소금,후추,계란,올리고당,물,조리용나이프,다지기,인수저세트",15,쉬움,"아침,점심,야식","맑음,비,눈,더위,추위","봄,여름,가을,겨울",6882172,https://www.10000recipe.com/recipe/6882172,밥/죽/떡,,,812,,
두부강정 맵지않은 소스로 아이들 입맛까지 확 ~,한식,"두부,부침가루,식용유,케첩,올리고당,설탕,간장,마늘,스텐사각쟁반,키친타올",30,쉬움,"점심,저녁","맑음,비,눈,더위,추위","봄,여름,가을,겨울",6892138,https://www.10000recipe.com/recipe/6892138,,,,642,,
고기처럼 쫄깃한 밥도둑 반찬 '새송이버섯 간장버터구이'레시피,한식,"새송이버섯,청양고추,대파,버터,간장,올리고당,마늘,참기름,물",10,쉬움,"아침,점심,야식","맑음,비,눈,더위,추위","봄,여름,가을,겨울",6894323,https://www.10000recipe.com/recipe/6894323,메인반찬,,,637,,
【단시간에 깊은 맛이 일품인 김치찜 만드는 방법】,한식,"김치,포기,돼지고기,대파,줄기,참기름,설탕,맛술,뚝배기",30,쉬움,"점심,저녁","맑음,비,눈,더위,추위","봄,여름,가을,겨울",6871104,https://www.10000recipe.com/recipe/6871104,메인반찬,,,614,,
미역국 단시간에 뽀얗고 진하게 끓이기.,한식,"미역인분,마늘,간장,된장,소금개인입맛에맞게,대접",30,쉬움,"점심,저녁","맑음,비,눈,더위,추위","봄,여름,가을,겨울",6867565,https://www.10000recipe.com/recipe/6867565,국/탕,,,606,,
칠리새우ㅣ쉬림프 박스 만들기,한식,"칵테일새우,마늘,버터,식용유,케찹,고춧가루,설탕,간장,식초,물,정사각도시락",30,쉬움,"점심,저녁","맑음,비,눈,더위,추위","봄,여름,가을,겨울",6881815,https://www.10000recipe.com/recipe/6881815,메인반찬,,,548,,
"참치마요덮밥 만들기, 혼밥요리로 딱!",한식,"밥,계란,참치,마요네즈,다진양파,양파,맛술,간장,올리고당,대파,김가루,조리용나이프,밥공기",30,쉬움,"점심,저녁","맑음,비,눈,더위,추위","봄,여름,가을,겨울",6879335,https://www.10000recipe.com/recipe/6879335,밥/죽/떡,,,546,,
(입맛 살리는 초간단 면요리) 새콤달콤 비빔국수,한식,"소면,마늘,맛술,고추장,간장,고춧가루,설탕,올리고당,식초,매실액,참기름,통깨,위생장갑,면기",10,쉬움,"아침,점심,야식","맑음,비,눈,더위,추위","봄,여름,가을,겨울",6865170,https://www.10000recipe.com/recipe/6865170,면/만두,,,526,,
"두부강정 만드는 법, 아이들이 좋아하는 반찬!!",한식,"두부,부침가루,케찹,설탕,올리고당,간장,마늘,키친타올",30,쉬움,"점심,저녁","맑음,비,눈,더위,추위","봄,여름,가을,겨울",6872334,https://www.10000recipe.com/recipe/6872334,,,,524,,
감자요리 - 백종원 감자짜글이,한식,"스팸작은사이즈,감자작은거,양파,청양고추,대파,물,고춧가루,고추장,마늘,맛술,간장,설탕,된장,조리용나이프,트레이",60,쉬움,저녁,"맑음,비,눈,더위,추위","봄,여름,가을,겨울",6891652,https://www.10000recipe.com/recipe/6891652,찌개,,,524,,
[자취요리] 초간단 떡볶이 만들기 + 꿀맛은 덤,한식,"떡볶이떡,어묵,계란,다시마,고춧가루,고추장,올리고당,설탕,간장,소금,식초,물,조리용나이프",30,쉬움,"점심,저녁","맑음,비,눈,더위,추위","봄,여름,가을,겨울",6846848,https://www.10000recipe.com/recipe/6846848,밥/죽/떡,,,522,,
즉석 목살 양념구이~ 달큰한 양념소스가 정말 맛있습니다.,한식,"돼지목살,설탕,간장,물엿,간마늘,생강가루,맛술,후추가루,대파다진거,휴대용가스렌지,계량컵",20,쉬움,"점심,저녁","맑음,비,눈,더위,추위","봄,여름,가을,겨울",6925795,https://www.10000recipe.com/recipe/6925795,메인반찬,,,506,,
【이열치열】간단 순두부찌개 만들기~,한식,"다진돼지고기,순두부,양파,대파,줄기,땡초,호박,계란노른자생략가능,맛술,참기름,식용유,고춧가루,간장,마늘,새우젓,후추,조리용나이프,뚝배기",15,쉬움,"아침,점심,야식","맑음,비,눈,더위,추위","봄,여름,가을,겨울",6871912,https://www.10000recipe.com/recipe/6871912,찌개,,,474,,
스팸마요덮밥 만드는 법 간단한 한그릇요리로 딱!,한식,"스팸작은거,통,계란,밥,양파,간장,맛술,설탕,후추,통깨,김",30,쉬움,"점심,저녁","맑음,비,눈,더위,추위","봄,여름,가을,겨울",6878335,https://www.10000recipe.com/recipe/6878335,밥/죽/떡,,,471,,
오삼불고기 - 센불에서 볶아주면 불맛 제대로 오삼불고기레시피,한식,"오징어,삼겹살,양파,깻잎,대파,설탕,고춧가루,간장,마늘,고추장,매실액,후추,참기름",30,쉬움,"점심,저녁","맑음,비,눈,더위,추위","봄,여름,가을,겨울",6854567,https://www.10000recipe.com/recipe/6854567,메인반찬,,,460,,
"생생 정보통 황금레시피 6146, 오이미역냉국 만들기!!",한식,"미역,오이,양파,청양고추,물,소금,설탕,식초,통깨,주방용나이프,유리반찬통,계량컵,대접",15,쉬움,"아침,점심,야식","맑음,비,눈,더위,추위","봄,여름,가을,겨울",6830500,https://www.10000recipe.com/recipe/6830500,국/탕,,,459,,
[간단 자취요리] 꿀팁공유 고깃집 밥도둑! 고깃집 된장찌개 만들기,한식,"두부,된장,쌈장,고춧가루,물,대파생략가능,버섯추가무관,감자추가무관,조리용나이프,뚝배기",30,쉬움,"점심,저녁","맑음,비,눈,더위,추위","봄,여름,가을,겨울",6863103,https://www.10000recipe.com/recipe/6863103,찌개,,,443,,
【초간단】 야식 비빔국수 만들기,한식,"국수,양파,오이,깻잎,마늘,간장,고추장,고춧가루,설탕,식초,매실액기스,올리고당,참기름,조리용나이프,위생장갑,면기",10,쉬움,"아침,점심,야식","맑음,비,눈,더위,추위","봄,여름,가을,겨울",6867157,https://www.10000recipe.com/recipe/6867157,면/만두,,,442,,
"경상도식 얼큰 소고기무국 만드는 법, 국물이 칼칼해서 해장국으로도 좋아요 !",한식,"소고기국거리,참기름,숙주나물,큰무,대파,청양고추,홍고추,고춧가루,물,간장,소금,마늘,뚝배기",60,쉬움,저녁,"맑음,비,눈,더위,추위","봄,여름,가을,겨울",6880161,https://www.10000recipe.com/recipe/6880161,국/탕,,,435,,
3대천왕 황태국 - 사골국물처럼 뽀얀 황태국 비법,한식,"황태포g,들기름,물,감자작은것,대파채,소금,후추,조리용나이프,대접",30,쉬움,"점심,저녁","맑음,비,눈,더위,추위","봄,여름,가을,겨울",6852559,https://www.10000recipe.com/recipe/6852559,국/탕,,,434,,
고추장삼겹살 짱맛 양념,한식,"삼겹살,양파,고춧가루,고추장,간장,설탕,올리고당,미림or청주,마늘,참기름",60,쉬움,저녁,"맑음,비,눈,더위,추위","봄,여름,가을,겨울",6838588,https://www.10000recipe.com/recipe/6838588,메인반찬,,,422,,
"돼지고기김치찌개, 김치찌개 맛있게 끓이는법, 돼지김치찌개 만드는법, 목살 김치찌개..",한식,"배추김치,돼지목살,멸치육수,대파,양파,마늘,고춧가루,간장,김치국물,참기름,후추,조리용나이프",60,쉬움,저녁,"맑음,비,눈,더위,추위","봄,여름,가을,겨울",4295567,https://www.10000recipe.com/recipe/4295567,찌개,,,421,,
(집에서 즐기는 술안주) 순대볶음 - 간단 술안주,한식,"순대,양파,깻잎,떡국떡,양배추,당근,고춧가루,고추장,간장,설탕,올리고당,매실액,마늘,참기름,후춧가루,통깨",30,쉬움,"점심,저녁","맑음,비,눈,더위,추위","봄,여름,가을,겨울",6882270,https://www.10000recipe.com/recipe/6882270,메인반찬,,,418,,
돼지고기 김치찌개 달인이 되는 황금레시피,한식,"돼지고기앞다리살,배추김치,대파,청양고추,물,된장,들기름or참기름,설탕,마늘,후추",30,쉬움,"점심,저녁","맑음,비,눈,더위,추위","봄,여름,가을,겨울",6961294,https://www.10000recipe.com/recipe/6961294,찌개,,,405,,
삼겹살김치말이찜 만들기 - 양싸,한식,"삼겹살,김치,포기,대파,홍고추,청양고추,사골곰탕시판용,고추장,조리용나이프",30,쉬움,"점심,저녁","맑음,비,눈,더위,추위","봄,여름,가을,겨울",6862218,https://www.10000recipe.com/recipe/6862218,메인반찬,,,380,,
해물찜처럼 맛있는 백종원 소시지콩나물찜,한식,"콩나물,비엔나소시지,대파,양파,믈,고추장,고춧가루,간장,설탕,간마늘,참기름,조리용나이프",30,쉬움,"점심,저녁","맑음,비,눈,더위,추위","봄,여름,가을,겨울",6899265,https://www.10000recipe.com/recipe/6899265,메인반찬,,,378,,
"진미채 볶음, 짭쪼름 달달 간장소스, 초간단 밑반찬",한식,"진미채,마요네즈,간장,맛술,마늘,설탕,올리고당,깨",15,쉬움,"아침,점심,야식","맑음,비,눈,더위,추위","봄,여름,가을,겨울",6864876,https://www.10000recipe.com/recipe/6864876,,,,364,,
실패 없는 백종원 레시피 :: 소고기뭇국,한식,"무,소고기,물,대파,참기름,마늘,간장,소금,설탕,후추",60,쉬움,저녁,"맑음,비,눈,더위,추위","봄,여름,가을,겨울",6897772,https://www.10000recipe.com/recipe/6897772,국/탕,,,363,,
대패삼겹살을 넣은 두부김치만들기,한식,"대패삼겹살,김치,포기,양파,두부,마늘,소면,고추장,고춧가루,간장,설탕,생강가루,올리고당",30,쉬움,"점심,저녁","맑음,비,눈,더위,추위","봄,여름,가을,겨울",6843483,https://www.10000recipe.com/recipe/6843483,메인반찬,,,357,,
액젓돼지불고기~[백선생 액젓불고기 따라하기],한식,"돼지고기불고기용,양파작은거,대파,까나리액젓,설탕,마늘,참기름,생강술,후추,통깨",30,쉬움,"점심,저녁","맑음,비,눈,더위,추위","봄,여름,가을,겨울",6872933,https://www.10000recipe.com/recipe/6872933,메인반찬,,,356,,
박막례 간장비빔국수 맛의 재발견,한식,"소면,애호박,당근,간장,설탕,식초,마늘,참기름,통깨,물",10,쉬움,"아침,점심,야식","맑음,비,눈,더위,추위","봄,여름,가을,겨울",6912388,https://www.10000recipe.com/recipe/6912388,면/만두,,,355,,
"닭볶음탕 (닭도리탕)!! 따라하면 성공하는, 마이쏭레시피~!!",한식,"닭닭도리탕용,양파,대파,청양고추,감자큰거,고추장듬뿍,고춧가루,간장,마늘,소주,설탕,물엿,후추,참기름마지막에",30,보통,"점심,저녁","맑음,비,눈,더위,추위","봄,여름,가을,겨울",6846028,https://www.10000recipe.com/recipe/6846028,국/탕,,,340,,
목살간장볶음 갈비처럼 야들야들,한식,"목살,간장,올리고당,설탕,후추,마늘,참기름,깨,양파,브로콜리,대파",60,쉬움,저녁,"맑음,비,눈,더위,추위","봄,여름,가을,겨울",6852493,https://www.10000recipe.com/recipe/6852493,메인반찬,,,334,,
집밥백선생 백종원의 참치김치볶음밥 황금레시피!!,한식,"밥,묵은지,참치,대파,계란후라이,간마늘,고춧가루,설탕,간장,식용유",15,쉬움,"아침,점심,야식","맑음,비,눈,더위,추위","봄,여름,가을,겨울",6888583,https://www.10000recipe.com/recipe/6888583,밥/죽/떡,,,334,,
[간단 자취요리] 손님 초대용! 저렴하지만 멋지게 한 상 차려보자! / 서가앤쿡 목살 스테이크 만들기,양식,"목살,계란,버터,맛술,설탕,물",60,쉬움,저녁,"맑음,비,눈,더위,추위","봄,여름,가을,겨울",6861235,https://www.10000recipe.com/recipe/6861235,메인반찬,,,333,,
시간이 요리해주는 감자탕!,한식,"감자탕용돼지등뼈,감자작은거,데친얼갈이배추,깻잎,월개수잎,소주,양파,파,사과,마늘,생강,청양고추,고춧가루,멸치액젓,간장,들깨가루,미림,고추장,된장",120,쉬움,저녁,"맑음,비,눈,더위,추위","봄,여름,가을,겨울",6898488,https://www.10000recipe.com/recipe/6898488,국/탕,,,330,,
【반전의맛】스팸 양배추 덮밥 만들기~,한식,"양배추,양파,대파,스팸,땡초,마늘,간장,참기름,설탕,후추,물",10,쉬움,"아침,점심,야식","맑음,비,눈,더위,추위","봄,여름,가을,겨울",6869017,https://www.10000recipe.com/recipe/6869017,밥/죽/떡,,,329,,
닭봉간장조림~ 십년째 만들어 먹는 양념 공유해요!,한식,"닭봉,우유,대파,소주,간장,설탕,식초,청주,케첩,물엿",60,쉬움,저녁,"맑음,비,눈,더위,추위","봄,여름,가을,겨울",6940325,https://www.10000recipe.com/recipe/6940325,메인반찬,,,326,,
간단하지만 깔끔하고 매콤한 콩나물국 황금레시피,한식,"콩나물,다시마,대파,청양고추,마늘,물,소금,조리용나이프,대접",15,쉬움,"아침,점심,야식","맑음,비,눈,더위,추위","봄,여름,가을,겨울",6877595,https://www.10000recipe.com/recipe/6877595,국/탕,,,321,,
버섯으로 관자 느낌 내는 방법! 새송이버섯간장버터구이 만들기,한식,"새송이버섯,버터,어린잎채소,간장,맛술,올리고당",15,쉬움,"아침,점심,야식","맑음,비,눈,더위,추위","봄,여름,가을,겨울",6912734,https://www.10000recipe.com/recipe/6912734,,,,315,5.0,
차돌박이 된장찌개 레시피ㅣ고깃집에서 먹던 바로 그 맛!ㅣ,한식,"차돌박이,두부,애호박,양파,대파,청양고추,팽이버섯,된장,고추장,간장,고춧가루,마늘,해물다시팩",30,보통,"점심,저녁","맑음,비,눈,더위,추위","봄,여름,가을,겨울",6922749,https://www.10000recipe.com/recipe/6922749,찌개,,,315,,
완전쉬운 양념치킨 소스만들기+치킨너겟,한식,"치킨너겟,물엿올리고당T,케첩,고추장,간장,마늘,고춧가루,설탕,물",15,쉬움,"아침,점심,야식","맑음,비,눈,더위,추위","봄,여름,가을,겨울",6865791,https://www.10000recipe.com/recipe/6865791,메인반찬,,,314,,
업그레이드 삼겹살덮밥,한식,"삼겹살,양파,양배추,통,계란,간장,물엿,마늘,후추,소금",15,쉬움,"아침,점심,야식","맑음,비,눈,더위,추위","봄,여름,가을,겨울",6899874,https://www.10000recipe.com/recipe/6899874,밥/죽/떡,,,313,,
액젓으로 감칠맛이 업업! 초간단 계란국 / 달걀국,한식,"계란,물,대파,소금,액젓,다시마cmxcm,멸치",30,쉬움,"점심,저녁","맑음,비,눈,더위,추위","봄,여름,가을,겨울",6866483,https://www.10000recipe.com/recipe/6866483,국/탕,,,309,,
백종원 꽁치김치찌개 끓이는 법,한식,"꽁치통조림,김치,포기,양파,대파,물통조림캔으로계량,고춧가루,된장,마늘,설탕,참기름",90,쉬움,저녁,"맑음,비,눈,더위,추위","봄,여름,가을,겨울",6904987,https://www.10000recipe.com/recipe/6904987,찌개,,,305,,
치킨너겟으로 간편하게 간장치킨 만들기,한식,"치킨너겟,견과류아몬드or땅콩,생략가능,간장,설탕,올리고당,마늘,매실액,맛술,물",15,쉬움,"아침,점심,야식","맑음,비,눈,더위,추위","봄,여름,가을,겨울",6868389,https://www.10000recipe.com/recipe/6868389,메인반찬,,,301,,
간장비빔국수,한식,"소면원크기개,간장,설탕,고춧가루,숟갈,참기름,소금,볶은깨",5,쉬움,"아침,점심,야식","맑음,비,눈,더위,추위","봄,여름,가을,겨울",6887430,https://www.10000recipe.com/recipe/6887430,면/만두,,,295,,
참치 비빔밥,한식,"참치캔g,고추장,고춧가루,간장,설탕,올리고당,참기름,밥,상추,김,계란",5,쉬움,"아침,점심,야식","맑음,비,눈,더위,추위","봄,여름,가을,겨울",6898328,https://www.10000recipe.com/recipe/6898328,밥/죽/떡,,,292,,
스팸 돈부리덮밥!반찬이 필요없는 초간단 한그릇 요리,한식,"스팸,양파,계란,대파,간장,설탕,물",120,쉬움,저녁,"맑음,더위",여름,6897383,https://www.10000recipe.com/recipe/6897383,밥/죽/떡,짭짤함,여름,289,,
우유달걀카레 - 아침식사 거르지마세요. 초간단 15분요리,한식,"카레가루,우유,계란,양파,통조림햄제일작은거,통",15,쉬움,"아침,점심,야식","맑음,비,눈,더위,추위","봄,여름,가을,겨울",6902125,https://www.10000recipe.com/recipe/6902125,밥/죽/떡,,,287,,
여름별미음식~새콤달콤 열무비빔국수 만들기,한식,"열무김치,소면원동전,오이,계란,설탕,고춧가루,식초,참기름,매실액,올리고당,마늘,열무김치국물,고추장,통깨",30,쉬움,"점심,저녁","맑음,비,눈,더위,추위","봄,여름,가을,겨울",6850352,https://www.10000recipe.com/recipe/6850352,면/만두,,,281,,
(집에서 즐기는 술안주) 고추잡채 - 홈파티 / 손님접대 요리,한식,"잡채용돼지고기,노란파프리카,빨강파프리카,양파,표고버섯,꽃빵,청양고추,맛술,마늘,설탕,간장,후춧가루,고추기름,올리고당",60,쉬움,저녁,"맑음,비,눈,더위,추위","봄,여름,가을,겨울",6886754,https://www.10000recipe.com/recipe/6886754,메인반찬,,,276,,
일본풍 가지덮밥,한식,"가지약cm,간장,설탕,청주,미림,물",15,쉬움,"아침,점심,야식","맑음,비,눈,더위,추위","봄,여름,가을,겨울",6828931,https://www.10000recipe.com/recipe/6828931,밥/죽/떡,,,270,,
굴배추국 - 굴짬뽕 같은 느낌 시원한 굴국 #11월 제철음식,중식,"굴,배추,양파작은사이즈,당근,대파,청양고추,참기름,식용유,물,소금,마늘,미림,참치액,후춧가루",60,쉬움,저녁,"맑음,비,눈,더위,추위","봄,여름,가을,겨울",6861397,https://www.10000recipe.com/recipe/6861397,국/탕,,,270,,
혼밥족들을 위해 맛+영양+든든함까지 한그릇에 담은 달걀밥★,한식,"밥,공기,계란,물,햄or스팸g,다진대파,피자치즈,슬라이스치즈,간장,소금,후추",10,쉬움,"아침,점심,야식","맑음,비,눈,더위,추위","봄,여름,가을,겨울",6860486,https://www.10000recipe.com/recipe/6860486,밥/죽/떡,,,269,,
계란 새우볶음밥 만들기 굴소스로 쉽게 만들어요 ^^,한식,"밥,양파,대파,당근,계란,소금,참기름,후춧가루,통깨,냉동새우살",15,쉬움,"아침,점심,야식","맑음,비,눈,더위,추위","봄,여름,가을,겨울",6891445,https://www.10000recipe.com/recipe/6891445,밥/죽/떡,,,269,,
"찹스테이크 만들기, 폼나는 소고기요리",양식,"소고기,양파,표고버섯,통마늘,후추,버터,올리브유,허브솔트,맛술,케찹,올리고당,물,조리용나이프,키친타올",15,쉬움,"아침,점심,야식","맑음,비,눈,더위,추위","봄,여름,가을,겨울",6864725,https://www.10000recipe.com/recipe/6864725,양식,,,267,,
애호박 덮밥 혼밥으로 딱 좋아~,한식,"애호박,양파,고춧가루,마늘,참기름,식용유,계란",15,쉬움,"아침,점심,야식","맑음,비,눈,더위,추위","봄,여름,가을,겨울",6881286,https://www.10000recipe.com/recipe/6881286,밥/죽/떡,,,267,,
스팸김치찌개,한식,"김치,스팸,대파,참기름또는들기름,설탕,고춧가루,마늘,조리용나이프",30,쉬움,"점심,저녁","맑음,비,눈,더위,추위","봄,여름,가을,겨울",6841619,https://www.10000recipe.com/recipe/6841619,찌개,,,266,,
두부덮밥 만드는 법 마파두부가 아닌 간장소스로 ~,한식,"두부,애호박,당근,양파,마늘,간장,올리고당,참기름,식용유,전분물",30,쉬움,"점심,저녁","맑음,비,눈,더위,추위","봄,여름,가을,겨울",6865947,https://www.10000recipe.com/recipe/6865947,밥/죽/떡,,,265,,
대패삼겹살 숙주볶음 파채넣고 더 맛있게,한식,"대패삼겹살,숙주,봉지,파채,양파,고춧가루,간장,올리고당,맛술,마늘",15,쉬움,"아침,점심,야식","맑음,비,눈,더위,추위","봄,여름,가을,겨울",6892339,https://www.10000recipe.com/recipe/6892339,메인반찬,,,264,,
바쁜 아침 5분 뚝딱 !맛보장 '참치계란간장밥'레시피,한식,"밥,계란,참치,대파,간장,참기름,깨",5,쉬움,"아침,점심,야식","맑음,비,눈,더위,추위","봄,여름,가을,겨울",6894538,https://www.10000recipe.com/recipe/6894538,밥/죽/떡,,,259,,
간장오징어볶음 짭쪼롬하니 너무 맛있지요,한식,"오징어,애호박,당근,양파,대파,굵은소금,올리브유,간장,올리고당,설탕,미림,참기름,마늘,통깨",30,쉬움,"점심,저녁","맑음,비,눈,더위,추위","봄,여름,가을,겨울",6881969,https://www.10000recipe.com/recipe/6881969,메인반찬,,,257,,
백종원 새마을식당 7분김치찌개 만들기 초간단 돼지고기 김치찌개 만드는 방법,한식,"돼지고기앞다리살,김치,대파,된장,쌀뜨물,맛술,고춧가루,마늘,간장,조리용나이프,뚝배기",10,쉬움,"아침,점심,야식","맑음,비,눈,더위,추위","봄,여름,가을,겨울",6886109,https://www.10000recipe.com/recipe/6886109,찌개,,,252,,
[감자수제비] 눈이 오는 날엔 포근포근 감자 수제비 만들기 -양싸,한식,"감자,밀가루,소금,애호박,대파,청양고추,멸치,다시마,계란,마늘,간장",30,쉬움,"점심,저녁","맑음,비,눈,더위,추위","봄,여름,가을,겨울",6843768,https://www.10000recipe.com/recipe/6843768,면/만두,,,250,,
다른반찬이 필요없는 두부짜글이로 밥한공기 뚝딱!,한식,"두부,양파,청양고추,대파,고춧가루,고추장,간장,설탕,마늘",30,쉬움,"점심,저녁","맑음,비,눈,더위,추위","봄,여름,가을,겨울",6910367,https://www.10000recipe.com/recipe/6910367,찌개,매콤함,미분류,250,,
양배추 참치덮밥 /Cabbage tuna bowl of rice,한식,"참치캔,양배추,양파,대파,식용유,밥,고춧가루,고추장,올리고당",20,쉬움,"점심,저녁","맑음,비,눈,더위,추위","봄,여름,가을,겨울",6930961,https://www.10000recipe.com/recipe/6930961,밥/죽/떡,,,249,,
부타동 : 일본식 돼지고기 덮밥 간단한 점심 메뉴로 굿!,한식,"대패삼겹살,양파,달걀노른자,설탕,간장,맛술,마늘",30,쉬움,"점심,저녁","맑음,비,눈,더위,추위","봄,여름,가을,겨울",6902207,https://www.10000recipe.com/recipe/6902207,밥/죽/떡,,,248,,
간단하지만 중독성있게맛있는 간장파스타,양식,"파스타면원동전만큼,양파,베이컨,마늘,청양고추,올리브유또는식용유,간장,참기름,설탕",30,쉬움,"점심,저녁","맑음,비,눈,더위,추위","봄,여름,가을,겨울",6834113,https://www.10000recipe.com/recipe/6834113,면/만두,,,243,,
외국 불로그에서도 대박난 특별한 맛의 중국요리 동파육.,한식,"통삼겹살,붉은양파,파채,참기름,소금,물,간장,설탕,꿀",90,보통,저녁,"맑음,비,눈,더위,추위","봄,여름,가을,겨울",6867023,https://www.10000recipe.com/recipe/6867023,메인반찬,,,243,,
밀푀유나베,한식,"한우소고기불고기,알배추,깻잎,청경채,백만송이버섯,팽이버섯,표고버섯,물,멸치,다시마,무,건새우,간장,식초,맛술,매실청,설탕,다진양파",30,쉬움,"점심,저녁","맑음,비,눈,더위,추위","봄,여름,가을,겨울",6836663,https://www.10000recipe.com/recipe/6836663,국/탕,,,240,,
백종원 양파덮밥 간단하고 맛있는 한그릇요리,한식,"양파작은것,계란,쪽파or대파,밥,물,설탕,맛술,간장",15,쉬움,"아침,점심,야식","맑음,비,눈,더위,추위","봄,여름,가을,겨울",6888303,https://www.10000recipe.com/recipe/6888303,밥/죽/떡,,,237,,
단짠단짠의 대패덮밥,한식,"대패삼겹살,대파,설탕,맛간장OR진간장",30,쉬움,"점심,저녁","맑음,비,눈,더위,추위","봄,여름,가을,겨울",6878340,https://www.10000recipe.com/recipe/6878340,밥/죽/떡,,,235,,
떡꼬치 만들기,한식,"고추장,케찹,간장,설탕,올리고당,마늘,통깨,떡볶이떡",30,쉬움,"점심,저녁","맑음,비,눈,더위,추위","봄,여름,가을,겨울",6854292,https://www.10000recipe.com/recipe/6854292,밥/죽/떡,,,234,,
특제소스로 만든 가지탕수 아이도 잘 먹어요!,한식,"가지,양파,노란파프리카,빨간파프리카,케첩,설탕,올리고당,식초,참기름,통깨,물",30,보통,"점심,저녁","맑음,비,눈,더위,추위","봄,여름,가을,겨울",6874866,https://www.10000recipe.com/recipe/6874866,메인반찬,,,227,,
백종원 돈가스덮밥. 양파듬뿍올려 먹는 가츠동.,한식,"돈가스,양파,계란,쪽파or대파,밥,간장,맛술,설탕,물",60,쉬움,저녁,"맑음,비,눈,더위,추위","봄,여름,가을,겨울",6879242,https://www.10000recipe.com/recipe/6879242,밥/죽/떡,,,227,,
간단하게~ 양송이 버섯 덮밥,한식,"양송이버섯,잔파,마늘,물,간장,설탕,후춧가루,참기름,소금,통깨,전분",30,쉬움,"점심,저녁","맑음,비,눈,더위,추위","봄,여름,가을,겨울",6883228,https://www.10000recipe.com/recipe/6883228,밥/죽/떡,,,227,,
초간단 순두부찌개 간단하지만 깊은맛이 나는 순두부찌개 만드는법!! (야매순두부찌개),한식,"순두부,고추참치,마늘,참기름,고춧가루,간장,대파,계란,뚝배기,조리용나이프",15,쉬움,"아침,점심,야식","맑음,비,눈,더위,추위","봄,여름,가을,겨울",6891575,https://www.10000recipe.com/recipe/6891575,찌개,,,227,,
완전맛있는 차돌박이찜! 미소된장마요소스도 함께~,한식,"차돌박이,깻잎,팽이버섯,숙주나물,미소된장,마요네즈,올리고당,마늘,고춧가루,청양고추다진것,물",15,쉬움,"아침,점심,야식","맑음,비,눈,더위,추위","봄,여름,가을,겨울",6881099,https://www.10000recipe.com/recipe/6881099,메인반찬,,,226,,
6.1.4.6.의 맞춤의 맛있고 시원한 오이냉국~~,한식,"오이,물,소금,설탕,식초,깨소금",10,쉬움,"아침,점심,야식","맑음,비,눈,더위,추위","봄,여름,가을,겨울",6853815,https://www.10000recipe.com/recipe/6853815,국/탕,,,224,,
맵지 않고 부드러운 아이들 반찬 '간장진미채볶음'초간단 레시피,한식,"진미채,마요네즈,간장,설탕,올리고당,마늘,참기름,통깨",15,쉬움,"아침,점심,야식","맑음,비,눈,더위,추위","봄,여름,가을,겨울",6900147,https://www.10000recipe.com/recipe/6900147,,,,224,,
【10분안에 근사한 메인메뉴】새콤달콤 골뱅이무침 만들기~,한식,"골뱅이g,오이,양배추채,당근,양파,고추장,고춧가루,간장,설탕,식초,마늘,참기름",10,쉬움,"아침,점심,야식","맑음,비,눈,더위,추위","봄,여름,가을,겨울",6882181,https://www.10000recipe.com/recipe/6882181,메인반찬,,,223,,
"[간단 자취요리] 정말 쉬운 비빔만두 만들기! 간식, 술안주로도 굿!",한식,"냉동만두,깻잎,상추,양배추,고추장,식초,설탕,마늘,참기름",15,쉬움,"아침,점심,야식","맑음,비,눈,더위,추위","봄,여름,가을,겨울",6862948,https://www.10000recipe.com/recipe/6862948,면/만두,,,221,,
백종원 감자짜글이찌개 스팸과 환상궁합,한식,"스팸,감자,양파,홍고추,청양고추,대파,고춧가루,고추장,된장,간장,설탕,마늘,물",15,쉬움,"아침,점심,야식","맑음,비,눈,더위,추위","봄,여름,가을,겨울",6886747,https://www.10000recipe.com/recipe/6886747,찌개,,,221,,
정말 맛있는 우삼겹 덮밥 규동 레시피! 간단한 한끼로 딱입니다.,한식,"우삼겹,양파,설탕,맛술,올리고당,간장,마늘",20,쉬움,"점심,저녁","맑음,비,눈,더위,추위","봄,여름,가을,겨울",6966065,https://www.10000recipe.com/recipe/6966065,밥/죽/떡,,,221,,
삼겹살김치두루치기,한식,"삼겹살,김치,양파,청양고추,깨,고추장,마늘,고춧가루,설탕,참기름",60,쉬움,저녁,"맑음,비,눈,더위,추위","봄,여름,가을,겨울",6832042,https://www.10000recipe.com/recipe/6832042,메인반찬,,,220,,
포슬포슬 따끈한 감자계란국,한식,"감자,계란,멸치,다시마육수용,물,대파,간장,소금,후추,청양고추,참기름,마늘",10,쉬움,"아침,점심,야식","맑음,비,눈,더위,추위","봄,여름,가을,겨울",6881229,https://www.10000recipe.com/recipe/6881229,국/탕,,,220,,
국물떡볶이 - 학교 앞 분식집 떡볶이 자작한 국물,한식,"떡볶이떡,어묵,물,양파큰것,대파,고추장,식용유,고춧가루,설탕,마늘,올리고당,간장,후춧가루",30,쉬움,"점심,저녁","맑음,비,눈,더위,추위","봄,여름,가을,겨울",6863549,https://www.10000recipe.com/recipe/6863549,밥/죽/떡,,,218,,
토마토스파게티 - 국물자작자작한 스파게티,한식,"스파게티면,해물믹스,양파,청양고추,베이컨,물,통후추,고춧가루,마늘,올리브유,청주,올리고당",60,쉬움,저녁,"맑음,비,눈,더위,추위","봄,여름,가을,겨울",6886058,https://www.10000recipe.com/recipe/6886058,면/만두,,,217,,
밭솥으로 만드는 초간단 약밥,한식,"찹쌀,깐밤,건대추,건포도,잣또는견과류,물,흑설탕,간장,꿀,계피가루,참기름,소금",30,보통,"점심,저녁","맑음,비,눈,더위,추위","봄,여름,가을,겨울",6877436,https://www.10000recipe.com/recipe/6877436,밥/죽/떡,,,216,,
닭가슴살 갈비구이,한식,"닭가슴살,대파,간장,설탕,참기름,마늘,꿀",30,쉬움,"점심,저녁","맑음,비,눈,더위,추위","봄,여름,가을,겨울",6854799,https://www.10000recipe.com/recipe/6854799,메인반찬,,,215,,
닭볶음탕 황금레시피! 바로이맛이지~(간장닭볶음탕),한식,"닭,미림,당면,양파,대파,감자,당근,간장,올리고당,설탕,마늘,물",60,쉬움,저녁,"맑음,비,눈,더위,추위","봄,여름,가을,겨울",6872153,https://www.10000recipe.com/recipe/6872153,국/탕,,,215,,
새우요리 갈릭마요새우~ 요거 완전 맛있지~,한식,"냉동새우,마요네즈,마늘,설탕,후추,소금",15,쉬움,"아침,점심,야식","맑음,비,눈,더위,추위","봄,여름,가을,겨울",6872474,https://www.10000recipe.com/recipe/6872474,메인반찬,,,212,,
간단하지만 소스까지 맛있는 찹스테이크 만들기,양식,"소고기스테이크,피망,양파,마늘,소금,후추,버터,케찹,올리고당",20,쉬움,"점심,저녁","맑음,비,눈,더위,추위","봄,여름,가을,겨울",6907592,https://www.10000recipe.com/recipe/6907592,메인반찬,,,212,,
칼국수 황금레시피,한식,"멸치다시마육수,계란,대파,마늘,간장,멸치액젓,소금,후춧가루,김가루,고춧가루,간깨",60,쉬움,저녁,"맑음,비,눈,더위,추위","봄,여름,가을,겨울",6883666,https://www.10000recipe.com/recipe/6883666,면/만두,,,210,,
[간단 자취요리] 육수 없이! 시판 양념장 없이! 초간단 순두부찌개 만들기,한식,"순두부,양파,대파,물,간장,고춧가루,설탕,해물믹스,청양고추",15,쉬움,"아침,점심,야식","맑음,비,눈,더위,추위","봄,여름,가을,겨울",6877989,https://www.10000recipe.com/recipe/6877989,찌개,,,209,,
【교촌치킨 따라잡기】,한식,"닭봉,전분가루,소금,후춧가루,맛술,간장,설탕,물엿,마늘,물",30,쉬움,"점심,저녁","맑음,비,눈,더위,추위","봄,여름,가을,겨울",6873941,https://www.10000recipe.com/recipe/6873941,메인반찬,,,208,,
스팸 양파덮밥/스팸 돈부리,한식,"양파,스팸,계란,마늘,파,참깨,간장,설탕,맛술,물",10,쉬움,"아침,점심,야식","맑음,비,눈,더위,추위","봄,여름,가을,겨울",6891556,https://www.10000recipe.com/recipe/6891556,밥/죽/떡,,,208,,
닭볶음탕,한식,"닭닭볶음용,감자,양파,당근,대파,고추장,고춧가루,간장,물엿,맛술,마늘,설탕,후추",60,보통,저녁,"맑음,비,눈,더위,추위","봄,여름,가을,겨울",6831764,https://www.10000recipe.com/recipe/6831764,국/탕,,,207,,
"시래기들깨된장국 만드는 법, 맛있고 구수한 들깨 시래기 된장국",한식,"삶은시래기,된장,고추장,간장,마늘,채썬양파,대파,설탕,후추,풋고추,들깨가루,들기름,쌀뜨물,고추,고춧가루,술",60,쉬움,저녁,"맑음,비,눈,더위,추위","봄,여름,가을,겨울",6907524,https://www.10000recipe.com/recipe/6907524,국/탕,,,206,,
자박자박 국물 넉넉한 오징어볶음 만들기,한식,"오징어두마리,양파,대파,식용유,물,고추장,청양고춧가루,고춧가루,간장,설탕,물엿,마늘,맛술,후추,참기름,통깨",60,쉬움,저녁,"맑음,비,눈,더위,추위","봄,여름,가을,겨울",6935097,https://www.10000recipe.com/recipe/6935097,메인반찬,,,206,,
백종원 닭갈비: 매콤달달하고 닭가슴살로 만든 닭갈비♥,한식,"닭가슴살,양배추,양파,고구마,깻잎,떡볶이떡,대파,고추장,고춧가루,간장,설탕,참기름,마늘,맛술또는소주,후춧가루,소금,물",30,쉬움,"점심,저녁","맑음,비,눈,더위,추위","봄,여름,가을,겨울",6885843,https://www.10000recipe.com/recipe/6885843,메인반찬,,,204,,
소시지 간장떡볶이 - 떡국떡 간장 떡볶이,한식,"떡국떡,소시지조금통통하고커요,양파,대파,간장,맛술,마늘,올리고당,참기름,물,후춧가루",60,쉬움,저녁,"맑음,비,눈,더위,추위","봄,여름,가을,겨울",6907500,https://www.10000recipe.com/recipe/6907500,밥/죽/떡,,,203,,
나시고랭 :)숙주로 간단한 나시고랭 볶음밥,한식,"마늘,올리브유,숙주,봉지,밥,계란,대파,칵테일새우,간장,맛술,후추,설탕",30,쉬움,"점심,저녁","맑음,비,눈,더위,추위","봄,여름,가을,겨울",6907712,https://www.10000recipe.com/recipe/6907712,밥/죽/떡,,,203,,
차돌된장찌개,한식,"차돌박이,양파,애호박센티,두부,버섯,대파,된장,고춧가루,맛술,멸치가루,마늘,청주,조리용나이프,뚝배기",30,보통,"점심,저녁","맑음,비,눈,더위,추위","봄,여름,가을,겨울",4081528,https://www.10000recipe.com/recipe/4081528,찌개,,,202,,
♥[신혼밥상] 10분 반찬! 메추리알조림,한식,"메추리알,스팸,청양고추,올리고당,마늘,참기름,통깨,간장,설탕,맛술,물",15,쉬움,"아침,점심,야식","맑음,비,눈,더위,추위","봄,여름,가을,겨울",6916408,https://www.10000recipe.com/recipe/6916408,,,,201,,
참치 고추장찌개 하나면 한그릇 뚝딱이죠,한식,"참치g,양파,감자작은것기준,대파,청양고추,홍고추,두부,물,고추장,설탕,마늘,간장,맛술",30,쉬움,"점심,저녁","맑음,비,눈,더위,추위","봄,여름,가을,겨울",6837933,https://www.10000recipe.com/recipe/6837933,찌개,,,196,,
[반찬] 숙주새우달걀볶음,한식,"숙주,계란,새우,양파,청양고추,대파,간장,마늘,참기름,후추,통깨,청주,소금",15,쉬움,"아침,점심,야식","맑음,비,눈,더위,추위","봄,여름,가을,겨울",6847884,https://www.10000recipe.com/recipe/6847884,,,,193,,
신전보다 맛있는 스팸마요 덮밥,한식,"스팸,계란,마요네즈,김,간장,물,설탕",10,쉬움,"아침,점심,야식","맑음,비,눈,더위,추위","봄,여름,가을,겨울",6929691,https://www.10000recipe.com/recipe/6929691,밥/죽/떡,,,191,,
참치김치찌개 백종원 황금레시피 꿀팁,한식,"김치,참치작은캔,두부,마늘,청양고추,양파,대파,참기름,설탕,고춧가루,간장,물",20,쉬움,"점심,저녁","맑음,비,눈,더위,추위","봄,여름,가을,겨울",6915971,https://www.10000recipe.com/recipe/6915971,찌개,,,190,,
백종원 새마을식당 7분김치찌개 만드는 법,한식,"포기,쌀뜨물,된장,청양고추,마늘,고춧가루,대파,간장,새우젓,조리용나이프,대접",30,쉬움,"점심,저녁","맑음,비,눈,더위,추위","봄,여름,가을,겨울",6872490,https://www.10000recipe.com/recipe/6872490,찌개,,,188,,
돼지고기마늘조림 # 밥위에 쓱쓱,한식,"돼지고기앞다리살,마늘,청주,생강가루,허브소금,깨,간장,설탕,올리고당,맛술,참기름,물",30,쉬움,"점심,저녁","맑음,비,눈,더위,추위","봄,여름,가을,겨울",6843348,https://www.10000recipe.com/recipe/6843348,메인반찬,,,187,,
두부고기 맛이 나는 두부볶음~~,한식,"단단한두부,마늘,물,고추장평평하게깎아서계량,간장,올리고당,참기름,깨",15,쉬움,"아침,점심,야식","맑음,비,눈,더위,추위","봄,여름,가을,겨울",6837437,https://www.10000recipe.com/recipe/6837437,,,,186,,
단짠단짠 간장등갈비 ~,한식,"돼지등갈비,양파,대파흰부분cm정도,맛술,간장,올리고당,설탕,마늘,물",90,쉬움,저녁,"맑음,비,눈,더위,추위","봄,여름,가을,겨울",6874500,https://www.10000recipe.com/recipe/6874500,메인반찬,,,185,,
"sns 마요네즈 마늘빵, 에어프라이어 마늘빵 만들기, 트위터 마늘빵, 식빵요리",한식,"식빵,마요네즈,설탕,마늘,소금",15,쉬움,"아침,점심,야식","맑음,비,눈,더위,추위","봄,여름,가을,겨울",6924053,https://www.10000recipe.com/recipe/6924053,,,,185,,
훈제오리 부추무침 만들기,한식,"훈제오리,부추,단,양파,마늘편으로썬,간장,설탕,식초,고춧가루,마늘,참기름",60,쉬움,저녁,"맑음,비,눈,더위,추위","봄,여름,가을,겨울",6829476,https://www.10000recipe.com/recipe/6829476,메인반찬,,,184,,
"멸치 육수만 준비 되면 라면보다 끓이기 쉬워요~ 떡국, 떡국끓이기",한식,"떡국떡,멸치육수,대파,간장,계란,깨가루,참기름,김가루",30,쉬움,"점심,저녁","맑음,비,눈,더위,추위","봄,여름,가을,겨울",6862543,https://www.10000recipe.com/recipe/6862543,국/탕,,,183,,
<전문점 꽃게탕 > 30분안에 간단하게 만들기,한식,"꽃게,양파,다시마,물,무,된장,고추장,마늘,고춧가루,맛술,새우가루",30,보통,"점심,저녁","맑음,비,눈,더위,추위","봄,여름,가을,겨울",6837278,https://www.10000recipe.com/recipe/6837278,국/탕,,,182,,
까르보나라 떡볶이,한식,"떡볶이떡,양파,베이컨,브로컬리,계란노른자,마늘,우유,허브솔트,슬라이스치즈",30,쉬움,"점심,저녁","맑음,비,눈,더위,추위","봄,여름,가을,겨울",6834570,https://www.10000recipe.com/recipe/6834570,밥/죽/떡,,,181,,
야채참치죽,한식,"당근,애호박,참치,물,밥,김가루,간장,참기름",30,쉬움,"점심,저녁","맑음,비,눈,더위,추위","봄,여름,가을,겨울",6828882,https://www.10000recipe.com/recipe/6828882,밥/죽/떡,,,180,,
"황태 콩나물 해장국, 황태해장국 사골국처럼 뽀얗게 내는법.",한식,"물,조각다시마,황태채,콩나물,대파,뿌리,청양고추,계란,들기름,간장,맛술,마늘,소금,후추",60,쉬움,저녁,"맑음,비,눈,더위,추위","봄,여름,가을,겨울",6858916,https://www.10000recipe.com/recipe/6858916,국/탕,,,179,,
감자어묵국 보들보들하게 즐기는 간단국요리,한식,"감자,양파,어묵,대파,멸치육수,간장,마늘,고춧가루,소금,후추",30,쉬움,"점심,저녁","맑음,비,눈,더위,추위","봄,여름,가을,겨울",6914749,https://www.10000recipe.com/recipe/6914749,국/탕,,,178,,
대박 맛집 김치찌개,한식,"김치,포기,포도씨유,깍두기국물,대파,두부,물,참치,설탕,고춧가루,마늘,멸치육수,조리용나이프",60,쉬움,저녁,"맑음,비,눈,더위,추위","봄,여름,가을,겨울",3686217,https://www.10000recipe.com/recipe/3686217,찌개,,,177,,
백선생 감자 짜글이 따라해보기,한식,"감자,양파,스팸,대파,청양고추,고춧가루,고추장,된장,간장,설탕,마늘",15,쉬움,"아침,점심,야식","맑음,비,눈,더위,추위","봄,여름,가을,겨울",6881701,https://www.10000recipe.com/recipe/6881701,찌개,,,177,,
쌀쌀한 날 국물요리 :: 경상도식 얼큰 소고기무국,한식,"양지,무,대파,느타리버섯,콩나물,고춧가루,마늘,간장,멸치액젓,참기름,소금,멸치육수",60,쉬움,저녁,"맑음,비,눈,더위,추위","봄,여름,가을,겨울",6899099,https://www.10000recipe.com/recipe/6899099,국/탕,,,177,,
간단하게 삽겹살로 만든 차슈덮밥,한식,"삼겹살g,후추,공기밥,물,간장,설탕,맛술,양파,대파cm,통마늘,편생강,다진쪽파",30,쉬움,"점심,저녁","맑음,비,눈,더위,추위","봄,여름,가을,겨울",6856943,https://www.10000recipe.com/recipe/6856943,밥/죽/떡,,,176,,
표고버섯달걀죽 - 아침식사로 좋으네 달걀죽,한식,"표고버섯,계란,밥,멸치육수,참기름,간장,소금",30,쉬움,"점심,저녁","맑음,비,눈,더위,추위","봄,여름,가을,겨울",6857631,https://www.10000recipe.com/recipe/6857631,밥/죽/떡,,,175,,
[치킨 데리야끼]오븐이 없어도 주말에 집에서 즐길수 있는 일품 요리 닭다리살 데리야끼,한식,"닭다리살,올리브유,청주또는소주,소금,후추,파슬리가루,피클,미림또는소주,물엿또는올리고당,설탕,마늘,간장,물",60,쉬움,저녁,"맑음,비,눈,더위,추위","봄,여름,가을,겨울",6833078,https://www.10000recipe.com/recipe/6833078,메인반찬,,,174,,
【시원한해장국】북어국 끓이기~,한식,"황태채,콩나물,무,대파,계란,양파,땡초,간장,참기름,마늘,맛소금",30,쉬움,"점심,저녁","맑음,비,눈,더위,추위","봄,여름,가을,겨울",6878722,https://www.10000recipe.com/recipe/6878722,국/탕,,,173,,
[간단 자취요리] 싱크로율 90% 신전 떡볶이 만들기 + 오뎅튀김,한식,"밀떡,일자오뎅,모짜렐라치즈,고추장,고춧가루,설탕,간장,카레,후추,물",30,쉬움,"점심,저녁","맑음,비,눈,더위,추위","봄,여름,가을,겨울",6853113,https://www.10000recipe.com/recipe/6853113,밥/죽/떡,,,171,,
소고기 배춧국 만들기 든든한 한끼로 제격!,한식,"배추잎,소고기국거리,마늘,파,간장,맛술,쌀뜨물,된장",30,쉬움,"점심,저녁","맑음,비,눈,더위,추위","봄,여름,가을,겨울",6880695,https://www.10000recipe.com/recipe/6880695,국/탕,,,171,,
고추장참치볶음밥 : 맛있고 간단하게 한끼 해결!,한식,"계란,대파,마늘,참치캔,간장,고추장듬뿍,참기름,찬밥,김가루,깨",10,쉬움,"아침,점심,야식","맑음,비,눈,더위,추위","봄,여름,가을,겨울",6842991,https://www.10000recipe.com/recipe/6842991,밥/죽/떡,,,170,,
초간단한 떡볶이 라볶이로 10분 안에 만들기~ 맛보장!,한식,"떡,라면사리,어묵,고추장,고춧가루,설탕,올리고당,간장,후추",15,쉬움,"아침,점심,야식","맑음,비,눈,더위,추위","봄,여름,가을,겨울",6883766,https://www.10000recipe.com/recipe/6883766,밥/죽/떡,,,170,,
오야꼬동만들기 너무쉬운 닭고기덮밥!,한식,"닭고기,양파,계란,파,밥,미림,소금,후추,간장,설탕,물",15,쉬움,"아침,점심,야식","맑음,비,눈,더위,추위","봄,여름,가을,겨울",6870013,https://www.10000recipe.com/recipe/6870013,밥/죽/떡,,,169,,
"초간단 아침식사, 아이들도 좋아하는 부드러운 게맛살 순두부 계란탕",한식,"게맛살,순두부,계란,잔파,다시물맹물도okml,간장,멸치액젓,마늘",15,쉬움,"아침,점심,야식","맑음,비,눈,더위,추위","봄,여름,가을,겨울",6882367,https://www.10000recipe.com/recipe/6882367,국/탕,,,168,,
아이 간장 떡볶이,한식,"떡국떡,비엔나소시지통통한거,양파,대파,간장,맛술,올리고당,마늘,참기름,물,후춧가루",30,쉬움,"점심,저녁","맑음,비,눈,더위,추위","봄,여름,가을,겨울",6887456,https://www.10000recipe.com/recipe/6887456,밥/죽/떡,,,168,,
간장 다진소고기볶음(다대기),한식,"소고기다짐육,간장,올리고당,마늘,맛술,매실액,참기름,깨소금,후추,들기름",30,쉬움,"점심,저녁","맑음,비,눈,더위,추위","봄,여름,가을,겨울",6891424,https://www.10000recipe.com/recipe/6891424,메인반찬,,,168,,
유린기♡중국 닭가슴살 튀김요리가 맛있다해^^,한식,"닭가슴살,우리밀가루,계란,빵가루,포도씨유,양상추,대파,무순,간장,식초,설탕,마늘,다진양파,청고추,홍고추",60,보통,저녁,"맑음,비,눈,더위,추위","봄,여름,가을,겨울",6899911,https://www.10000recipe.com/recipe/6899911,메인반찬,,,165,,
돼지 불고기 바싹하게 굽기 인기메뉴,한식,"돼지고기,마늘,대파,다진생강,깻잎선택,간장,설탕,맛술,청주,참기름,후춧가루",30,쉬움,"점심,저녁","맑음,비,눈,더위,추위","봄,여름,가을,겨울",6869163,https://www.10000recipe.com/recipe/6869163,메인반찬,,,164,,
꿀처 소고기미역국,한식,"소고기,건미역한움큼,들기름,간장,까나리액젓,마늘,후춧가루,소금",60,쉬움,저녁,"맑음,비,눈,더위,추위","봄,여름,가을,겨울",6875555,https://www.10000recipe.com/recipe/6875555,국/탕,,,163,,
두부계란국 간단하면서 자극적이지 않아 좋아요 ♩,한식,"멸치다시마육수,계란,두부,마늘,간장,소금,대파",15,쉬움,"아침,점심,야식","맑음,비,눈,더위,추위","봄,여름,가을,겨울",6850895,https://www.10000recipe.com/recipe/6850895,국/탕,,,160,,
참치두부찌개,한식,"두부,참치작은캔,양파,대파고춧가루,간장,올리고당,마늘,맛술,후추",30,쉬움,"점심,저녁","맑음,비,눈,더위,추위","봄,여름,가을,겨울",6864685,https://www.10000recipe.com/recipe/6864685,찌개,,,160,,
비오는 날 딱! 얼큰한 김치수제비 만드는 법 ♪,한식,"김치,김치국물,참기름,멸치다시마육수,대파,청양고추,감자,양파,호박,간장,고춧가루,마늘,소금,밀가루,물,멸치,다시마",60,쉬움,저녁,"맑음,비,눈,더위,추위","봄,여름,가을,겨울",6869746,https://www.10000recipe.com/recipe/6869746,면/만두,,,160,,
초간단/초스피드/사골 떡 만두국,한식,"떡국떡,냉동만두작은것,사골곰탕,대파,계란,마늘,소금,후추가루",15,쉬움,"아침,점심,야식","맑음,비,눈,더위,추위","봄,여름,가을,겨울",6901766,https://www.10000recipe.com/recipe/6901766,국/탕,,,160,,
자신! 고소하고 맛있는 멸치볶음,한식,"멸치,견과류,마늘,간장,물,설탕,올리고당,미림,통깨",15,쉬움,"아침,점심,야식","맑음,비,눈,더위,추위","봄,여름,가을,겨울",6906029,https://www.10000recipe.com/recipe/6906029,,,,160,,
"[간단 자취요리] 무도 불백깡 사건, 바로 그 요리! 돼지불백 만들기",한식,"돼지고기앞다리,대파,마늘,간장,설탕,맛술,참기름,후추",30,쉬움,"점심,저녁","맑음,비,눈,더위,추위","봄,여름,가을,겨울",6854367,https://www.10000recipe.com/recipe/6854367,메인반찬,,,158,,
동태찌개! (국물요리),한식,"동태,무,두부,대파,청양고추,다시마육수,고추장,고춧가루,간장,청주,마늘,다진생강,후춧가루",90,쉬움,저녁,"맑음,비,눈,더위,추위","봄,여름,가을,겨울",6863517,https://www.10000recipe.com/recipe/6863517,찌개,,,158,,
고소한 두부쌈장으로 양배추쌈 싸먹기,한식,"애호박,양파,두부,된장,고추장,쌈장,들기름",30,쉬움,"점심,저녁","맑음,비,눈,더위,추위","봄,여름,가을,겨울",6831912,https://www.10000recipe.com/recipe/6831912,,,,157,,
대패삼겹살로 간단하게 덮밥 만들어먹어요!,한식,"대패삼겹살,양파,대파,간장,설탕,청주,다진생강,후추",5,쉬움,"아침,점심,야식","맑음,비,눈,더위,추위","봄,여름,가을,겨울",6875329,https://www.10000recipe.com/recipe/6875329,밥/죽/떡,,,157,,
스팸요리 - 매콤한 스팸 볶음밥 만들기,한식,"스팸작은사이즈,밥,대파,계란,고추장,간장,맛술,마늘,설탕,참기름",60,쉬움,저녁,"맑음,비,눈,더위,추위","봄,여름,가을,겨울",6894367,https://www.10000recipe.com/recipe/6894367,밥/죽/떡,,,157,,
개운한 해장국 황태콩나물국 만드는법(북어콩나물국 만드는법)김진옥요리가좋다,한식,"황태,콩나물,계란,대파,마늘,참기름,간장,후춧가루,멸치다시마육수,물",30,쉬움,"점심,저녁","맑음,비,눈,더위,추위","봄,여름,가을,겨울",6902536,https://www.10000recipe.com/recipe/6902536,국/탕,,,157,,
얼큰한 두부찌개,한식,"두부,양파,고추,대파,간장,고춧가루,고추장,설탕,마늘,들기름",30,쉬움,"점심,저녁","맑음,비,눈,더위,추위","봄,여름,가을,겨울",6740535,https://www.10000recipe.com/recipe/6740535,찌개,,,156,1.0,
"청국장, 김치와 돼지고기 넣은 매콤하고 구수한 청국장",한식,"청국장,덩이,김치,김치국물,돼지고기,양파,두부,대파,뿌리,청양고추가루,설탕,맛술,마늘,된장,간장,소금",30,쉬움,"점심,저녁","맑음,비,눈,더위,추위","봄,여름,가을,겨울",6856237,https://www.10000recipe.com/recipe/6856237,찌개,,,156,,
깔끔고소한 아침국~~들깨무국,한식,"채썬무,대파,물,들깨가루,소금,참기름",15,쉬움,"아침,점심,야식","맑음,비,눈,더위,추위","봄,여름,가을,겨울",6915735,https://www.10000recipe.com/recipe/6915735,국/탕,,,156,,
엄청쉬운 밥도둑 집밥백선생 갈비찜 만능소스,한식,"갈비찜고기,무,당근,양파,표고버섯,파,고추,간장,설탕,맛술,물,마늘,참기름,다진생강,조리용나이프",90,쉬움,저녁,"맑음,비,눈,더위,추위","봄,여름,가을,겨울",6836214,https://www.10000recipe.com/recipe/6836214,메인반찬,,,155,,
넌깍둑썰기만해 ♥ 스팸짜글이,한식,"스팸,양파,감자,두부,애호박,대파,물,고추장,고춧가루,간장,마늘,후춧가루",10,쉬움,"아침,점심,야식","맑음,비,눈,더위,추위",여름,6892088,https://www.10000recipe.com/recipe/6892088,찌개,짭짤함,여름,155,,
[경상도식 소고기무국] 빨간 소고기무국 경상도식 소고기무국 만들어볼까요 -양싸,한식,"소고기국거리용,표고버섯,숙주한봉지,대파,청양고추,무,마늘,고춧가루,간장,참기름,고추기름생략가능",30,쉬움,"점심,저녁","맑음,비,눈,더위,추위","봄,여름,가을,겨울",6833329,https://www.10000recipe.com/recipe/6833329,국/탕,,,152,,
궁중떡볶이,한식,"떡볶이떡,쇠고기불고기용,표고버섯,파프리카,당근,참기름,깨,간장,올리고당,설탕,마늘,후추",60,쉬움,저녁,"맑음,비,눈,더위,추위","봄,여름,가을,겨울",6842219,https://www.10000recipe.com/recipe/6842219,밥/죽/떡,,,151,,
속이 뻥~뚫리게 시원한 김치말이국수~,한식,"소면원동전만한크기로,계란,냉면육수,김치국물,송송썬김치,오이,설탕,식초,들기름,참깨",30,쉬움,"점심,저녁","맑음,비,눈,더위,추위","봄,여름,가을,겨울",6868732,https://www.10000recipe.com/recipe/6868732,면/만두,,,151,,
효리네민박 이상순 계란볶음밥! 초간단 한끼!!,한식,"밥,계란,대파,식용유,후추",10,쉬움,"아침,점심,야식","맑음,비,눈,더위,추위","봄,여름,가을,겨울",6889424,https://www.10000recipe.com/recipe/6889424,밥/죽/떡,,,151,,
건강 가지를 스테이크로 즐겨요.,양식,"가지,고추장,마늘,설탕적은,올리고당,참기름,참깨",30,쉬움,"점심,저녁","맑음,비,눈,더위,추위","봄,여름,가을,겨울",6847506,https://www.10000recipe.com/recipe/6847506,메인반찬,,,150,,
새우살로 만드는 얼큰한 새우탕 만들기,한식,"냉동새우살,양파,애호박,대파,청양고추,다시마,멸치,물,된장,마늘,고춧가루,액젓",60,쉬움,저녁,"맑음,비,눈,더위,추위","봄,여름,가을,겨울",6902441,https://www.10000recipe.com/recipe/6902441,국/탕,,,150,,
닭곰탕보다 더 맛있는 배추닭국 만들기+다대기 양념,한식,"볶음탕용닭한마리,알배기배추,통,대파,양파,통후추,물,참기름,다진마늘듬뿍,소금,후추,고춧가루,닭국물,마늘,간장",60,쉬움,저녁,"맑음,비,눈,더위,추위","봄,여름,가을,겨울",6945458,https://www.10000recipe.com/recipe/6945458,국/탕,,,150,,
참치 알리올리오 볶음밥,한식,"밥,마늘,참치,올리브유,계란,소금",15,쉬움,"아침,점심,야식","맑음,비,눈,더위,추위","봄,여름,가을,겨울",6733300,https://www.10000recipe.com/recipe/6733300,밥/죽/떡,,,149,,
【맛이 없을수 없는 조합】소고기된장찌개 만들기~,한식,"소고기,두부,땡초,무,양파,대파,줄기,된장,쌈장,참기름,고춧가루,마늘",15,쉬움,"아침,점심,야식","맑음,비,눈,더위,추위","봄,여름,가을,겨울",6869009,https://www.10000recipe.com/recipe/6869009,찌개,,,149,,
얼큰하고 시원한 경상도식 소고기콩나물무국,한식,"소고기,콩나물,무x,대파,멸치육수,마늘,고춧가루,간장,소금,참기름,후추",15,쉬움,"아침,점심,야식","맑음,비,눈,더위,추위","봄,여름,가을,겨울",6900475,https://www.10000recipe.com/recipe/6900475,국/탕,,,148,,
얼큰하고 맛있는 버섯 전골/감자 고추장 찌개,한식,"느타리버섯,감자,양파,청양고추,샤브샤브용소고기,멸치,다시마cm,대파,무,고추장,고춧가루,간장,마늘,매실청,맛술,소금,후춧가루",30,보통,"점심,저녁","맑음,비,눈,더위,추위","봄,여름,가을,겨울",6879698,https://www.10000recipe.com/recipe/6879698,국/탕,,,147,,
"바지락칼국수 만드는 법, 국물이 시원해요!",한식,"바지락,애호박,작은당근,중간크기양파,대파,후춧가루,참치액또는국간장,소금,디포리또는멸치,다시마,건새우,물",30,쉬움,"점심,저녁","맑음,비,눈,더위,추위","봄,여름,가을,겨울",6889517,https://www.10000recipe.com/recipe/6889517,면/만두,,,147,,
차돌박이 파스타,양식,"차돌박이,양파,청량고추,홍고추,통마늘,간장,맛술,마늘,후추",30,쉬움,"점심,저녁","맑음,비,눈,더위,추위","봄,여름,가을,겨울",6739157,https://www.10000recipe.com/recipe/6739157,면/만두,짭짤함,미분류,146,,
가지 덮밥 / eggplant Rice Bowl,한식,"가지,대파,양파,다진돼지고기,소금,후춧가루,식용유,간장,설탕,고춧가루",20,쉬움,"점심,저녁","맑음,비,눈,더위,추위","봄,여름,가을,겨울",6916556,https://www.10000recipe.com/recipe/6916556,밥/죽/떡,,,146,5.0,
10분 완성 꿀레시피] 마늘 불고기 간단하고 맛있게!,한식,"불고기용고기,간장,설탕,마늘,후추,참기름",15,쉬움,"아침,점심,야식","맑음,비,눈,더위,추위","봄,여름,가을,겨울",6880674,https://www.10000recipe.com/recipe/6880674,메인반찬,,,145,,
수제비,한식,"밀가루,물,양파,당근,호박,마늘,다시멸치,간장,소금",60,쉬움,저녁,"맑음,비,눈,더위,추위","봄,여름,가을,겨울",4300053,https://www.10000recipe.com/recipe/4300053,면/만두,,,144,,
신라면을 이용한 신라면투움바 파스타,양식,"신라면,마늘,양파,슬라이스치즈,버터,우유,새우,올리브오일,파슬리",30,쉬움,"점심,저녁","맑음,비,눈,더위,추위","봄,여름,가을,겨울",6862912,https://www.10000recipe.com/recipe/6862912,면/만두,,,144,,
간장 닭볶음탕 황금레시피 바로 이거라죠 ~,한식,"닭,감자작은것,양파,당근,대파,간장,올리고당,설탕,마늘,미림,물",30,쉬움,"점심,저녁","맑음,비,눈,더위,추위","봄,여름,가을,겨울",6892649,https://www.10000recipe.com/recipe/6892649,국/탕,,,143,,
부대찌개 황금레시피! 육수 NO!,한식,"작은캔햄,소시지,두부,김치,양파,파,당면,팽이버섯,슬라이스치즈,라면사리,고춧가루,간장,설탕,마늘,다시다또는라면스프,후추,물",30,쉬움,"점심,저녁","맑음,비,눈,더위,추위","봄,여름,가을,겨울",6869764,https://www.10000recipe.com/recipe/6869764,찌개,,,141,,
담백한 새우연두부달걀탕,한식,"연두부,새우,계란,송송썬쪽파,다시마cmxcm,간장",15,쉬움,"아침,점심,야식","맑음,비,눈,더위,추위","봄,여름,가을,겨울",6847470,https://www.10000recipe.com/recipe/6847470,국/탕,담백함,미분류,140,,
피로가 날아가는 개운한 오징어무국,한식,"국물용멸치,물,무,오징어,고춧가루듬뿍,대파,뿌리,마늘,숟갈,간장,소금",15,쉬움,"아침,점심,야식","맑음,비,눈,더위,추위","봄,여름,가을,겨울",6927582,https://www.10000recipe.com/recipe/6927582,국/탕,,,139,,
시금치(포항초)알리오올리오:시금치를 좋아하게 만드는 파스타,양식,"스파게티면,마늘,시금치,올리브오일,소금,후추,굵은소금",15,쉬움,"아침,점심,야식","맑음,비,눈,더위,추위","봄,여름,가을,겨울",6865518,https://www.10000recipe.com/recipe/6865518,면/만두,,,138,,
간단하고 깔끔한 무 국,한식,"무,작은대파,다시멸치,물,참기름,간장,소금",30,쉬움,"점심,저녁","맑음,비,눈,더위,추위","봄,여름,가을,겨울",6880944,https://www.10000recipe.com/recipe/6880944,국/탕,,,138,,
밥도둑 반찬 고추장 달걀조림 만들기!TV 알토란 레시피,한식,"계란,양파,청양고추,쪽파또는대파,멸치육수,고추장,고춧가루,간장,설탕,물엿,참기름,깨,후추",20,쉬움,"점심,저녁","맑음,비,눈,더위,추위","봄,여름,가을,겨울",6915088,https://www.10000recipe.com/recipe/6915088,메인반찬,매콤함,미분류,138,,
새우 부추전ㅣ집들이용으로도 손색 없는!,한식,"칵테일새우,부추,단,부침가루,청양고추,물,소금",30,보통,"점심,저녁","맑음,비,눈,더위,추위","봄,여름,가을,겨울",6922700,https://www.10000recipe.com/recipe/6922700,메인반찬,,,138,,
♥[신혼밥상] 팽이버섯 덮밥,한식,"팽이버섯,대파,양파,계란,참기름,통깨,간장,설탕,맛술,물",10,쉬움,"아침,점심,야식","맑음,비,눈,더위,추위","봄,여름,가을,겨울",6933760,https://www.10000recipe.com/recipe/6933760,밥/죽/떡,짭짤함,미분류,137,,
매운콩나물잡채,한식,"당면,콩나물,양파,당근,대파,물,참기름,통깨,고추장,고춧가루,간장,설탕,마늘,올리고당,식용유",60,쉬움,저녁,"맑음,비,눈,더위,추위","봄,여름,가을,겨울",6883669,https://www.10000recipe.com/recipe/6883669,메인반찬,,,136,,
감바스 알 아히요 만들기,양식,"새우,올리브오일,마늘,페페론치노,소금,후추,바게트빵,조리용나이프",15,쉬움,"아침,점심,야식","맑음,비,눈,더위,추위","봄,여름,가을,겨울",6884805,https://www.10000recipe.com/recipe/6884805,양식,,,136,,
(초간단) 최애 반찬 부드러운 진미채 만들기,한식,"진미채g,마늘,청양고추,고추장,고춧가루,설탕,간장,올리고당,참기름,마요네즈,맛술",15,쉬움,"아침,점심,야식","맑음,비,눈,더위,추위","봄,여름,가을,겨울",6920721,https://www.10000recipe.com/recipe/6920721,,,,136,,
한숟갈 뜰 때마다 영양 듬뿍! 소고기표고버섯덮밥♥,한식,"채썬표고버섯,채썬양파,채썬당근,소고기,전분,물,간장,마늘,맛술,설탕,참기름,후추",30,쉬움,"점심,저녁","맑음,비,눈,더위,추위","봄,여름,가을,겨울",6858529,https://www.10000recipe.com/recipe/6858529,밥/죽/떡,,,135,,
굴소스 햄계란볶음밥,한식,"햄,계란,밥,간장,참기름,후추",30,쉬움,"점심,저녁","맑음,비,눈,더위,추위","봄,여름,가을,겨울",6898900,https://www.10000recipe.com/recipe/6898900,밥/죽/떡,,,135,,
초간단 돼지고기 김치찌개 - 입맛 없을 땐 딱!!,한식,"익은김치,포기,삼겹살,두부,양파,대파,참기름,간장,후추,마늘",60,쉬움,저녁,"맑음,비,눈,더위,추위","봄,여름,가을,겨울",6906217,https://www.10000recipe.com/recipe/6906217,찌개,,,135,,
다른 반찬이 필요없는 매운 어묵 비빔밥~*,한식,"사각어묵,땡초,통마늘,고추장,올리고당,고춧가루,후추,통깨,올리브유,맛술,참기름",15,쉬움,"아침,점심,야식","맑음,비,눈,더위,추위","봄,여름,가을,겨울",6867650,https://www.10000recipe.com/recipe/6867650,밥/죽/떡,,,134,,
직장인 점심 메뉴 1위! 돈까스 김치나베,일식,"돈까스,썬배추김치,썬양파,송송썬대파,계란,식용유,물,마늘,설탕,고운고춧가루,간장,김칫국물",30,쉬움,"점심,저녁","맑음,비,눈,더위,추위","봄,여름,가을,겨울",6872681,https://www.10000recipe.com/recipe/6872681,국/탕,,,134,,
백종원표 오징어덮밥 만들기,한식,"오징어,대파채썬것,계란,고추장,고춧가루,간장,마늘,설탕,참기름",30,쉬움,"점심,저녁","맑음,비,눈,더위,추위","봄,여름,가을,겨울",6833475,https://www.10000recipe.com/recipe/6833475,밥/죽/떡,,,133,,
아침에 간단하게 끓이기 좋아요~ 계란감자국,한식,"육수,감자작은거,대파,계란,간장,소금,후추,물,다시멸치,다시마",30,쉬움,"점심,저녁","맑음,비,눈,더위,추위","봄,여름,가을,겨울",6858389,https://www.10000recipe.com/recipe/6858389,국/탕,,,133,,
【초간단으로 놀부부대찌개 완벽하게 따라잡는 비법~!!】,한식,"스팸,비엔나일반햄,대파,양파,김치,공기,다짐육,사리곰탕스프,마늘,고춧가루,멸치액젓,간장,후추",30,쉬움,"점심,저녁","맑음,비,눈,더위,추위","봄,여름,가을,겨울",6868533,https://www.10000recipe.com/recipe/6868533,찌개,,,133,,
아삭아삭한 고추된장박이,한식,"풋고추,된장,마늘,송송썰은대파,참기름,통깨,매실원액,설탕",15,쉬움,"아침,점심,야식","맑음,비,눈,더위,추위","봄,여름,가을,겨울",4030952,https://www.10000recipe.com/recipe/4030952,,,,131,,
황태미역국 다이어트에 좋고 맛도 좋아~,한식,"황태,불린미역,들기름,마늘,간장,후추,소금",60,쉬움,저녁,"맑음,비,눈,더위,추위","봄,여름,가을,겨울",6854623,https://www.10000recipe.com/recipe/6854623,국/탕,,,131,,
간단한 혼밥 메뉴 #파기름 계란볶음밥,한식,"대파다져서,계란,식용유,간장,후추",10,쉬움,"아침,점심,야식","맑음,비,눈,더위,추위","봄,여름,가을,겨울",6876705,https://www.10000recipe.com/recipe/6876705,밥/죽/떡,,,131,,
구수한 청국장 한그릇 하실래예?!,한식,"청국장,된장,양파,김치,대파,멸치육수용,물,마늘,두부작은거",10,쉬움,"아침,점심,야식","맑음,비,눈,더위,추위","봄,여름,가을,겨울",6876870,https://www.10000recipe.com/recipe/6876870,찌개,,,131,,
얼큰하게 끓인 북어국입니다. 얼큰 북어국,한식,"황태채,참기름,마늘,대파,고춧가루,물,간장,계란,소금,후추",30,쉬움,"점심,저녁","맑음,비,눈,더위,추위","봄,여름,가을,겨울",6861025,https://www.10000recipe.com/recipe/6861025,국/탕,,,130,,
"오징어,양파만 있으면 끝! 매콤 양파 오징어덮밥 만들기 :)",한식,"오징어자른것,양파채썬것,파,밥,간장,고추장,설탕,마늘,고춧가루,소금,후추",15,쉬움,"아침,점심,야식","맑음,비,눈,더위,추위","봄,여름,가을,겨울",6832866,https://www.10000recipe.com/recipe/6832866,밥/죽/떡,,,129,,
간단하게 끓여 호로록 호로록 애호박계란국,한식,"애호박,계란,간장,소금,파,후추,다시마cmxcm,멸치",30,쉬움,"점심,저녁","맑음,비,눈,더위,추위","봄,여름,가을,겨울",6857624,https://www.10000recipe.com/recipe/6857624,국/탕,,,129,,
크래미 유부초밥 : 유치원 봄소풍 도시락 메뉴로 딱이야 ~,일식,"크래미,시판유부초밥인용,밥,공기,양파,마요네즈,허니머스터드,후추선택,치커리선택",10,쉬움,"아침,점심,야식","맑음,비,눈,더위,추위","봄,여름,가을,겨울",6869823,https://www.10000recipe.com/recipe/6869823,밥/죽/떡,,,129,,
"만두볶음밥 만들기, 간단한 한 끼 식사로 제격 ~",한식,"만두,밥,마늘,식용유,참기름,통깨,후추",10,쉬움,"아침,점심,야식","맑음,비,눈,더위,추위","봄,여름,가을,겨울",6884578,https://www.10000recipe.com/recipe/6884578,밥/죽/떡,,,129,,
담백한 두부스테이크 만들기!고기없이도 맛있는 다이어트 요리,양식,"두부,계란,팽이버섯,양파,당근,대파,전분,소금,후추",30,쉬움,"점심,저녁","맑음,비,눈,더위,추위","봄,여름,가을,겨울",6894890,https://www.10000recipe.com/recipe/6894890,메인반찬,,,129,,
대충 끓여도 맛있는 참치김치찌개 끓이는방법(김진옥요리가좋다),한식,"배추김치,포기,참치캔,김칫국물,양파,대파,계란,물,간장,고춧가루,소금",15,쉬움,"아침,점심,야식","맑음,비,눈,더위,추위","봄,여름,가을,겨울",6906659,https://www.10000recipe.com/recipe/6906659,찌개,,,129,,
쫀득쫀득 일본식 감자떡 '이모모찌' 만들기,한식,"감자,감자전분,소금,간장,올리고당,맛술,물,버터,치즈",90,쉬움,저녁,"맑음,비,눈,더위,추위","봄,여름,가을,겨울",6886034,https://www.10000recipe.com/recipe/6886034,밥/죽/떡,,,128,,
초간단 아이반찬 오징어간장조림 아이밑반찬으로 좋아요,한식,"작은오징어,청양고추나꽈리고추,간장,맛술,마늘,생강가루,설탕,올리고당,참기름,통깨,물,후추",10,쉬움,"아침,점심,야식","맑음,비,눈,더위,추위","봄,여름,가을,겨울",6886357,https://www.10000recipe.com/recipe/6886357,,,,127,,
진한 국물!!!! 황태해장국 만들기,한식,"황태,감자,간장,마늘,들기름,파,소금,후추",30,쉬움,"점심,저녁","맑음,비,눈,더위,추위","봄,여름,가을,겨울",6856492,https://www.10000recipe.com/recipe/6856492,국/탕,,,126,,
짜장떡볶이. 아이간식으로 좋은 짜장가루 요리.,중식,"떡볶이떡,어묵,햄or소세지,양파,물ml,설탕,마늘,짜장가루,참기름,대파,통깨",60,쉬움,저녁,"맑음,비,눈,더위,추위","봄,여름,가을,겨울",6883227,https://www.10000recipe.com/recipe/6883227,밥/죽/떡,,,126,,
"팽이버섯덮밥:초초초간단 그러나, 더 없이 훌륭한 한끼",한식,"팽이버섯,양파,대파,계란,참기름,통깨,식용유,후추,간장,맛술,육수or물",10,쉬움,"아침,점심,야식","맑음,비,눈,더위,추위","봄,여름,가을,겨울",6842114,https://www.10000recipe.com/recipe/6842114,밥/죽/떡,,,123,,
건새우볶음 간단한 밑반찬 레시피 ~!,한식,"건새우,케찹,간장,올리고당,설탕",15,쉬움,"아침,점심,야식","맑음,비,눈,더위,추위","봄,여름,가을,겨울",6872547,https://www.10000recipe.com/recipe/6872547,,,,123,,
등촌 샤브샤브 따라하기. 집에서 외식하는기분. 너무많이 먹게 된다!,한식,"소고기샤브샤브,미나리,느타리버섯,양파,물,무,대파,홍고추,청양고추,자른다시마,멸치,고춧가루,고추장,간장,마늘,소금,후춧가루,다진청양고추",60,쉬움,저녁,"맑음,비,눈,더위,추위","봄,여름,가을,겨울",6900699,https://www.10000recipe.com/recipe/6900699,국/탕,,,123,,
비엔나 만두 강정,한식,"만두교자만두,물만두,비엔나소세지작은거,물,간장,고추장,케찹,올리고당,마늘,참기름,깨",15,쉬움,"아침,점심,야식","맑음,비,눈,더위,추위","봄,여름,가을,겨울",6877253,https://www.10000recipe.com/recipe/6877253,면/만두,고소함,미분류,122,,
매운 팽이버섯 조림 간단 반찬/술안주/맥주안주/소주안주 굿굿!!,한식,"팽이버섯,고추장,간장,설탕,마늘,물",5,쉬움,"아침,점심,야식","맑음,비,눈,더위,추위","봄,여름,가을,겨울",6927971,https://www.10000recipe.com/recipe/6927971,메인반찬,,,122,,
몸보신 닭한마리와 칼국수,한식,"닭,마늘,양파,파,감자,간장,소금,후추,식초,고춧가루,매실액,설탕,참기름",30,쉬움,"점심,저녁","맑음,비,눈,더위,추위","봄,여름,가을,겨울",6836309,https://www.10000recipe.com/recipe/6836309,면/만두,,,121,,
함박스테이크,양식,"다진쇠고기,다진돼지고기,양파,양송이버섯,버터,올리브유,빵가루,계란,케첩,마늘,소금,후추,물",60,쉬움,저녁,"맑음,비,눈,더위,추위","봄,여름,가을,겨울",6845657,https://www.10000recipe.com/recipe/6845657,양식,,,121,,
명란두부찌개 ~ 간단하고 국물의 시원함이 끝내줍니다,한식,"명란젓,두부,대파,홍고추,청양고추,양파,호박,멸치다시마육수,소금,소주",30,쉬움,"점심,저녁","맑음,비,눈,더위,추위","봄,여름,가을,겨울",6935659,https://www.10000recipe.com/recipe/6935659,국/탕,,,121,,
어묵꼬치탕/어묵탕/오뎅탕?!ㅋㅋ,한식,"납작어묵,곤약,산적용꼬지,대파,팽이버섯,물,간장,무,건다시마,통후추,마늘",60,쉬움,저녁,"맑음,비,눈,더위,추위","봄,여름,가을,겨울",6841468,https://www.10000recipe.com/recipe/6841468,국/탕,,,120,,
버섯전골 - 이래서 백종원 버섯전골 하는구나,한식,"다양한버섯느타리,표고,팽이,새송이,꼬마,대파,당근,양파,소불고기,물,된장,고추장,고춧가루,설탕,마늘,간장",30,쉬움,"점심,저녁","맑음,비,눈,더위,추위","봄,여름,가을,겨울",6857889,https://www.10000recipe.com/recipe/6857889,국/탕,,,120,,
(일본가정식) 구운 주먹밥 - 야끼 오니기리,한식,"밥,참치g,후리가케,참기름,간장,맛술,설탕,올리고당",15,쉬움,"아침,점심,야식","맑음,비,눈,더위,추위","봄,여름,가을,겨울",6873894,https://www.10000recipe.com/recipe/6873894,밥/죽/떡,,,120,,
쫄깃하고 맛있는 두부볶음 레시피!다이어트 요리로도 좋아요,한식,"부침용두부,마늘,고추장깍아서,간장,올리고당,참기름,깨",30,쉬움,"점심,저녁","맑음,비,눈,더위,추위","봄,여름,가을,겨울",6895591,https://www.10000recipe.com/recipe/6895591,메인반찬,짭짤함,미분류,120,,
"<신혼요리> 등갈비 바베큐폭립! 소스황금비율 /아웃백,빕스 립이랑 똑같은맛",한식,"등갈비,월계수잎,대파,통마늘,된장,간장,올리고당,맛술,케첩,마늘,후추,파슬리",60,쉬움,저녁,"맑음,비,눈,더위,추위","봄,여름,가을,겨울",6864926,https://www.10000recipe.com/recipe/6864926,메인반찬,,,119,,
훈제오리 단호박찜,한식,"단호박중간사이즈,훈제오리고기,양파,대파,청양고추,빨간파프리카,노란파프리카,고추장,고춧가루,간장,설탕,마늘,청주,참기름",60,쉬움,저녁,"맑음,비,눈,더위,추위","봄,여름,가을,겨울",6875324,https://www.10000recipe.com/recipe/6875324,메인반찬,,,119,,
매콤 새송이버섯볶음,한식,"새송이버섯,오일,물,고추장,고춧가루,참기름,간장,설탕,마늘",30,쉬움,"점심,저녁","맑음,비,눈,더위,추위","봄,여름,가을,겨울",6912602,https://www.10000recipe.com/recipe/6912602,,,,119,,
짬뽕맛 나는 오징어찌개 만들기,중식,"오징어,애호박,양파,청양고추,콩나물,대파,멸치국물다시용,포도씨유,고춧가루,마늘,간장,고추장,소금,후춧가루",30,쉬움,"점심,저녁","맑음,비,눈,더위,추위",여름,6834020,https://www.10000recipe.com/recipe/6834020,찌개,매콤함,여름,118,,
투움바파스타 만들기 세번 모두성공한 레시피♩,양식,"휘핑크림,쪽파or대파,양송이버섯,브로콜리,칵테일새우,페투치니면,간장,고춧가루,우유,마늘,미림or청주,후추",60,쉬움,저녁,"맑음,비,눈,더위,추위","봄,여름,가을,겨울",6853868,https://www.10000recipe.com/recipe/6853868,면/만두,,,118,,
오징어 한마리가 첨벙♬ ~ 오징어 짬뽕♪,중식,"오징어,양파,양배추,당근,대파cm,청양고추,멸치다시마육수,청주,고춧가루,마늘,간장,후추,소금,부추g,쥬키니호박",30,쉬움,"점심,저녁","맑음,비,눈,더위,추위","봄,여름,가을,겨울",6865551,https://www.10000recipe.com/recipe/6865551,면/만두,,,118,,
얼갈이된장국 얼갈이배추국 개운해,한식,"얼갈이,멸치,양파,청양고추,된장,마늘,고춧가루,참기름",15,쉬움,"아침,점심,야식","맑음,비,눈,더위,추위","봄,여름,가을,겨울",6868588,https://www.10000recipe.com/recipe/6868588,국/탕,,,118,,
뜨끈한 국물이 생각날때! 참치감자찌개.,한식,"감자g,참치캔g,양파,고추장,고춧가루,청양고추,대파,마늘,소금,후추,물",30,쉬움,"점심,저녁","맑음,비,눈,더위,추위","봄,여름,가을,겨울",6870873,https://www.10000recipe.com/recipe/6870873,찌개,매콤함,미분류,118,,
한우로 끓이는 얼큰한 경상도식 소고기국,한식,"한우양지,무,콩나물,대파,간장,참기름,고춧가루,마늘,소금,후추",30,쉬움,"점심,저녁","맑음,비,눈,더위,추위","봄,여름,가을,겨울",6879004,https://www.10000recipe.com/recipe/6879004,국/탕,,,118,,
참치 애호박 전,한식,"애호박,양파,땡초,부침가루,계란,캔참치,소금,식용유,후추",10,쉬움,"아침,점심,야식","맑음,비,눈,더위,추위","봄,여름,가을,겨울",6874753,https://www.10000recipe.com/recipe/6874753,메인반찬,,,117,,
[간단 자취요리] 고소함과 짭짤함이 환상적인 구운 참치 주먹밥 만들기,한식,"밥,참치캔,마요네즈,간장,맛술,올리고당,물",15,쉬움,"아침,점심,야식","맑음,비,눈,더위,추위","봄,여름,가을,겨울",6880142,https://www.10000recipe.com/recipe/6880142,밥/죽/떡,,,117,,
봄 향기가 가득한~ 냉이된장찌개,한식,"냉이g,두부g,양파,애호박,대파,멸치다시마육수,된장,간장,고춧가루,마늘,청양고추",30,쉬움,"점심,저녁","맑음,비,눈,더위,추위","봄,여름,가을,겨울",6867165,https://www.10000recipe.com/recipe/6867165,찌개,,,116,,
백종원의 부추 달걀 볶음,한식,"부추,계란,식용유,밥,참기름",15,쉬움,"아침,점심,야식","맑음,비,눈,더위,추위","봄,여름,가을,겨울",6891606,https://www.10000recipe.com/recipe/6891606,,,,116,,
아침국으로...두부김치계란탕,한식,"계란,소금,대파초록부분,다진김치,양파,참기름,두부,다시마멸치육수,간장,후추",30,쉬움,"점심,저녁","맑음,비,눈,더위,추위","봄,여름,가을,겨울",6866586,https://www.10000recipe.com/recipe/6866586,국/탕,,,115,,
500원 이면 밥한끼~ 뚝딱하는 팽이버섯조림~ 너무 맛있어용^^~,한식,"팽이버섯,청양고추,식용유,마늘,고춧가루,설탕,미림,간장,고추장,된장,물,물엿",15,쉬움,"아침,점심,야식","맑음,비,눈,더위,추위","봄,여름,가을,겨울",6956266,https://www.10000recipe.com/recipe/6956266,,,,114,,
명란 하나면 소스재료는 끝! 초간단 명란파스타!,양식,"명란,스파게티면,양파,통마늘,버터,우유,간장,채썬김",30,쉬움,"점심,저녁","맑음,비,눈,더위,추위","봄,여름,가을,겨울",6865755,https://www.10000recipe.com/recipe/6865755,면/만두,,,113,,
간단한 점심해결! 참치마요덮밥,한식,"계란,참치캔,김,마요네즈,간장,물,설탕",10,쉬움,"아침,점심,야식","맑음,비,눈,더위,추위","봄,여름,가을,겨울",6831962,https://www.10000recipe.com/recipe/6831962,밥/죽/떡,,,112,,
"간편요리 전자렌지로 만드는 계란밥 , 혼밥 자취요리로도 좋아요~",한식,"계란,우유,소금,간장,후추,소세지,버섯,대파,피자치즈",10,쉬움,"아침,점심,야식","맑음,비,눈,더위,추위","봄,여름,가을,겨울",6858625,https://www.10000recipe.com/recipe/6858625,밥/죽/떡,,,112,,
쓴맛나지 않게~ 동태찌개 끓이는 법(김진옥요리가좋다),한식,"동태,무,대파,양파,두부,홍고추,청양고추,쑥갓,멸치다시마육수,고춧가루,고추장,된장,마늘,간장,미림,멸치액젓,후춧가루,소금",30,쉬움,"점심,저녁","맑음,비,눈,더위,추위","봄,여름,가을,겨울",6904659,https://www.10000recipe.com/recipe/6904659,찌개,,,112,,
소스부터 계란지단까지 오므라이스 레시피 총정리! 오므라이스 만드는 법!,한식,"식용유,밀가루,케찹,간장,물,올리고당,식초,후추,베이컨,양파,파,청양고추,맛술,밥,파슬리,계란",30,쉬움,"점심,저녁","맑음,비,눈,더위,추위","봄,여름,가을,겨울",6949954,https://www.10000recipe.com/recipe/6949954,밥/죽/떡,,,112,,
"담백하게 먹을 수 있는 ""계란야채죽""♪",한식,"찬밥,물,당근다진거,양파다진거,계란,참기름,깨",15,쉬움,"아침,점심,야식","맑음,비,눈,더위,추위","봄,여름,가을,겨울",6850847,https://www.10000recipe.com/recipe/6850847,밥/죽/떡,,,111,,
치킨 스테이크 만들기ㅣ굽네가 부럽지 않은ㅣ,양식,"닭다리살,쯔유,소금,올리고당,마늘,통후추,올리브유",30,쉬움,"점심,저녁","맑음,비,눈,더위,추위","봄,여름,가을,겨울",6922190,https://www.10000recipe.com/recipe/6922190,메인반찬,,,111,,
김치비빔국수,한식,"소면,계란,오이,김치,고추장,고춧가루,간장,올리고당,매실액,식초,마늘,참기름",30,쉬움,"점심,저녁","맑음,비,눈,더위,추위","봄,여름,가을,겨울",6786023,https://www.10000recipe.com/recipe/6786023,면/만두,,,110,,
양파가 메인~ 고기없다고 슬퍼말고 양파덮밥♥,한식,"양파,계란,밥,물엿,간장,맛술,참기름,참깨,대파",15,쉬움,"아침,점심,야식","맑음,비,눈,더위,추위","봄,여름,가을,겨울",6863377,https://www.10000recipe.com/recipe/6863377,밥/죽/떡,,,110,,
[자취생 특별요리] 단짠의 정석! 간장찜닭 간단 레시피,한식,"닭볶음탕용닭,감자,양파,당근,간장,설탕,맛술,마늘,참기름,물",30,쉬움,"점심,저녁","맑음,비,눈,더위,추위","봄,여름,가을,겨울",6877019,https://www.10000recipe.com/recipe/6877019,메인반찬,,,110,,
꼬막비빔밥 집에서 해먹기,한식,"꼬막,대파,청양고추,홍고추,간장,고춧가루,맛술,올리고당,마늘,참기름,통깨",30,쉬움,"점심,저녁","맑음,비,눈,더위,추위","봄,여름,가을,겨울",6907544,https://www.10000recipe.com/recipe/6907544,밥/죽/떡,,,110,,
국물맛이 끝내주는 꽃게된장찌개,한식,"꽃게,무,양파,애호박,대파,된장,고추장,마늘,고춧가루,맛술,소금",30,쉬움,"점심,저녁","맑음,비,눈,더위,추위","봄,여름,가을,겨울",6833426,https://www.10000recipe.com/recipe/6833426,찌개,,,109,,
홈메이드 크림소스 리조또 만들기~,한식,"밥,양파,버섯,베이컨,우유,소금,후추,버터,마늘",60,쉬움,저녁,"맑음,비,눈,더위,추위","봄,여름,가을,겨울",6841807,https://www.10000recipe.com/recipe/6841807,밥/죽/떡,,,109,,
소세지 꽃 주먹밥 만들기 # 피크닉 도시락,한식,"통통소세지,양파,당근,애호박,밥,소금,참기름",15,쉬움,"아침,점심,야식","맑음,비,눈,더위,추위","봄,여름,가을,겨울",6848377,https://www.10000recipe.com/recipe/6848377,밥/죽/떡,,,109,,
집밥백선생 레시피♪ 실패한 깍두기 되살리는 초간단 깍두기볶음밥,한식,"밥,깍두기잘게썬,기름,대파,고춧가루,고추장,물,간장,후추,참기름",15,쉬움,"아침,점심,야식","맑음,비,눈,더위,추위","봄,여름,가을,겨울",6881388,https://www.10000recipe.com/recipe/6881388,밥/죽/떡,,,109,,
비빔국수 황금레시피 비법은 양념장,한식,"소면,김치,삶은달걀,상추,고추장,간장,설탕,고춧가루,참기름,통깨",30,쉬움,"점심,저녁","맑음,비,눈,더위,추위","봄,여름,가을,겨울",6882534,https://www.10000recipe.com/recipe/6882534,면/만두,,,109,,
스팸 두부김치,한식,"스팸,두부맘껏,김치,포기,양파,청양고추,고춧가루,설탕,물엿,참기름,깨,후춧가루",30,쉬움,"점심,저녁","맑음,비,눈,더위,추위","봄,여름,가을,겨울",6838790,https://www.10000recipe.com/recipe/6838790,메인반찬,,,108,,
돼지고기 감자 짜글이,한식,"돼지고기,감자개,양파g,대파g,물,청양고추,식용유,고춧가루,설탕,마늘,참치액,간장,고추장,된장,후추",15,쉬움,"아침,점심,야식","맑음,비,눈,더위,추위","봄,여름,가을,겨울",6906626,https://www.10000recipe.com/recipe/6906626,찌개,,,108,,
맛보장! < 고추장황태채볶음 >,한식,"황태,고추장,고춧가루,설탕,마늘,매실액,술,간장,올리고당,마요네즈,깨",10,쉬움,"아침,점심,야식","맑음,비,눈,더위,추위","봄,여름,가을,겨울",6916487,https://www.10000recipe.com/recipe/6916487,,,,108,,
대박식당 돼지고기 김치찌개 황금 레시피,한식,"돼지고기밥한공기분량,김치,간장,고춧가루,참기름,마늘,김치국물",20,쉬움,"점심,저녁","맑음,비,눈,더위,추위","봄,여름,가을,겨울",6923487,https://www.10000recipe.com/recipe/6923487,찌개,,,108,,
감자된장국 후다닥 맛있게 끓이기,한식,"감자,양파,대파,청양고추,멸치육수,된장,마늘",15,쉬움,"아침,점심,야식","맑음,비,눈,더위,추위","봄,여름,가을,겨울",6850320,https://www.10000recipe.com/recipe/6850320,국/탕,,,107,,
"고추장 찌개, 참치와 감자를 넣은 고추장 찌개",한식,"참치캔,감자,양파,두부,대파,뿌리,청양고추,물,고추장,고춧가루,간장,마늘,소금",30,쉬움,"점심,저녁","맑음,비,눈,더위,추위","봄,여름,가을,겨울",6858055,https://www.10000recipe.com/recipe/6858055,찌개,,,107,,
구워서 더 맛있다!고소한 참치와 매콤한 김치의 콜라보! 오니기리!,한식,"밥,참치,마요네즈,볶은김치,후추,참기름,맛술,간장,참깨",30,쉬움,"점심,저녁","맑음,비,눈,더위,추위","봄,여름,가을,겨울",6863241,https://www.10000recipe.com/recipe/6863241,밥/죽/떡,,,107,,
구수한~ 두부된장미역국,한식,"불린미역,된장,멸치육수,두부,마늘,팽이버섯,봉지",30,쉬움,"점심,저녁","맑음,비,눈,더위,추위","봄,여름,가을,겨울",6865288,https://www.10000recipe.com/recipe/6865288,국/탕,,,107,,
스팸마요덮밥 한끼식사로 딱이야~!!,한식,"스팸,양파,계란,마요네즈,김,간장,식초,물,올리고당,설탕",30,쉬움,"점심,저녁","맑음,비,눈,더위,추위","봄,여름,가을,겨울",6874882,https://www.10000recipe.com/recipe/6874882,밥/죽/떡,,,107,,
크래미 활용 - 크래미 게살볶음밥 x 곱빼기!(이연복 쉐프 레시피),한식,"밥공기,크래미또는개,계란,대파,식용유",15,쉬움,"아침,점심,야식","맑음,비,눈,더위,추위","봄,여름,가을,겨울",6883968,https://www.10000recipe.com/recipe/6883968,밥/죽/떡,,,107,,
대패된장찌개 - 집밥백선생3 대패삼겹살된장찌개,한식,"대패삼겹살,물,된장,간마늘,고춧가루,감자,양파,느타리버섯,애호박,두부,대파,청양고추,홍고추",60,쉬움,저녁,"맑음,비,눈,더위,추위","봄,여름,가을,겨울",6866927,https://www.10000recipe.com/recipe/6866927,찌개,,,106,,
브로콜리 새우 볶음,한식,"자숙새우,브로콜리,소금,식용유,마늘,마요네즈,맛술,후추",15,쉬움,"아침,점심,야식","맑음,비,눈,더위,추위","봄,여름,가을,겨울",6906436,https://www.10000recipe.com/recipe/6906436,메인반찬,,,106,,
대패삼겹살 영양부추 샐러드,한식,"대패삼겹살,양파,영양부추,간장,식초,참기름,마늘,설탕,고춧가루,소금,후추",30,쉬움,"점심,저녁","맑음,비,눈,더위,추위","봄,여름,가을,겨울",6828951,https://www.10000recipe.com/recipe/6828951,,,,105,,
삼겹살 구워먹고 남으면? 삼겹살 제육볶음!,한식,"삼겹살,양파,대파,고추장,고춧가루,마늘,올리고당,미림,소금,후추",60,쉬움,저녁,"맑음,비,눈,더위,추위","봄,여름,가을,겨울",6839063,https://www.10000recipe.com/recipe/6839063,메인반찬,,,105,,
버섯찌개 - 숙주버섯찌개,한식,"느타리버섯,숙주나물,식용유,마늘,고춧가루,간장,멸치다시마육수,소금,후춧가루",60,쉬움,저녁,"맑음,비,눈,더위,추위","봄,여름,가을,겨울",6854147,https://www.10000recipe.com/recipe/6854147,찌개,짭짤함,미분류,105,,
닭볶음탕 닭도리탕 황금 레시피,한식,"닭,감자,당근,양파,고추,파,표고버섯,느타리버섯,설탕,간마늘,간장,고춧가루,후춧가루",30,어려움,"점심,저녁","맑음,비,눈,더위,추위","봄,여름,가을,겨울",6880252,https://www.10000recipe.com/recipe/6880252,국/탕,,,105,,
돼지고기 듬뿍~김치도 듬뿍~색다른 짜글이찌개,한식,"돼지고기목살,김치,양파,대파,고추장,마늘,후추가루,설탕,들기름,생강가루",30,쉬움,"점심,저녁","맑음,비,눈,더위,추위","봄,여름,가을,겨울",6903640,https://www.10000recipe.com/recipe/6903640,찌개,,,105,,
계란말이케이크,한식,"계란,카놀라유,빨강파프리카,노랑파프리카,다진당근,대파,다진양파,맛소금,설탕,참기름,케찹,어린잎",20,보통,"점심,저녁","맑음,비,눈,더위,추위","봄,여름,가을,겨울",6938068,https://www.10000recipe.com/recipe/6938068,,,,105,,
된장찌개 황금레시피 :-),한식,"멸치육수,감자작은것,애호박,토막,양파,두부,홍고추,대파,된장,고춧가루,마늘,꿀",30,쉬움,"점심,저녁","맑음,비,눈,더위,추위","봄,여름,가을,겨울",6837911,https://www.10000recipe.com/recipe/6837911,찌개,,,104,,
콩비지찌개 만드는법 구소한게 일품,한식,"콩비지,다진김치,다진돼지고기,참기름,마늘,김치국물,설탕,고춧가루,간장,대파",30,쉬움,"점심,저녁","맑음,비,눈,더위,추위","봄,여름,가을,겨울",6864072,https://www.10000recipe.com/recipe/6864072,찌개,,,104,,
버섯덮밥 만들기. 간단한끼. 간단한 저녁메뉴 아침메뉴 점심메뉴,한식,"물,양파,청양고추,설탕,간장,참기름,깨,후춧가루",30,쉬움,"점심,저녁","맑음,비,눈,더위,추위","봄,여름,가을,겨울",6899700,https://www.10000recipe.com/recipe/6899700,밥/죽/떡,,,104,,
돼지등뼈를 푸짐하게 즐길 수 있는 뼈다귀 감자탕,한식,"돼지등뼈,무,통마늘,된장,양파,마늘,소주,통감자,생강즙또는생강가루,맛술,들깨가루,고춧가루,육수",120,어려움,저녁,"맑음,비,눈,더위,추위","봄,여름,가을,겨울",4616268,https://www.10000recipe.com/recipe/4616268,국/탕,,,102,,
주말 저녁을 빛내 준 백선생 치즈등갈비~,한식,"돼지등갈비,양파,대파,새송이버섯,떡볶이떡,청양고추,모짜렐라치즈,맛술,간장,물엿,고운고춧가루,고추장,마늘,설탕,물",90,쉬움,저녁,"맑음,비,눈,더위,추위","봄,여름,가을,겨울",6874259,https://www.10000recipe.com/recipe/6874259,메인반찬,,,102,,
김이 쫄깃쫄깃!? 얌무가 요즘 맨날 먹는 김 장아찌 만들기,한식,"김밥김,물,간장,올리고당,마늘,참기름",5,쉬움,"아침,점심,야식","맑음,비,눈,더위,추위","봄,여름,가을,겨울",6886390,https://www.10000recipe.com/recipe/6886390,,,,102,,
쉬운 나물반찬#3♥콩나물 볶음~~,한식,"콩나물봉,고춧가루,간장,설탕,파,뿌리,마늘,들기름,물",10,쉬움,"아침,점심,야식","맑음,비,눈,더위,추위","봄,여름,가을,겨울",6927024,https://www.10000recipe.com/recipe/6927024,메인반찬,,,102,,
집밥 백선생 아삭아삭 콩나물볶음밥,한식,"콩나물,대파,다진햄,다진야채기호껏,밥,계란,김가루,고추장,고춧가루,간장,설탕,맛술,마늘",15,쉬움,"아침,점심,야식","맑음,비,눈,더위,추위","봄,여름,가을,겨울",6833978,https://www.10000recipe.com/recipe/6833978,밥/죽/떡,,,101,,
연두부 샐러드,한식,"연두부,어린잎채소,파프리카,양파,간장,식초,설탕,마늘,참기름,통깨",5,쉬움,"아침,점심,야식","맑음,비,눈,더위,추위","봄,여름,가을,겨울",6842280,https://www.10000recipe.com/recipe/6842280,,,,101,,
기온이 뚝! 떨어진 날씨에 달걀죽으로 감기도 뚝!,한식,"계란,밥,송송썬파,간장,소금,참기름,참깨,건멸치,건다시마,물",30,쉬움,"점심,저녁","맑음,비,눈,더위,추위","봄,여름,가을,겨울",6877811,https://www.10000recipe.com/recipe/6877811,밥/죽/떡,,,101,,
꿀마늘 닭강정(아이들 단골메뉴 찜♡♡),한식,"닭봉그램,파프리카,간장,설탕,꿀,마늘,후추가루",30,쉬움,"점심,저녁","맑음,비,눈,더위,추위","봄,여름,가을,겨울",6897374,https://www.10000recipe.com/recipe/6897374,메인반찬,달콤함,미분류,101,,
매콤하게 사랑받는 삼겹살 강정,한식,"두툼한돼지고기,부침가루,튀김가루,식용유,케첩,고추장,설탕,마늘,올리고당,간장",15,쉬움,"아침,점심,야식","맑음,비,눈,더위,추위","봄,여름,가을,겨울",6924357,https://www.10000recipe.com/recipe/6924357,메인반찬,,,101,,
딱 10분이면 완성! 초간단 애호박덮밥,한식,"밥,애호박,양파,기름,고추기름,대파,참기름,고춧가루,고추장,간장,물,마늘,후추",10,쉬움,"아침,점심,야식","맑음,비,눈,더위,추위","봄,여름,가을,겨울",6886567,https://www.10000recipe.com/recipe/6886567,밥/죽/떡,,,100,,
"[혼밥메뉴]간단 열무비빔밥 만드는법,양념장 만드는법",한식,"밥,열무,참치캔제일작은사이즈,계란,고추장,참기름,올리고당,깨,마늘,간장",10,쉬움,"아침,점심,야식","맑음,비,눈,더위,추위","봄,여름,가을,겨울",6871626,https://www.10000recipe.com/recipe/6871626,밥/죽/떡,,,99,,
만두버섯전골 / 국물이- 국물이- 끝내줘여☆,한식,"만두,느타리버섯,팽이버섯,표고버섯,배추,쑥갓,청경채,양파,대파,사골육수,고춧가루,간장,마늘,후추",30,쉬움,"점심,저녁","맑음,비,눈,더위,추위","봄,여름,가을,겨울",6894679,https://www.10000recipe.com/recipe/6894679,국/탕,,,99,,
10분만에 뚝딱~ 간장기름떡볶이 웅떡웅떡,한식,"떡볶이떡,간장,꿀,검정통깨,참기름,식용유",10,쉬움,"아침,점심,야식","맑음,비,눈,더위,추위","봄,여름,가을,겨울",6839171,https://www.10000recipe.com/recipe/6839171,밥/죽/떡,,,98,,
들깨미역국,한식,"불린미역,들깨가루,들기름,간장,마늘,소금",15,쉬움,"아침,점심,야식","맑음,비,눈,더위,추위","봄,여름,가을,겨울",6853456,https://www.10000recipe.com/recipe/6853456,국/탕,,,98,,
매콤버섯덮밥~한그릇,한식,"느타리버섯,양파,대파,밥,참깨,간장,물,고춧가루,참기름,설탕",30,쉬움,"점심,저녁","맑음,비,눈,더위,추위","봄,여름,가을,겨울",6869489,https://www.10000recipe.com/recipe/6869489,밥/죽/떡,,,98,,
양파계란덮밥,한식,"양파,계란,대파,밥,간장,맛술,설탕,물",15,쉬움,"아침,점심,야식","맑음,비,눈,더위,추위","봄,여름,가을,겨울",6888589,https://www.10000recipe.com/recipe/6888589,밥/죽/떡,,,98,,
팽이버섯 베이컨 볶음,한식,"팽이버섯,베이컨,대파,식용유,버터",10,쉬움,"아침,점심,야식","맑음,비,눈,더위,추위","봄,여름,가을,겨울",6898497,https://www.10000recipe.com/recipe/6898497,메인반찬,,,98,,
에어프라이어 콘치즈 토스트 만들기!중독성 강하네요!,한식,"식빵,캔옥수수,설탕,마요네즈,파슬리가루",10,쉬움,"아침,점심,야식","맑음,비,눈,더위,추위","봄,여름,가을,겨울",6913489,https://www.10000recipe.com/recipe/6913489,,,,98,,
우럭매운탕,한식,"우럭생물,무나박썬것,건다시마cmXcm,호박반달썬것,콩나물,양파,두부사각모양썬것,쑥갓,풋고추,홍고추,대파,생수육수용,고춧가루,간장,마늘,청주,고추장,된장,소금,후춧가루",60,어려움,저녁,"맑음,비,눈,더위,추위","봄,여름,가을,겨울",6842580,https://www.10000recipe.com/recipe/6842580,국/탕,,,96,,
스팸무스비 -간단김밥,한식,"스팸작은사이즈,깻잎,김밥용김,계란,대파,맛술,소금,다진당근,백미,참기름",60,쉬움,저녁,"맑음,비,눈,더위,추위","봄,여름,가을,겨울",6882686,https://www.10000recipe.com/recipe/6882686,밥/죽/떡,,,96,,
"카라멜 입힌 식빵팝콘 레시피, 홈극장 별미",한식,"식빵,물,설탕,우유,버터",10,쉬움,"아침,점심,야식","맑음,비,눈,더위,추위","봄,여름,가을,겨울",6897704,https://www.10000recipe.com/recipe/6897704,,,,96,,
순정떡볶이 레시피 초간단 10분 떡볶이,한식,"떡국떡,송송썬쪽파,통깨,고추장,식용유,설탕,올리고당,물",10,쉬움,"아침,점심,야식","맑음,비,눈,더위,추위","봄,여름,가을,겨울",6900646,https://www.10000recipe.com/recipe/6900646,밥/죽/떡,,,96,,
차돌박이 감자 고추장찌개,한식,"감자,애호박,양파,차돌박이혹은불고기,마늘,간장,참기름,물,고추장,된장,고춧가루",30,쉬움,"점심,저녁","맑음,비,눈,더위,추위",여름,6746224,https://www.10000recipe.com/recipe/6746224,찌개,짭짤함,여름,95,,
"청양고추를 넣어서 매콤한 볶음우동, 쉽게 만들기",일식,"우동면,버섯,양파,청경채,숙주,청양고추,대파,간장,고춧가루,마늘,올리고당,물",10,쉬움,"아침,점심,야식","맑음,비,눈,더위,추위","봄,여름,가을,겨울",6831960,https://www.10000recipe.com/recipe/6831960,면/만두,,,95,,
칼칼하고 시원한 애호박찌개,한식,"애호박,맛타리버섯,멸치육수,대파,청양고추,고춧가루,마늘,새우젓",15,쉬움,"아침,점심,야식","맑음,비,눈,더위,추위","봄,여름,가을,겨울",6837286,https://www.10000recipe.com/recipe/6837286,찌개,,,95,,
갈릭 닭가슴살버섯볶음,한식,"닭가슴살,새송이버섯,올리브유,간장,물엿,마늘,설탕,바질",30,쉬움,"점심,저녁","맑음,비,눈,더위,추위","봄,여름,가을,겨울",6842456,https://www.10000recipe.com/recipe/6842456,메인반찬,,,95,,
"간단 한그릇요리, 향긋한 카레볶음밥~",한식,"밥,대파큰것,후랑크소세지,후추,카레가루수북히,식용유,참기름",15,쉬움,"아침,점심,야식","맑음,비,눈,더위,추위","봄,여름,가을,겨울",6851096,https://www.10000recipe.com/recipe/6851096,밥/죽/떡,,,95,,
크림파스타 만드는법 집에서 더맛있게!,양식,"파스타면,베이컨,양파,새송이버섯,슬라이스치즈,마늘,새우생략가능,우유,생크림,올리브유,소금,후추,파마산치즈가루",30,쉬움,"점심,저녁","맑음,비,눈,더위,추위","봄,여름,가을,겨울",6871779,https://www.10000recipe.com/recipe/6871779,면/만두,,,94,,
"반찬 없을 때~~~""콩나물 비빔밥""이 진리!!!",한식,"콩나물,물,소금,간장,설탕,깨소금,간마늘,고춧가루,파,참기름,매운고추",60,쉬움,저녁,"맑음,비,눈,더위,추위","봄,여름,가을,겨울",6872531,https://www.10000recipe.com/recipe/6872531,밥/죽/떡,,,94,,
마늘향으로 풍미UP!UP!베이컨마늘볶음밥★,한식,"베이컨,통마늘,밥,간장,참깨,계란,양파,대파",10,쉬움,"아침,점심,야식","맑음,비,눈,더위,추위","봄,여름,가을,겨울",6864335,https://www.10000recipe.com/recipe/6864335,밥/죽/떡,,,93,,
No밀가루!속이 편안 밥피자 만들기,한식,"밥,계란,버터,양파,피망,햄,피자치즈,파슬리가루",30,쉬움,"점심,저녁","맑음,비,눈,더위,추위","봄,여름,가을,겨울",6895266,https://www.10000recipe.com/recipe/6895266,밥/죽/떡,,,93,,
수미네 반찬 :: 전주식 콩나물탕 / 해장하기 좋은 시원한 맛,한식,"콩나물,마늘,청양고추,계란,대파,새우젓,참깨,고춧가루,다시물",60,쉬움,저녁,"맑음,비,눈,더위,추위","봄,여름,가을,겨울",6896204,https://www.10000recipe.com/recipe/6896204,국/탕,,,93,,
든든한 혼밥 돈까스김치나베,일식,"돈까스,김치,김치국물,고춧가루,마늘,간장,설탕,맛술,계란,물",20,쉬움,"점심,저녁","맑음,비,눈,더위,추위","봄,여름,가을,겨울",6919305,https://www.10000recipe.com/recipe/6919305,밥/죽/떡,,,93,,
앗!냉동 만두라고? 만두강정♥,한식,"냉동물만두,고추장,케찹,간장,물엿,마늘,물,참기름,참깨,다진땅콩",30,쉬움,"점심,저녁","맑음,비,눈,더위,추위","봄,여름,가을,겨울",6863597,https://www.10000recipe.com/recipe/6863597,면/만두,,,92,,
시원한 냉라면 간편하게 만들기,한식,"라면,양파,얼음,설탕,식초,참기름",10,쉬움,"아침,점심,야식","맑음,비,눈,더위,추위","봄,여름,가을,겨울",6913453,https://www.10000recipe.com/recipe/6913453,면/만두,,,92,,
파채+콩불은 사랑! 절대 맛 없을수 없는 조합! 파콩제육볶음,한식,"돼지고기앞다리살,파채,콩나물,참기름,통깨,간장,고추장,올리고당,고춧가루,마늘,매실액,맛술,후추",30,쉬움,"점심,저녁","맑음,비,눈,더위,추위","봄,여름,가을,겨울",6927976,https://www.10000recipe.com/recipe/6927976,메인반찬,,,92,,
순두부 애호박찌개 끓이는 법,한식,"순두부,애호박,양파작은거,멸치다시육수,간장,마늘,해산물",15,쉬움,"아침,점심,야식","맑음,비,눈,더위,추위","봄,여름,가을,겨울",6870102,https://www.10000recipe.com/recipe/6870102,찌개,,,91,,
옥수수가 톡톡 콘치즈 김치볶음밥 만들기,한식,"밥,배추김치,피자치즈,콘옥수수,청양고추생략가능,간장,설탕,참기름또는참기름,고춧가루,통깨",30,쉬움,"점심,저녁","맑음,비,눈,더위,추위","봄,여름,가을,겨울",6895725,https://www.10000recipe.com/recipe/6895725,밥/죽/떡,,,91,,
굴소스마요라면 만들기,한식,"라면,파,청양고추,라면스프,버터,마요네즈",5,쉬움,"아침,점심,야식","맑음,비,눈,더위,추위","봄,여름,가을,겨울",6833589,https://www.10000recipe.com/recipe/6833589,면/만두,,,90,,
얼큰순대국,한식,"순대,사골육수,고춧가루,마늘,표고버섯가루,청양고추,후추,들깨가루,부추,대파",15,쉬움,"아침,점심,야식","맑음,비,눈,더위,추위","봄,여름,가을,겨울",6869404,https://www.10000recipe.com/recipe/6869404,국/탕,,,90,,
누구나 쉽게 만드는 칼칼하게 매운! 초간단 백종원 김치찌개 레시피,한식,"김치,돼지고기앞다리살,양파,청양고추,고춧가루,간장,설탕,마늘",60,쉬움,저녁,"맑음,비,눈,더위,추위","봄,여름,가을,겨울",6905697,https://www.10000recipe.com/recipe/6905697,찌개,,,90,,
간단한 술안주로 최고인 버터갈릭새우 만들기,한식,"새우,버터,올리고당,마늘,파슬리,후추,올리브유,소금",15,쉬움,"아침,점심,야식","맑음,비,눈,더위,추위","봄,여름,가을,겨울",6918977,https://www.10000recipe.com/recipe/6918977,메인반찬,,,90,,
다이어트요리 두부카레볶음밥,한식,"두부,계란,우유,부추,카레가루,소금",15,쉬움,"아침,점심,야식","맑음,비,눈,더위,추위","봄,여름,가을,겨울",6831876,https://www.10000recipe.com/recipe/6831876,밥/죽/떡,,,89,,
게살 텐신항:중국식?일본식? 어쨌든 초간단! 계란덮밥,한식,"밥,물,간장,맛술,전분,식초,계란,크래미맛살,대파,소금,식용유",15,쉬움,"아침,점심,야식","맑음,비,눈,더위,추위","봄,여름,가을,겨울",6839363,https://www.10000recipe.com/recipe/6839363,밥/죽/떡,,,89,,
간단 한끼 참치마요 밥버거 만들기,한식,"밥,캔참치,단무지,김가루,배추김치,마요네즈,소금,설탕,깨소금,참기름,들기름또는참기름,간장,고춧가루",15,쉬움,"아침,점심,야식","맑음,비,눈,더위,추위","봄,여름,가을,겨울",6897337,https://www.10000recipe.com/recipe/6897337,밥/죽/떡,,,89,,
초간단 고추참치마요 삼각주먹밥 만들기,한식,"밥,고추참치,김,고추장,설탕,참기름,마요네즈",15,쉬움,"아침,점심,야식","맑음,비,눈,더위,추위","봄,여름,가을,겨울",6905992,https://www.10000recipe.com/recipe/6905992,밥/죽/떡,,,89,,
【초간단】칼칼한 어묵탕 만들기~,한식,"어묵,무,양파,대파,줄기,땡초,멸치다시팩,간장,후추,마늘,소금",30,쉬움,"점심,저녁","맑음,비,눈,더위,추위","봄,여름,가을,겨울",6868264,https://www.10000recipe.com/recipe/6868264,국/탕,,,88,,
"두부강정 ,두부반찬, 아이반찬",한식,"두부,부침가루,간장,마늘,올리고당,물",10,쉬움,"아침,점심,야식","맑음,비,눈,더위,추위","봄,여름,가을,겨울",6881447,https://www.10000recipe.com/recipe/6881447,,,,88,,
[간단 자취요리] 닭개장 재료가 이게 끝...?! 세상 제일 쉬운 닭가슴살 닭개장 레시피,한식,"닭가슴살,무,대파,간장,맛술,고춧가루,마늘,된장,물",30,쉬움,"점심,저녁","맑음,비,눈,더위,추위","봄,여름,가을,겨울",6886282,https://www.10000recipe.com/recipe/6886282,국/탕,,,87,,
초간단 10분요리! 가지덮밥 맛있어요~!,한식,"가지,대파,밥,간장,매실액or설탕,물,참기름,후추,전자렌지",30,쉬움,"점심,저녁","맑음,비,눈,더위,추위","봄,여름,가을,겨울",6891836,https://www.10000recipe.com/recipe/6891836,밥/죽/떡,,,87,,
상추비빔밥 참치쌈장에 비벼 먹으면 꿀맛!,한식,"참치캔,고추장,간장,물엿,토마토케첩,참기름,후추,밥,공기,상추,계란,참치쌈장",10,쉬움,"아침,점심,야식","맑음,비,눈,더위,추위","봄,여름,가을,겨울",6910254,https://www.10000recipe.com/recipe/6910254,밥/죽/떡,,,87,,
[된장찌개] 고추장을 넣어 감칠맛나는 맛있는된장 끓여요,한식,"물,된장,고추장,고춧가루,마늘,설탕,간장,소금,양파,애호박,버섯,청양고추,두부,대파",15,쉬움,"아침,점심,야식","맑음,비,눈,더위,추위","봄,여름,가을,겨울",6922195,https://www.10000recipe.com/recipe/6922195,찌개,,,87,,
연어 데리야끼 스테이크,양식,"연어슬라이스,굵은소금,후추,맛술,올리브오일,간장,물,설탕,물엿,생강",30,쉬움,"점심,저녁","맑음,비,눈,더위,추위","봄,여름,가을,겨울",1441518,https://www.10000recipe.com/recipe/1441518,양식,,,86,,
고등어데리야끼구이 만드는 법(일본식 생선요리),한식,"고등어,녹말가루,소금,후추,간장,미림,마늘,파,양파,설탕,물,물엿",30,쉬움,"점심,저녁","맑음,비,눈,더위,추위","봄,여름,가을,겨울",6864830,https://www.10000recipe.com/recipe/6864830,메인반찬,,,86,,
소고기 대파 볶음,한식,"한우소고기,대파,식용유,간장,설탕,마늘,맛술,참기름,깨소금",15,쉬움,"아침,점심,야식","맑음,비,눈,더위,추위","봄,여름,가을,겨울",6899457,https://www.10000recipe.com/recipe/6899457,메인반찬,,,86,,
스피드하게~어묵 당면볶음,한식,"당면,어묵,양파,대파,당근,간장,참기름,올리고당,후추,마늘",30,쉬움,"점심,저녁","맑음,비,눈,더위,추위","봄,여름,가을,겨울",6928061,https://www.10000recipe.com/recipe/6928061,메인반찬,,,86,,
돼지불백 만들기~ 기사식당 스타일 빠삭 돼지불백의 맛을 알려 드립니다!!,한식,"돼지앞다리살,다진양파,다진대파,마늘,간장,물엿,미림,고춧가루,설탕,생강가루,후추가루,참기름",30,쉬움,"점심,저녁","맑음,비,눈,더위,추위","봄,여름,가을,겨울",6944180,https://www.10000recipe.com/recipe/6944180,메인반찬,,,86,,
건새우 시금치 된장국 끓이기 :),한식,"시금치듬뿍,쌀뜬물,건새우,마늘,청양고추,대파,된장,건새우가루,고춧가루,설탕,소금",30,쉬움,"점심,저녁","맑음,비,눈,더위,추위","봄,여름,가을,겨울",6836459,https://www.10000recipe.com/recipe/6836459,국/탕,매콤함,미분류,85,,
삼겹살 순두부 짜글이,한식,"삼겹살,순두부,양파,대파,청양고추,홍고추,마늘,다진생강,고추장,고춧가루,설탕,청주,맛술,참기름,후춧가루,간장진,간장,물",30,쉬움,"점심,저녁","맑음,비,눈,더위,추위","봄,여름,가을,겨울",6860647,https://www.10000recipe.com/recipe/6860647,찌개,매콤함,미분류,85,,
【돼지다짐육으로만든】새송이 떡갈비~,한식,"새송이버섯,생강술또는맛술,간장,설탕,마늘,참기름,감자전분,대파,후추,물,꿀",30,쉬움,"점심,저녁","맑음,비,눈,더위,추위","봄,여름,가을,겨울",6887181,https://www.10000recipe.com/recipe/6887181,메인반찬,,,85,,
칼칼한 애호박 돼지고기찌개,한식,"돼지고기앞다리살,애호박,양파,대파,식용유,물,고춧가루,맛술,마늘,간장,소금",30,보통,"점심,저녁","맑음,비,눈,더위,추위","봄,여름,가을,겨울",3993753,https://www.10000recipe.com/recipe/3993753,찌개,,,84,,
매운 닭볶음탕,한식,"닭고기g,감자,당근,양파,대파,물,고추장,고춧가루,간장,설탕,마늘,다진생강,청주,후춧가루",60,쉬움,저녁,"맑음,비,눈,더위,추위","봄,여름,가을,겨울",5603359,https://www.10000recipe.com/recipe/5603359,국/탕,,,84,,
【술도둑+밥도둑】고갈비 만들기~,한식,"고등어,양파,땡초,대파,간장,고춧가루,맛술,고추장,마늘,설탕",15,쉬움,"아침,점심,야식","맑음,비,눈,더위,추위","봄,여름,가을,겨울",6868528,https://www.10000recipe.com/recipe/6868528,메인반찬,,,84,,
촉촉하고 부드러운 초코크랙쿠키 만들기(+버터없이도 가능해요~!!),한식,"버터또는식용유,계란,설탕,소금,박력분,코코아파우더,베이킹파우더,슈가파우더",30,쉬움,"점심,저녁","맑음,비,눈,더위,추위","봄,여름,가을,겨울",6907004,https://www.10000recipe.com/recipe/6907004,,,,84,,
닭가슴살 데리야끼덮밥,한식,"닭가슴살닭다리살,닭안심,계란,대파,감자전분,간장,맛술,청주,설탕,마요네즈,식초",30,쉬움,"점심,저녁","맑음,비,눈,더위,추위","봄,여름,가을,겨울",6645702,https://www.10000recipe.com/recipe/6645702,밥/죽/떡,,,83,,
집밥 백선생 짬뽕,중식,"오징어,돼지고기,양배추,당근,호박,양파,청양고추,부추,파,생강,후추,고춧가루,간장,소금",30,보통,"점심,저녁","맑음,비,눈,더위,추위","봄,여름,가을,겨울",6840909,https://www.10000recipe.com/recipe/6840909,면/만두,,,83,,
우리집 밥도둑 고추장불고기,한식,"돼지고기목살,양파,당근,대파썰어서,간장,미림,마늘,고추장,고춧가루",30,쉬움,"점심,저녁","맑음,비,눈,더위,추위","봄,여름,가을,겨울",6864761,https://www.10000recipe.com/recipe/6864761,메인반찬,,,83,,
꽁치 김치찌개 - 간단 찌개 요리,한식,"꽁치통조림g,김치,포기,대파,청양고추,참기름,설탕,된장,마늘,고춧가루",15,쉬움,"아침,점심,야식","맑음,비,눈,더위,추위","봄,여름,가을,겨울",6878016,https://www.10000recipe.com/recipe/6878016,찌개,,,83,,
매일 먹어도 좋은 [차돌박이 된장찌개],한식,"차돌박이,애호박,두부,청양고추,송송썬대파,된장듬뿍,고추장,멸치다시마육수",30,쉬움,"점심,저녁","맑음,비,눈,더위,추위","봄,여름,가을,겨울",6879196,https://www.10000recipe.com/recipe/6879196,찌개,,,83,,
【초간단】맑은 감자국 만들기~,한식,"알감자,양파,대파,청양고추,마늘,멸치다시팩,맛소금",15,쉬움,"아침,점심,야식","맑음,비,눈,더위,추위","봄,여름,가을,겨울",6883285,https://www.10000recipe.com/recipe/6883285,국/탕,,,83,,
바지락 순두부찌개 만드는법(+고추기름내기),한식,"순두부g,바지락한움큼,물머그컵컵정도,계란,대파,고춧가루,식용유,참기름,마늘,소금",30,쉬움,"점심,저녁","맑음,비,눈,더위,추위","봄,여름,가을,겨울",6888322,https://www.10000recipe.com/recipe/6888322,찌개,,,83,,
고소한 영양만점요리~ 버섯들깨탕(김진옥요리가좋다),한식,"표고버섯,새송이버섯,느타리버섯,멸치다시마육수,고운들깨가루,찹쌀가루,양파,대파,마늘,간장,소금",30,쉬움,"점심,저녁","맑음,비,눈,더위,추위","봄,여름,가을,겨울",6901357,https://www.10000recipe.com/recipe/6901357,국/탕,,,83,,
멸치육수가 시원한 잔치국수,한식,"소면,김가루,송송썬파,다시멸치,물,간장,소금,마늘,송송썰은김치,통깨,설탕,참기름",30,쉬움,"점심,저녁","맑음,비,눈,더위,추위","봄,여름,가을,겨울",4668017,https://www.10000recipe.com/recipe/4668017,면/만두,,,82,,
"오리 훈제 덮밥, 한 끼 든든하고 맛있어요.",한식,"오리훈제,설탕,간장,양파,대파,고추장,통마늘,후추",30,보통,"점심,저녁","맑음,비,눈,더위,추위","봄,여름,가을,겨울",6858524,https://www.10000recipe.com/recipe/6858524,밥/죽/떡,,,82,,
새우굴소스파스타,양식,"파스타면,청양고추,마늘,버터,새우,파마산치즈가루,오일,소금",15,쉬움,"아침,점심,야식","맑음,비,눈,더위,추위","봄,여름,가을,겨울",6890570,https://www.10000recipe.com/recipe/6890570,면/만두,짭짤함,미분류,82,,
만물상에 소개된 불 없이 5분만에 만든 오징어채 황금 레시피!,한식,"진미채크게,고추장,고춧가루,간장,마늘,깨,참기름,올리고당,마요네즈,물",5,쉬움,"아침,점심,야식","맑음,비,눈,더위,추위","봄,여름,가을,겨울",6894755,https://www.10000recipe.com/recipe/6894755,,,,82,,
참치미역국 맛있게 끓이는법 풍미가 남달라,한식,"미역,참치,마늘,간장,참기름,소금",60,쉬움,저녁,"맑음,비,눈,더위,추위","봄,여름,가을,겨울",6908116,https://www.10000recipe.com/recipe/6908116,국/탕,,,82,,
전라도언니루비씨의 묵은지 닭볶음탕/성공100%,한식,"닭,감자큰거,고구마큰거,양파,묵은지,소주,물,고추장,고춧가루,마늘,생강,올리고당,설탕,간장",60,쉬움,저녁,"맑음,비,눈,더위,추위","봄,여름,가을,겨울",6832617,https://www.10000recipe.com/recipe/6832617,국/탕,,,81,,
백선생20분육개장,한식,"소고기,근,숙주,봉지,대파,표고,고사리,토란대,마늘,간장,소금,후추,참기름,식용유,고춧가루",60,쉬움,저녁,"맑음,비,눈,더위,추위","봄,여름,가을,겨울",6841208,https://www.10000recipe.com/recipe/6841208,국/탕,,,81,,
불고기전골 양념 만드는 법 손님초대요리,한식,"소고기불고기감,양파,당근,당면,양배추,팽이버섯,대파,간장,설탕,물엿,마늘,생강가루,후추,다시마,물",30,쉬움,"점심,저녁","맑음,비,눈,더위,추위","봄,여름,가을,겨울",6844306,https://www.10000recipe.com/recipe/6844306,국/탕,,,81,,
부산에서 먹던 탱글탱글 비빔당면,한식,"당면,계란,당근,깻잎,고춧가루,설탕,깨,간장,식초,올리고당,마늘,참기름,대파",15,쉬움,"아침,점심,야식","맑음,비,눈,더위,추위","봄,여름,가을,겨울",6853260,https://www.10000recipe.com/recipe/6853260,면/만두,,,81,,
돼지고기 김치찌개 :: 김치찌개 맛있게 끓이는법,한식,"김치,파,돼지고기,근,고춧가루,간장,미림,마늘,김치국물,설탕,생강가루,참기름,물",30,쉬움,"점심,저녁","맑음,비,눈,더위,추위","봄,여름,가을,겨울",6859777,https://www.10000recipe.com/recipe/6859777,찌개,,,81,,
"백종원 부추무침, 찰떡궁합! 훈제오리 부추무침",한식,"부추,양파,고춧가루,식초,액젓,설탕,마늘,참기름,통깨,훈제오리",15,쉬움,"아침,점심,야식","맑음,비,눈,더위,추위","봄,여름,가을,겨울",6912121,https://www.10000recipe.com/recipe/6912121,메인반찬,,,81,,
버섯 들깨소스 무침,한식,"느타리버섯,표고버섯,대파,들깨가루,멸치액젓,비정제황설탕,들기름",30,쉬움,"점심,저녁","맑음,비,눈,더위,추위","봄,여름,가을,겨울",4803252,https://www.10000recipe.com/recipe/4803252,,,,80,,
굴소스카레볶은밥,한식,"양파,당근,호박,청양고추,햄,계란,카레",30,쉬움,"점심,저녁","맑음,비,눈,더위,추위","봄,여름,가을,겨울",6837731,https://www.10000recipe.com/recipe/6837731,밥/죽/떡,,,80,,
감자오믈렛-간단한 아침요리 스페인식 감자오믈렛..,양식,"감자g,양파,햄,계란,마늘,숟갈,소금,후춧가루",30,쉬움,"점심,저녁","맑음,비,눈,더위,추위","봄,여름,가을,겨울",4757767,https://www.10000recipe.com/recipe/4757767,양식,,,79,,
소고기두부볶음 - 아이들 반찬/이유식 반찬으로도 최고죠~옛생각이 절로...,한식,"두부,다진소고기,맛술,간장,설탕,참기름,마늘,대파,후추,들기름,올리브유",30,쉬움,"점심,저녁","맑음,비,눈,더위,추위","봄,여름,가을,겨울",6854979,https://www.10000recipe.com/recipe/6854979,,,,79,,
손가락쪽쪽빨며 먹는 닭봉조림,한식,"닭봉,떡볶이떡,대파,물,통후추,올리고당,간장,맛술,설탕,생강청,매실액,마늘,후추",30,쉬움,"점심,저녁","맑음,비,눈,더위,추위","봄,여름,가을,겨울",6859220,https://www.10000recipe.com/recipe/6859220,메인반찬,,,79,,
따뜻한 밥과 스팸이 만나면?그거슨 진리ㅠ_ㅠ스팸동★,한식,"밥,스팸,양파,계란,간장,설탕,맛술,물,대파",30,쉬움,"점심,저녁","맑음,비,눈,더위,추위","봄,여름,가을,겨울",6864145,https://www.10000recipe.com/recipe/6864145,밥/죽/떡,,,79,,
밥을 부르는 삼겹살 김치찜 맛있는 조합,한식,"묵은지,포기,삼겹살,대파,멸지다시육수,마늘,생강술,소금,후추,간장,맛술,황설탕,고춧가루",60,쉬움,저녁,"맑음,비,눈,더위,추위","봄,여름,가을,겨울",6924996,https://www.10000recipe.com/recipe/6924996,찌개,,,79,,
손님 초대용으로도 좋은 유산슬느낌 청경채부추새우덮밥,한식,"청경채,부추,새우,버섯,양파,마늘,청양고추,식용유,간장,참기름,소금선택,후추,전분가루,물",15,쉬움,"아침,점심,야식",맑음,봄,6952286,https://www.10000recipe.com/recipe/6952286,밥/죽/떡,짭짤함,봄,79,,
국물까지 싹 먹어 치우게 되는 백주부표 닭볶음탕!,한식,"닭볶음용닭,감자,양파,당근,간장,고춧가루,마늘,청양고추,파,설탕",60,보통,저녁,"맑음,비,눈,더위,추위","봄,여름,가을,겨울",6834272,https://www.10000recipe.com/recipe/6834272,국/탕,,,78,,
반찬 없을때~ [백종원콩나물찌개]정말 대박대박 맛있어요~♡,한식,"콩나물,돼지고기다짐육,양파,표고버섯,청고추또는홍고추,파,식용유소주잔,마늘,새우젓,간장",15,쉬움,"아침,점심,야식","맑음,비,눈,더위,추위","봄,여름,가을,겨울",6837643,https://www.10000recipe.com/recipe/6837643,찌개,짭짤함,미분류,78,,
아이들반찬. 진미채볶음 인기만점!!,한식,"진미채,간장,설탕,올리고당,들기름,깨",15,쉬움,"아침,점심,야식","맑음,비,눈,더위,추위","봄,여름,가을,겨울",6838394,https://www.10000recipe.com/recipe/6838394,,,,78,,
바지락 된장찌개 / 고기집 된장찌개 부럽지않아요,한식,"바지락조개,두부,애호박,양파,대파,청양고추,마늘,된장,쌈장,고춧가루,멸치,다시마,물",30,쉬움,"점심,저녁","맑음,비,눈,더위,추위","봄,여름,가을,겨울",6862254,https://www.10000recipe.com/recipe/6862254,찌개,,,78,,
【 여름철단골메뉴 】초간단으로 시원 칼칼 오이냉국만들기~,한식,"오이,양파,땡초,물,마늘,맛소금,식초,설탕,깨소금",10,쉬움,"아침,점심,야식","맑음,비,눈,더위,추위","봄,여름,가을,겨울",6870130,https://www.10000recipe.com/recipe/6870130,국/탕,,,78,,
뚝딱 만들어도 밥도둑~~두부명란젓찌개~,한식,"명란젓굵은걸로,두부g,청양고추,국물멸치,양파작은거,고춧가루",15,쉬움,"아침,점심,야식","맑음,비,눈,더위,추위","봄,여름,가을,겨울",6869645,https://www.10000recipe.com/recipe/6869645,찌개,,,77,,
닭강정 보다 맛있다!? 안먹어봤음 지금 당장 맹글어봐요! 소시지강정,한식,"비엔나소시지,다진땅콩,설탕,물엿,간장,케첩,물,마늘",10,쉬움,"아침,점심,야식","맑음,비,눈,더위,추위","봄,여름,가을,겨울",6876451,https://www.10000recipe.com/recipe/6876451,메인반찬,,,77,,
데리야키 닭고기 구이,한식,"정육된닭다리살,대파,식용유,녹말가루,미림,간장,설탕,생강간것",30,쉬움,"점심,저녁","맑음,비,눈,더위,추위","봄,여름,가을,겨울",6882107,https://www.10000recipe.com/recipe/6882107,메인반찬,,,77,,
이거 된장으로 만든거 맞음?존맛ㅠㅠ 된장삼겹살덮밥,한식,"대패삼겹살,양파,대파,밥,식용유,설탕,간장,맛술,된장,마늘,올리고당,참기름,물",30,쉬움,"점심,저녁","맑음,비,눈,더위,추위","봄,여름,가을,겨울",6873881,https://www.10000recipe.com/recipe/6873881,밥/죽/떡,,,76,,
"두반장 없이, 한그릇 별미로 손색없는 마파두부덮밥 만들기",한식,"두부,대파뿌리,새송이버섯,양파,간돼지고기,간장,마늘,맛술,고추장,된장,고춧가루,설탕,참기름",30,쉬움,"점심,저녁","맑음,비,눈,더위,추위","봄,여름,가을,겨울",6876726,https://www.10000recipe.com/recipe/6876726,밥/죽/떡,,,76,,
두부 팽이버섯 조림 만들기!,한식,"부침용두부모,팽이버섯큰봉지,양파작은것,대파,청양고추,간장,물엿,고춧가루,맛술,마늘,다시마육수,들기름,식용유,후추",15,쉬움,"아침,점심,야식","맑음,비,눈,더위,추위","봄,여름,가을,겨울",6957391,https://www.10000recipe.com/recipe/6957391,메인반찬,,,76,,
고추장 건새우볶음 : 밑반찬 하나로 공기밥 뚝딱,한식,"고춧가루,마늘,참기름,고추장,매실청,물엿,식용유,맛술,건새우,마요네즈선택사항",15,쉬움,"아침,점심,야식","맑음,비,눈,더위,추위","봄,여름,가을,겨울",6878001,https://www.10000recipe.com/recipe/6878001,,,,75,,
간단하게 속편한 국 끓이기! 새우젓 연두부달걀국,한식,"물,연두부,계란,양파,새우젓,소금,송송썬대파,다시마cmxcm,멸치",30,쉬움,"점심,저녁","맑음,비,눈,더위,추위","봄,여름,가을,겨울",6889370,https://www.10000recipe.com/recipe/6889370,국/탕,,,75,,
아침에 후딱 끓여 낸 새우젓 순두부찌개,한식,"마늘,양파,대파,참기름,식용유,고춧가루,순두부,새우젓,다시마멸치육수,계란",15,쉬움,"아침,점심,야식","맑음,비,눈,더위,추위","봄,여름,가을,겨울",6912664,https://www.10000recipe.com/recipe/6912664,찌개,,,75,,
해물볶음우동 만들어봤어요.,일식,"모둠해물,우동면사리,양파,고춧가루,간장,설탕,기름,맛술,후추,대파",15,쉬움,"아침,점심,야식","맑음,비,눈,더위,추위","봄,여름,가을,겨울",6919572,https://www.10000recipe.com/recipe/6919572,면/만두,,,75,,
야꿀의 요리 닭 간장조림 만들기(치킨보다 맛있는 닭 요리),한식,"닭볶음탕용,꽈리고추,마늘,생강술,물,간장,설탕,맛술,물엿",30,쉬움,"점심,저녁","맑음,비,눈,더위,추위","봄,여름,가을,겨울",6928043,https://www.10000recipe.com/recipe/6928043,메인반찬,,,74,,
새마을식당 7분김치찌개 만들기,한식,"김치,돼지고기찌개용,양파,파,김치국물,간장,고춧가루,마늘,다시다",15,쉬움,"아침,점심,야식","맑음,비,눈,더위,추위","봄,여름,가을,겨울",6846655,https://www.10000recipe.com/recipe/6846655,찌개,,,73,,
봄동요리-봄동된장국,한식,"봄동,쇠고기,된장,고춧가루,갈은마늘,천일염",60,쉬움,저녁,"맑음,비,눈,더위,추위","봄,여름,가을,겨울",6883814,https://www.10000recipe.com/recipe/6883814,국/탕,,,73,,
쑥갓두부무침~초간단반찬,한식,"쑥갓,두부,굵은소금,소금,참기름,통깨",15,쉬움,"아침,점심,야식","맑음,비,눈,더위,추위","봄,여름,가을,겨울",6911174,https://www.10000recipe.com/recipe/6911174,메인반찬,,,73,,
삼겹깐풍덮밥 : 비 오는 날에 생각나는 삼겹살!!!! 실패없는 깐풍소스로 덮밥만들기 ♥,한식,"삽겹살,홍고추,청양고추,양파,대파,마늘,다진생강,밥,식용유,간장,식초,물,설탕,후추",30,쉬움,"점심,저녁","맑음,비,눈,더위,추위","봄,여름,가을,겨울",6935331,https://www.10000recipe.com/recipe/6935331,밥/죽/떡,,,73,,
쫄깃한 매콤 어묵덮밥,한식,"어묵,양파,계란,통깨,물,고추장,고춧가루,간장,올리고당,참기름,맛술,마늘",30,쉬움,"점심,저녁","맑음,비,눈,더위,추위","봄,여름,가을,겨울",6685679,https://www.10000recipe.com/recipe/6685679,밥/죽/떡,,,72,,
"계란 치즈 볶음밥, 아침메뉴, 초간단 볶음밥",한식,"계란,치즈,식용유,맛소금,후추,간장",5,쉬움,"아침,점심,야식","맑음,비,눈,더위,추위","봄,여름,가을,겨울",6854270,https://www.10000recipe.com/recipe/6854270,밥/죽/떡,,,72,,
숙주볶음밥 스팸과 굴 소스와 함께했어요.,한식,"밥,숙주,스팸,통,식용유,양파,계란,당근,호박,양배추,참기름,통깨",15,쉬움,"아침,점심,야식","맑음,비,눈,더위,추위","봄,여름,가을,겨울",6858261,https://www.10000recipe.com/recipe/6858261,밥/죽/떡,,,72,,
옥수수참치전. 간단한 아이반찬,한식,"참치g,옥수수캔,피망,양파,부침가루,계란,소금,후추",15,쉬움,"아침,점심,야식","맑음,비,눈,더위,추위","봄,여름,가을,겨울",6875013,https://www.10000recipe.com/recipe/6875013,메인반찬,,,72,,
박나래 바지락술찜 간단하게 챙기는 술안주로 딱,한식,"바지락,통마늘,페페론치노,대파,버터,소주,물",120,쉬움,저녁,"맑음,비,눈,더위,추위","봄,여름,가을,겨울",6899442,https://www.10000recipe.com/recipe/6899442,국/탕,,,72,,
딸기잼 롤,한식,"식빵,딸기잼,계란,슈가파우더,버터",30,쉬움,"점심,저녁","맑음,비,눈,더위,추위","봄,여름,가을,겨울",6831048,https://www.10000recipe.com/recipe/6831048,,,,71,,
아이들 국추천 오징어무국 만드는법,한식,"오징어,무cm,대파,홍고추,액젓,간장,마늘,물L,들기름",30,쉬움,"점심,저녁","맑음,비,눈,더위,추위","봄,여름,가을,겨울",6901493,https://www.10000recipe.com/recipe/6901493,국/탕,,,71,,
백종원 이색김밥! 간장어묵김밥+불어묵김밥,한식,"밥,김밥김,사각어묵,청양고추,단무지,우엉,마늘,식용유,설탕,간장,액젓,고춧가루,물회",20,쉬움,"점심,저녁","맑음,비,눈,더위,추위","봄,여름,가을,겨울",6910630,https://www.10000recipe.com/recipe/6910630,밥/죽/떡,,,71,,
연어 간장조림,한식,"연어,정종,소금,후추,간장,올리고당,물,참기름,마늘,양파,대파",30,쉬움,"점심,저녁","맑음,비,눈,더위,추위","봄,여름,가을,겨울",6831097,https://www.10000recipe.com/recipe/6831097,메인반찬,,,70,,
깐풍만두 전분가루 없이도 맛있는 소스만들기,한식,"냉동만두,냉장고속채소,간장,식초,미림,설탕,물,마늘",15,쉬움,"아침,점심,야식","맑음,비,눈,더위,추위","봄,여름,가을,겨울",6835071,https://www.10000recipe.com/recipe/6835071,면/만두,짭짤함,미분류,70,,
얼큰하고 시원한게 땡기는 날엔 장칼국수!!,한식,"물,감자,양파,애호박,대파,청양고추,고추장,된장,마늘,고춧가루,간장",30,쉬움,"점심,저녁","맑음,비,눈,더위,추위","봄,여름,가을,겨울",6860275,https://www.10000recipe.com/recipe/6860275,면/만두,,,70,,
"서가앤쿡에서 먹던 그 요리, '새우 필라프' 만들기 [NO 치킨스톡]",한식,"대파,단,양파,애호박,풋고추,편마늘,표고버섯,새우,버터,간장,올리고당,계란후라이,마요네즈",30,쉬움,"점심,저녁","맑음,비,눈,더위,추위","봄,여름,가을,겨울",6922433,https://www.10000recipe.com/recipe/6922433,밥/죽/떡,,,70,,
﻿속이 편해지는 시금치 된장국 끓이는 꿀팁~~,한식,"시금치,단,쌀뜨물,된장,마늘,대파,간장",30,쉬움,"점심,저녁","맑음,비,눈,더위,추위","봄,여름,가을,겨울",6946207,https://www.10000recipe.com/recipe/6946207,국/탕,,,70,,
"여름엔 진리, ""참치오이롤초밥""♪",일식,"오이,밥,참치캔g,양파,마요네즈,설탕,소금,깨",30,쉬움,"점심,저녁","맑음,비,눈,더위,추위","봄,여름,가을,겨울",6832044,https://www.10000recipe.com/recipe/6832044,밥/죽/떡,,,69,,
봉골레 파스타,양식,"스파게티,바지락,마늘,방울토마토,양파,페페론치노,이태리파슬리,올리브오일,화이트와인,스파게티삶은물,소금,후추",30,쉬움,"점심,저녁","맑음,비,눈,더위,추위","봄,여름,가을,겨울",6844648,https://www.10000recipe.com/recipe/6844648,면/만두,,,69,,
"[한그릇레시피]참치새싹비빔밥,새싹비빔밥양념",한식,"깻잎,상추,계란,밥,참치캔,새싹채소,어린잎채소,고추장,참기름,올리고당,깨,마늘,간장",15,쉬움,"아침,점심,야식","맑음,비,눈,더위,추위","봄,여름,가을,겨울",6850630,https://www.10000recipe.com/recipe/6850630,밥/죽/떡,,,69,,
순대전골 맛있게 끓이기,한식,"순대,양파,청량고추,콩나물,팽이버섯,맛타리버섯,물ml기준,다시마,멸치,깻잎,들깨가루,된장,고추장,고춧가루,간장,설탕,마늘,후추",30,쉬움,"점심,저녁","맑음,비,눈,더위,추위","봄,여름,가을,겨울",6851639,https://www.10000recipe.com/recipe/6851639,국/탕,,,69,,
아보카도덮밥♬ 건강한 혼밥,한식,"아보카도,밥,공기,계란,김",10,쉬움,"아침,점심,야식","맑음,비,눈,더위,추위","봄,여름,가을,겨울",6863846,https://www.10000recipe.com/recipe/6863846,밥/죽/떡,,,69,,
버섯요리/조금 색다르게 만들어 먹는 버섯 깐풍,한식,"느타리버섯,청고추,홍고추,마늘,튀김기름,간장,물,설탕,식초,참기름,기름볶을때,튀김가루",30,쉬움,"점심,저녁","맑음,비,눈,더위,추위","봄,여름,가을,겨울",6880694,https://www.10000recipe.com/recipe/6880694,메인반찬,,,69,,
가지 맛있게 먹는 방법! 초대박 가지요리 레시피 가지탕수,한식,"가지,튀김가루,다진양파,마늘,물,케찹,물엿,식초,설탕",60,보통,저녁,"맑음,비,눈,더위,추위","봄,여름,가을,겨울",6896720,https://www.10000recipe.com/recipe/6896720,메인반찬,,,69,,
(집에서 즐기는 술안주) 골뱅이볶음 / 골뱅이마늘볶음 - 골뱅이 요리,한식,"통조림골뱅이g,통마늘,양파,청양고추,간장,마늘,맛술,설탕,올리고당,통깨",60,쉬움,저녁,"맑음,비,눈,더위,추위","봄,여름,가을,겨울",6897328,https://www.10000recipe.com/recipe/6897328,메인반찬,,,69,,
고소함이 남다른 백종원 '들기름계란후라이'초간단 레시피,한식,"계란,들기름,대파,간장,통깨",10,쉬움,"아침,점심,야식","맑음,비,눈,더위,추위","봄,여름,가을,겨울",6898369,https://www.10000recipe.com/recipe/6898369,,,,69,,
열무비빔국수,한식,"열무김치,소면,삶은계란,고추장,고춧가루,설탕,매실액,간장,식초,참기름",15,쉬움,"아침,점심,야식","맑음,비,눈,더위,추위","봄,여름,가을,겨울",6852726,https://www.10000recipe.com/recipe/6852726,면/만두,,,68,,
"청포묵 김무침, 초간단 반찬 ₩",한식,"청포묵,김,간장,들기름,맛소금,설탕,깨",10,쉬움,"아침,점심,야식","맑음,비,눈,더위,추위","봄,여름,가을,겨울",6853470,https://www.10000recipe.com/recipe/6853470,,,,68,,
어묵으로 쫄깃하고 간단하게!어묵볶음밥★,한식,"판어묵g,양파,대파,밥,간장,참기름,참깨,계란",10,쉬움,"아침,점심,야식","맑음,비,눈,더위,추위","봄,여름,가을,겨울",6864833,https://www.10000recipe.com/recipe/6864833,밥/죽/떡,,,68,,
아삭하고 촉촉한 양배추 돈부리 덮밥,한식,"양배추,큰비엔나소시지,양파,계란,파고명용,밥,간장,맛술,물,설탕",15,쉬움,"아침,점심,야식","맑음,비,눈,더위,추위","봄,여름,가을,겨울",6882907,https://www.10000recipe.com/recipe/6882907,밥/죽/떡,,,68,,
가자미구이 간장드레싱,한식,"손질한냉동가자미,전분,파채,라임,쪽파간장,물,맛술,소금,설탕,올리고당,레몬즙,마늘,청양고추,홍고추",15,쉬움,"아침,점심,야식","맑음,비,눈,더위,추위","봄,여름,가을,겨울",6857977,https://www.10000recipe.com/recipe/6857977,메인반찬,,,67,,
초간단이지만 영양 듬뿍! 맛은 기본! 연두부달걀덮밥♥,한식,"계란,연두부,대파,슬라이스치즈,밥,소금,후추,참기름,참깨,간장",10,쉬움,"아침,점심,야식","맑음,비,눈,더위,추위","봄,여름,가을,겨울",6861650,https://www.10000recipe.com/recipe/6861650,밥/죽/떡,,,67,,
중화풍 가지 덮밥 제철요리,한식,"밥,가지,양파,대파,매운고추,홍고추,계란,식용유,설탕,간장,물,들기름,후춧가루",15,쉬움,"아침,점심,야식","맑음,비,눈,더위,추위","봄,여름,가을,겨울",6873624,https://www.10000recipe.com/recipe/6873624,밥/죽/떡,,,67,,
독특한향이 매력적인 냉이된장국^^ 간단한 냉이된장국 만드는법!,한식,"냉이,된장,마늘,두부,간장,다진대파",15,쉬움,"아침,점심,야식","맑음,비,눈,더위,추위","봄,여름,가을,겨울",6890490,https://www.10000recipe.com/recipe/6890490,국/탕,,,67,,
토마토샤브샐러드♡홈파티에 좋은 고급요리,한식,"토마토,소고기불고기감,양파,꽈리고추,간장,올리브유,식초,설탕,통깨",60,보통,저녁,"맑음,비,눈,더위,추위","봄,여름,가을,겨울",6902079,https://www.10000recipe.com/recipe/6902079,,,,67,,
백종원 찹스테이크 만들기 이게진리,양식,"소고기구이용,양파,파프리카,버섯,케찹,마늘,설탕",30,쉬움,"점심,저녁","맑음,비,눈,더위,추위","봄,여름,가을,겨울",6880578,https://www.10000recipe.com/recipe/6880578,양식,,,66,,
그리운 손맛이 생각날때는♥달래된장찌개,한식,"달래,애호박,두부,양파,대파,청양고추,물,멸치,다시마cm,된장,고춧가루,마늘",30,쉬움,"점심,저녁","맑음,비,눈,더위,추위","봄,여름,가을,겨울",6888310,https://www.10000recipe.com/recipe/6888310,찌개,,,66,,
중식의 대가 이연복 쉐프 깐풍만두 초간단 레시피,중식,"만두,대파,쥐똥고추or청양고추,마늘,간장,설탕,식초,물엿,후추",15,쉬움,"아침,점심,야식","맑음,비,눈,더위,추위","봄,여름,가을,겨울",6902300,https://www.10000recipe.com/recipe/6902300,면/만두,달콤함,미분류,66,,
추석음식의 느끼함을 싹~ 없애주는 얼큰한 버섯 칼국수,한식,"생면,버섯,양파,고추장,고춧가루,간장,육수,마늘,된장,후추",2,쉬움,"아침,점심,야식","맑음,비,눈,더위,추위","봄,여름,가을,겨울",4202489,https://www.10000recipe.com/recipe/4202489,면/만두,,,64,,
참치쌈장 상추쌈밥 만들기(간단하고 도시락으로도 좋아요),한식,"참치통조림g,양파,파,마늘,고추장,고춧가루,매실청,꿀,맛술,간장,통깨,상추,밥,소금,깨,참기름",30,쉬움,"점심,저녁","맑음,비,눈,더위,추위","봄,여름,가을,겨울",6878563,https://www.10000recipe.com/recipe/6878563,밥/죽/떡,,,64,,
만두강정 소스까지 다 만들기 간단간식 맥주안주로 굿굿!,한식,"만두,옥수수,땅콩가루,고추장,케찹,올리고당,설탕,맛술,마늘",15,쉬움,"아침,점심,야식","맑음,비,눈,더위,추위","봄,여름,가을,겨울",6880201,https://www.10000recipe.com/recipe/6880201,면/만두,,,64,,
고기없이 비지찌개 끓이기,한식,"콩비지,김치,물,마늘,참기름or들기름,청주or맛술,새우젓,간장",15,쉬움,"아침,점심,야식","맑음,비,눈,더위,추위","봄,여름,가을,겨울",6882936,https://www.10000recipe.com/recipe/6882936,찌개,,,64,,
간단한 한끼식사ㅡ 삼색소보로덮밥,한식,"신김치,계란,통조림햄,양파,식용유,올리고당,참기름,소금,깨소금",15,쉬움,"아침,점심,야식","맑음,비,눈,더위,추위","봄,여름,가을,겨울",6892728,https://www.10000recipe.com/recipe/6892728,밥/죽/떡,,,64,,
백종원 콩나물 불고기 만들기,한식,"대패삼겹살,콩나물봉지,양파,깻잎,대파,청양고추,간장,맛술,마늘,설탕,고춧가루,고추장",60,쉬움,저녁,"맑음,비,눈,더위,추위","봄,여름,가을,겨울",6907497,https://www.10000recipe.com/recipe/6907497,메인반찬,,,64,,
[간단 자취요리] 저렴하고 맛있는 찹스테이크 만들기 / 돼지고기 찹스테이크,양식,"목살,파프리카,양파작은거중간크기반개,소금,설탕,케찹,마늘",30,쉬움,"점심,저녁","맑음,비,눈,더위,추위","봄,여름,가을,겨울",6871521,https://www.10000recipe.com/recipe/6871521,양식,,,63,,
치즈덕후 설레는 치즈폭발 '갈릭치즈 토스트'간식 만들기,한식,"식빵,체다치즈,모짜렐라치즈,버터,마늘,설탕,파슬리가루",10,쉬움,"아침,점심,야식","맑음,비,눈,더위,추위","봄,여름,가을,겨울",6904864,https://www.10000recipe.com/recipe/6904864,,,,63,,
삼겹살 간장조림 황금레시피,한식,"돼지고기삼겹살,마늘,소금,후춧가루,청주,간장,맛술,꿀,생강가루,참기름,통깨,식용유",60,쉬움,저녁,"맑음,비,눈,더위,추위","봄,여름,가을,겨울",6907485,https://www.10000recipe.com/recipe/6907485,메인반찬,,,63,,
모닝빵 속에 옥수수가 ★ 에어프라이어 옥수수치즈빵 ★,한식,"옥수수콘,모닝빵,모짜렐라치즈,허니머스타드,마요네즈,후추",15,쉬움,"아침,점심,야식","맑음,비,눈,더위,추위","봄,여름,가을,겨울",6917038,https://www.10000recipe.com/recipe/6917038,,,,63,,
식당보다 맛있는 간단 부대찌개 레시피,한식,"스팸비엔나,두부,대파,양파,김치,사골곰탕,고춧가루,고추장,간장,마늘,후추",15,쉬움,"아침,점심,야식","맑음,비,눈,더위,추위","봄,여름,가을,겨울",6924025,https://www.10000recipe.com/recipe/6924025,찌개,,,63,,
[간단 자취요리] 혼술 안주 생성! 닭꼬치 만들기,한식,"닭고기,대파,간장,후추,설탕,마늘,물",30,쉬움,"점심,저녁","맑음,비,눈,더위,추위","봄,여름,가을,겨울",6867736,https://www.10000recipe.com/recipe/6867736,,,,62,,
우유달걀 카레,한식,"햇반,카레가루,계란,양파,스팸,우유",15,쉬움,"아침,점심,야식","맑음,비,눈,더위,추위","봄,여름,가을,겨울",6887364,https://www.10000recipe.com/recipe/6887364,밥/죽/떡,,,62,,
참치두부짜글이찌개 밥도둑 인정,한식,"두부,양파,참치작은거,대파,뿌리,깨소금,고춧가루,맛술,마늘,간장,매실,후추,참기름",30,보통,"점심,저녁","맑음,비,눈,더위,추위","봄,여름,가을,겨울",6891796,https://www.10000recipe.com/recipe/6891796,찌개,,,62,,
간단한국 끓이기 - 콩나물김치국 끓여보았어요~~~,한식,"콩나물,대파,두부,신김치,김치국물,고춧가루,소금",60,쉬움,저녁,"맑음,비,눈,더위,추위","봄,여름,가을,겨울",6860248,https://www.10000recipe.com/recipe/6860248,국/탕,,,61,,
【시원 칼칼한 오징어국 만들기】,한식,"오징어,무,대파,양파,땡초,멸치다시팩,고춧가루,마늘,간장,맛소금",30,쉬움,"점심,저녁","맑음,비,눈,더위,추위","봄,여름,가을,겨울",6875953,https://www.10000recipe.com/recipe/6875953,국/탕,,,61,,
초간단 머그컵 퐁당 오 쇼콜라*.*,한식,"초콜렛다크추천,설탕,카놀라유올리브유빼고,계란,밀가루아무거나,핫초코가루",5,쉬움,"아침,점심,야식","맑음,비,눈,더위,추위","봄,여름,가을,겨울",6885805,https://www.10000recipe.com/recipe/6885805,,,,61,,
베이컨치즈 밥말이,한식,"햇반,베이컨,후추,소금,참기름,깨,슬라이스치즈",15,쉬움,"아침,점심,야식","맑음,비,눈,더위,추위","봄,여름,가을,겨울",6887551,https://www.10000recipe.com/recipe/6887551,밥/죽/떡,,,61,,
겨울철별미 배추된장국 에릭따라하기,한식,"배추,소금,마늘,멸치육수,간장,된장,고춧가루,참기름,파",30,쉬움,"점심,저녁","맑음,비,눈,더위,추위","봄,여름,가을,겨울",6864278,https://www.10000recipe.com/recipe/6864278,국/탕,,,60,,
"해장국 넘버원, 콩나물국밥 만들기, 어렵지 않아요",한식,"밥,콩나물,김장김치,양파,대파,청양고추,계란,간장,고춧가루,마늘,참기름,새우젓또는소금,김가루,통깨,물콩나물삶을때,물,다시마,멸치육수용",30,쉬움,"점심,저녁","맑음,비,눈,더위,추위","봄,여름,가을,겨울",6877754,https://www.10000recipe.com/recipe/6877754,밥/죽/떡,,,60,,
백종원 돼지갈비볶음탕 진짜 진짜 맛있네!,한식,"돼지갈비,양파,감자,당근,대파,청양고추,설탕,물,간장,마늘,후춧가루,굵은고춧가루,고운고춧가루",60,쉬움,저녁,"맑음,비,눈,더위,추위","봄,여름,가을,겨울",6879920,https://www.10000recipe.com/recipe/6879920,국/탕,,,60,,
추운 날씨에 몸을 녹여줄 뜨끈한 닭곰탕(김진옥요리가좋다),한식,"닭kg,마늘,양파,대파,통후추없으면생략가능,대파총총썰은거,고춧가루,닭육수,간장,후춧가루",60,보통,저녁,"맑음,비,눈,더위,추위","봄,여름,가을,겨울",6901870,https://www.10000recipe.com/recipe/6901870,국/탕,,,60,,
"백종원 돼지고기 꽈리고추볶음, 인기만점 저녁메뉴",한식,"목살,꽈리고추,깐마늘,대파,후추,간장,맛술,설탕,올리고당,마늘,통깨",30,쉬움,"점심,저녁","맑음,비,눈,더위,추위","봄,여름,가을,겨울",6955070,https://www.10000recipe.com/recipe/6955070,메인반찬,,,60,,
"매운탕 맛이 나요~~얼큰한~ 참치 감자국, 얼큰 감자국",한식,"감자,양파,대파,참치캔g,깻잎,청양고추,마늘,고춧가루,다시물,식용유",60,쉬움,저녁,"맑음,비,눈,더위,추위","봄,여름,가을,겨울",6851971,https://www.10000recipe.com/recipe/6851971,국/탕,,,59,,
꽁치통조림을 이용한 꽁치김치찌개,한식,"꽁치통조림,신김치또는묵은지,식용유,마늘,대파,고추장,소금,고춧가루",30,쉬움,"점심,저녁","맑음,비,눈,더위,추위","봄,여름,가을,겨울",6856952,https://www.10000recipe.com/recipe/6856952,찌개,,,59,,
[집밥] 백종원 카레우동 # 초간단 5분이면 완성.,일식,"우유,카레가루,우동사리,양파옵션",5,쉬움,"아침,점심,야식","맑음,비,눈,더위,추위","봄,여름,가을,겨울",6865521,https://www.10000recipe.com/recipe/6865521,면/만두,,,59,,
"열무국수 만드는 법 육수 레시피만 알아두면 끝,",한식,"열무,계란,오이,당근,국수,통깨,방울토마토,열무김치국물,식초,설탕,매실액,마늘,소금,물",10,쉬움,"아침,점심,야식","맑음,비,눈,더위,추위","봄,여름,가을,겨울",6874983,https://www.10000recipe.com/recipe/6874983,면/만두,,,59,,
꿀처 김치콩나물국,한식,"김치,공기,콩나물,두부,대파,멸치육수용,건새우,다시마,까나리액젓,소금,후춧가루,고춧가루",30,쉬움,"점심,저녁","맑음,비,눈,더위,추위","봄,여름,가을,겨울",6875617,https://www.10000recipe.com/recipe/6875617,국/탕,,,59,,
깔끔매콤 차돌박이 숙주찜,한식,"차돌박이,숙주나물,청량고추,간장,소금,후추,참기름",10,쉬움,"아침,점심,야식","맑음,비,눈,더위,추위","봄,여름,가을,겨울",6893869,https://www.10000recipe.com/recipe/6893869,메인반찬,,,59,,
미니 새송이버섯 조림,한식,"미니새송이버섯,통마늘,양파,청양고추,간장,물,참기름,통깨",30,쉬움,"점심,저녁","맑음,비,눈,더위,추위","봄,여름,가을,겨울",6899340,https://www.10000recipe.com/recipe/6899340,,,,59,,
야채듬뿍! 상큼한 샐러드 파스타 만들기,양식,"파스타면,샐러드야채,옥수수통조림,방울토마토,새우,마늘,파마산치즈가루,오리엔탈드레싱,발사믹식초,케찹,머스타드",30,쉬움,"점심,저녁","맑음,비,눈,더위,추위","봄,여름,가을,겨울",6917201,https://www.10000recipe.com/recipe/6917201,면/만두,,,59,,
쫄깃 매콤한 백종원 느타리 두루치기,한식,"느타리버섯,양파,애호박,고추,대파,고추장,고춧가루,간장,설탕,마늘,참기름",15,쉬움,"아침,점심,야식","맑음,비,눈,더위,추위","봄,여름,가을,겨울",6939980,https://www.10000recipe.com/recipe/6939980,메인반찬,,,59,,
얼큰한 김치어묵국,한식,"어묵,김치,다시멸치,대파,간장,소금",15,쉬움,"아침,점심,야식","맑음,비,눈,더위,추위","봄,여름,가을,겨울",6836000,https://www.10000recipe.com/recipe/6836000,국/탕,,,58,,
웬만하면 성공하는 부대찌개 황금레시피.맛나다.^^,한식,"파,두부,스팸큰거,국거리돼지고기,소세지,버섯,마늘,고추장,간장,올리고당,맛술,고춧가루",30,쉬움,"점심,저녁","맑음,비,눈,더위,추위","봄,여름,가을,겨울",6859038,https://www.10000recipe.com/recipe/6859038,찌개,,,58,,
[간단 자취요리] 닭가슴살캔으로 치즈 불닭 만들기 / 혼술안주,한식,"닭가슴살통조림중간크기,양파작은거,양배추,고추장,고춧가루,간장,설탕,마늘",30,쉬움,"점심,저녁","맑음,비,눈,더위,추위","봄,여름,가을,겨울",6863792,https://www.10000recipe.com/recipe/6863792,메인반찬,,,58,,
사골육수로 간단하게 부대찌개 끓이기,한식,"사골육수,신김치,대파,양파,통조림햄,소세지,두부,고춧가루,고추장,간장,설탕,마늘,라면사리",60,쉬움,저녁,"맑음,비,눈,더위,추위","봄,여름,가을,겨울",6888194,https://www.10000recipe.com/recipe/6888194,찌개,,,58,,
보글보글 간단한찌개 끓이기 ! 순두부찌개 ;),한식,"순두부,양파,대파,물,간장,고춧가루,설탕,청양고추",20,쉬움,"점심,저녁","맑음,비,눈,더위,추위","봄,여름,가을,겨울",6909351,https://www.10000recipe.com/recipe/6909351,찌개,,,58,,
일본식 두부 덮밥 두부 소보로동 만들기,한식,"두부g,간장,설탕취향에따라가감,미림,생강파우더or생강다진것,후추,참기름,대파흰대다진것",30,보통,"점심,저녁","맑음,비,눈,더위,추위","봄,여름,가을,겨울",6829153,https://www.10000recipe.com/recipe/6829153,밥/죽/떡,,,57,,
베이컨대파계란 볶음밥,한식,"베이컨,계란,대파,찬밥,간장,참기름",15,쉬움,"아침,점심,야식","맑음,비,눈,더위,추위","봄,여름,가을,겨울",6830070,https://www.10000recipe.com/recipe/6830070,밥/죽/떡,,,57,,
베이컨 토마토 리조또 만들기,한식,"베이컨,다진양파,다진청양고추,마늘,올리브유,찬밥,모짜렐라치즈,파슬리가루,소금,후추",30,쉬움,"점심,저녁","맑음,비,눈,더위,추위","봄,여름,가을,겨울",6833248,https://www.10000recipe.com/recipe/6833248,밥/죽/떡,,,57,,
배추어묵국 - 배추에서 나오는 시원한 국물 어묵국 끓이기,한식,"배춧잎,어묵,대파,멸치다마육수,된장,참치액,고춧가루",30,쉬움,"점심,저녁","맑음,비,눈,더위,추위","봄,여름,가을,겨울",6864119,https://www.10000recipe.com/recipe/6864119,국/탕,,,57,,
스테이크덮밥(스테키동),양식,"소고기,밥,양파,대파,간장,맛술,설탕,올리고당,마늘,물",30,쉬움,"점심,저녁","맑음,비,눈,더위,추위","봄,여름,가을,겨울",6868118,https://www.10000recipe.com/recipe/6868118,밥/죽/떡,,,57,,
통삼겹 요리 간장소스로 조린 보쌈조림,한식,"통삼겹,양파,부추,청양고추,된장,간장,통마늘,대파,월계수잎,생강가루,맛술,마늘,설탕,올리고당,후추",30,쉬움,"점심,저녁","맑음,비,눈,더위,추위","봄,여름,가을,겨울",6877593,https://www.10000recipe.com/recipe/6877593,메인반찬,,,57,,
유치원 가을 소풍도시락으로 딱 좋은 문어소시지 유부초밥!,일식,"유부인분,양파,당근,슬라이스햄,브로콜리,밥,참기름,소금,통깨,김밥김또는시금치나물,비엔나소시지,검정깨,체다치즈,큰빨대,작은빨대",30,쉬움,"점심,저녁","맑음,비,눈,더위,추위","봄,여름,가을,겨울",6878270,https://www.10000recipe.com/recipe/6878270,밥/죽/떡,,,57,,
표고버섯 무밥 초간단 레시피/전기밥솥 요리,한식,"쌀,무,표고버섯,간장,설탕,고춧가루,참기름,마늘,깨소금,대파,청양고추",10,쉬움,"아침,점심,야식","맑음,비,눈,더위,추위","봄,여름,가을,겨울",6880057,https://www.10000recipe.com/recipe/6880057,밥/죽/떡,,,57,,
아침에 후딱 끓여 낸 두부들깨탕,한식,"두부g,대파,마늘,된장,채썬표고,다시마멸치육수,들깨가루",30,쉬움,"점심,저녁","맑음,비,눈,더위,추위","봄,여름,가을,겨울",6897498,https://www.10000recipe.com/recipe/6897498,국/탕,,,57,,
새우 콩나물찜 만드는법 :: 아구찜 같은 매운 새우 요리,한식,"새우,콩나물,양파,당근,파,고춧가루,고추장크게,간장,참치액젓,매실청,맛술,마늘,생강청또는다진생강,후추,참기름,표고버섯가루",60,쉬움,저녁,"맑음,비,눈,더위,추위","봄,여름,가을,겨울",6915721,https://www.10000recipe.com/recipe/6915721,메인반찬,,,57,,
목살 된장찌개~ 고기집 된장이랑 맞짱 함 떠볼까요!!,한식,"돼지목살,호박,무우,감자,두부,양파,간장,된장,고추장,고춧가루,청양초option",30,쉬움,"점심,저녁","맑음,비,눈,더위,추위","봄,여름,가을,겨울",6926656,https://www.10000recipe.com/recipe/6926656,찌개,,,57,,
담백하고 얼큰하게 어묵무국 끓이기 ♪,한식,"어묵,무,대파,청양고추,마늘,간장,소금",30,쉬움,"점심,저녁","맑음,비,눈,더위,추위","봄,여름,가을,겨울",6835116,https://www.10000recipe.com/recipe/6835116,국/탕,,,56,,
"[파프리카 요리]파프리카 참치전,파프리카 전",한식,"참치캔,계란,청양고추,피망,빨강색파프리카,밀가루,소금",30,쉬움,"점심,저녁","맑음,비,눈,더위,추위","봄,여름,가을,겨울",6836948,https://www.10000recipe.com/recipe/6836948,메인반찬,,,56,,
초간단 깻잎두부구이,한식,"간장,맛술,참기름,통깨,깻잎",30,쉬움,"점심,저녁","맑음,비,눈,더위,추위","봄,여름,가을,겨울",6863696,https://www.10000recipe.com/recipe/6863696,,,,56,,
달달하고 고소한 소고기가 한가득! 소고기주먹밥,한식,"밥,다진소고기,애호박,당근,간장,설탕,후추,참기름,소금",30,쉬움,"점심,저녁","맑음,비,눈,더위,추위","봄,여름,가을,겨울",6871127,https://www.10000recipe.com/recipe/6871127,밥/죽/떡,,,56,,
"액젓넣은 백종원 소고기뭇국 끓이기,",한식,"소고기양지,나박썬무,간장,멸치액젓,참기름,마늘,숟갈,대파,후추,소금,물",60,쉬움,저녁,"맑음,비,눈,더위,추위","봄,여름,가을,겨울",6890499,https://www.10000recipe.com/recipe/6890499,국/탕,,,56,,
맥주와 환상궁합! 백종원 칠리새우 쉽게 만들기,한식,"칵테일새우,식용유,마늘,버터,후추,케찹,고춧가루,설탕,간장,식초",15,쉬움,"아침,점심,야식","맑음,비,눈,더위,추위","봄,여름,가을,겨울",6894964,https://www.10000recipe.com/recipe/6894964,메인반찬,,,56,,
간단하지만 맛있는 순두부찌개 끓이기,한식,"돼지고기다짐육,양파,애호박,마늘,파,순두부,간장,새우젓,고춧가루,청량고추",30,쉬움,"점심,저녁","맑음,비,눈,더위,추위","봄,여름,가을,겨울",6898937,https://www.10000recipe.com/recipe/6898937,찌개,,,56,,
마법의 된장 요리! 이것은 갈비인가 목살인가.돼지 목살 된장구이(맥적) 만들기,한식,"목살,부추,양파,된장,간장,맛술,물엿,설탕,참기름,마늘,후추",60,쉬움,저녁,"맑음,비,눈,더위,추위","봄,여름,가을,겨울",6907052,https://www.10000recipe.com/recipe/6907052,메인반찬,,,56,,
초간단 5분반찬!아삭아삭 '고추쌈장무침',한식,"오이고추,쌈장,고춧가루,올리고당,참기름,마늘,깨",5,쉬움,"아침,점심,야식","맑음,비,눈,더위,추위","봄,여름,가을,겨울",6907091,https://www.10000recipe.com/recipe/6907091,,,,56,,
[아이반찬] 환상의 궁합 청경채와 새우로 청경채새우볶음 해보았어요,한식,"새우,청경채,대파,마늘,통깨,식용유,간장,올리고당,전분,물",20,쉬움,"점심,저녁","맑음,비,눈,더위,추위","봄,여름,가을,겨울",6922879,https://www.10000recipe.com/recipe/6922879,메인반찬,,,56,,
간장국수,한식,"소면,간장,설탕,마늘,들기름,깨",15,쉬움,"아침,점심,야식","맑음,비,눈,더위,추위","봄,여름,가을,겨울",6829256,https://www.10000recipe.com/recipe/6829256,면/만두,,,55,,
"항정살덮밥 황금레시피, 이젠 구워먹지 말고 맛있는 덮밥 만들어 먹어요 :D",한식,"대파,양파,항정살,간장,맛술,물엿,마늘,식초,물,소금,후추",15,쉬움,"아침,점심,야식","맑음,비,눈,더위,추위","봄,여름,가을,겨울",6844762,https://www.10000recipe.com/recipe/6844762,밥/죽/떡,,,55,,
"갈릭치킨, 매력있는 맛일세~~",한식,"닭봉한가지만사용해도됨,닭다리,마늘가감,소금,후춧가루,올리브유,설탕,간장,물,식초,올리고당",15,쉬움,"아침,점심,야식","맑음,비,눈,더위,추위","봄,여름,가을,겨울",6855088,https://www.10000recipe.com/recipe/6855088,메인반찬,,,55,,
계란덮밥- 아이가 좋아하는 연두부와 달걀의 만남 부드러운 계란덮밥,한식,"계란,연두부,치즈,소금,들기름,후추",15,쉬움,"아침,점심,야식","맑음,비,눈,더위,추위","봄,여름,가을,겨울",6855421,https://www.10000recipe.com/recipe/6855421,밥/죽/떡,,,55,,
양파볶음비빔밥,한식,"밥,양파큰것,참깨,계란,식용유,설탕,간장,참기름,맛술",30,쉬움,"점심,저녁","맑음,비,눈,더위,추위","봄,여름,가을,겨울",6857504,https://www.10000recipe.com/recipe/6857504,밥/죽/떡,,,55,,
쫄깃쫄깃한 감자수제비 간단하게 만들기 ♩,한식,"감자,애호박,양파,대파,간장,마늘,소금,밀가루,찬물,국물용멸치,다시마cmxcm,물",60,쉬움,저녁,"맑음,비,눈,더위,추위","봄,여름,가을,겨울",6860947,https://www.10000recipe.com/recipe/6860947,면/만두,,,55,,
돼지고기 짜글이찌개 밥도둑이 따로없네~!!,한식,"돼지고기앞다리살,양파,호박,감자,쌀뜨물,고추장,고춧가루,마늘,맛술,설탕,간장",30,쉬움,"점심,저녁","맑음,비,눈,더위,추위","봄,여름,가을,겨울",6871833,https://www.10000recipe.com/recipe/6871833,찌개,,,55,,
아이반찬 간장오징어볶음 만들기,한식,"오징어,호박,당근,양파,대파,마늘,간장,올리고당,깨,식용유",60,쉬움,저녁,"맑음,비,눈,더위,추위","봄,여름,가을,겨울",6876201,https://www.10000recipe.com/recipe/6876201,메인반찬,,,55,,
가을에 먹어야 제맛! 백종원 꽃게탕 만드는 법,한식,"꽃게,무,애호박,양파,청양고추,홍고추,대파,팽이버섯선택,물,된장,고추장,고춧가루,마늘,간장",30,쉬움,"점심,저녁","맑음,비,눈,더위,추위","봄,여름,가을,겨울",6877908,https://www.10000recipe.com/recipe/6877908,국/탕,,,55,,
백종원 칠리새우 이거 완전 내 스타일 !,한식,"생카테일새우or자숙새우,올리브유,마늘,버터,케첩,고춧가루,간장,설탕,식초,물,후추",15,쉬움,"아침,점심,야식","맑음,비,눈,더위,추위","봄,여름,가을,겨울",6880120,https://www.10000recipe.com/recipe/6880120,메인반찬,,,55,,
[굴소스활용] 단짠 고소한 건새우마늘쫑볶음 만드는법!,한식,"건새우약주먹,마늘쫑,마늘,참기름,간장,맛술,물,물엿",30,쉬움,"점심,저녁","맑음,비,눈,더위,추위","봄,여름,가을,겨울",6889886,https://www.10000recipe.com/recipe/6889886,,,,55,,
요리초보도 실패없는 백종원 닭볶음탕 황금 레시피,한식,"닭,감자,양파,당근,새송이버섯,대파,청양고추,홍고추,설탕,다진마늘크게,간장,고춧가루,후추",30,쉬움,"점심,저녁","맑음,비,눈,더위,추위","봄,여름,가을,겨울",6897463,https://www.10000recipe.com/recipe/6897463,국/탕,,,55,,
초간단 간식 꿀떡볶이!아이들 간식으로도 굿!,한식,"떡,버터,꿀,으깬땅콩",10,쉬움,"아침,점심,야식","맑음,비,눈,더위,추위","봄,여름,가을,겨울",6907137,https://www.10000recipe.com/recipe/6907137,,,,55,,
백종원 마늘볶음밥 만드는 법 간단 한 그릇 음식,한식,"통마늘,마늘,식용유,버터,간장,소금",15,쉬움,"아침,점심,야식","맑음,비,눈,더위,추위","봄,여름,가을,겨울",6909229,https://www.10000recipe.com/recipe/6909229,밥/죽/떡,,,55,,
시금치 된장국 끓이는 법,한식,"시금치,대파,청양고추,멸치다시마육수,된장,고추장,고춧가루,마늘",60,쉬움,저녁,"맑음,비,눈,더위,추위","봄,여름,가을,겨울",6909657,https://www.10000recipe.com/recipe/6909657,국/탕,,,55,,
만두전골~ 묵은지 만두전골 맛있게 만들기~,한식,"만두,소시지,대파,김치,양파,홍고추,사골육수,물,고춧가루,간장,마늘,맛술,흙당,후추",5,쉬움,"아침,점심,야식","맑음,비,눈,더위,추위","봄,여름,가을,겨울",5669268,https://www.10000recipe.com/recipe/5669268,국/탕,,,54,,
[No.3 양배추 소고기 덮밥] 겨울의 외로움으로부터 힐링시켜주는 따듯한 덮밥 / 힐링 요리 /,한식,"소고기,양배추,쌀,전분가루,간장,마늘,청주,물,들기름,후추,설탕",30,쉬움,"점심,저녁","맑음,비,눈,더위,추위","봄,여름,가을,겨울",6841467,https://www.10000recipe.com/recipe/6841467,밥/죽/떡,,,54,,
"[부침개/전요리] 향긋한 ""두부참치깻잎전""♪",한식,"깻잎,참치캔,두부,양파,당근,부침가루,계란,소금,참기름,후추",30,쉬움,"점심,저녁","맑음,비,눈,더위,추위","봄,여름,가을,겨울",6851808,https://www.10000recipe.com/recipe/6851808,메인반찬,,,54,,
시래기 된장국 엄마손맛으로 만드는법 :],한식,"멸치육수용,배추시래기,대파,된장,들깨가루,마늘,새우젖,간장,참기름,고추",30,쉬움,"점심,저녁","맑음,비,눈,더위,추위","봄,여름,가을,겨울",6858202,https://www.10000recipe.com/recipe/6858202,국/탕,,,54,,
바지락탕 만들기 - 양싸,한식,"바지락,마늘,소금,대파,무,청양고추,홍고추",15,쉬움,"아침,점심,야식","맑음,비,눈,더위,추위","봄,여름,가을,겨울",6867133,https://www.10000recipe.com/recipe/6867133,국/탕,,,54,,
여기 밥 한공기 추가요~ 감자짜글이,한식,"감자,양파,청양고추,대파,큰스팸,물,된장,고추장,고춧가루,설탕,간장,마늘",30,보통,"점심,저녁","맑음,비,눈,더위,추위","봄,여름,가을,겨울",6872317,https://www.10000recipe.com/recipe/6872317,찌개,,,54,,
아침국으로 좋아요~ 김치어묵탕,한식,"어묵,다시마,멸치육수,대파,청양고추,김치,새우젓",15,쉬움,"아침,점심,야식","맑음,비,눈,더위,추위","봄,여름,가을,겨울",6875885,https://www.10000recipe.com/recipe/6875885,국/탕,,,54,,
초간단 '백종원표 떡볶이' ( 떡볶이 레시피 종결자 feat.치즈 품은 떡),한식,"떡,물,고추장,설탕,간장,고춧가루,파,깨,어묵,달걀생략가능",15,쉬움,"아침,점심,야식","맑음,비,눈,더위,추위","봄,여름,가을,겨울",6910953,https://www.10000recipe.com/recipe/6910953,밥/죽/떡,,,54,,
먹어도 먹어도 또 먹고 싶어지는 즉석떡볶이,한식,"떡볶이떡,양파,파,당근cm길이,떡국떡,라면사리,모둠어묵,고추장,고춧가루,간장,조청,매실액,후추",30,쉬움,"점심,저녁","맑음,비,눈,더위,추위","봄,여름,가을,겨울",3673946,https://www.10000recipe.com/recipe/3673946,밥/죽/떡,,,53,,
충무김밥 만들기,한식,"오징어몸통,오징어다리,오뎅,단무지중간크기,파작은뿌리,고추장,고춧가루,매실액,간장,올리고당,설탕,까나리액젓,참기름,파",60,보통,저녁,"맑음,비,눈,더위,추위","봄,여름,가을,겨울",6712252,https://www.10000recipe.com/recipe/6712252,밥/죽/떡,,,53,,
순두부 버섯들깨탕 만들기,한식,"표고버섯,새송이버섯,양파,대파,청양고추,들깨가루,찹쌀가루,육수,소금,멸치,다시마,무",30,쉬움,"점심,저녁","맑음,비,눈,더위,추위","봄,여름,가을,겨울",6720175,https://www.10000recipe.com/recipe/6720175,국/탕,,,53,,
묵은지로 만든 백종원 꽁치김치찌개 설탕잡기,한식,"꽁치통조림,김치,통,참기름,물,파,청양고추,된장,고춧가루,설탕,마늘",30,쉬움,"점심,저녁","맑음,비,눈,더위,추위","봄,여름,가을,겨울",6840237,https://www.10000recipe.com/recipe/6840237,찌개,,,53,,
항정살 된장구이 쌈 아니고 샐러드로 품격있게!,한식,"항정살,양상추샐러드채소,된장,간장,맛술,올리고당,설탕,마늘,참기름,후추",60,쉬움,저녁,"맑음,비,눈,더위,추위","봄,여름,가을,겨울",6850385,https://www.10000recipe.com/recipe/6850385,메인반찬,,,53,,
[간단 자취요리] 참치캔의 화려한 변신! 참치 비빔밥 만들기 / 참치캔 요리,한식,"참치캔,밥,야채집에있는,고추장,마요네즈,참기름,설탕,식초,마늘",10,쉬움,"아침,점심,야식","맑음,비,눈,더위,추위","봄,여름,가을,겨울",6858081,https://www.10000recipe.com/recipe/6858081,밥/죽/떡,,,53,,
"굴소스 새우볶음밥 만드는 법 , 아이도 신랑도 좋아해요~",한식,"다진대파,당근,호박,양파,계란,공기밥,후추,소금,간장",15,쉬움,"아침,점심,야식","맑음,비,눈,더위,추위","봄,여름,가을,겨울",6874928,https://www.10000recipe.com/recipe/6874928,밥/죽/떡,,,53,,
사골곰탕으로 만드는 초간단 순대국,한식,"순대,사골곰탕,새우젓,대파,고춧가루,간장,멸치액젓,올리고당,마늘,후추",30,쉬움,"점심,저녁","맑음,비,눈,더위,추위","봄,여름,가을,겨울",6911994,https://www.10000recipe.com/recipe/6911994,국/탕,,,53,,
아보카도 달걀비빔밥,한식,"아보카도,계란,밥,김가루,통깨,물,간장,맛술,올리고당,생강가루",30,쉬움,"점심,저녁","맑음,비,눈,더위,추위","봄,여름,가을,겨울",6913737,https://www.10000recipe.com/recipe/6913737,밥/죽/떡,,,53,,
목우촌 집반찬 간편요리 마늘쫑 소시지 볶음,한식,"프랑크소시지,마늘쫑,간장,올리고당,참기름,통깨",30,쉬움,"점심,저녁","맑음,비,눈,더위,추위","봄,여름,가을,겨울",6913952,https://www.10000recipe.com/recipe/6913952,메인반찬,고소함,미분류,53,,
참치김치찌개 맛있게 끓이는법 바로 이거죠!,한식,"묵은지,참치g,물,김치국물,대파,올리브유",20,쉬움,"점심,저녁","맑음,비,눈,더위,추위","봄,여름,가을,겨울",6919359,https://www.10000recipe.com/recipe/6919359,찌개,,,53,,
신전떡볶이 만들기 :: 90% 싱크로율 양념 레시피,한식,"밀떡,카레가루,설탕,후춧가루,간장,고춧가루,고추장,물",10,쉬움,"아침,점심,야식","맑음,비,눈,더위,추위","봄,여름,가을,겨울",6929332,https://www.10000recipe.com/recipe/6929332,밥/죽/떡,,,53,,
♥[신혼밥상] 천원의 행복 콩나물볶음밥,한식,"밥,콩나물,대파,양파,김가루,참기름,통깨,고추장,고춧가루,간장,설탕,맛술,마늘",20,쉬움,"점심,저녁","맑음,비,눈,더위,추위","봄,여름,가을,겨울",6931302,https://www.10000recipe.com/recipe/6931302,밥/죽/떡,,,53,,
까르보나라 떡볶이 떡국떡으로 만들기~,한식,"떡국떡,양파,마늘,베이컨,우유,버터,밀가루,소금,후추",60,쉬움,저녁,"맑음,비,눈,더위,추위","봄,여름,가을,겨울",6842043,https://www.10000recipe.com/recipe/6842043,밥/죽/떡,,,52,,
스팸하트김밥,한식,"스팸,밥,김",15,쉬움,"아침,점심,야식","맑음,비,눈,더위,추위","봄,여름,가을,겨울",6843122,https://www.10000recipe.com/recipe/6843122,밥/죽/떡,,,52,,
자꾸 손이가는 황태강정이 치킨강정같아요~ 황태강정,한식,"황태채,전분,튀김기름,고추장,케첩,청주,매실청,물엿,마늘",30,쉬움,"점심,저녁","맑음,비,눈,더위,추위","봄,여름,가을,겨울",6854893,https://www.10000recipe.com/recipe/6854893,,,,52,5.0,
시원한 국물이 딱 좋은 동태찌개,한식,"동태,무,양파,대파,고추장,된장,마늘,고춧가루,소금,멸치육수",30,쉬움,"점심,저녁","맑음,비,눈,더위,추위","봄,여름,가을,겨울",6856288,https://www.10000recipe.com/recipe/6856288,찌개,,,52,,
"콩나물 목살찜, 콩나물과 깻잎의 매력적인 조합",한식,"콩나물,돼지목살,깻잎,간장,매실청,고춧가루,식초,설탕,마늘,대파,청고추,홍고추",30,보통,"점심,저녁","맑음,비,눈,더위,추위","봄,여름,가을,겨울",6867683,https://www.10000recipe.com/recipe/6867683,메인반찬,,,52,,
고소~한 들깨수제비 한사발 하실래요?!,한식,"밀가루,계란,물,애호박,감자,느타리버섯,멸치다시육수,고운들깨가루,간장,소금,후추,마늘",15,쉬움,"아침,점심,야식","맑음,비,눈,더위,추위","봄,여름,가을,겨울",6868668,https://www.10000recipe.com/recipe/6868668,면/만두,,,52,,
【내맘대로 만드는 함박스테이크】,양식,"돼지고기다짐육,양파,당근생략가능,빵가루,계란,체다치즈,후추,맛소금,버터,마늘",60,쉬움,저녁,"맑음,비,눈,더위,추위","봄,여름,가을,겨울",6874149,https://www.10000recipe.com/recipe/6874149,양식,,,52,,
집밥백선생에서나온♥소시지콩나물찜,한식,"콩나물g,대파,양파,프랑크소시지,물,식용유,고추장,고춧가루,설탕,간장,마늘,전분",30,쉬움,"점심,저녁","맑음,비,눈,더위,추위","봄,여름,가을,겨울",6889475,https://www.10000recipe.com/recipe/6889475,메인반찬,,,52,,
달콤한 양파속에 꼭꼭 숨은 닭가슴살,한식,"닭가슴살,계란,양파,각종자투리야채,소금",20,쉬움,"점심,저녁",맑음,봄,6918383,https://www.10000recipe.com/recipe/6918383,메인반찬,담백함,봄,52,,
"매운 어묵만들기, 빨간어묵 만들기~ 제대로된 매운어묵 양념장!! 이거 하나면 간식 안주 반찬!! 끝!!",한식,"어묵,고추장,땡초가루,설탕,간장,미림,마늘,물엿,청양초,후추,물,위생장갑,꼬지,조리용나이프",20,쉬움,"점심,저녁","맑음,비,눈,더위,추위","봄,여름,가을,겨울",6944641,https://www.10000recipe.com/recipe/6944641,메인반찬,,,52,,
아이 입맛 저격! 추억의 맛 소환! 간장국수,한식,"국수,김가루,간장,설탕,참기름,대파",30,쉬움,"점심,저녁","맑음,비,눈,더위,추위","봄,여름,가을,겨울",6867357,https://www.10000recipe.com/recipe/6867357,면/만두,,,51,,
돼지짜글이 만들기 너 정말 맛있구나?,한식,"돼지고기앞다리살,감자,두부,양파,고추,대파,고추장,고춧가루,간장,마늘,설탕,맛술,후추가루",30,쉬움,"점심,저녁","맑음,비,눈,더위,추위","봄,여름,가을,겨울",6874251,https://www.10000recipe.com/recipe/6874251,찌개,,,51,,
영화속요리 10탄 줄리앤줄리아 속 크림소스 치킨스테이크,양식,"닭가슴살,올리브유,파슬리,양파,버터,우유,전분가루,소금,후춧가루,치킨스톡생략가능",30,쉬움,"점심,저녁",맑음,봄,6876875,https://www.10000recipe.com/recipe/6876875,양식,고소함,봄,51,,
참치 김치덮밥,한식,"참치캔,햇반,배추김치,양파,대파,계란,식용유,고추장,설탕,들기름,후춧가루,물",10,쉬움,"아침,점심,야식","맑음,비,눈,더위,추위","봄,여름,가을,겨울",6879137,https://www.10000recipe.com/recipe/6879137,밥/죽/떡,,,51,,
쫄면 레시피 양념장 맛있어요~ 면은 불지않게!,한식,"쫄면,오이,양배추,당근,콩나물,봉지,상추,삶은달걀,참기름,고추장,고춧가루,식초,간장,설탕,매실액,맛술,사이다,마늘,통깨",20,쉬움,"점심,저녁","맑음,비,눈,더위,추위","봄,여름,가을,겨울",6908990,https://www.10000recipe.com/recipe/6908990,면/만두,,,51,,
#[면역력]아이밥 참치계란밥,한식,"밥,참치캔,계란,소금,캐찹",20,쉬움,"점심,저녁","맑음,비,눈,더위,추위","봄,여름,가을,겨울",6922045,https://www.10000recipe.com/recipe/6922045,밥/죽/떡,,,51,,
소스가 대박인 기름떡볶이 만들기! *난이도쉬움* 원팬으로 끝!,한식,"밀떡,대파,식용유,설탕,맛술,간장,올리고당,케찹,고추장,마늘",20,쉬움,"점심,저녁","맑음,비,눈,더위,추위","봄,여름,가을,겨울",6930375,https://www.10000recipe.com/recipe/6930375,밥/죽/떡,,,51,,
백종원 대패삼겹살 두부조림 만들기,한식,"두부,대패삼겹살,대파,양파,물,홍고추,마늘,간장,멸치액젓,고춧가루,설탕,들기름",20,쉬움,"점심,저녁","맑음,비,눈,더위,추위","봄,여름,가을,겨울",6955023,https://www.10000recipe.com/recipe/6955023,메인반찬,,,51,,
(고기없는)깔끔하고 시원한 국물의 김치찌개 만들기,한식,"김치,포기,두부,대파,고추장,간장,설탕,참기름,마늘,물or육수,청양고추,고춧가루",20,쉬움,"점심,저녁","맑음,비,눈,더위,추위","봄,여름,가을,겨울",6957741,https://www.10000recipe.com/recipe/6957741,찌개,,,51,,
오징어채 버터볶음,한식,"오징어채,버터,설탕,숟갈,간장,물,올리고당,통깨",15,쉬움,"아침,점심,야식","맑음,비,눈,더위,추위","봄,여름,가을,겨울",5243698,https://www.10000recipe.com/recipe/5243698,,,,50,,
국물이! 끝내줘요~b 순대전골,한식,"순대,사골육수,양파,콩나물,새송이버섯,팽이버섯,느타리버섯,깻잎,청양고추,들깨가루,고추장,된장,고춧가루,마늘,간장",30,쉬움,"점심,저녁","맑음,비,눈,더위,추위","봄,여름,가을,겨울",6880338,https://www.10000recipe.com/recipe/6880338,국/탕,,,50,,
요리초보도 실패없는 백종원 오징어볶음 황금레시피,한식,"오징어,양파,당근,대파,설탕,고추장,고춧가루,간장,참기름,마늘",30,쉬움,"점심,저녁","맑음,비,눈,더위,추위","봄,여름,가을,겨울",6898054,https://www.10000recipe.com/recipe/6898054,메인반찬,,,50,,
수미네반찬 김수미 시래기된장국 만드는 법 구수하고 시원하니 좋다 ~,한식,"삶은시래기,양파,청양고추,홍고추,된장,마늘,멸치다시팩,물",30,쉬움,"점심,저녁","맑음,비,눈,더위,추위","봄,여름,가을,겨울",6909555,https://www.10000recipe.com/recipe/6909555,국/탕,,,50,,
감자구이 오믈렛,양식,"감자,계란,양파,모짜렐라치즈,슬라이스치즈,소금,후추",15,쉬움,"아침,점심,야식","맑음,더위",여름,3874774,https://www.10000recipe.com/recipe/3874774,양식,담백함,여름,49,,
바삭한 카레닭구이,한식,"닭가슴살,카레가루,밀가루or전분가루,소금,후춧가루,오일",30,쉬움,"점심,저녁","맑음,비,눈,더위,추위","봄,여름,가을,겨울",6811239,https://www.10000recipe.com/recipe/6811239,메인반찬,,,49,,
소고기 감자조림 일본가정식,한식,"소고기불고기용,감자,청고추,홍고추,물,간장,올리고당,참기름,통깨,청주,후추",30,쉬움,"점심,저녁","맑음,비,눈,더위,추위","봄,여름,가을,겨울",6828936,https://www.10000recipe.com/recipe/6828936,메인반찬,,,49,,
너무 간단한 베이킹~블루베리 크럼블 타르트 에요~^^,한식,"박력분,아몬드가루,버터,설탕,소금,냉동블루베리",60,쉬움,저녁,"맑음,비,눈,더위,추위","봄,여름,가을,겨울",6832551,https://www.10000recipe.com/recipe/6832551,,,,49,,
"된장찌개, 고추장 넣어 더욱 맛있는 된장찌개",한식,"물,양파작은것,호박,팽이버섯,봉지,두부,대파,뿌리,된장,고추장,간장,청양고추가루,마늘,설탕,꽃소금",30,쉬움,"점심,저녁","맑음,비,눈,더위,추위","봄,여름,가을,겨울",6866095,https://www.10000recipe.com/recipe/6866095,찌개,,,49,,
【속이편한 황태무국】초간단이라 요리초보자님들도 쉽게 따라할수 있어요~^~^,한식,"북어채,무엄지손가락한마디,대파,참기름,마늘,간장,멸치액젓,소금",30,쉬움,"점심,저녁","맑음,비,눈,더위,추위","봄,여름,가을,겨울",6868904,https://www.10000recipe.com/recipe/6868904,국/탕,,,49,,
집에서 즐기는 레스토랑급 안심스테이크 레시피!,양식,"소안심,그린빈,양파,통마늘,로즈마리,오레가노,소금,후추,파프리카,올리브유,버터",15,보통,"아침,점심,야식","맑음,비,눈,더위,추위","봄,여름,가을,겨울",6873002,https://www.10000recipe.com/recipe/6873002,양식,,,49,,
애호박 달걀죽,한식,"계란,애호박,대파,새우젓,밥,물,참기름,김가루또는통깨",30,쉬움,"점심,저녁","맑음,비,눈,더위,추위","봄,여름,가을,겨울",6878147,https://www.10000recipe.com/recipe/6878147,밥/죽/떡,,,49,,
색다르게 즐기는 명란파스타 만들기,양식,"명란젓,자숙새우,마늘,청양고추,올리브유,맛술,스파게티면,통후추,소금",30,쉬움,"점심,저녁","맑음,비,눈,더위,추위","봄,여름,가을,겨울",6881152,https://www.10000recipe.com/recipe/6881152,면/만두,,,49,,
"고정틀깨는 밑반찬, 안 매운 북어채/황태채 간장양념 볶음",한식,"북어채,간마늘,간장,꿀,청주또는맛술,물,매실청,들기름,참기름,통들깨",15,쉬움,"아침,점심,야식","맑음,비,눈,더위,추위","봄,여름,가을,겨울",6882593,https://www.10000recipe.com/recipe/6882593,,,,49,,
사리곰탕면 부대찌개 끓이기 와! 이럴수가~,한식,"사리곰탕라면,스팸,소세지,김치,양파,대파,다진고기,마늘,고춧가루,간장,액젓,후추,물",10,쉬움,"아침,점심,야식","맑음,비,눈,더위,추위","봄,여름,가을,겨울",6895149,https://www.10000recipe.com/recipe/6895149,찌개,,,49,,
녹네 녹아.. 전자렌지 1분 30초 컷. 고소 짭짤 수란마요밥 만들기,한식,"계란,마요네즈,참기름",5,쉬움,"아침,점심,야식","맑음,비,눈,더위,추위","봄,여름,가을,겨울",6899367,https://www.10000recipe.com/recipe/6899367,밥/죽/떡,,,49,,
매콤 바삭 달콤 고등어 강정,한식,"손질된고등어,녹말가루,마늘,다진청양고추,다진홍청양고추,다진양파,참기름,식용유,간장,올리고당,꿀",15,쉬움,"아침,점심,야식","맑음,비,눈,더위,추위","봄,여름,가을,겨울",6916655,https://www.10000recipe.com/recipe/6916655,메인반찬,,,49,,
매콤 칼칼 우삼겹살 두부조림 혼밥 안주로 최고,한식,"두부,우삼겹살,된장,양파,대파,풋고추,물,식용유,매운고추가루,고추장,간장,맛술,마늘",30,쉬움,"점심,저녁","맑음,비,눈,더위,추위","봄,여름,가을,겨울",6919514,https://www.10000recipe.com/recipe/6919514,메인반찬,,,49,,
스팸순두부찌개 찐하고 완전 밥도둑!!,한식,"스팸,순두부,감자,양파,청양고추,홍고추,대파,고추장,고춧가루,간장,참치액,마늘,멸치다시마육수",30,쉬움,"점심,저녁","맑음,비,눈,더위,추위","봄,여름,가을,겨울",6936882,https://www.10000recipe.com/recipe/6936882,찌개,,,49,,
소고기 배추 된장국,한식,"알배추,소고기,대파,된장,마늘,다시마멸치육수",30,쉬움,"점심,저녁","맑음,비,눈,더위,추위","봄,여름,가을,겨울",4527184,https://www.10000recipe.com/recipe/4527184,국/탕,,,48,,
순두부계란국,한식,"두부,계란,대파,다시마육수,새우액젓",15,쉬움,"아침,점심,야식","맑음,비,눈,더위,추위","봄,여름,가을,겨울",6832385,https://www.10000recipe.com/recipe/6832385,국/탕,,,48,,
"[당면요리] 매콤한맛 제대로 ""김치잡채""♪",한식,"당면,김치,양파,햄,청양고추,김치국물,마늘,참기름,간장,깨,설탕",30,쉬움,"점심,저녁","맑음,비,눈,더위,추위","봄,여름,가을,겨울",6852235,https://www.10000recipe.com/recipe/6852235,메인반찬,,,48,,
"[간단한 간식만들기]마늘버터떡볶이,길릭떡볶이,간장떡볶이",한식,"밀떡,통마늘,버터,식용유,간장,설탕",10,쉬움,"아침,점심,야식","맑음,비,눈,더위,추위","봄,여름,가을,겨울",6861965,https://www.10000recipe.com/recipe/6861965,밥/죽/떡,,,48,,
살살~녹는 연어 스테이크 만들기! : 연어 스테이크 타르타르 소스 만드는 법,양식,"생연어,아스파라거스,마늘,소금,후추,마요네즈,다진양파,레몬즙,꿀,플레인요구르트선택",30,보통,"점심,저녁","맑음,비,눈,더위,추위","봄,여름,가을,겨울",6883075,https://www.10000recipe.com/recipe/6883075,양식,,,48,,
구운 주먹밥,한식,"햇반,캔참치,마요네즈,간장,맛술,올리고당,소금,후추",10,쉬움,"아침,점심,야식","맑음,비,눈,더위,추위","봄,여름,가을,겨울",6887153,https://www.10000recipe.com/recipe/6887153,밥/죽/떡,,,48,,
15분뚝딱완성 새우젓호박찌개 만드는법!,한식,"애호박,양파,새우젓,마늘,고춧가루,들기름,대파",15,쉬움,"아침,점심,야식","맑음,비,눈,더위,추위","봄,여름,가을,겨울",6891578,https://www.10000recipe.com/recipe/6891578,찌개,,,48,,
너무 맛있는 비빔냉면 만들기,한식,"냉면사리,냉면육수,오이,쌈무,참기름,삶은계란,고춧가루,설탕,마늘,간장,매실액,대파,고추장,식초,깨소금",15,쉬움,"아침,점심,야식","맑음,비,눈,더위,추위","봄,여름,가을,겨울",6895042,https://www.10000recipe.com/recipe/6895042,면/만두,,,48,,
입에서 살살 녹는 부드러움! 백종원 호텔식 스크램블에그 레시피,양식,"계란,우유,버터,소금,설탕,후추",10,쉬움,"아침,점심,야식","맑음,비,눈,더위,추위","봄,여름,가을,겨울",6899521,https://www.10000recipe.com/recipe/6899521,양식,,,48,,
간단한데 맛은 기가막힌 백종원 비빔국수 황금레시피,한식,"소면,오이,신김치,삶은달걀,고추장,고춧가루,설탕,간장,식초,참기름,깨",20,쉬움,"점심,저녁","맑음,비,눈,더위,추위","봄,여름,가을,겨울",6913491,https://www.10000recipe.com/recipe/6913491,면/만두,,,48,,
얼큰달큰 고추장찌개로 환절기 입맛살리기!,한식,"목살,애호박,양파,청양고추,고추장,마늘,고춧가루,간장,설탕,액젓,참기름,물,소주",10,쉬움,"아침,점심,야식","맑음,비,눈,더위,추위","봄,여름,가을,겨울",6979278,https://www.10000recipe.com/recipe/6979278,찌개,,,48,,
매콤하게 즐기는 새우당면 덮밥,한식,"불린당면g정도,새우,양파,대파,마늘,고추기름,참기름,멸치다시마물,설탕,고추장,맛술,후추",30,쉬움,"점심,저녁","맑음,비,눈,더위,추위","봄,여름,가을,겨울",2399193,https://www.10000recipe.com/recipe/2399193,밥/죽/떡,짭짤함,미분류,47,,
아이도 좋아하는 훈제오리볶음밥,한식,"훈제오리슬라이스,부추,양파,감자,당근,밥,마늘,깨소금,맛소금",10,쉬움,"아침,점심,야식","맑음,비,눈,더위,추위","봄,여름,가을,겨울",6829133,https://www.10000recipe.com/recipe/6829133,밥/죽/떡,,,47,,
닭가슴살두부스테이크 한끼식사로 든든해요,양식,"닭가슴살,두부,양파,당근,대파,계란,부침가루,후추,소금",30,쉬움,"점심,저녁","맑음,비,눈,더위,추위","봄,여름,가을,겨울",6833227,https://www.10000recipe.com/recipe/6833227,메인반찬,,,47,,
"숙취해소,피로회복에 최고! 바지락 미역국 끓이기",한식,"미역불린것,물,바지락,마늘,간장,들기름,소금",60,쉬움,저녁,"맑음,비,눈,더위,추위","봄,여름,가을,겨울",6836817,https://www.10000recipe.com/recipe/6836817,국/탕,,,47,,
알리오올리오 베이컨 파스타,양식,"파스타면,마늘,베이컨,레드페퍼,올리브오일,소금,파마산치즈가루,파슬리가루",15,쉬움,"아침,점심,야식","맑음,비,눈,더위,추위","봄,여름,가을,겨울",6843005,https://www.10000recipe.com/recipe/6843005,면/만두,,,47,,
여름별미 열무비빔국수 호로록~!,한식,"열무김치,소면국수,삶은계란,오이,사과등,고추장,설탕,고춧가루,간장,매실액,참기름,참깨",10,쉬움,"아침,점심,야식","맑음,비,눈,더위,추위","봄,여름,가을,겨울",6851829,https://www.10000recipe.com/recipe/6851829,면/만두,,,47,,
[유아간식] 간장 떡볶이 만들기☆,한식,"떡볶이떡,어묵,양파,당근,대파,간장,올리고당,마늘,참기름,후추,물",10,쉬움,"아침,점심,야식","맑음,비,눈,더위,추위","봄,여름,가을,겨울",6855457,https://www.10000recipe.com/recipe/6855457,밥/죽/떡,,,47,,
고깃집에서 맛보던 쌈장찌개! 고깃집 쌈장찌개,한식,"양파,애호박,두부,대파,청고추,홍고추,물ml,다시마xcm,쌈장,된장,고추장,마늘",30,쉬움,"점심,저녁","맑음,비,눈,더위,추위","봄,여름,가을,겨울",6856336,https://www.10000recipe.com/recipe/6856336,찌개,,,47,,
[간단 자취요리] 단짠단짠! 고기없이 궁중떡볶이 / 간장떡볶이 만들기,한식,"떡,어묵,파,양파,당근,간장,설탕,마늘,물",30,쉬움,"점심,저녁","맑음,비,눈,더위,추위","봄,여름,가을,겨울",6864514,https://www.10000recipe.com/recipe/6864514,밥/죽/떡,,,47,,
차돌박이된장찌개 만드는 법,한식,"차돌박이한줌,양파,호박,두부,청양고추,버섯,대파,뿌리,소금,후추,다시육수",30,쉬움,"점심,저녁","맑음,비,눈,더위,추위","봄,여름,가을,겨울",6865062,https://www.10000recipe.com/recipe/6865062,찌개,,,47,,
이 봄이 가기 전에 한 그릇 꼭 하세요~ 두부쑥국,한식,"쑥,두부,마늘,대파,된장,다시마멸치육수",30,쉬움,"점심,저녁","맑음,비,눈,더위,추위","봄,여름,가을,겨울",6868633,https://www.10000recipe.com/recipe/6868633,국/탕,,,47,,
"오이냉국 만드는 법, 미역넣어 황금레시피로 시원하게 즐겨요.",한식,"오이,미역,홍고추,양파,통깨,얼음,물,소금,설탕,식초,간장,마늘",10,쉬움,"아침,점심,야식","맑음,비,눈,더위,추위","봄,여름,가을,겨울",6872335,https://www.10000recipe.com/recipe/6872335,국/탕,,,47,,
어렵지 않은데 화려하고 푸짐한 단호박훈제오리찜,한식,"훈제오리,봉지,단호박,마늘,양파,아스파라거스없어도무관,올리고당,참깨",15,쉬움,"아침,점심,야식","맑음,비,눈,더위,추위","봄,여름,가을,겨울",6876731,https://www.10000recipe.com/recipe/6876731,메인반찬,,,47,,
부추 계란국 끓이기,한식,"계란,부추,멸치다시마육수,간장,마늘,참기름,후춧가루",30,쉬움,"점심,저녁","맑음,비,눈,더위,추위","봄,여름,가을,겨울",6887805,https://www.10000recipe.com/recipe/6887805,국/탕,,,47,,
나폴리탄 스파게티 만들기,한식,"스파게티면,양파중간것or작은것개,비엔나소시지,케첩,설탕",15,쉬움,"아침,점심,야식","맑음,비,눈,더위,추위","봄,여름,가을,겨울",6891121,https://www.10000recipe.com/recipe/6891121,면/만두,,,47,,
베이컨 양파덮밥,한식,"밥,베이컨,양파,대파,계란,식용유,들기름,깨소금,간장,올리고당,맛술,물",15,쉬움,"아침,점심,야식","맑음,비,눈,더위,추위","봄,여름,가을,겨울",6903739,https://www.10000recipe.com/recipe/6903739,밥/죽/떡,,,47,,
"목살된장구이 만들기, 덮밥으로 먹어도 굿!",한식,"목살,대파,청양고추,맛술,후추,설탕,된장,마늘,간장,고추장,올리고당",30,쉬움,"점심,저녁","맑음,비,눈,더위,추위","봄,여름,가을,겨울",6942026,https://www.10000recipe.com/recipe/6942026,메인반찬,,,47,,
된장찌개 끓이기,한식,"물,다시멸치,마늘,양파,호박,감자,두부,청량고추,송송썬파,된장,고춧가루",30,쉬움,"점심,저녁","맑음,비,눈,더위,추위","봄,여름,가을,겨울",4037863,https://www.10000recipe.com/recipe/4037863,찌개,,,46,,
콩나물김치볶음밥,한식,"밥,공기,콩나물,묵은김치,깻잎,참깨,들기름,고추장,올리고당",30,쉬움,"점심,저녁","맑음,비,눈,더위,추위","봄,여름,가을,겨울",6816034,https://www.10000recipe.com/recipe/6816034,밥/죽/떡,,,46,,
간장양념 닭조림으로 간식해결~,한식,"닭,우유,포도씨유,견과류,간장,설탕,매실액,맛술,물,생강,굵은후추",30,쉬움,"점심,저녁","맑음,비,눈,더위,추위","봄,여름,가을,겨울",6836808,https://www.10000recipe.com/recipe/6836808,메인반찬,,,46,,
맛있는 참치김치찌개 끓이는법,한식,"묵은지,참지,고춧가루,고추장,두부,마늘,파,설탕,소금",60,보통,저녁,"맑음,비,눈,더위,추위","봄,여름,가을,겨울",6874192,https://www.10000recipe.com/recipe/6874192,찌개,,,46,,
카레두부구이. 아이반찬으로 좋아요.,한식,"두부,카레가루,부침가루,계란",15,쉬움,"아침,점심,야식","맑음,비,눈,더위,추위","봄,여름,가을,겨울",6875055,https://www.10000recipe.com/recipe/6875055,,,,46,,
명란파스타 레시피. 만들기도 쉽고 맛도 엄지척!,양식,"파스타면,명란,베이컨,양파,통마늘,올리브유,파슬리,후추",30,쉬움,"점심,저녁","맑음,비,눈,더위,추위","봄,여름,가을,겨울",6875871,https://www.10000recipe.com/recipe/6875871,면/만두,,,46,,
여름 제철 애호박 두부 된장찌개,한식,"애호박,양파,메운고추,두부,된장,마늘,고춧가루,꿀",60,쉬움,저녁,"맑음,비,눈,더위,추위","봄,여름,가을,겨울",6894140,https://www.10000recipe.com/recipe/6894140,찌개,,,46,,
육수 없이 끓이는 감자달걀국(감자계란국),한식,"감자,계란,파,뿌리,마늘,들기름,새우젓,간장,물",20,쉬움,"점심,저녁","맑음,비,눈,더위,추위","봄,여름,가을,겨울",6904609,https://www.10000recipe.com/recipe/6904609,국/탕,,,46,,
바사사삭 ★ 뭉쳐서 구워봣 ★ 바삭바삭 주먹밥 ★,한식,"밥,참치,통깨,소금,후추,간장,물,설탕,올리고당",15,쉬움,"아침,점심,야식","맑음,비,눈,더위,추위","봄,여름,가을,겨울",6912120,https://www.10000recipe.com/recipe/6912120,밥/죽/떡,,,46,,
♥[신혼밥상] 날치알 톡톡 알밥,한식,"밥,날치알,맛살,다진단무지,어린잎채소,도시락김,참기름,통깨,다진김치,간장,설탕",20,쉬움,"점심,저녁","맑음,비,눈,더위,추위","봄,여름,가을,겨울",6920620,https://www.10000recipe.com/recipe/6920620,밥/죽/떡,,,46,,
간단하면서 맛있는 고기반찬 -콩불(콩나물불고기)만들기 밥한그릇 순삭!,한식,"콩나물크게,대패삼겹,양파,다진대파,고추장,고춧가루,설탕,간장,맛술,마늘,들기름,통깨,홍고추",30,쉬움,"점심,저녁","맑음,비,눈,더위,추위","봄,여름,가을,겨울",6929776,https://www.10000recipe.com/recipe/6929776,메인반찬,,,46,,
원팬으로 10분이면 뚝딱!! 초간단 버섯당면볶음 입니다~^^,한식,"당면,표고버섯,청량고추,대파,마늘,식용유,간장,매실청또는올리고당,후추,맛술,참기름",20,쉬움,"점심,저녁","맑음,비,눈,더위,추위","봄,여름,가을,겨울",6930296,https://www.10000recipe.com/recipe/6930296,면/만두,짭짤함,미분류,46,,
쇠고기 우거지 된장국,한식,"쇠고기,삶은우거지,대파,단,멸치다시마육수,간장,들기름,들깨가루,된장,고추장,마늘",30,쉬움,"점심,저녁","맑음,비,눈,더위,추위","봄,여름,가을,겨울",4099257,https://www.10000recipe.com/recipe/4099257,국/탕,,,45,,
계란국 당면넣고 간단하게 만들기,한식,"계란,당면,파,간장,멸치,다시마,맛소금,마늘",15,쉬움,"아침,점심,야식","맑음,비,눈,더위,추위","봄,여름,가을,겨울",6830194,https://www.10000recipe.com/recipe/6830194,국/탕,,,45,,
"마리텔 백주부 기름떡볶이 따라하기,",한식,"떡볶이떡,깨소금,식용유,간장,참기름,숟갈,고춧가루,설탕,다진대파",15,쉬움,"아침,점심,야식","맑음,비,눈,더위,추위","봄,여름,가을,겨울",6832115,https://www.10000recipe.com/recipe/6832115,밥/죽/떡,,,45,,
고소미 명란볶음밥,한식,"밥,명란젓갈,청양고추,송송썬대파,식용유,계란,참기름,김가루",10,쉬움,"아침,점심,야식","맑음,비,눈,더위,추위","봄,여름,가을,겨울",6841525,https://www.10000recipe.com/recipe/6841525,밥/죽/떡,,,45,,
돼지김치비지찌개.,한식,"돼지고기찌개용,김치,비지,육수,대파,마늘,들기름,새우젓또는액젓",30,쉬움,"점심,저녁","맑음,비,눈,더위,추위","봄,여름,가을,겨울",6860935,https://www.10000recipe.com/recipe/6860935,찌개,,,45,,
[간단 자취요리] 비주얼 끝장판!! 참치 스테이크 만들기,양식,"참치캔기본사이즈,부침가루,양파,당근,소금",30,쉬움,"점심,저녁","맑음,비,눈,더위,추위","봄,여름,가을,겨울",6868435,https://www.10000recipe.com/recipe/6868435,메인반찬,,,45,,
얼큰한~ 소고기 감자국,한식,"중간크기감자,참기름,식용유,마늘,대파,고춧가루,소고기불고기감,간장,물,후추",30,쉬움,"점심,저녁","맑음,비,눈,더위,추위","봄,여름,가을,겨울",6869294,https://www.10000recipe.com/recipe/6869294,국/탕,,,45,,
호불호 없는 팽이버섯 맛살전,한식,"팽이버섯g,게맛살,계란,감자전분가루,소금,후추",15,쉬움,"아침,점심,야식","맑음,비,눈,더위,추위","봄,여름,가을,겨울",6874862,https://www.10000recipe.com/recipe/6874862,,,,45,,
고소하고 향긋한 깻잎들깨볶음,한식,"깻잎,대파,마늘,간장,참기름,들깨가루,깨",15,쉬움,"아침,점심,야식","맑음,비,눈,더위,추위","봄,여름,가을,겨울",6875304,https://www.10000recipe.com/recipe/6875304,,,,45,,
*군침주의* 된장& 간장이 만나 등갈비가 더욱 섹시해졌다!!,한식,"등갈비,물,된장,파채,통마늘,간장,설탕,물엿,매실액,맛술,마늘,참기름,깨",60,쉬움,저녁,"맑음,비,눈,더위,추위","봄,여름,가을,겨울",6876326,https://www.10000recipe.com/recipe/6876326,메인반찬,,,45,,
돼지고기고추장찌개 냉장고파먹기,한식,"돼지고기,감자,양파소,애호박,대파,식용류,참기름,고추장,고춧가루,간장,설탕,마늘",30,쉬움,"점심,저녁","맑음,비,눈,더위,추위","봄,여름,가을,겨울",6880281,https://www.10000recipe.com/recipe/6880281,찌개,,,45,,
백종원 닭개장 얼큰하니 진짜진짜 밥도둑일세 !!,한식,"물,닭,대파,양파,숙주,부추,느타리버섯,식용유,참기름,고춧가루,마늘,간장,생강가루,소금,후추",60,쉬움,저녁,"맑음,비,눈,더위,추위","봄,여름,가을,겨울",6885269,https://www.10000recipe.com/recipe/6885269,국/탕,,,45,,
닭다리살 스테이크,양식,"닭다리살장,마늘,물,간장,케첩,식초,설탕,버터,후춧가루",60,쉬움,저녁,"맑음,비,눈,더위,추위","봄,여름,가을,겨울",6886643,https://www.10000recipe.com/recipe/6886643,양식,,,45,,
신랑표ㅎ짬뽕탕~*,중식,"오징어,홍합,새우,배추잎,청양초,대파,양파,당근,호박,고춧가루,고추기름,후추,카놀라유,마늘,물,액젓",60,쉬움,저녁,"맑음,비,눈,더위,추위","봄,여름,가을,겨울",6907695,https://www.10000recipe.com/recipe/6907695,국/탕,,,45,,
우리집 최애 반찬 마늘아몬드조림 레시피,한식,"통마늘,아몬드,통깨,식용유,간장,물,물엿",20,쉬움,"점심,저녁","맑음,비,눈,더위,추위","봄,여름,가을,겨울",6933349,https://www.10000recipe.com/recipe/6933349,메인반찬,,,45,,
감자계란국,한식,"감자,계란,양파,청양고추,멸치액젓,숟갈,간장,물,마른다시마,소금,후추",30,쉬움,"점심,저녁","맑음,비,눈,더위,추위","봄,여름,가을,겨울",4043265,https://www.10000recipe.com/recipe/4043265,국/탕,,,44,,
[간단 자취요리] 미친 매운맛! 빨간오뎅 집에서 만들어 먹기! / Spicy fish cakes,한식,"어묵,고추,고추장,간장,설탕,마늘",30,쉬움,"점심,저녁","맑음,비,눈,더위,추위","봄,여름,가을,겨울",6860267,https://www.10000recipe.com/recipe/6860267,메인반찬,,,44,,
오야코동 / 닭고기덮밥 - 닭가슴살 요리,한식,"닭가슴살,계란,양파,미니새송이버섯,대파,쌀뜨물,소금,참기름,간장,맛술,설탕,후춧가루",30,쉬움,"점심,저녁","맑음,비,눈,더위,추위","봄,여름,가을,겨울",6871502,https://www.10000recipe.com/recipe/6871502,밥/죽/떡,,,44,,
이 보다 더 쉬울 순 없다 ;백종원 오징어 무국,한식,"오징어,무,마늘,액젓,간장,멸치다시마육수,들기름",60,쉬움,저녁,"맑음,비,눈,더위,추위","봄,여름,가을,겨울",6871571,https://www.10000recipe.com/recipe/6871571,국/탕,,,44,,
감자옹심이,한식,"햇감자,소금,애호박,대파,당근,들깨가루,들기름,물,멸치,간장,마늘",90,보통,저녁,"맑음,비,눈,더위,추위","봄,여름,가을,겨울",6872157,https://www.10000recipe.com/recipe/6872157,국/탕,,,44,,
쫄깃한 두부강정 만들기,한식,"두부,전분가루,고추장,케찹,마늘,고춧가루,설탕,올리고당,깨소금",30,쉬움,"점심,저녁","맑음,비,눈,더위,추위","봄,여름,가을,겨울",6881308,https://www.10000recipe.com/recipe/6881308,,,,44,,
달콤 쫄깃 졸라토스트 만들기ㅣ모짜렐라 치즈로 고르곤졸라 토스트,한식,"식빵,꿀,버터,마늘,모짜렐라치즈",5,쉬움,"아침,점심,야식","맑음,비,눈,더위,추위","봄,여름,가을,겨울",6896872,https://www.10000recipe.com/recipe/6896872,,,,44,,
전자렌지 5분 OK! 치즈 라면볶이 만들기ㅣ초간단 자취요리ㅣ,한식,"라면사리,슬라이스치즈,고추장,고춧가루,간장,올리고당,설탕,물",10,쉬움,"아침,점심,야식","맑음,비,눈,더위,추위","봄,여름,가을,겨울",6903729,https://www.10000recipe.com/recipe/6903729,면/만두,,,44,,
♥[신혼밥상] 삼겹살 차슈덮밥,한식,"삼겹살,공기밥,대파,양파,통마늘,후추,간장,설탕,맛술,물",20,쉬움,"점심,저녁","맑음,비,눈,더위,추위","봄,여름,가을,겨울",6920400,https://www.10000recipe.com/recipe/6920400,밥/죽/떡,,,44,,
깔끔담백!! 두부감자전골,한식,"두부,감자,양파,마늘,청양고추,대파,멸치육수,간장,고춧가루,청양고추가루,설탕,맛술,깨,후추가루,참기름",30,쉬움,"점심,저녁","맑음,비,눈,더위,추위",여름,6933928,https://www.10000recipe.com/recipe/6933928,찌개,매콤함,여름,44,,
간장 떡볶이 만들기~ 단짠한 떡복이~ 아이들이 정말 좋아해용~,한식,"불린떡,마늘,식용유,설탕,간장,미림,꿀,물엿,다진대파,물",10,쉬움,"아침,점심,야식","맑음,비,눈,더위,추위","봄,여름,가을,겨울",6943599,https://www.10000recipe.com/recipe/6943599,밥/죽/떡,,,44,,
"표고버섯덮밥, 덮밥요리 간단 레시피",한식,"생표고버섯,당근,양파작은크기,대파,마늘,설탕,매실청,미림,후춧가루,소금,물,녹말물,통깨",15,쉬움,"아침,점심,야식","맑음,비,눈,더위,추위","봄,여름,가을,겨울",6829513,https://www.10000recipe.com/recipe/6829513,밥/죽/떡,,,43,,
바지락 순두부찌개/바지락 해감법,한식,"순두부,애호박,양파,대파,바지락,계란,마늘,간장,고춧가루,식용유,물",30,쉬움,"점심,저녁","맑음,비,눈,더위,추위","봄,여름,가을,겨울",6838864,https://www.10000recipe.com/recipe/6838864,찌개,,,43,,
미숫가루쿠키,한식,"오일T,설탕,계란,박력분T,미숫가루T,베이킹파우더",120,쉬움,저녁,"맑음,비,눈,더위,추위","봄,여름,가을,겨울",6848051,https://www.10000recipe.com/recipe/6848051,,,,43,,
차돌박이된장찌개 구수한 된장찌개,한식,"차돌박이,감자,호박,느타리버섯,청양고추,대파,두부,쌀뜨물,마늘,된장,고추장,설탕",15,쉬움,"아침,점심,야식","맑음,비,눈,더위,추위","봄,여름,가을,겨울",6857112,https://www.10000recipe.com/recipe/6857112,찌개,,,43,,
"김치 스팸주먹밥 만드는 법, 아이 도시락 메뉴로 최고에요 :",한식,"스팸조각,도시락김,신김치,밥,계란,참기름,소금,통깨",15,쉬움,"아침,점심,야식","맑음,비,눈,더위,추위","봄,여름,가을,겨울",6865727,https://www.10000recipe.com/recipe/6865727,밥/죽/떡,,,43,,
간단 두부 찌개,한식,"두부,양파,대파,땡초,다시멸치,다시마,간장,올리고당,고춧가루,마늘,후추",30,쉬움,"점심,저녁","맑음,비,눈,더위,추위","봄,여름,가을,겨울",6872516,https://www.10000recipe.com/recipe/6872516,찌개,,,43,,
남은 치킨 간장덮밥.,한식,"남은치킨,양파,파,계란,간장,물,올리고당,설탕,맛술",30,쉬움,"점심,저녁","맑음,비,눈,더위,추위","봄,여름,가을,겨울",6885674,https://www.10000recipe.com/recipe/6885674,밥/죽/떡,,,43,,
백종원 함박스테이크 만들기,양식,"다진쇠고기,양파큰사이즈,버터,빵가루,마늘,케첩,설탕,간장,식초,올리고당,물,후춧가루,소금,식용유",90,쉬움,저녁,"맑음,비,눈,더위,추위","봄,여름,가을,겨울",6888373,https://www.10000recipe.com/recipe/6888373,양식,,,43,,
등갈비강정 외식메뉴 집에서,한식,"등갈비,전분,월계수잎,청주,간장,설탕,맛술,생강술,발사믹식초,마늘,후추",60,쉬움,저녁,"맑음,비,눈,더위,추위","봄,여름,가을,겨울",6889062,https://www.10000recipe.com/recipe/6889062,메인반찬,,,43,,
중국식계란탕! 크래미 넣은 게살스프(부드러운 계란국),한식,"크래미,팽이버섯,계란,파,고형치킨스톡,간장,물,전분가루",15,쉬움,"아침,점심,야식","맑음,비,눈,더위,추위","봄,여름,가을,겨울",6904222,https://www.10000recipe.com/recipe/6904222,국/탕,,,43,,
화사 간장비빔국수 만들기,한식,"소면,간장,설탕,계란,들기름",5,쉬움,"아침,점심,야식","맑음,비,눈,더위,추위","봄,여름,가을,겨울",6917176,https://www.10000recipe.com/recipe/6917176,면/만두,,,43,,
오징어볶음 만드는 법,한식,"오징어,양파,대파,청양고추,고추장,고춧가루,설탕,참기름,간장,마늘,통깨",30,쉬움,"점심,저녁","맑음,비,눈,더위,추위","봄,여름,가을,겨울",4331769,https://www.10000recipe.com/recipe/4331769,메인반찬,,,42,,
백종원 콩나물볶음밥,한식,"콩나물,밥,당근,대파,계란프라이,통깨,깻잎,김가루,고추장,고춧가루,간장,설탕,맛술,마늘",30,쉬움,"점심,저녁","맑음,비,눈,더위,추위","봄,여름,가을,겨울",6832634,https://www.10000recipe.com/recipe/6832634,밥/죽/떡,,,42,,
닭가슴살 볶음밥 그라탕,양식,"닭가슴살,양파,새송이버섯,파프리카,밥,버터,피자치즈,소금,후추",15,쉬움,"아침,점심,야식","맑음,비,눈,더위,추위","봄,여름,가을,겨울",6842996,https://www.10000recipe.com/recipe/6842996,양식,,,42,,
바지락 시금치 된장국 조개를 넣어야 더 맛있어요,한식,"시금치,바지락,느타리버섯,양파,대파,마늘,된장,간장,멸치,다시마,물",30,쉬움,"점심,저녁","맑음,비,눈,더위,추위","봄,여름,가을,겨울",6863977,https://www.10000recipe.com/recipe/6863977,국/탕,,,42,,
실곤약굴소스간장볶음국수,한식,"실곤약봉지,청양고추,대파또는양파,김가루,간장,맛술,올리고당,들기름또는참기름,깨소금,마늘,아몬드가루",15,쉬움,"아침,점심,야식","맑음,비,눈,더위,추위","봄,여름,가을,겨울",6864781,https://www.10000recipe.com/recipe/6864781,면/만두,,,42,,
매콤해서 더욱 별미인 매운 잡채 덮밥!,한식,"당면원동전크기,양배추,맛타리버섯,파프리카,숙주,고추장,고춧가루,간장,청주,참기름,마늘,다진고추,대파,올리고당",10,쉬움,"아침,점심,야식","맑음,비,눈,더위,추위","봄,여름,가을,겨울",6867504,https://www.10000recipe.com/recipe/6867504,밥/죽/떡,,,42,,
소고기덮밥 - 아이들이 좋아하는 한그릇밥,한식,"소고기갈빗살,양파,통마늘,버터,맛술,간장,올리고당,소금,후추",30,쉬움,"점심,저녁","맑음,비,눈,더위,추위","봄,여름,가을,겨울",6872290,https://www.10000recipe.com/recipe/6872290,밥/죽/떡,,,42,,
멸치 김치국수 - 잔치국수,한식,"소면,신김치,김가루,물,국물멸치큰사이즈,멸치액젓,마늘,청주,소금,후춧가루,설탕,참기름,통깨",30,쉬움,"점심,저녁","맑음,비,눈,더위,추위","봄,여름,가을,겨울",6881805,https://www.10000recipe.com/recipe/6881805,면/만두,,,42,,
"초간단, 5분 이내, 미니멀재료로 닭갈비/감자탕 남은 국물에 볶아먹는 볶음밥 흉내내기, a.k.a.고추장 볶음밥",한식,"계란,찬밥,고추장,매실청,참기름,김가루가득",5,쉬움,"아침,점심,야식","맑음,비,눈,더위,추위","봄,여름,가을,겨울",6887488,https://www.10000recipe.com/recipe/6887488,밥/죽/떡,,,42,,
삼겹살 묵은지 찌개 ; 백종원 김치찌개 레시피(겨울 보양식),양식,"묵은지,삼겹살,양파,매운고추,송송썬파,마늘,설탕,간장,새우젓,고춧가루,된장,맛술",60,쉬움,저녁,"맑음,비,눈,더위,추위","봄,여름,가을,겨울",6900830,https://www.10000recipe.com/recipe/6900830,찌개,,,42,,
[아이들반찬] 오이들깨볶음~,한식,"백오이,들깨가루,올리브유,소금",30,쉬움,"점심,저녁","맑음,비,눈,더위,추위","봄,여름,가을,겨울",6910791,https://www.10000recipe.com/recipe/6910791,메인반찬,,,42,,
돼지고기 감자 고추장찌개,한식,"삼겹살,감자,양파,대파,홍고추,청양고추,멸치육수,소금,후추,마늘,숟갈,설탕,고춧가루,간장,고추장",30,쉬움,"점심,저녁","맑음,비,눈,더위,추위","봄,여름,가을,겨울",5420128,https://www.10000recipe.com/recipe/5420128,찌개,,,41,,
무한도전 정준하또띠아 정또띠 만들기,한식,"또띠아,버터,계란,양파,슬라이스치즈,설탕",15,쉬움,"아침,점심,야식","맑음,비,눈,더위,추위","봄,여름,가을,겨울",6832421,https://www.10000recipe.com/recipe/6832421,,,,41,,
[얼큰수제비] 얼큰한 수제비 만들어볼까요 -양싸,한식,"밀가루,청양고추,호박,양파,당근,파,계란,물,고춧가루,간장,고추장,된장,다시다,국멸치,다시마,소금",30,쉬움,"점심,저녁","맑음,비,눈,더위,추위","봄,여름,가을,겨울",6832621,https://www.10000recipe.com/recipe/6832621,면/만두,,,41,,
돼지고기짜글이! (고기요리),한식,"돼지고기,양파,두부,대파,감자,청양고추,홍고추,물,오일,고추장,고춧가루,간장,마늘,설탕,청주,후춧가루",90,쉬움,저녁,"맑음,비,눈,더위,추위","봄,여름,가을,겨울",6865677,https://www.10000recipe.com/recipe/6865677,찌개,,,41,,
【10분만에 고급진 요리】파프리카소고기말이,한식,"얇게썬소고기,깻잎,빨간파프리카,주황파프리카,노랑파프리카,간장,물,식초,설탕,소금,후추",10,쉬움,"아침,점심,야식","맑음,비,눈,더위,추위","봄,여름,가을,겨울",6868912,https://www.10000recipe.com/recipe/6868912,메인반찬,,,41,,
【핵꿀맛】간짜장 만들기~,중식,"춘장g기준,봉지,돼지고기,양파,대파,양배추,마늘,맛술,설탕,간장",30,쉬움,"점심,저녁","맑음,비,눈,더위,추위","봄,여름,가을,겨울",6869865,https://www.10000recipe.com/recipe/6869865,면/만두,,,41,,
스팸마요덮밥 간단한 혼밥 메뉴로 좋아요~,한식,"밥,스팸,계란,양파,청양고추or청고추,마요네즈,간장,맛술,올리고당",15,쉬움,"아침,점심,야식","맑음,비,눈,더위,추위","봄,여름,가을,겨울",6878720,https://www.10000recipe.com/recipe/6878720,밥/죽/떡,,,41,,
누구나 할수있는 맛좋은 맛! 간장스팸주먹밥,한식,"밥,김,스팸,간장,참기름,깨소금",20,쉬움,"점심,저녁","맑음,비,눈,더위,추위","봄,여름,가을,겨울",6903219,https://www.10000recipe.com/recipe/6903219,밥/죽/떡,,,41,,
남편이 엄지손가락 척~~ 부대찌개 맛있게 끓이는 방법(김진옥요리가좋다,한식,"스팸,소시지,대파,콩나물,잘익은배추김치,청양고추,떡국용떡,다진돼지고기,마늘,간장,후춧가루,미림,부대찌개용콩,멸치다시마육수,고춧가루,소금",15,쉬움,"아침,점심,야식","맑음,비,눈,더위,추위","봄,여름,가을,겨울",6906485,https://www.10000recipe.com/recipe/6906485,찌개,,,41,,
"밀푀유나베, 소스도 맛있는 밀푀유나베 만드는 법, 손님상 집들이",한식,"샤부샤부용소고기,배추속,깻잎,만가닥버섯,팽이버섯,어묵,물,다시마손바닥크기,간장,무센티,양파,파,다진마늘통마늘쪽,후추,식초,물엿,맛술,와사비",20,쉬움,"점심,저녁","맑음,비,눈,더위,추위","봄,여름,가을,겨울",6908299,https://www.10000recipe.com/recipe/6908299,국/탕,,,41,,
고기는 역시 뜯어야 제맛 ! 간장등갈비 ★,한식,"등갈비,마늘,된장,통깨,간장,설탕,물엿,매실액,맛술,참기름,물",60,쉬움,저녁,"맑음,비,눈,더위,추위","봄,여름,가을,겨울",6914717,https://www.10000recipe.com/recipe/6914717,메인반찬,,,41,,
등심스테이크 l 기념일에 빠져서는 안되는 스테이크 레시피 ★,양식,"소고기,아스파라거스,방울토마토,마늘,버터,소금,후추,올리브유,로즈마리,간장,맛술,설탕,물",60,보통,저녁,"맑음,비,눈,더위,추위","봄,여름,가을,겨울",6926532,https://www.10000recipe.com/recipe/6926532,양식,,,41,,
황태채 고추장볶음,한식,"황태채,고추장,설탕,간장,참기름,마늘,카놀라유,통깨",2,쉬움,"아침,점심,야식","맑음,비,눈,더위,추위","봄,여름,가을,겨울",3999005,https://www.10000recipe.com/recipe/3999005,,,,40,,
오븐없이 만드는 갈릭버터치즈피자,한식,"또띠아,버터,마늘,꿀,피자치즈",10,쉬움,"아침,점심,야식","맑음,비,눈,더위,추위","봄,여름,가을,겨울",6853446,https://www.10000recipe.com/recipe/6853446,,,,40,,
꼭 해드세요. 존맛임! 버터 스팸동 만들기,한식,"흰쌀밥,스팸작은캔,버터,간장,물,설탕",10,쉬움,"아침,점심,야식","맑음,비,눈,더위,추위","봄,여름,가을,겨울",6886375,https://www.10000recipe.com/recipe/6886375,밥/죽/떡,,,40,,
백종원중국식달걀탕,한식,"계란,크래미작은사이즈,새송이버섯,양파,대파,당근,햄,간장,소금,물ml이상,후춧가루,참기름",60,쉬움,저녁,"맑음,비,눈,더위,추위","봄,여름,가을,겨울",6902741,https://www.10000recipe.com/recipe/6902741,국/탕,,,40,,
생각보다 더 맛있는 스팸아보카도덮밥,한식,"아보카도,스팸,양파,계란,간장,설탕,참기름,김",30,쉬움,"점심,저녁","맑음,비,눈,더위,추위","봄,여름,가을,겨울",6909442,https://www.10000recipe.com/recipe/6909442,밥/죽/떡,,,40,,
부대찌개 끓이기,한식,"멸치,다시마,신김치,대파,캔콩,줄줄이햄,떡,스팸,고춧가루,간장,맛술,마늘,후추,라면스프",30,쉬움,"점심,저녁","맑음,비,눈,더위,추위","봄,여름,가을,겨울",4053370,https://www.10000recipe.com/recipe/4053370,찌개,,,39,,
몬테크리스토,한식,"식빵,슬라이스치즈,슬라이스햄,계란,머스타드,딸기쨈",15,쉬움,"아침,점심,야식","맑음,비,눈,더위,추위","봄,여름,가을,겨울",6835355,https://www.10000recipe.com/recipe/6835355,,,,39,,
[No.1 감자새우덮밥] 고급스러운 중식덮밥,중식,"칵테일새우,감자,고추또는쪽파,간장,마늘,물,들기름,청주,후추,설탕,녹말감자전분",15,쉬움,"아침,점심,야식","맑음,비,눈,더위,추위","봄,여름,가을,겨울",6841290,https://www.10000recipe.com/recipe/6841290,밥/죽/떡,,,39,,
달콤짭쪼롬한 양념이 찰싹 달라 붙은 깐풍만두 만들기!,한식,"냉동만두,양상추,다진땅콩,다진양파,송송썬대파,고춧가루,다진청고추,다진홍고추,설탕,간장,식초,물",30,쉬움,"점심,저녁","맑음,비,눈,더위,추위","봄,여름,가을,겨울",6854749,https://www.10000recipe.com/recipe/6854749,면/만두,,,39,,
"매콤함 비빔당면 만들기,비빔당면 양념",한식,"당면,부추,당근,간장,고춧가루,올리고당,참기름,깨",30,쉬움,"점심,저녁","맑음,비,눈,더위,추위","봄,여름,가을,겨울",6861110,https://www.10000recipe.com/recipe/6861110,면/만두,,,39,,
스팸 햄 김치찌개 쉬운 저녁반찬,한식,"김치,포기,스팸통조림햄,두부,양파,대파,마늘,청양고추,다시마,고춧가루,설탕,참치액젓,고추장,들기름,물,김치국물",30,쉬움,"점심,저녁","맑음,비,눈,더위,추위","봄,여름,가을,겨울",6865013,https://www.10000recipe.com/recipe/6865013,찌개,,,39,,
매콤!달콤!쫀득!떡꼬치★,한식,"떡볶이떡,간장,고추장,올리고당,마늘,케찹,물,다진땅콩",15,쉬움,"아침,점심,야식","맑음,비,눈,더위,추위","봄,여름,가을,겨울",6865180,https://www.10000recipe.com/recipe/6865180,밥/죽/떡,,,39,,
자취생 간단요리<메추리알볶음>,한식,"메추리알,소세지,청양고추,고추장,케첩,간장,설탕,물",30,쉬움,"점심,저녁","맑음,비,눈,더위,추위","봄,여름,가을,겨울",6895112,https://www.10000recipe.com/recipe/6895112,,,,39,,
기름 없이 볶아 다이어트에 좋은 중국식 청경채 돼지볶음,한식,"돼지앞다리살,청경채,파프리카,간장,올리고당,마늘,밀가루",10,쉬움,"아침,점심,야식","맑음,비,눈,더위,추위","봄,여름,가을,겨울",6909570,https://www.10000recipe.com/recipe/6909570,,,,39,,
<새우젓두부찌개> 얼큰하고 개운한 맛,한식,"두부,멸치육수,양파,대파,홍고추,마늘,새우젓,고춧가루,간장,들기름",30,쉬움,"점심,저녁","맑음,비,눈,더위,추위","봄,여름,가을,겨울",6926393,https://www.10000recipe.com/recipe/6926393,찌개,,,39,,
참치고추장찌개 하나만 있으면 밥 한공기는 뚝딱!,한식,"참치,양파,감자,대파,청양고추,홍고추,두부,물,고추장,설탕,마늘,간장,맛술,소금",30,쉬움,"점심,저녁","맑음,비,눈,더위,추위","봄,여름,가을,겨울",6929293,https://www.10000recipe.com/recipe/6929293,찌개,,,39,,
연어 데리야키구이,한식,"스테이크용연어,대파,식용유,소금,간장,설탕,청주,물엿",30,쉬움,"점심,저녁","맑음,비,눈,더위,추위","봄,여름,가을,겨울",1964300,https://www.10000recipe.com/recipe/1964300,메인반찬,,,38,,
"반찬 없을 때 좋은 우리 집 일품요리, 닭고기 덮밥",한식,"닭다리살,대파,마늘,청고추,홍고추,다진양파,조림간장,설탕,맛술,식초,녹말가루,통깨참기름,소금,후춧가루",60,쉬움,저녁,"맑음,비,눈,더위,추위","봄,여름,가을,겨울",6832603,https://www.10000recipe.com/recipe/6832603,밥/죽/떡,,,38,,
비스켓,한식,"밀가루박력분,설탕,소금,무염버터,우유,베이킹파우더,딸기잼",60,쉬움,저녁,"맑음,비,눈,더위,추위","봄,여름,가을,겨울",6836906,https://www.10000recipe.com/recipe/6836906,,,,38,,
상하이 파스타 - 토마토와 짬뽕의 만남,양식,"스파게티면,소금,대파,마늘,청양고추,청경채,간장,고춧가루,버섯양파등채소대체가능,새우,홍합등해물대체가능,면수또는물,물",15,쉬움,"아침,점심,야식","맑음,비,눈,더위,추위","봄,여름,가을,겨울",6842271,https://www.10000recipe.com/recipe/6842271,면/만두,,,38,,
[혼자 해먹기] 토마토소스 만들어 스파게티 해먹기,한식,"토마토큰것,양파,마늘,올리브유,케찹색깔내기용도,소금,설탕,파슬리가루",30,쉬움,"점심,저녁","맑음,비,눈,더위,추위","봄,여름,가을,겨울",6843374,https://www.10000recipe.com/recipe/6843374,면/만두,,,38,,
2tv 저녁 생생정보 (생생정보통) 콩 비지찌개,한식,"콩비지시판용,김치국물,청양고추다진거,참깨간거,새우젓,신김치,간돼지고기,참기름,설탕",30,쉬움,"점심,저녁","맑음,비,눈,더위,추위","봄,여름,가을,겨울",6844833,https://www.10000recipe.com/recipe/6844833,찌개,,,38,,
'요리' 돼지고기 고추장찌개 / 올리브쇼 레시피,한식,"고추장,간장,마늘,꿀,돼지고기,두부,호박,깻잎,파,청양고추,양파",15,쉬움,"아침,점심,야식","맑음,비,눈,더위,추위","봄,여름,가을,겨울",6863720,https://www.10000recipe.com/recipe/6863720,찌개,,,38,,
비빔만두 레시피,한식,"만두,국수,양배추채,상추,양파,고추장,고춧가루,설탕,식초,꿀,매실액,참기름,깨소금",15,쉬움,"아침,점심,야식","맑음,비,눈,더위,추위","봄,여름,가을,겨울",6863928,https://www.10000recipe.com/recipe/6863928,면/만두,,,38,,
"삼겹살요리, 삼겹살 스테이크 만들기",양식,"삼겹살,소금,후추,맛술,물,올리고당,마늘",30,쉬움,"점심,저녁","맑음,비,눈,더위,추위","봄,여름,가을,겨울",6868277,https://www.10000recipe.com/recipe/6868277,메인반찬,,,38,,
【얇은 콩나물로도 아삭한 오만둥이 콩나물찜 만들기】,한식,"콩나물,오만둥이,땡초,대파,줄기,고춧가루,마늘,설탕,소금,전분가루,조개다시다,참기름",15,쉬움,"아침,점심,야식","맑음,비,눈,더위,추위","봄,여름,가을,겨울",6868635,https://www.10000recipe.com/recipe/6868635,메인반찬,,,38,,
대 유행★! 불닭 까르보나라의 떡볶이 Ver. 매까떡!,한식,"떡볶이떡g,프랑크소시지,양파,청양고추,슬라이스치즈,식용유,우유,소금,후추,고추장,고춧가루,올리고당,마늘",30,쉬움,"점심,저녁","맑음,비,눈,더위,추위","봄,여름,가을,겨울",6883112,https://www.10000recipe.com/recipe/6883112,밥/죽/떡,,,38,,
"얼큰한 국물요리, 해물짬뽕탕",중식,"양파,청경채,손질오징어,새우,바지락살,물,식용유,고춧가루,간장,마늘,맛술,후추",30,쉬움,"점심,저녁","맑음,비,눈,더위,추위","봄,여름,가을,겨울",6888099,https://www.10000recipe.com/recipe/6888099,국/탕,,,38,,
"[영국주방] 달지 않고 촉촉한 맛, 크림치즈 컵케이크(Creamcheese Cupcakes)",한식,"박력분,크림치즈라이트도가능,실온무염버터,설탕,베이킹파우더,계란,아몬드슬라이스선택",60,쉬움,저녁,"맑음,비,눈,더위,추위","봄,여름,가을,겨울",6895797,https://www.10000recipe.com/recipe/6895797,,,,38,,
스팸마요덮밥,한식,"계란,양파,스팸,밥,간장,설탕,마요네즈",30,쉬움,"점심,저녁","맑음,비,눈,더위,추위","봄,여름,가을,겨울",6900492,https://www.10000recipe.com/recipe/6900492,밥/죽/떡,,,38,,
매운 어묵꼬치,한식,"사각어묵,멸치다시마육수,고추장,마늘,고춧가루,간장,맛술,올리고당,후춧가루",60,쉬움,저녁,"맑음,비,눈,더위,추위","봄,여름,가을,겨울",6900996,https://www.10000recipe.com/recipe/6900996,국/탕,,,38,,
스팸 계란밥 전,한식,"리챔작은것,밥,양파,당근,대파,소금,식용유",30,쉬움,"점심,저녁","맑음,비,눈,더위,추위","봄,여름,가을,겨울",6908836,https://www.10000recipe.com/recipe/6908836,메인반찬,,,38,,
돼지고기 김치찌개 너무 쉽지만 맛있는 맛,한식,"돼지고기앞다리살찌개용,김치,대파,소금,고추장,마늘,고춧가루,맛술,후추",30,쉬움,"점심,저녁","맑음,비,눈,더위,추위","봄,여름,가을,겨울",6909693,https://www.10000recipe.com/recipe/6909693,찌개,,,38,,
얼큰하고 시원한 된장찌개 요리를 소개하겠습니다.,한식,"멸치,감자,두부,애호박,마늘,된장,양파,청양고추,고춧가루,파",30,쉬움,"점심,저녁","맑음,비,눈,더위,추위","봄,여름,가을,겨울",6913869,https://www.10000recipe.com/recipe/6913869,찌개,,,38,,
집에서도 쉽게 만드는 방구석 푸팟퐁커리 만들기(aka. 계란카레 레시피),한식,"카레가루,크래미,계란,우유,대파,양파,페페론치노,튀김가루,물,고춧가루,마늘,간장,올리고당,식초",30,쉬움,"점심,저녁","맑음,비,눈,더위,추위","봄,여름,가을,겨울",6928699,https://www.10000recipe.com/recipe/6928699,메인반찬,,,38,,
초간단 존맛 가지파스타 만들기 | 가지 싫어하는 사람도 정말 맛있게 먹는 가지요리,양식,"파스타면,가지,간장,미림,올리고당,미원,페퍼론치노,후추,소금,식용유",15,쉬움,"아침,점심,야식","맑음,비,눈,더위,추위","봄,여름,가을,겨울",6962834,https://www.10000recipe.com/recipe/6962834,면/만두,,,38,,
육수없이 끓이는 매운된장찌개,한식,"두부,고추,대파,양파,쌀뜨물,된장,마늘,고추장,참기름,고춧가루",15,쉬움,"아침,점심,야식","맑음,비,눈,더위,추위","봄,여름,가을,겨울",5577696,https://www.10000recipe.com/recipe/5577696,찌개,,,37,,
<요리>등촌칼국수 같은 버섯 매운탕 소고기 샤브샤브 만들기,한식,"느타리버섯,미나리,대파,양파,다시마cmxcm,국물용멸치,국물용무,고춧가루,고추장,된장,마늘,매실청,맛술,후춧가루,간장,식초,설탕,생와사비",15,보통,"아침,점심,야식","맑음,비,눈,더위,추위","봄,여름,가을,겨울",6830965,https://www.10000recipe.com/recipe/6830965,국/탕,,,37,,
"추운날씨에 얼큰하게 먹는 햄고추장찌개,고추장찌개",한식,"스팸,감자,애호박,양파,홍고추,청양고추,대파,두부,고춧가루,마늘,고추장,소금",30,쉬움,"점심,저녁","맑음,비,눈,더위,추위","봄,여름,가을,겨울",6842067,https://www.10000recipe.com/recipe/6842067,찌개,,,37,,
달달하게 구워낸 고등어 엿장구이,한식,"손질고등어,미림,소주,간장,설탕,매실청,마늘",30,쉬움,"점심,저녁","맑음,비,눈,더위,추위","봄,여름,가을,겨울",6847174,https://www.10000recipe.com/recipe/6847174,메인반찬,,,37,,
【순두부찌개】국물이 시원 칼칼한 바지락 순두부찌개 만들기~,한식,"순두부,바지락,양파,대파,줄기,땡초,멸치가루,파뿌리,건표고버섯,다시마,마늘,후추,새우젓,간장,고춧가루,식용유,참기름,굵은소금",30,쉬움,"점심,저녁","맑음,비,눈,더위,추위","봄,여름,가을,겨울",6869395,https://www.10000recipe.com/recipe/6869395,찌개,,,37,,
"식빵사과파이,애플파이 만드는 법",한식,"사과,버터,설탕,식빵,올리고당,계피가루,계란",30,쉬움,"점심,저녁","맑음,비,눈,더위,추위","봄,여름,가을,겨울",6869948,https://www.10000recipe.com/recipe/6869948,,,,37,,
해물볶음우동,일식,"깐새우,오징어,우동면,숙주,양파,대파,청양고추,홍고추,마늘,간장,고춧가루,매실주,올리고당,참기름,깨소금",30,쉬움,"점심,저녁","맑음,비,눈,더위,추위","봄,여름,가을,겨울",6871475,https://www.10000recipe.com/recipe/6871475,면/만두,,,37,,
"탕수만두 만들기, 탕수육 소스 비율",한식,"군만두,목이버섯,당근,양파,식용유,빨간파프리카,노란파프리카,물ml,간장,설탕,레몬즙,감자전분수북히,물",30,쉬움,"점심,저녁","맑음,비,눈,더위,추위","봄,여름,가을,겨울",6872260,https://www.10000recipe.com/recipe/6872260,면/만두,,,37,,
간단하면서도 영양만점 황태/북어채 무국,한식,"황태채,두부g,계란,대파,잔파파란부분,들기름,간장,멸치액젓,물,간마늘,무",30,쉬움,"점심,저녁","맑음,비,눈,더위,추위","봄,여름,가을,겨울",6877243,https://www.10000recipe.com/recipe/6877243,국/탕,,,37,,
예쁜 오징어요리 오징어 쪽파강회,한식,"오징어,대파,소금,초장,빨간파프리카,노란파프리카",30,보통,"점심,저녁","맑음,비,눈,더위,추위","봄,여름,가을,겨울",6878619,https://www.10000recipe.com/recipe/6878619,메인반찬,,,37,,
"보글보글 촉촉하고 따끈한 만두를 밥위에 챱★ 간단하게 만들어요, 만두동!",한식,"밥,만두,채썬양파,계란,송송썬쪽파,식용유,간장,설탕,맛술,물",30,쉬움,"점심,저녁","맑음,비,눈,더위,추위","봄,여름,가을,겨울",6882490,https://www.10000recipe.com/recipe/6882490,밥/죽/떡,,,37,,
기사식당에서 먹은 바로 그 돼지불백!,한식,"돼지고기앞다리살,채썬양파,식용유,간장,설탕,맛술,마늘,다진대파,참기름,후추,통깨",30,보통,"점심,저녁","맑음,비,눈,더위,추위","봄,여름,가을,겨울",6884698,https://www.10000recipe.com/recipe/6884698,메인반찬,,,37,,
황태콩나물국 황태무국 해장국으로 좋아요.,한식,"콩나물,무,황태,계란,대파,청양고추,소금,참기름,물,연두순",30,쉬움,"점심,저녁","맑음,비,눈,더위,추위","봄,여름,가을,겨울",6900268,https://www.10000recipe.com/recipe/6900268,국/탕,,,37,,
"일본 가정식, 돼지고기 생강구이!生姜焼き!",한식,"삼겹살,생강,간장,설탕,미림,청주",10,쉬움,"아침,점심,야식","맑음,비,눈,더위,추위","봄,여름,가을,겨울",6900875,https://www.10000recipe.com/recipe/6900875,메인반찬,,,37,,
"맛보장! 돈까스, 돈까스 소스",양식,"돼지고기등심,밀가루,계란,빵가루,소금,후추,양상추곁들일양,다진양파,마늘,케찹,오일,간장,설탕",60,쉬움,저녁,"맑음,비,눈,더위,추위","봄,여름,가을,겨울",6904241,https://www.10000recipe.com/recipe/6904241,양식,,,37,,
계란찜밥 만들기 초등학생도 만들수있다!,한식,"밥,계란,간장,참기름선택,케찹선택,참깨선택",5,쉬움,"아침,점심,야식","맑음,비,눈,더위,추위","봄,여름,가을,겨울",6906547,https://www.10000recipe.com/recipe/6906547,밥/죽/떡,,,37,,
얼큰수제비/만물상 김가연표 쫄깃 수제비 반죽 비법,한식,"밀가루,끓는물,천일염,올리브유,호박,양파,감자,멸치육수,간장,고춧가루,마늘,멸치액젓,김가루,참기름,통깨",30,쉬움,"점심,저녁","맑음,비,눈,더위,추위","봄,여름,가을,겨울",6909615,https://www.10000recipe.com/recipe/6909615,면/만두,,,37,,
"<콩나물부추무침>만드는법, 고기를 부르는 맛! 봄부추로 면역력 높여요!",한식,"콩나물,부추,소금,고춧가루,마늘,간장,설탕,식초,액젓,참기름,깨소금",30,보통,"점심,저녁","맑음,비,눈,더위,추위","봄,여름,가을,겨울",6928012,https://www.10000recipe.com/recipe/6928012,메인반찬,,,37,,
[마늘종볶음]단짠단짠 자꾸만 손이가요~,한식,"건새우,물,마늘쫑,소금,설탕,간장,식용유,참기름,물엿,통깨",20,쉬움,"점심,저녁","맑음,비,눈,더위,추위","봄,여름,가을,겨울",6957535,https://www.10000recipe.com/recipe/6957535,,,,37,,
막 끓여 막 먹는 들기름막국수 레시피! 입맛 없을때 먹는 간장비빔국수 최고!,한식,"메밀국수,간장,매실액,들기름,김,깨",15,쉬움,"아침,점심,야식","맑음,비,눈,더위,추위","봄,여름,가을,겨울",6966091,https://www.10000recipe.com/recipe/6966091,면/만두,,,37,,
[근대된장국] 쌀쌀한 날에 따뜻한 근대국 한그릇!! -양싸,한식,"근대,대파,청양고추,된장,다시마,멸치가루,고춧가루,마늘",30,쉬움,"점심,저녁","맑음,비,눈,더위,추위","봄,여름,가을,겨울",6835780,https://www.10000recipe.com/recipe/6835780,국/탕,,,36,,
양파알새우덮밥만들기,한식,"알새우,양파,간장,매실액,올리고당,맛술,물,고춧가루,다진마늘보다적게,참기름보다적게,통깨,대파",15,쉬움,"아침,점심,야식","맑음,비,눈,더위,추위","봄,여름,가을,겨울",6844877,https://www.10000recipe.com/recipe/6844877,밥/죽/떡,,,36,,
"마음까지 출출한 밤, 심야식당 조개술찜 따라하기 - 바지락 술찜 만들기",한식,"해감한바지락한팩,청양고추,쥐똥고추,마늘,청주,버터,간장",15,쉬움,"아침,점심,야식","맑음,비,눈,더위,추위","봄,여름,가을,겨울",6846999,https://www.10000recipe.com/recipe/6846999,국/탕,,,36,,
가지등심카나페,한식,"가지,소고기등심,새싹채소,소금,후추,올리브유,간장,올리고당,레몬즙,마늘,다진청양고추",15,쉬움,"아침,점심,야식","맑음,비,눈,더위,추위","봄,여름,가을,겨울",6852019,https://www.10000recipe.com/recipe/6852019,,,,36,,
굴소스로 목살찹스테이크 만들기,양식,"목살,노랑파프리카,주황파프리카,파,양파,케첩,마늘,간장,설탕,올리고당,청주,후추",30,쉬움,"점심,저녁","맑음,비,눈,더위,추위","봄,여름,가을,겨울",6852685,https://www.10000recipe.com/recipe/6852685,양식,,,36,,
[간단 자취요리] 완전 귀여운 라이언 오므라이스 만들기,한식,"밥,계란,양파,비엔나소시지,케찹,김",30,쉬움,"점심,저녁","맑음,비,눈,더위,추위","봄,여름,가을,겨울",6856509,https://www.10000recipe.com/recipe/6856509,밥/죽/떡,,,36,,
고기없다고 슬퍼하지 말고 매콤버섯덮밥!!,한식,"느타리버섯,대파cm,참기름,참깨,설탕,간장,마늘,맛술,고추장,물,계란",30,쉬움,"점심,저녁","맑음,비,눈,더위,추위","봄,여름,가을,겨울",6862610,https://www.10000recipe.com/recipe/6862610,밥/죽/떡,,,36,,
베이컨 덮밥,한식,"베이컨,양배추,양파,대파,참기름,통깨,후춧가루,고춧가루,마늘,간장,맛술,올리고당",15,쉬움,"아침,점심,야식","맑음,비,눈,더위,추위","봄,여름,가을,겨울",6869217,https://www.10000recipe.com/recipe/6869217,밥/죽/떡,,,36,,
스팸돈부리덮밥 간단한 한그릇음식,한식,"스팸큰거,양파,계란,파,간장,설탕,물",30,쉬움,"점심,저녁","맑음,비,눈,더위,추위","봄,여름,가을,겨울",6883797,https://www.10000recipe.com/recipe/6883797,밥/죽/떡,,,36,,
스팸 돈부리 덮밥 레시피,한식,"스팸통조림g,계란,양파,대파반개정도,간장,설탕,물",30,쉬움,"점심,저녁","맑음,비,눈,더위,추위","봄,여름,가을,겨울",6890913,https://www.10000recipe.com/recipe/6890913,밥/죽/떡,,,36,,
집에서 저렴하고 쉽게 소고기 찹스테이크 만들기,양식,"소고기,양파,파프리카청색,파프리카홍색,케챱,설탕,레드와인,버터,올리브유,소금,후추,파슬리가루",60,쉬움,저녁,"맑음,비,눈,더위,추위","봄,여름,가을,겨울",6902615,https://www.10000recipe.com/recipe/6902615,양식,,,36,,
맛보장~ 간장진미채~정~~말 간단한 재료와레시피~^^,한식,"진미채,마요네즈,간장,올리고당,통깨",10,쉬움,"아침,점심,야식","맑음,비,눈,더위,추위","봄,여름,가을,겨울",6923736,https://www.10000recipe.com/recipe/6923736,,,,36,,
우리 집 최애 반찬 달콤 짭조름한 닭안심감자조림,한식,"닭안심,감자작은것,대파,우유,당면,간장,설탕,소주잔,생수,맛술,마늘,참기름,통깨",60,쉬움,저녁,"맑음,비,눈,더위,추위","봄,여름,가을,겨울",6933144,https://www.10000recipe.com/recipe/6933144,메인반찬,,,36,,
"엄마표 경상도식 국물있는 나물 콩나물+무나물 ~나물국,콩나물무국~?",한식,"콩나물시판포장콩나물,봉지,무,참기름,소금",30,쉬움,"점심,저녁","맑음,비,눈,더위,추위","봄,여름,가을,겨울",6945492,https://www.10000recipe.com/recipe/6945492,국/탕,,,36,,
칼칼한 오징어무국 끓이기,한식,"오징어,무,대파,청양고추,마늘,멸치다시육수,고춧가루,간장,액젓,소금,후추,맛술",30,쉬움,"점심,저녁","맑음,비,눈,더위,추위","봄,여름,가을,겨울",6967249,https://www.10000recipe.com/recipe/6967249,국/탕,,,36,,
베이컨간장말이밥,한식,"베이컨,밥,간장,매실액,물엿,청주,후추",30,쉬움,"점심,저녁","맑음,비,눈,더위,추위","봄,여름,가을,겨울",2628435,https://www.10000recipe.com/recipe/2628435,밥/죽/떡,,,35,,
[고추참치파스타]캔 참치하나면 뚝딱 해결되요,양식,"파스타면,고추참치,통마늘,청양고추,올리브오일",30,쉬움,"점심,저녁","맑음,비,눈,더위,추위","봄,여름,가을,겨울",5702113,https://www.10000recipe.com/recipe/5702113,면/만두,,,35,,
'요리' 베이컨로제파스타 레시피.,양식,"파스타면,베이컨,브로콜리,양파,올리브유또는버터,체다치즈,파마산가루,우유,후추,마늘,소금,파슬리가루",15,쉬움,"아침,점심,야식","맑음,비,눈,더위,추위","봄,여름,가을,겨울",6841354,https://www.10000recipe.com/recipe/6841354,면/만두,,,35,,
라볶이보다 맛있는 당면볶이,한식,"당면,대파,어묵,물,고추장,고춧가루,설탕,올리고당,간장,맛술,후추,마늘",15,쉬움,"아침,점심,야식","맑음,비,눈,더위,추위","봄,여름,가을,겨울",6857986,https://www.10000recipe.com/recipe/6857986,면/만두,,,35,,
백종원시금치프리타타,양식,"계란,베이컨,시금치,단,양파,당근,토막,버섯,주먹,소금,후추,우유",15,쉬움,"아침,점심,야식","맑음,비,눈,더위,추위","봄,여름,가을,겨울",6862137,https://www.10000recipe.com/recipe/6862137,양식,,,35,,
"[간단 자취요리] 5분 컷, 라면보다 빠르다고..? 치즈쭉쭉 라볶이 만들기",한식,"물,라면사리,고추장,간장,올리고당,설탕",30,쉬움,"점심,저녁","맑음,비,눈,더위,추위","봄,여름,가을,겨울",6869548,https://www.10000recipe.com/recipe/6869548,밥/죽/떡,,,35,,
마늘치킨구이 엄마표 마늘치킨,한식,"닭볶음용,소금,후추,강황가루,탄산수,간장,설탕,꿀,물,마늘,전분물",60,쉬움,저녁,"맑음,비,눈,더위,추위","봄,여름,가을,겨울",6869807,https://www.10000recipe.com/recipe/6869807,메인반찬,,,35,,
"비빔만두 만들기, 매콤새콤 계속 땡기는 바로 이 맛 !!",한식,"냉동만두,양배추,적양배추,당근,깻잎,고춧가루,고추장,식초,간장,올리고당,설탕,참기름,통깨",15,쉬움,"아침,점심,야식","맑음,비,눈,더위,추위","봄,여름,가을,겨울",6873677,https://www.10000recipe.com/recipe/6873677,면/만두,,,35,,
돼지고기 순두부찌개 얼큰하게 끓여서리~홀짝 홀짝!!,한식,"순두부,고기,양파,대파,청양고추,팽이버섯,계란,마늘,간장,고춧가루,소금",30,쉬움,"점심,저녁","맑음,비,눈,더위,추위","봄,여름,가을,겨울",6874050,https://www.10000recipe.com/recipe/6874050,찌개,,,35,,
초간단 참치김치찌개만들기!,한식,"김치,포기,참치,참기름,설탕,김치국물,물",10,쉬움,"아침,점심,야식","맑음,비,눈,더위,추위","봄,여름,가을,겨울",6891615,https://www.10000recipe.com/recipe/6891615,찌개,,,35,,
♥[신혼밥상] 참치마요김밥말이,한식,"참치캔,밥,도시락김,단무지,마요네즈,설탕,간장,통깨,후춧가루",20,쉬움,"점심,저녁","맑음,비,눈,더위,추위","봄,여름,가을,겨울",6919794,https://www.10000recipe.com/recipe/6919794,밥/죽/떡,,,35,,
간단요리 계란 양파덮밥 혼밥 자취레시피,한식,"양파,계란,간장,맛술,설탕,물",10,쉬움,"아침,점심,야식","맑음,비,눈,더위,추위","봄,여름,가을,겨울",6920148,https://www.10000recipe.com/recipe/6920148,밥/죽/떡,,,35,,
<건강식단>부드러운 순두부달걀탕!,한식,"순두부,계란,대파,다시멸치,건다시마,참치액,새우젓",15,쉬움,"아침,점심,야식","맑음,비,눈,더위,추위","봄,여름,가을,겨울",6925166,https://www.10000recipe.com/recipe/6925166,국/탕,,,35,,
비빔두부 찌개 만들기,한식,"두부,김치,베이컨,파,마늘,멸치가루,소금,후추,고춧가루,간장,기름",15,쉬움,"아침,점심,야식","맑음,비,눈,더위,추위","봄,여름,가을,겨울",5308915,https://www.10000recipe.com/recipe/5308915,찌개,,,34,,
집밥 백선생 백종원의 메리 함박스테이크,양식,"돼지고기,소고기,양파,마늘,케찹,빵가루,계란,소금,후추가루,식용유,버터,양송이버섯,설탕,간장,물",60,쉬움,저녁,"맑음,비,눈,더위,추위","봄,여름,가을,겨울",6840867,https://www.10000recipe.com/recipe/6840867,양식,,,34,,
찹스테이크,양식,"쇠고기등심또는안심,파프리카,양송이버섯,오이고추,마늘,양파,올리브유,버터생략가능,파슬리가루,케첩,소금,후추",30,쉬움,"점심,저녁","맑음,비,눈,더위,추위","봄,여름,가을,겨울",6840915,https://www.10000recipe.com/recipe/6840915,양식,,,34,,
오징어무국,한식,"오징어,무,파,청양고추,마늘,멸치다시마육수,간장,고춧가루,소금",30,쉬움,"점심,저녁","맑음,비,눈,더위,추위","봄,여름,가을,겨울",6841734,https://www.10000recipe.com/recipe/6841734,국/탕,,,34,,
"반찬 필요 없는 간단 한그릇요리/새송이 버섯덮밥,버섯 잡채덮밥",한식,"미니새송이버섯,당면,청양고추,식초,간장,올리고당,소금,황설탕,맛술,매실청,후추,참기름,깨,기름",30,쉬움,"점심,저녁","맑음,비,눈,더위,추위","봄,여름,가을,겨울",6853132,https://www.10000recipe.com/recipe/6853132,밥/죽/떡,,,34,,
간장떡볶이 아이들 간식으로 굿~,한식,"떡볶이떡,간장,양파,대파,후추,참기름,설탕,어묵,물",15,쉬움,"아침,점심,야식","맑음,비,눈,더위,추위","봄,여름,가을,겨울",6854402,https://www.10000recipe.com/recipe/6854402,밥/죽/떡,,,34,,
"얼큰, 시원한 서더리 매운탕",한식,"회뜨고남은머리와뼈광어,무,호박,양파,청양고추,홍고추,깻잎,두부,된장,마늘,고춧가루,간장,소금,생수,다시마",30,쉬움,"점심,저녁","맑음,비,눈,더위,추위","봄,여름,가을,겨울",6875755,https://www.10000recipe.com/recipe/6875755,국/탕,,,34,,
한우차돌박이청국장찌개! 구수한 향내에 반한다! (국물요리),한식,"한우차돌박이,청국장,된장,신김치,두부,양파,애호박,청양홍고추,청양고추,대파,멸치다시마육수,오일",60,쉬움,저녁,"맑음,비,눈,더위,추위","봄,여름,가을,겨울",6879113,https://www.10000recipe.com/recipe/6879113,찌개,,,34,,
【10분 완성】초간단 영양가득 한그릇 - 대파 계란 볶음밥 만드는 법!,한식,"대파,계란,밥,소금,후춧가루",10,보통,"아침,점심,야식","맑음,비,눈,더위,추위","봄,여름,가을,겨울",6883128,https://www.10000recipe.com/recipe/6883128,밥/죽/떡,,,34,,
초간단 식빵 츄러스 레시피!달콤바삭한 꿀맛간식,한식,"식빵,버터,설탕,계피가루",5,쉬움,"아침,점심,야식","맑음,비,눈,더위,추위","봄,여름,가을,겨울",6895633,https://www.10000recipe.com/recipe/6895633,,,,34,,
깐풍만두,한식,"냉동만두,대파,마늘,홍고추,간장,식초,올리고당,설탕,맛술,후춧가루",60,쉬움,저녁,"맑음,비,눈,더위,추위","봄,여름,가을,겨울",6902078,https://www.10000recipe.com/recipe/6902078,면/만두,,,34,,
밥도둑 대패삼겹살 김치찌개,한식,"김치,대패삼겹살,대파,김치국물,마늘,간장,고추장,설탕,소금,참기름,치킨스톡생략가능",30,쉬움,"점심,저녁","맑음,비,눈,더위,추위","봄,여름,가을,겨울",6903487,https://www.10000recipe.com/recipe/6903487,찌개,,,34,,
부드러운 부추 스팸햄 전,한식,"부추,스팸햄,청양고추,홍고추,계란,식용유",10,쉬움,"아침,점심,야식","맑음,비,눈,더위,추위","봄,여름,가을,겨울",6907166,https://www.10000recipe.com/recipe/6907166,메인반찬,,,34,,
다이어트엔 도토리 묵사발!! 한끼식사는 물론 여름엔 최고랍니다.^^,한식,"도토리묵,오이,김치,동치미육수,설탕,식초,통깨",10,쉬움,"아침,점심,야식","맑음,비,눈,더위,추위","봄,여름,가을,겨울",6913351,https://www.10000recipe.com/recipe/6913351,국/탕,,,34,,
♥[신혼밥상] 속이 뻥뚫리는 콩나물국,한식,"콩나물,마늘,대파,소금,청양고추",20,쉬움,"점심,저녁","맑음,비,눈,더위,추위","봄,여름,가을,겨울",6916500,https://www.10000recipe.com/recipe/6916500,국/탕,,,34,,
간단국 추천! 시원 칼칼한 김치콩나물국 안주로도 좋아요~,한식,"신김치,콩나물,봉지,어묵,마늘,간장,액젓,파,물",20,쉬움,"점심,저녁","맑음,비,눈,더위,추위","봄,여름,가을,겨울",6920613,https://www.10000recipe.com/recipe/6920613,국/탕,,,34,,
맛남의 광장 백종원 태국식 시금치덮밥,한식,"시금치,간돼지고기,마늘,청양고추,홍고추,계란,소금,식용유,흑설탕,액젓,간장,물",20,쉬움,"점심,저녁","맑음,비,눈,더위,추위","봄,여름,가을,겨울",6928540,https://www.10000recipe.com/recipe/6928540,밥/죽/떡,,,34,,
♥[신혼밥상] 구수한 배춧국,한식,"알배추,된장,대파,마늘,고춧가루,청양고추,멸치다시다육수또는생수",20,쉬움,"점심,저녁","맑음,비,눈,더위,추위","봄,여름,가을,겨울",6930757,https://www.10000recipe.com/recipe/6930757,국/탕,,,34,,
쫄깃한 닭다리살로 오야꼬동(일본식 닭고기 덮밥) 만들기!,한식,"닭다리살,양파,계란,밥,표고버섯,간장,설탕,맛술,꿀,고춧가루",15,쉬움,"아침,점심,야식","맑음,비,눈,더위,추위","봄,여름,가을,겨울",6979678,https://www.10000recipe.com/recipe/6979678,밥/죽/떡,,,34,,
추위를 녹여주는 한그릇 요리 오징어짬뽕,중식,"오징어,대파,홍고추,청양고추,양파,애호박,다시마,멸치,건새우,소금,후춧가루,간장,맛술,고춧가루,마늘,식용유혹은고추기름",60,쉬움,저녁,"맑음,비,눈,더위,추위","봄,여름,가을,겨울",4530245,https://www.10000recipe.com/recipe/4530245,면/만두,,,33,,
꽃게된장찌개,한식,"호박,감자,양파,청량고추,두부,꽃게,된장",30,쉬움,"점심,저녁","맑음,비,눈,추위",봄,6798540,https://www.10000recipe.com/recipe/6798540,찌개,담백함,봄,33,,
닭가슴살계란덮밥 반찬없이도 맛있는 한그릇메뉴!,한식,"닭가슴살,계란,양파,버섯,당근,대파냉장고속채소,간장,설탕,물,참기름,마늘,후추",30,쉬움,"점심,저녁","맑음,비,눈,더위,추위","봄,여름,가을,겨울",6835493,https://www.10000recipe.com/recipe/6835493,밥/죽/떡,,,33,,
건강지킴이! 닭가슴살 들깨 미역국,한식,"닭가슴살,불린미역,참기름,간장,액젓,들깨가루,마늘",30,쉬움,"점심,저녁","맑음,비,눈,더위,추위","봄,여름,가을,겨울",6838900,https://www.10000recipe.com/recipe/6838900,국/탕,,,33,,
토마토라면@ 권오중셰프의 이색방토라면레시피,한식,"라면,토마토,양파,청양고추,식초,마늘",10,쉬움,"아침,점심,야식","맑음,비,눈,더위,추위","봄,여름,가을,겨울",6847969,https://www.10000recipe.com/recipe/6847969,면/만두,,,33,,
백종원 잔치국수,한식,"소면,양파,당근,간장,계란,청양고추,대파,물,고춧가루,마늘,설탕,참기름,으깬깨",15,쉬움,"아침,점심,야식","맑음,비,눈,더위,추위","봄,여름,가을,겨울",6848132,https://www.10000recipe.com/recipe/6848132,면/만두,,,33,,
[뜨근한국물/간단국만들기]겨울철 뜨끈한 바지락국 만들기☆,한식,"바지락,양파,대파,물,두부,마늘,새우젓,굵은소금,맛술",60,쉬움,저녁,"맑음,비,눈,더위,추위","봄,여름,가을,겨울",6861814,https://www.10000recipe.com/recipe/6861814,국/탕,,,33,,
"떡꼬치, 길거리 분식 떡꼬치",한식,"떡볶이떡,식용유,고추장,케찹,설탕,간장,마늘,후추",15,쉬움,"아침,점심,야식","맑음,비,눈,더위,추위","봄,여름,가을,겨울",6865097,https://www.10000recipe.com/recipe/6865097,밥/죽/떡,,,33,,
"메밀소바 레시피, 시원한 여름 별미! 냉메밀국수",한식,"무,대파,고추냉이,김가루,오이,동치미무,쯔유,냉수",30,쉬움,"점심,저녁","맑음,비,눈,더위,추위","봄,여름,가을,겨울",6872606,https://www.10000recipe.com/recipe/6872606,면/만두,,,33,,
"돈까스덮밥 , 집밥 백선생 가츠동 혼밥메뉴로 제격 !!",일식,"돈까스,양파,계란,대파,밥,식용유,물,미림,간장,설탕",30,쉬움,"점심,저녁","맑음,비,눈,더위,추위","봄,여름,가을,겨울",6881990,https://www.10000recipe.com/recipe/6881990,밥/죽/떡,,,33,,
우렁된장찌개 달착지근하고 감칠맛나는 우렁 맛있게 끓이는 법!,한식,"우렁,두부,멸치,양파,불린표고버섯,애호박,청양고추,물,된장,고춧가루,송송썬대파",30,보통,"점심,저녁","맑음,비,눈,더위,추위","봄,여름,가을,겨울",6882386,https://www.10000recipe.com/recipe/6882386,찌개,,,33,,
"[핑거푸드] 다이어트에도 좋은 ""파프리카 계란찜""♪",한식,"계란,파프리카빨강,파프리카노랑,애호박다진것,다진당근,대파다진것,소금",10,쉬움,"아침,점심,야식","맑음,비,눈,더위,추위","봄,여름,가을,겨울",6904793,https://www.10000recipe.com/recipe/6904793,,,,33,,
가지 그라탱 / eggplant Gratain,양식,"가지,양파,모짜렐라치즈,버터,마늘,소금,후추,바질",30,쉬움,"점심,저녁","맑음,더위",여름,6906406,https://www.10000recipe.com/recipe/6906406,양식,고소함,여름,33,,
밥에 쓱싹 비벼 먹는 참치 양념장,한식,"마일드참치,양파,간장,미림,참기름이나들기름,후추",15,쉬움,"아침,점심,야식","맑음,비,눈,더위,추위","봄,여름,가을,겨울",6916403,https://www.10000recipe.com/recipe/6916403,메인반찬,,,33,,
<소고기콩나물무국>뜨끈한 소고기무국으로 든든한 한그릇 국밥~!,한식,"소고기국거리,무,콩나물,대파,참기름,다시마육수,간장,마늘,맛술,액젓,후추가루",60,보통,저녁,"맑음,비,눈,더위,추위","봄,여름,가을,겨울",6928170,https://www.10000recipe.com/recipe/6928170,국/탕,,,33,,
수미네 반찬 소고기 뭇국 끓이기. 경상도식이 더 맛있네~ 간단한 국 요리,한식,"소고기국거리용,무,대파,마늘,고춧가루,간장,물,후춧가루탈탈탈",60,쉬움,저녁,"맑음,비,눈,더위,추위","봄,여름,가을,겨울",6934526,https://www.10000recipe.com/recipe/6934526,국/탕,,,33,,
얼갈이 된장국,한식,"얼갈이,대파,마늘,청양고추,식용유,된장,다시다,굵은고추가루,꽃소금",15,쉬움,"아침,점심,야식","맑음,비,눈,더위,추위","봄,여름,가을,겨울",6937586,https://www.10000recipe.com/recipe/6937586,국/탕,,,33,,
매콤 새콤 달콤 칠리새우볶음.(칠리새우덮밥),한식,"새우,후추,고추장,케첩,올리고당,마늘,고춧가루,물,간장",10,쉬움,"아침,점심,야식","맑음,비,눈,더위,추위","봄,여름,가을,겨울",6956155,https://www.10000recipe.com/recipe/6956155,메인반찬,,,33,,
"백종원 돈까스덮밥, 가츠동 만들기",일식,"밥,돈까스,양파,대파,계란,간장,맛술,설탕,물",15,쉬움,"아침,점심,야식","맑음,비,눈,더위,추위","봄,여름,가을,겨울",6956731,https://www.10000recipe.com/recipe/6956731,밥/죽/떡,,,33,,
두부오꼬노미야끼,한식,"두부,계란,양파,양배추잎,감자전분,소금,후추",30,쉬움,"점심,저녁","맑음,비,눈,더위,추위","봄,여름,가을,겨울",3976406,https://www.10000recipe.com/recipe/3976406,,,,32,,
김치콩나물해장국 만드는 법,한식,"콩나물,신김치,떡국떡,멸치육수,대파,마늘,밥,공기,계란,새우젓",30,쉬움,"점심,저녁","맑음,비,눈,더위,추위","봄,여름,가을,겨울",4555995,https://www.10000recipe.com/recipe/4555995,국/탕,,,32,,
베이컨치즈토스트 만들기,한식,"식빵,베이컨,체다치즈,계란,버터",30,쉬움,"점심,저녁","맑음,비,눈,더위,추위","봄,여름,가을,겨울",6541723,https://www.10000recipe.com/recipe/6541723,,,,32,,
다이어트 두부쌈장,한식,"두부,청양고추,양파,마늘,된장,고추장,들기름또는참기름",15,쉬움,"아침,점심,야식","맑음,비,눈,더위,추위","봄,여름,가을,겨울",6830560,https://www.10000recipe.com/recipe/6830560,,,,32,,
"두부로 만드는 ""콩국수""♪",한식,"중면,오이,두부,우유,두유,설탕,소금,아몬드,깨",15,쉬움,"아침,점심,야식","맑음,비,눈,더위,추위","봄,여름,가을,겨울",6832715,https://www.10000recipe.com/recipe/6832715,면/만두,,,32,,
초간단 연두부반찬,한식,"연두부,대파,다진청양고추,마늘,간장,고춧가루,깨소금,참기름",5,쉬움,"아침,점심,야식","맑음,비,눈,더위,추위","봄,여름,가을,겨울",6834258,https://www.10000recipe.com/recipe/6834258,,,,32,,
볶은돼지고기 된장찌개,한식,"돼지고기,두부,표고버섯,파,토막,양파,마늘,애호박,고추,된장,고춧가루,고추장",30,쉬움,"점심,저녁","맑음,비,눈,더위,추위","봄,여름,가을,겨울",6835615,https://www.10000recipe.com/recipe/6835615,찌개,,,32,,
두부김치볶음밥,한식,"두부,김치,계란,밥,통깨,참기름,간장또는소금",15,쉬움,"아침,점심,야식","맑음,비,눈,더위,추위","봄,여름,가을,겨울",6841555,https://www.10000recipe.com/recipe/6841555,밥/죽/떡,,,32,,
에그인헬 만드는 법,양식,"마늘,양파,파프리카,양송이버섯,소세지,베이컨,방울토마토,바질잎,계란,우유,소금,후추,치즈,버터or식용유,여기에신의한수인청양고추",30,쉬움,"점심,저녁","맑음,비,눈,더위,추위","봄,여름,가을,겨울",6846641,https://www.10000recipe.com/recipe/6846641,양식,,,32,,
"""참치 김치찌개 황금레시피"" 공유~* , 2tv 생생정보 레시피 ,",한식,"참치g,김치,김치국물,참치기름,두부,양파,대파,고춧가루,소금,물",20,보통,"점심,저녁","맑음,비,눈,더위,추위","봄,여름,가을,겨울",6846739,https://www.10000recipe.com/recipe/6846739,찌개,,,32,,
[간단 자취요리] 휴게소 음식! 소떡소떡 집에서 만들기,한식,"떡,소세지,고추장,설탕,케찹,마늘,물",15,쉬움,"아침,점심,야식","맑음,비,눈,더위,추위","봄,여름,가을,겨울",6850301,https://www.10000recipe.com/recipe/6850301,밥/죽/떡,,,32,,
물만두달걀국 - 간단국으로 딱 좋은 메뉴,한식,"물만두,멸치다시마육수,계란,간장,대파,소금,후추",15,쉬움,"아침,점심,야식","맑음,비,눈,더위,추위","봄,여름,가을,겨울",6857961,https://www.10000recipe.com/recipe/6857961,국/탕,,,32,,
"[참치캔요리]깻잎참치전 만들기,도시락반찬 ​",한식,"계란,깻잎,참치캔,밀가루,양파,청양고추,소금,후추,마늘",15,쉬움,"아침,점심,야식","맑음,비,눈,더위,추위","봄,여름,가을,겨울",6859611,https://www.10000recipe.com/recipe/6859611,메인반찬,,,32,,
매콤한 김치와 보드라운 순두부의 만남! 김치순두부찌개!!,한식,"김치,순두부,대파cm,계란,멸치다시마육수,참기름,고춧가루,마늘,간장,소금,후추",30,쉬움,"점심,저녁","맑음,비,눈,더위,추위","봄,여름,가을,겨울",6862502,https://www.10000recipe.com/recipe/6862502,찌개,,,32,,
연두부 계란탕~*,한식,"연두부,계란,대파,다시멸치,다시마,물,소금,까나리액젓,마늘",15,쉬움,"아침,점심,야식","맑음,비,눈,더위,추위","봄,여름,가을,겨울",6870827,https://www.10000recipe.com/recipe/6870827,국/탕,,,32,,
(집에서 즐기는 술안주) 스키야키 / 일본식 전골 - 홈파티 요리,한식,"불고기용소고기,대파,두부,양파,표고버섯,계란,느타리버섯,쑥갓,실곤약,청양고추,물,다시마,가쓰오부시,표고버섯기둥선택,맛술,간장,육수,설탕",90,쉬움,저녁,"맑음,비,눈,더위,추위","봄,여름,가을,겨울",6870940,https://www.10000recipe.com/recipe/6870940,국/탕,,,32,,
전자레인지계란밥,한식,"물,계란,즉석밥,양파,햄,파",15,쉬움,"아침,점심,야식","맑음,비,눈,더위,추위","봄,여름,가을,겨울",6875356,https://www.10000recipe.com/recipe/6875356,밥/죽/떡,,,32,,
대패 삼겹살 순두부 짜 글이 인기 메뉴,한식,"대패삼겹살,순두부,양파,느타리버섯,청양고추,홍고추,대파,마늘,생강즙,간장,맛술,설탕,고춧가루,고추장,참기름,후춧가루,멸치다시마육수",15,쉬움,"아침,점심,야식","맑음,비,눈,더위,추위","봄,여름,가을,겨울",6877051,https://www.10000recipe.com/recipe/6877051,찌개,매콤함,미분류,32,,
(집에서 즐기는 술안주) 콩나물찜 - 간단 술안주,한식,"콩나물g,양파,대파,고추장,고춧가루,마늘,설탕,간장,전분물,참기름,통깨,전분,물",15,쉬움,"아침,점심,야식","맑음,비,눈,더위,추위","봄,여름,가을,겨울",6883732,https://www.10000recipe.com/recipe/6883732,메인반찬,,,32,,
촉촉한 양배추에 닭가슴살+상큼 야채를 돌돌~담백하게 시작하는 일주일!닭가슴살 양배추말이,한식,"양배추,닭가슴살,깻잎,빨간파프리카,당근,새송이버섯,된장,마요네즈,참깨,맛술,설탕,물",30,쉬움,"점심,저녁","맑음,비,눈,더위,추위","봄,여름,가을,겨울",6884169,https://www.10000recipe.com/recipe/6884169,메인반찬,,,32,,
생생정보통 순두부찌개 레시피 칼칼하니 맛있네 ~,한식,"순두부,양파,대파,계란,멸치육수약ml정도,마늘,고춧가루,참기름,다진돼지고기,멸치육수,새우가루,간장,소금",30,보통,"점심,저녁","맑음,비,눈,더위,추위","봄,여름,가을,겨울",6893950,https://www.10000recipe.com/recipe/6893950,찌개,,,32,,
"명절, 제사 남은 전을 활용한 음식! 칼칼하고 시원한 국물이 일품! 전찌개 끓여봐요",한식,"무나박썰기한것,양파,모듬전,쌀뜨물,파,간장,멸치액젓,마늘,고춧가루",15,쉬움,"아침,점심,야식","맑음,비,눈,더위,추위","봄,여름,가을,겨울",6897404,https://www.10000recipe.com/recipe/6897404,찌개,,,32,,
얼큰하고 매운 소고기 버섯전골,한식,"소고기불고깃감,새송이버섯,표고버섯,팽이버섯,느타리버섯,대파,양파,홍고추,알배기배추,두부,당근생략가능,물,고추장,고춧가루,된장,마늘,설탕,간장",60,쉬움,저녁,"맑음,비,눈,더위,추위","봄,여름,가을,겨울",6905666,https://www.10000recipe.com/recipe/6905666,국/탕,,,32,,
별미 삼겹살조림,한식,"삼겹살,대파채,간장,물,물엿,생강술,맛술,연겨자",30,쉬움,"점심,저녁","맑음,비,눈,더위,추위","봄,여름,가을,겨울",2521323,https://www.10000recipe.com/recipe/2521323,메인반찬,,,31,,
소고기무국 끓이는법...,한식,"무,소고기,물,마늘,간장,들기름,소금,건새우가루",30,보통,"점심,저녁","맑음,비,눈,더위,추위","봄,여름,가을,겨울",4029247,https://www.10000recipe.com/recipe/4029247,국/탕,,,31,,
버섯 샐러드(파사파사 샐러드),한식,"버섯한입크기로썰어서,마늘다진것,래디쉬옵션,시금치,비타민채소,양상추,로메인,간장,맛술,설탕,물엿,생강가루옵션,후추,발사믹식초,올리브오일",15,쉬움,"아침,점심,야식","맑음,비,눈,더위,추위","봄,여름,가을,겨울",6829454,https://www.10000recipe.com/recipe/6829454,,,,31,,
명란 달걀죽,한식,"밥g,물ml,계란,대파,명란,참기름,마늘,소금,후추",30,쉬움,"점심,저녁","맑음,비,눈,더위,추위","봄,여름,가을,겨울",6830900,https://www.10000recipe.com/recipe/6830900,밥/죽/떡,,,31,,
<집밥 백선생>봤슈? '봉골레 파스타' 만들어 봐유~,양식,"바지락,스파게티원동전크기,마늘,풋고추,청양고추,올리브유,소금",60,쉬움,저녁,"맑음,비,눈,더위,추위","봄,여름,가을,겨울",6835812,https://www.10000recipe.com/recipe/6835812,면/만두,,,31,,
애호박새우젓국 :: 시원칼칼해요 강추!!,한식,"애호박,양파,순두부,대파,청양고추,멸치다시육수,마늘,새우젓",15,쉬움,"아침,점심,야식","맑음,비,눈,더위,추위","봄,여름,가을,겨울",6837953,https://www.10000recipe.com/recipe/6837953,국/탕,,,31,,
쯔유로 어묵우동 만들기,일식,"어묵,파,표고버섯,맛살,쯔유,소금,물",15,쉬움,"아침,점심,야식","맑음,비,눈,더위,추위","봄,여름,가을,겨울",6842295,https://www.10000recipe.com/recipe/6842295,면/만두,,,31,,
<찹스테이크 만들기> 소고기요리 채끝살로 만든 백종원표 찹스테이크만들기,양식,"소고기채끝등심,양파작은사이즈,홍파프리카,노란파프리카,통마늘,당근,표고버섯,케찹,올리고당또는물엿,마늘,맛술,허브맛솔트,버터,식용유",120,쉬움,저녁,"맑음,비,눈,더위,추위","봄,여름,가을,겨울",6853413,https://www.10000recipe.com/recipe/6853413,양식,,,31,,
"아이들 점심으로 만든....버터오징어 볶음밥, 오징어버터 볶음밥",한식,"식용유,버터,마늘,양파,대파,오징어다리두마리분,허브솔트,밥,통깨,계란후라이",30,쉬움,"점심,저녁","맑음,비,눈,더위,추위","봄,여름,가을,겨울",6853864,https://www.10000recipe.com/recipe/6853864,밥/죽/떡,,,31,,
감자 치즈 소시지 오믈렛,양식,"감자,소시지,양파,체다치즈,모짜렐라치즈,계란,소금,후추",15,쉬움,"아침,점심,야식","맑음,비,눈,더위,추위","봄,여름,가을,겨울",6856552,https://www.10000recipe.com/recipe/6856552,양식,,,31,,
<삼시세끼 김치수제비> 종가집 포기김치로 끓인 얼큰 수제비,한식,"밀가루,송송썬김치,자른다시마,물,대파,참기름,된장,간장",30,보통,"점심,저녁","맑음,비,눈,더위,추위","봄,여름,가을,겨울",6859265,https://www.10000recipe.com/recipe/6859265,면/만두,,,31,,
굴콩나물국 - 시원하니 맛있는 굴국끓이기,한식,"굴,콩나물,물,청양고추,홍고추,대파,새우젓,소금,후추,다시마",30,쉬움,"점심,저녁","맑음,비,눈,더위,추위","봄,여름,가을,겨울",6861088,https://www.10000recipe.com/recipe/6861088,국/탕,,,31,,
백종원 비빔국수로 혼밥~,한식,"건소면,물,김치,간장,고추장,굴은고춧가루,설탕,참기름",15,쉬움,"아침,점심,야식","맑음,비,눈,더위,추위","봄,여름,가을,겨울",6862699,https://www.10000recipe.com/recipe/6862699,면/만두,,,31,,
캔 꽁치 무 찌개,한식,"꽁치캔,양파,대파,무,간장,고춧가루,마늘,올리고당,후추,맛술",30,쉬움,"점심,저녁","맑음,비,눈,더위,추위","봄,여름,가을,겨울",6875346,https://www.10000recipe.com/recipe/6875346,찌개,매콤함,미분류,31,,
가래떡으로 떡꼬치 만드는 황금레시피,한식,"가래떡,올리브유,버터,고추장,올리고당,설탕,케찹",15,쉬움,"아침,점심,야식","맑음,비,눈,더위,추위","봄,여름,가을,겨울",6882477,https://www.10000recipe.com/recipe/6882477,밥/죽/떡,,,31,,
어묵김치찌개 당면 넣어 맛있게 끓여 먹어요,한식,"김치,포기,어묵,양파,고춧가루,간장,맛술,멸치육수,당면,마늘,대파,후추",30,쉬움,"점심,저녁","맑음,비,눈,더위,추위","봄,여름,가을,겨울",6885046,https://www.10000recipe.com/recipe/6885046,찌개,,,31,,
야식으로 딱! 입맛돋구는 비빔칼국수만드는법 / 칼비빔면,한식,"계란,상추,대패삼겹살,고추장듬뿍,물엿,고춧가루,식초,참기름,설탕,통깨",15,쉬움,"아침,점심,야식","맑음,비,눈,더위,추위","봄,여름,가을,겨울",6888416,https://www.10000recipe.com/recipe/6888416,면/만두,,,31,,
두부스팸김치전골 뜨끈하게 먹기,한식,"김치,양파,스팸,두부,대파,뿌리,팽이버섯,뚝배기",30,쉬움,"점심,저녁","맑음,비,눈,더위,추위","봄,여름,가을,겨울",6891797,https://www.10000recipe.com/recipe/6891797,국/탕,,,31,,
짭짤달달~ 간장 오징어덮밥,한식,"오징어,양파,당근,대파,간장,마늘,설탕,물엿,청주,후추,깨소금,참기름",30,쉬움,"점심,저녁","맑음,비,눈,더위,추위","봄,여름,가을,겨울",6909646,https://www.10000recipe.com/recipe/6909646,밥/죽/떡,,,31,,
충청도식 애호박국수,한식,"소면,애호박,소금,통깨,참기름,물,식용유,마늘,간장,설탕,고춧가루",15,쉬움,"아침,점심,야식","맑음,비,눈,더위,추위","봄,여름,가을,겨울",6920958,https://www.10000recipe.com/recipe/6920958,면/만두,,,31,,
♥[신혼밥상] 따뜻*든든 참치김치죽,한식,"찬밥,김치,참치캔,계란,고춧가루,설탕,멸치다시마육수",30,쉬움,"점심,저녁","맑음,비,눈,더위,추위","봄,여름,가을,겨울",6931547,https://www.10000recipe.com/recipe/6931547,밥/죽/떡,,,31,,
백종원 무조림 만드는법 멸치육수로 만드는 깔끔한 무요리,한식,"무,양파,대파,고춧가루,간장,마늘,들기름,올리고당,후추,맛술",60,쉬움,저녁,"맑음,비,눈,더위,추위","봄,여름,가을,겨울",6933798,https://www.10000recipe.com/recipe/6933798,메인반찬,,,31,,
무기징역 고추장삼겹살 레시피,한식,"고춧가루,고추장,맛술,설탕,마늘,간장,깨,양파,대파,청양고추,삼겹살",60,쉬움,저녁,"맑음,비,눈,더위,추위","봄,여름,가을,겨울",6980995,https://www.10000recipe.com/recipe/6980995,메인반찬,,,31,,
느타리버섯 쇠고기국,한식,"느타리버섯,쇠고기,대파,고춧가루,물,마늘,간장,소금,참기름,후춧가루",30,보통,"점심,저녁","맑음,비,눈,더위,추위","봄,여름,가을,겨울",4047742,https://www.10000recipe.com/recipe/4047742,국/탕,,,30,,
간단한끼 스팸참치마요밥버거,한식,"김자반or김가루,스팸햄,참치통조림,김치,올리고당,참기름,구운소금,깨소금,마요네즈",30,쉬움,"점심,저녁","맑음,비,눈,더위,추위","봄,여름,가을,겨울",6831361,https://www.10000recipe.com/recipe/6831361,밥/죽/떡,,,30,,
소고기요리 소고기 초밥 배합초 최고예요,일식,"양파,무순,등심,안심,홍두깨살,간장,올리고당,설탕,참기름,로즈마리,배합초식초,소금,생와사비",30,쉬움,"점심,저녁","맑음,비,눈,더위,추위","봄,여름,가을,겨울",6832489,https://www.10000recipe.com/recipe/6832489,밥/죽/떡,,,30,,
맑은순두부찌개,한식,"순두부,양파,애호박,버섯,새우,멸치다시육수,간장,소금,마늘",30,쉬움,"점심,저녁","맑음,비,눈,더위,추위","봄,여름,가을,겨울",6833228,https://www.10000recipe.com/recipe/6833228,찌개,,,30,,
간단한 요리: 김치덮밥 레시피 공개,한식,"익은김치,포기,소세지,썬파,김가루,깨,계란프라이,올리브유,올리고당,고추장,물,설탕,참기름",15,쉬움,"아침,점심,야식","맑음,비,눈,더위,추위","봄,여름,가을,겨울",6835921,https://www.10000recipe.com/recipe/6835921,밥/죽/떡,,,30,,
구수하면서 달달한 알배추 된장국,한식,"알배추,다시마,물육수ml,된장,마늘,대파,멸치가루,액젓or소금",30,쉬움,"점심,저녁","맑음,비,눈,더위,추위","봄,여름,가을,겨울",6843671,https://www.10000recipe.com/recipe/6843671,국/탕,,,30,,
[국]초초간단 새우젓 콩나물국,한식,"콩나물,마늘,새우젓,청양고추,송송썬쪽파",30,쉬움,"점심,저녁","맑음,비,눈,더위,추위","봄,여름,가을,겨울",6845374,https://www.10000recipe.com/recipe/6845374,국/탕,,,30,,
볶음우동,일식,"숙주나물,양파,파,맛술,간장,올리고당,참기름,후추,마늘",15,쉬움,"아침,점심,야식","맑음,비,눈,더위,추위","봄,여름,가을,겨울",6846457,https://www.10000recipe.com/recipe/6846457,면/만두,,,30,,
[간단 자취요리] 스테이크동 자취버전! 스팸동 만들기 / 스팸돈부리 / 스팸요리,양식,"통조림햄,밥,파생략가능,물,간장,맛술,설탕",15,쉬움,"아침,점심,야식","맑음,비,눈,더위,추위","봄,여름,가을,겨울",6855124,https://www.10000recipe.com/recipe/6855124,밥/죽/떡,,,30,,
고구마치즈맛탕 - 맛탕도 아주 간단하게!! 고구마 좋앙~♡,한식,"고구마,식용유,설탕,식초,모짜렐라치즈",30,쉬움,"점심,저녁","맑음,비,눈,더위,추위","봄,여름,가을,겨울",6857658,https://www.10000recipe.com/recipe/6857658,,,,30,,
"[간단 자취요리] 자취생도 만든다! 김밥보다 쉬운 크래미롤, 캘리포니아롤 만들기",한식,"밥,김,오이,크래미팩,마요네즈,식초,설탕,소금",60,쉬움,저녁,"맑음,비,눈,더위,추위","봄,여름,가을,겨울",6863677,https://www.10000recipe.com/recipe/6863677,밥/죽/떡,,,30,,
먹기 아까울 정도로 귀여운 '문어 주먹밥' 만들기,한식,"밥작은g,새우살잘게다진,당근잘게다진,비엔나소시지,식용유,검은깨또는김,케찹,간장,올리고당",30,쉬움,"점심,저녁","맑음,비,눈,더위,추위","봄,여름,가을,겨울",6865762,https://www.10000recipe.com/recipe/6865762,밥/죽/떡,,,30,,
계란감자국 끓이는법 해장국으로도 추천,한식,"멸치육수용,감자,양파,대파,계란,간장,마늘,소금,후추",30,쉬움,"점심,저녁","맑음,비,눈,더위,추위","봄,여름,가을,겨울",6872713,https://www.10000recipe.com/recipe/6872713,국/탕,,,30,,
백종원 참치김치찌개 포인트 하나면 끝,한식,"참치,홍고추,김치,대파,쌀뜨물,설탕,들기름,마늘,참치기름,고춧가루",15,쉬움,"아침,점심,야식","맑음,비,눈,더위,추위","봄,여름,가을,겨울",6881607,https://www.10000recipe.com/recipe/6881607,찌개,,,30,,
담백한 차돌박이부추말이찜 레시피,한식,"차돌박이,부추,팽이버섯,소금,후추,깨,간장,맛술,꿀,마늘,겨자,참기름",30,쉬움,"점심,저녁","맑음,비,눈,더위,추위","봄,여름,가을,겨울",6888132,https://www.10000recipe.com/recipe/6888132,메인반찬,,,30,,
"도토리묵사발 만드는 법, 시판 냉면육수로 만든 여름철 별미",한식,"도토리묵g,오이,조미김잘게썬,시판냉면육수,식초,설탕,신김치,참기름",10,쉬움,"아침,점심,야식","맑음,비,눈,더위,추위","봄,여름,가을,겨울",6895689,https://www.10000recipe.com/recipe/6895689,국/탕,,,30,,
10분이면 뚝딱! 밥보다 면이지~ 간장계란면:D,한식,"소면원동전,계란,간장,올리고당,매실액,식초,참기름,고춧가루,후추",10,쉬움,"아침,점심,야식","맑음,비,눈,더위,추위","봄,여름,가을,겨울",6904806,https://www.10000recipe.com/recipe/6904806,면/만두,,,30,,
밑반찬으로 참 좋은 매콤달콤' 백종원 건새우볶음',한식,"건새우,대파,간장,고춧가루,설탕,마늘,식용유,통깨,물,참기름,올리고당",15,쉬움,"아침,점심,야식","맑음,비,눈,더위,추위","봄,여름,가을,겨울",6907814,https://www.10000recipe.com/recipe/6907814,,,,30,,
술안주로 딱인 중독성 강한 엄마표 매운닭발 만들기,한식,"닭발,양파,파,생강,후추,청주,고추장,고춧가루,간장,물엿,매실액,설탕,마늘",90,보통,저녁,"맑음,비,눈,더위,추위","봄,여름,가을,겨울",6940335,https://www.10000recipe.com/recipe/6940335,국/탕,,,30,,
"볶음밥, 주먹밥 어디든 잘 어울리는 '만능 소고기볶음'",한식,"소고기,마늘,간장,맛술,설탕,후추,참기름,통깨",20,쉬움,"점심,저녁","맑음,비,눈,더위,추위","봄,여름,가을,겨울",6947579,https://www.10000recipe.com/recipe/6947579,,,,30,,
짭쪼름하고 쫄깃해 입맛살리는 양념꼬막만들기,한식,"꼬막,굵은소금,고춧가루,간장,참기름,생강즙,설탕,마늘,다진홍고추,다진부추,다진양파,참깨",30,쉬움,"점심,저녁","맑음,비,눈,더위,추위","봄,여름,가을,겨울",5269045,https://www.10000recipe.com/recipe/5269045,,,,29,,
부추 굴국 끓이는 법,한식,"굴,부추,무,다시마,소금,마늘,후춧가루",5,쉬움,"아침,점심,야식","맑음,비,눈,더위,추위","봄,여름,가을,겨울",6549749,https://www.10000recipe.com/recipe/6549749,국/탕,,,29,,
"알록달록, ""파프리카볶음밥""♪",한식,"밥,파프리카,대파,계란,참기름,깨",15,쉬움,"아침,점심,야식","맑음,비,눈,더위,추위","봄,여름,가을,겨울",6832045,https://www.10000recipe.com/recipe/6832045,밥/죽/떡,,,29,,
"차돌박이 참나물 샐러드 , 쉽고 간단하지만 폼나고 맛있다.",한식,"참나물,차돌박이,마늘,참기름,간장,멸치액젓,식초,고춧가루,설탕,깨",15,쉬움,"아침,점심,야식","맑음,비,눈,더위,추위","봄,여름,가을,겨울",6841304,https://www.10000recipe.com/recipe/6841304,,,,29,,
[간단 자취요리] 달달짭짤~ 부타동 만들기,한식,"돼지고기,계란,대파,간장,맛술,설탕,물",30,쉬움,"점심,저녁","맑음,비,눈,더위,추위","봄,여름,가을,겨울",6857141,https://www.10000recipe.com/recipe/6857141,밥/죽/떡,,,29,,
"간단해도 맛은 짱, 감자 두부조림",한식,"두부,감자소g,양파중g,잔파,간장,물,매실청,올리고당,간마늘,고추장,고춧가루",30,쉬움,"점심,저녁","맑음,비,눈,더위,추위","봄,여름,가을,겨울",6871272,https://www.10000recipe.com/recipe/6871272,메인반찬,,,29,,
대패삼겹살말이 만들기,한식,"대패돼지고기,무순,파프리카,팽이버섯,간장,맛술,설탕,마늘",10,쉬움,"아침,점심,야식","맑음,비,눈,더위,추위","봄,여름,가을,겨울",6871438,https://www.10000recipe.com/recipe/6871438,메인반찬,,,29,,
"백종원 감자짜글이, 묘~한맛에 자꾸 손이가요~",한식,"통조림햄,양파,감자,대파,청량고추,된장,고추장,고춧가루,설탕,마늘,간장,후추",30,쉬움,"점심,저녁","맑음,비,눈,더위,추위","봄,여름,가을,겨울",6877988,https://www.10000recipe.com/recipe/6877988,찌개,,,29,,
"일본가정식, 서양에는 없는 일본의 서양파스타 나포리탄 ( ´ ▽ ` )ﾉ",양식,"스팸,작은캔,청경채,피망,양파,마늘,버터,파스타면,케찹,마요네즈,치킨스톡뜨거운물에푼것,식초",15,쉬움,"아침,점심,야식","맑음,비,눈,더위,추위","봄,여름,가을,겨울",6901822,https://www.10000recipe.com/recipe/6901822,면/만두,,,29,,
크리스마스날 어울리는 칵테일 새우 청경채 볶음,한식,"청경채,칵테일새우또는자숙새우,다진대파,마늘,식용유,참기름,간장,설탕,물,전분가루",10,쉬움,"아침,점심,야식","맑음,비,눈,더위,추위","봄,여름,가을,겨울",6902329,https://www.10000recipe.com/recipe/6902329,메인반찬,,,29,,
두부닭가슴살유부초밥,일식,"닭가슴살,두부,유부인용,소금,후추",30,쉬움,"점심,저녁","맑음,비,눈,더위,추위","봄,여름,가을,겨울",6903698,https://www.10000recipe.com/recipe/6903698,밥/죽/떡,,,29,,
소떡소떡 양념 맛이 최고,한식,"가래떡,소세지,고춧가루,고추장,물엿,간장,케첩,마늘,물",10,쉬움,"아침,점심,야식","맑음,비,눈,더위,추위","봄,여름,가을,겨울",6906121,https://www.10000recipe.com/recipe/6906121,밥/죽/떡,,,29,,
초간단 밥도둑 반찬! '깻잎스팸전'황금 레시피,한식,"스팸,계란,깻잎,밀가루",10,쉬움,"아침,점심,야식","맑음,비,눈,더위,추위","봄,여름,가을,겨울",6909721,https://www.10000recipe.com/recipe/6909721,메인반찬,,,29,,
신전 떡볶이 비밀 레시피 간단 자취 요리,한식,"떡볶이떡,고추장,고춧가루,간장,설탕,카레가루,후추",15,쉬움,"아침,점심,야식","맑음,비,눈,더위,추위","봄,여름,가을,겨울",6920708,https://www.10000recipe.com/recipe/6920708,밥/죽/떡,,,29,,
뽕! 탁! 이보다 쉬울수 없어! 초간단 자취요리! 카레치즈라면 ★,한식,"라면,라면스프,분카레,슬라이스치즈,물,파슬리가루",10,쉬움,"아침,점심,야식","맑음,비,눈,더위,추위","봄,여름,가을,겨울",6926477,https://www.10000recipe.com/recipe/6926477,면/만두,,,29,,
#초간단 된장찌개,한식,"두부,된장,고춧가루,대파,애호박,양파,새송이,팽이버섯,청양고추,멸치육수또는생수",20,쉬움,"점심,저녁","맑음,비,눈,더위,추위","봄,여름,가을,겨울",6926985,https://www.10000recipe.com/recipe/6926985,찌개,,,29,,
원팬 수플레 오믈렛 쉽게 만드는 법,양식,"계란,버터,소금,설탕,식용유,메이플시럽또는꿀",15,쉬움,"아침,점심,야식","맑음,비,눈,더위,추위","봄,여름,가을,겨울",6930877,https://www.10000recipe.com/recipe/6930877,양식,,,29,,
집나간 입맛 모셔오는 '얼큰 계란탕',한식,"계란,양파,청양고추,홍고추,대파,뿌리,물,새우젓,소금,후추,들기름참기름,마늘,고춧가루",30,쉬움,"점심,저녁","맑음,비,눈,더위,추위","봄,여름,가을,겨울",6949348,https://www.10000recipe.com/recipe/6949348,국/탕,,,29,,
간단하게 맛난 반찬 만들기 '베이컨 버섯볶음',한식,"베이컨,양파,미니새송이버섯,마늘",15,쉬움,"아침,점심,야식","맑음,비,눈,더위,추위","봄,여름,가을,겨울",6951564,https://www.10000recipe.com/recipe/6951564,,,,29,,
밥 2그릇 먹게 만든 쇠고기대파국,한식,"쇠고기국거리,대파,무,멸치다시마육수,간장,까나리액젓,소금,마늘,고춧가루,맛술,참기름,후추가루",30,쉬움,"점심,저녁","맑음,비,눈,더위,추위","봄,여름,가을,겨울",3460748,https://www.10000recipe.com/recipe/3460748,국/탕,,,28,,
고소한 까르보나라,한식,"스파게티니,올리브오일,베이컨,양파,동물성생크림,우유,달걀노른자,파르메산치즈가루,다진파슬리",60,쉬움,저녁,"맑음,비,눈,더위,추위","봄,여름,가을,겨울",3845351,https://www.10000recipe.com/recipe/3845351,면/만두,,,28,,
초간단 두부 참치김치찌개,한식,"신김치,포기,대파,참치,두부,마늘,고춧가루,설탕,후춧가루",30,쉬움,"점심,저녁","맑음,비,눈,더위,추위","봄,여름,가을,겨울",6792613,https://www.10000recipe.com/recipe/6792613,찌개,,,28,,
집밥 백선생 백종원의 치킨스테이크,양식,"닭다리,감자,양파,대파,통마늘,소금,후추,간장,간마늘,버터,설탕,식초",30,쉬움,"점심,저녁","맑음,비,눈,더위,추위","봄,여름,가을,겨울",6830371,https://www.10000recipe.com/recipe/6830371,양식,,,28,,
백종원 꽁치김치찌개,한식,"묵은지,포기,식용유,꽁치통조림,청양고추,대파,설탕,마늘,된장,고춧가루",30,쉬움,"점심,저녁","맑음,비,눈,더위,추위","봄,여름,가을,겨울",6840428,https://www.10000recipe.com/recipe/6840428,찌개,,,28,,
"다이어트를 결심한 당신에게, “닭가슴살 부추냉채무침”",한식,"닭가슴살,부추,파프리카,오이,양파,당근,마늘,설탕,매실청,간장,식초,연겨자,레몬",30,쉬움,"점심,저녁","맑음,비,눈,더위,추위","봄,여름,가을,겨울",6841156,https://www.10000recipe.com/recipe/6841156,,,,28,,
"여름찌개로 좋은... 호박갈치찌개, 갈치호박찌개",한식,"갈치,애호박,양파,풋고추,간장,청주,마늘,매실청,참기름,고춧가루,후추,물",60,쉬움,저녁,"맑음,비,눈,더위,추위","봄,여름,가을,겨울",6855135,https://www.10000recipe.com/recipe/6855135,찌개,,,28,,
"삼겹살꽈리고추볶음, 혼밥인을 위한 즉석 안주레시피 삼겹살요리",한식,"삼겹살두줄반,참기름,꽈리고추,통깨,고춧가루,마늘,물,맛술,올리고당,생강채",10,쉬움,"아침,점심,야식","맑음,비,눈,더위,추위","봄,여름,가을,겨울",6866466,https://www.10000recipe.com/recipe/6866466,메인반찬,,,28,,
"두부미역된장국,부드럽고 순한 미역 된장국끓이는법",한식,"마른미역,애호박,물,무,두부g,까나리액젓,마늘,참기름,시판재래식된장,굵은고춧가루,액상치킨스톡",15,쉬움,"아침,점심,야식","맑음,비,눈,더위,추위","봄,여름,가을,겨울",6866530,https://www.10000recipe.com/recipe/6866530,국/탕,,,28,,
[간단 자취요리] 삼겹살에 밥 비벼먹자! 삼겹살 비빔밥 만들기 / 삼겹살 덮밥,한식,"삼겹살,물,대파,간장,설탕,마늘",30,쉬움,"점심,저녁","맑음,비,눈,더위,추위","봄,여름,가을,겨울",6867735,https://www.10000recipe.com/recipe/6867735,밥/죽/떡,,,28,,
"초간단 초스피드 버섯요리, 양송이버섯 치즈볶음",한식,"버터,올리브오일,간장,모짜렐라치즈,후추,파슬리가루",10,쉬움,"아침,점심,야식","맑음,비,눈,더위,추위","봄,여름,가을,겨울",6877745,https://www.10000recipe.com/recipe/6877745,메인반찬,,,28,,
"백종원 들깨칼국수, 손쉬운 한 끼 메뉴",한식,"표고버섯,감자,들깻가루,액젓,마늘,다시마있으면cm",15,쉬움,"아침,점심,야식","맑음,비,눈,더위,추위","봄,여름,가을,겨울",6880000,https://www.10000recipe.com/recipe/6880000,면/만두,,,28,,
【맛있는 다이어트】초간단으로 닭가슴살 냉채 만들기~♥,한식,"닭가슴살,양파,오이,당근,빨간파프리카,노란파프리카,초록파프리카,겨자,간장,식초,설탕,매실액,마늘",15,쉬움,"아침,점심,야식","맑음,비,눈,더위,추위","봄,여름,가을,겨울",6882634,https://www.10000recipe.com/recipe/6882634,,,,28,,
매콤함이 파바박 집밥백선생♥꽈리고추삼겹살볶음,한식,"삼겹살,꽈리고추,청양고추,대파,설탕,물,마늘,간장",30,쉬움,"점심,저녁","맑음,비,눈,더위,추위","봄,여름,가을,겨울",6885922,https://www.10000recipe.com/recipe/6885922,메인반찬,,,28,,
"[얌무진 레시피] 쫀득쫀득, 바삭, 달콤! 떡 맛탕 만들기",한식,"설탕,올리고당,물,간장",10,쉬움,"아침,점심,야식","맑음,비,눈,더위,추위","봄,여름,가을,겨울",6886281,https://www.10000recipe.com/recipe/6886281,,,,28,,
"삼치요리, 달콤짭조름한 삼치간장양념구이 만드는 법",한식,"삼치약g정도,전분가루,소금,식용유,미림,후춧가루,생강가루,간장,설탕,물",30,쉬움,"점심,저녁","맑음,비,눈,더위,추위","봄,여름,가을,겨울",6888644,https://www.10000recipe.com/recipe/6888644,메인반찬,,,28,,
"매콤한 두부덮밥, 눈 깜짝할 새 완성되는 초간단 덮밥요리",한식,"두부약g,대파,통깨,들기름,고추장,마늘,올리고당,미림,후춧가루",15,쉬움,"아침,점심,야식","맑음,비,눈,더위,추위","봄,여름,가을,겨울",6890777,https://www.10000recipe.com/recipe/6890777,밥/죽/떡,,,28,,
【초간단+맛보장】사골육수로 끓인 김치만두전골~,한식,"김치김치국물,만두,사골육수,두부,양파,표고버섯,호박,청양고추,대파,마늘,고춧가루,훗추가루,간장,맛소금",15,쉬움,"아침,점심,야식","맑음,비,눈,더위,추위","봄,여름,가을,겨울",6891774,https://www.10000recipe.com/recipe/6891774,국/탕,,,28,,
밥버거 만들기 간단한끼 최고!,한식,"밥넉넉히,참치캔,김,김치,참기름,계란,스팸,마요네즈,깨소금,소금",15,쉬움,"아침,점심,야식","맑음,비,눈,더위,추위","봄,여름,가을,겨울",6921596,https://www.10000recipe.com/recipe/6921596,밥/죽/떡,,,28,,
술술 부드럽게 넘어가는 우유 계란 카레 덮밥,한식,"카레가루,우유,계란,양파,햄",10,쉬움,"아침,점심,야식","맑음,비,눈,더위,추위","봄,여름,가을,겨울",6926683,https://www.10000recipe.com/recipe/6926683,밥/죽/떡,,,28,,
땡초김밥 l 언제 먹어도 맛있는 김밥! 땡초를 가득 넣은 진주맛집!,한식,"청양고추,어묵,당근,김밥용김,밥,참기름,통깨,간장,검은깨,소금",30,쉬움,"점심,저녁","맑음,비,눈,더위,추위","봄,여름,가을,겨울",6927287,https://www.10000recipe.com/recipe/6927287,밥/죽/떡,,,28,,
불안 쓰는 요리 시원한 냉국 오이 넣어 백종원 오이냉국,한식,"오이,양파,당근,홍고추,통깨,식초,소금,설탕,물",30,쉬움,"점심,저녁","맑음,비,눈,더위,추위","봄,여름,가을,겨울",6941986,https://www.10000recipe.com/recipe/6941986,국/탕,,,28,,
돼지고기 목살 생강구이,한식,"돼지고기목살,깻잎,간장,매실청,맛술,올리고당,다진생강,마늘,후춧가루",30,쉬움,"점심,저녁","맑음,비,눈,더위,추위","봄,여름,가을,겨울",1997270,https://www.10000recipe.com/recipe/1997270,메인반찬,,,27,,
꿀떡꿀떡 맛나는 - 간장꿀컵떡볶이,한식,"떡볶이,모짜렐라치즈,꿀,간장,올리고당,설탕,참기름,통깨,검은깨,치즈",10,쉬움,"아침,점심,야식","맑음,비,눈,더위,추위","봄,여름,가을,겨울",4119284,https://www.10000recipe.com/recipe/4119284,밥/죽/떡,,,27,,
일본식 감자떡(이모모찌) 만들기,한식,"감자작은것개당g,감자전분,찹쌀가루,오일,버터옵션,간장,설탕,미림,청주,물",30,보통,"점심,저녁","맑음,비,눈,더위,추위","봄,여름,가을,겨울",6829272,https://www.10000recipe.com/recipe/6829272,밥/죽/떡,달콤함,미분류,27,,
[새송이 떡갈비] 남녀노소 누구나 좋아하는 맛있는 떡갈비~갈비뼈대신 새송이버섯으로~,한식,"갈은소고기,양파,대파,새송이버섯,간장,청주또는미림,마늘,꿀,매실청,후추가루,참기름,생강즙",60,쉬움,저녁,"맑음,비,눈,더위,추위","봄,여름,가을,겨울",6834412,https://www.10000recipe.com/recipe/6834412,메인반찬,,,27,,
바삭한 고등어강정,한식,"고등어,쌀뜨물,전분가루,파프리카,양파,마늘,간장,올리고당,설탕,식용유",30,쉬움,"점심,저녁","맑음,비,눈,더위,추위","봄,여름,가을,겨울",6834540,https://www.10000recipe.com/recipe/6834540,메인반찬,,,27,,
시골풍의 진한 쇠고기무국,한식,"쇠고기,무우,대파,물,마늘,참기름,고춧가루,간장,소금,후추",60,쉬움,저녁,"맑음,비,눈,더위,추위","봄,여름,가을,겨울",6835758,https://www.10000recipe.com/recipe/6835758,국/탕,,,27,,
간편한 한그릇! 느타리버섯달걀덮밥,한식,"밥,느타리버섯,양파,당근,계란,청양고추,마늘,파,식용유,굵은소금,물,간장",15,쉬움,"아침,점심,야식","맑음,비,눈,더위,추위","봄,여름,가을,겨울",6850807,https://www.10000recipe.com/recipe/6850807,밥/죽/떡,,,27,,
시원칼칼한 어묵콩나물국,한식,"어묵,콩나물,청양고추,마늘,송송썬파,고춧가루,간장,소금,후추,멸치,다시마cmxcm",30,쉬움,"점심,저녁","맑음,비,눈,더위,추위","봄,여름,가을,겨울",6851053,https://www.10000recipe.com/recipe/6851053,국/탕,,,27,,
떠먹는 떡꼬치 - 때론 떡피자 또는 떡꼬치 새콤 달콤,한식,"떡볶이떡,양파,파프리카,체다치즈,모짜렐라치즈,마요네즈,고추장,케찹,간장,설탕",30,쉬움,"점심,저녁","맑음,비,눈,더위,추위","봄,여름,가을,겨울",6854230,https://www.10000recipe.com/recipe/6854230,밥/죽/떡,,,27,,
[오징어채요리]맥주안주로 좋은 오징어채 버터구이,한식,"오징어채,버터,설탕,파슬리가루없으면패스",10,쉬움,"아침,점심,야식","맑음,비,눈,더위,추위","봄,여름,가을,겨울",6855073,https://www.10000recipe.com/recipe/6855073,,,,27,,
대파 계란국 간단하게 즐겨요~,한식,"대파,계란,물,멸치액젓",10,쉬움,"아침,점심,야식","맑음,비,눈,더위,추위","봄,여름,가을,겨울",6859238,https://www.10000recipe.com/recipe/6859238,국/탕,,,27,,
[해외자취Cook.feel通]326. 쌀뜨물양배추된장국 레시피,한식,"양배추,통,쌀뜨물,된장,마늘",30,쉬움,"점심,저녁","맑음,비,눈,더위,추위","봄,여름,가을,겨울",6860623,https://www.10000recipe.com/recipe/6860623,국/탕,,,27,,
급하게 한끼 떼우기 좋은....마늘 햄주먹밥,한식,"스팸,버터,마늘,대파,후추,밥,통깨,소금",30,쉬움,"점심,저녁","맑음,비,눈,더위,추위","봄,여름,가을,겨울",6861412,https://www.10000recipe.com/recipe/6861412,밥/죽/떡,,,27,,
만두 그라탕 만들기 - 밥하기 귀찮으니까 편의점 털어보자!,양식,"만두,콘옥수수,모짜렐라치즈,체다치즈",15,쉬움,"아침,점심,야식","맑음,비,눈,더위,추위","봄,여름,가을,겨울",6867010,https://www.10000recipe.com/recipe/6867010,양식,,,27,,
김치당면덮밥,한식,"베이컨이나돼지고기안심,김치,밥,당면,양파,당근cm,새송이버섯,청양고추,홍고추,대파,버터,설탕,고추장듬뿍,간장,통깨,후추,참기름",30,쉬움,"점심,저녁","맑음,비,눈,더위,추위","봄,여름,가을,겨울",6873085,https://www.10000recipe.com/recipe/6873085,밥/죽/떡,,,27,,
더위를 날려버릴 닭곰탕 만들기,한식,"닭,양파,대파,통마늘,생강,후추,고춧가루,마늘,간장,청양고추,소금",60,쉬움,저녁,"맑음,비,눈,더위,추위","봄,여름,가을,겨울",6874534,https://www.10000recipe.com/recipe/6874534,국/탕,,,27,,
칼칼한 오징어무국 : 소박하지만 따뜻한 집밥,한식,"오징어,무,대파뿌리,매운고춧가루,꽃소금,간장,마늘,물",30,쉬움,"점심,저녁","맑음,비,눈,더위,추위","봄,여름,가을,겨울",6877585,https://www.10000recipe.com/recipe/6877585,국/탕,,,27,,
칼칼하고 뜨끈한 콩나물 김치국 / 속풀이 해장국,한식,"콩나물,신김치,신김치국물,고춧가루,마늘,멸치,다시마,물리터,간장,소금,대파",15,보통,"아침,점심,야식","맑음,비,눈,더위,추위","봄,여름,가을,겨울",6881747,https://www.10000recipe.com/recipe/6881747,국/탕,,,27,,
"【보양식】백종원 육개장 황금레시피,얼큰하고 진하게~",양식,"소고기,고사리,대파,숙주,봉지,계란,참기름,식용유,간장,고춧가루,마늘,후춧가루,꽃소금",60,보통,저녁,"맑음,비,눈,더위,추위","봄,여름,가을,겨울",6882709,https://www.10000recipe.com/recipe/6882709,국/탕,,,27,,
새우볶음우동 만들기,일식,"새우,대파,식용유,마늘,후추,간장,참기름,우동사리",10,쉬움,"아침,점심,야식","맑음,비,눈,더위,추위","봄,여름,가을,겨울",6890306,https://www.10000recipe.com/recipe/6890306,면/만두,,,27,,
요알못도 쉽게 만드는 한그릇요리 스팸마요덮밥 만들기,한식,"스팸,계란,양파,김가루,마요네즈,간장,설탕,맛술,물",30,쉬움,"점심,저녁","맑음,비,눈,더위,추위","봄,여름,가을,겨울",6896411,https://www.10000recipe.com/recipe/6896411,밥/죽/떡,,,27,,
톡톡 터지는 고소함!콘치즈파이 초간단 레시피,한식,"식빵,설탕,캔옥수수,마요네즈,피자치즈",15,쉬움,"아침,점심,야식","맑음,비,눈,더위,추위","봄,여름,가을,겨울",6900601,https://www.10000recipe.com/recipe/6900601,,,,27,,
베이컨치즈밥말이로 도시락 뚝딱뚝딱,한식,"밥,베이컨,슬라이스치즈,소금,후추,참기름,통깨",10,쉬움,"아침,점심,야식","맑음,비,눈,더위,추위","봄,여름,가을,겨울",6900682,https://www.10000recipe.com/recipe/6900682,밥/죽/떡,,,27,,
스팸과 밥의 환상조화 스팸밥전 만들기(아이들이 좋아해요♡),한식,"밥,스팸,당근,대파,계란,식용유",15,쉬움,"아침,점심,야식","맑음,비,눈,더위,추위","봄,여름,가을,겨울",6905993,https://www.10000recipe.com/recipe/6905993,밥/죽/떡,,,27,,
"간단술안주 로 좋은 매운어묵탕 끓이는 방법 , 오뎅탕 쉽네~!",한식,"어묵,파,무,국물용멸치,간장,고추장,올리고당or설탕,청양고추생략해도괜찮음",30,쉬움,"점심,저녁","맑음,비,눈,더위,추위","봄,여름,가을,겨울",6925403,https://www.10000recipe.com/recipe/6925403,국/탕,,,27,,
간장떡볶이 만들기 #13 아이들간식으로도 좋은 간단메뉴!,한식,"떡,어묵,양파,파,고추,간장,물,올리고당,설탕,참기름",60,쉬움,저녁,"맑음,비,눈,더위,추위","봄,여름,가을,겨울",6931366,https://www.10000recipe.com/recipe/6931366,밥/죽/떡,,,27,,
진짜 ~초간단 식당보다 더 맛있는 토마토계란국(탕)입니다,한식,"토마토,계란,대파,소금,후추가루",15,쉬움,"아침,점심,야식","맑음,비,눈,더위,추위","봄,여름,가을,겨울",6932198,https://www.10000recipe.com/recipe/6932198,국/탕,,,27,,
마성의맛! 매콤한 콩나물불고기! 밥까지 볶으면 가성비 bb,한식,"콩나물,대패삼겹살,대파,양파,깻잎,청양고추,고춧가루,고추장,간장,마늘,맛술,설탕",30,쉬움,"점심,저녁","맑음,비,눈,더위,추위","봄,여름,가을,겨울",6942776,https://www.10000recipe.com/recipe/6942776,메인반찬,,,27,,
닭볶음탕 황금레시피 이 양념 그대로 하면 우리집이 맛집,한식,"닭,감자,고구마,양파,당근,대파,청양고추,멸치육수,고추장,고춧가루,간장,물엿,설탕,맛술,액젓,마늘,다진생강,후추",60,쉬움,저녁,"맑음,비,눈,더위,추위","봄,여름,가을,겨울",6950891,https://www.10000recipe.com/recipe/6950891,국/탕,,,27,,
우유와 치즈가 만나 펼쳐친 지상 낙원 백종원표 '크림 떡볶이',한식,"떡볶이떡,우유,베이컨,마늘,양송이버섯,양파,체다치즈,파마산치즈가루,후추,꽃소금",30,쉬움,"점심,저녁","맑음,비,눈,더위,추위","봄,여름,가을,겨울",6952393,https://www.10000recipe.com/recipe/6952393,밥/죽/떡,,,27,,
콩비지 찌개,한식,"다진돼지고기,김치,청양고추,콩비지,물,마늘,간장,참기름",30,쉬움,"점심,저녁","맑음,비,눈,더위,추위","봄,여름,가을,겨울",6808942,https://www.10000recipe.com/recipe/6808942,찌개,,,26,,
맛있는 오징어 콩나물찜,한식,"손질된오징어,콩나물,전분가루,차가운물,대파,고추장크게,마늘,고춧가루,간장,참기름또는들기름,볶은깨",30,쉬움,"점심,저녁","맑음,비,눈,더위,추위","봄,여름,가을,겨울",6829038,https://www.10000recipe.com/recipe/6829038,메인반찬,,,26,,
북어계란국 끓이기,한식,"북어,계란,대파,양파,마늘,참기름,소금",30,쉬움,"점심,저녁","맑음,비,눈,더위,추위","봄,여름,가을,겨울",6831837,https://www.10000recipe.com/recipe/6831837,국/탕,,,26,,
시원한 바지락 콩나물국,한식,"바지락,콩나물넉넉히,대파,마늘,물,청양고추,참치액젓,멸치액젓,소금",15,쉬움,"아침,점심,야식","맑음,비,눈,더위,추위","봄,여름,가을,겨울",6861685,https://www.10000recipe.com/recipe/6861685,국/탕,,,26,,
사골우거짓국,한식,"사골국물,소고기사태,데친우거지,대파,간장,된장,고춧가루,마늘,참기름,후춧가루",90,보통,저녁,"맑음,비,눈,더위,추위","봄,여름,가을,겨울",6861917,https://www.10000recipe.com/recipe/6861917,국/탕,,,26,,
오늘은 뭐 먹지? 초간단 제육김치,한식,"돼지고기앞다리살제육용,익은배추김치,포기,고추장,고춧가루,대파,마늘,참기름,후춧가루,올리고당,참깨",30,쉬움,"점심,저녁","맑음,비,눈,더위,추위","봄,여름,가을,겨울",6865363,https://www.10000recipe.com/recipe/6865363,메인반찬,,,26,,
부드럽고 먹기 좋은 닭다리살 치즈밥,한식,"닭다리살,밥,피자치즈,양파,파,간장,올리고당,맛술,참기름,케찹,고추장,마늘,후추",30,쉬움,"점심,저녁","맑음,비,눈,더위,추위","봄,여름,가을,겨울",6867306,https://www.10000recipe.com/recipe/6867306,밥/죽/떡,,,26,,
스팸과 볶음김치의 환상궁합 밥버거~,한식,"밥,스팸큰거,체다치즈,김치잘게썬거,후리카케,들기름,올리고당,참깨",30,쉬움,"점심,저녁","맑음,비,눈,더위,추위","봄,여름,가을,겨울",6867716,https://www.10000recipe.com/recipe/6867716,밥/죽/떡,,,26,,
"백종원 두부짜글이 만들기 ,, 밥도둑 인기메뉴 간단 레시피~!",한식,"두부,새송이버섯,청양고추,양파,대파,쌀뜨물,고춧가루,설탕,간장,고추장,마늘,들기름,새우젖",30,쉬움,"점심,저녁","맑음,비,눈,더위,추위","봄,여름,가을,겨울",6871400,https://www.10000recipe.com/recipe/6871400,찌개,,,26,,
비빔국수 - 소박한 재료로 만든 비빔국수,한식,"계란,상추,소면,설탕,식초,마늘,고추장,매실액,참기름,통깨",30,쉬움,"점심,저녁","맑음,비,눈,더위,추위","봄,여름,가을,겨울",6871437,https://www.10000recipe.com/recipe/6871437,면/만두,,,26,,
집에서도 고급진 스페인요리 감바스로 !,양식,"올리브유,칵테일새우,통마늘,페퍼론치노,후추,소급,파슬리,바게트빵",10,쉬움,"아침,점심,야식","맑음,비,눈,더위,추위","봄,여름,가을,겨울",6872250,https://www.10000recipe.com/recipe/6872250,양식,,,26,,
10분 완성! 차돌박이 부추무침,한식,"양파,차돌박이,부추,단,설탕,마늘,고춧가루,식초,간장",15,쉬움,"아침,점심,야식","맑음,비,눈,더위,추위","봄,여름,가을,겨울",6876298,https://www.10000recipe.com/recipe/6876298,메인반찬,,,26,,
목살 스테이크 만들기 백종원 레시피 입에 촥촥!,양식,"목살cm두께,소금,후추,식용유,마늘,양파,양송이,계란,설탕,케찹,간장,식초,물",30,보통,"점심,저녁","맑음,비,눈,더위,추위","봄,여름,가을,겨울",6876942,https://www.10000recipe.com/recipe/6876942,메인반찬,,,26,,
달걀만두 - 달걀전,한식,"당면,계란,양파,당근,부추,식용유,간장,설탕,소금",30,쉬움,"점심,저녁","맑음,비,눈,더위,추위","봄,여름,가을,겨울",6877054,https://www.10000recipe.com/recipe/6877054,면/만두,,,26,,
【맛보장~♥】찬바람 불때 딱좋은 대구탕 만들기~,한식,"대구or동태,대구알,고니,콩나물,대파,땡초,고춧가루듬뿍,마늘,간장,멸치액젓,후춧가루,맛소금,무센티,파뿌리,멸치다시팩,건표고",30,쉬움,"점심,저녁","맑음,비,눈,더위,추위","봄,여름,가을,겨울",6879176,https://www.10000recipe.com/recipe/6879176,국/탕,,,26,,
소고기 콩나물 맑은국,한식,"소고기,콩나물,대파,참기름,천일염이나국간장,마늘",15,쉬움,"아침,점심,야식","맑음,비,눈,더위,추위","봄,여름,가을,겨울",6893957,https://www.10000recipe.com/recipe/6893957,국/탕,,,26,,
단짠꿀떡 ♥ 맛있어서 꿀떡꿀떡,한식,"떡국떡,간장,참기름,꿀,검은깨",30,쉬움,"점심,저녁","맑음,비,눈,더위,추위","봄,여름,가을,겨울",6894622,https://www.10000recipe.com/recipe/6894622,밥/죽/떡,,,26,,
칼칼한 맑은 감자국,한식,"감자,양파,애호박,당근,대파,청양고추,다시물,까나리액젓,마늘,후추",30,쉬움,"점심,저녁","맑음,비,눈,더위,추위","봄,여름,가을,겨울",6894871,https://www.10000recipe.com/recipe/6894871,국/탕,,,26,,
1분완성 핵꿀맛 간식 토스트!완전 강추드려요!,한식,"식빵,슬라이스치즈,캔옥수수,버터,설탕",5,쉬움,"아침,점심,야식","맑음,비,눈,더위,추위","봄,여름,가을,겨울",6895448,https://www.10000recipe.com/recipe/6895448,,,,26,,
달걀과 간장으로 맛을 낸 단짠단짠 스팸 덮밥 만들기,한식,"대파,계란,양파,스팸,간장,설탕",30,쉬움,"점심,저녁","맑음,비,눈,더위,추위","봄,여름,가을,겨울",6908200,https://www.10000recipe.com/recipe/6908200,밥/죽/떡,,,26,,
"왠만한 맛집 저리가랏! 사먹는거 보다 맛있는 알리오올리오, 봉골레 파스타 그 중간 어딘가...(알리오올리오 만들기,",양식,"파스타면,새우,바지락,마늘,청양고추,올리브오일,소금,파슬리가루,파마산치즈",30,쉬움,"점심,저녁","맑음,비,눈,더위,추위","봄,여름,가을,겨울",6909506,https://www.10000recipe.com/recipe/6909506,면/만두,,,26,,
콩나물 냉국,한식,"콩나물,대파,청양홍고추,마늘,소금,다시마,간장,물",20,쉬움,"점심,저녁","맑음,비,눈,더위,추위","봄,여름,가을,겨울",6914202,https://www.10000recipe.com/recipe/6914202,국/탕,,,26,,
오늘 저녁은 채식위주로??? 에어프라이어표 버섯채소구이 ★,한식,"새송이버섯,양송이버섯,빨강파프리카,노랑파프리카,양파,가지,애호박,소금,후추,올리브오일",20,쉬움,"점심,저녁","맑음,비,눈,더위,추위","봄,여름,가을,겨울",6918300,https://www.10000recipe.com/recipe/6918300,메인반찬,,,26,,
<인기메뉴> 오리훈제 김치볶음!,한식,"오리훈제g,배추김치,등분,대파,마늘,설탕,참기름,통깨",15,쉬움,"아침,점심,야식","맑음,비,눈,더위,추위","봄,여름,가을,겨울",6926109,https://www.10000recipe.com/recipe/6926109,메인반찬,,,26,,
보고있나 서가앤쿡? 초간단 목살스테이크 만들기!!,양식,"목살,버터,소금,후추,설탕,맛술",30,쉬움,"점심,저녁","맑음,비,눈,더위,추위","봄,여름,가을,겨울",6926119,https://www.10000recipe.com/recipe/6926119,양식,,,26,,
마늘과 버터 향이 솔솔 마늘버터 표고버섯볶음 만드는 법,한식,"표고버섯,버터,마늘,참기름,볶은참깨,소금",30,쉬움,"점심,저녁","맑음,비,눈,더위,추위","봄,여름,가을,겨울",6933775,https://www.10000recipe.com/recipe/6933775,,,,26,,
고추참치리조또,양식,"고추참치,햇반,마요네즈,마른바질가루,통후추가루",5,쉬움,"아침,점심,야식","맑음,비,눈,더위,추위","봄,여름,가을,겨울",6936905,https://www.10000recipe.com/recipe/6936905,양식,,,26,,
초간단 요리 다이어트 레시피 닭가슴살 양배추 덮밥,한식,"닭가슴살,양배추,대파,올리브유,고추기름,후추",20,쉬움,"점심,저녁","맑음,비,눈,더위,추위","봄,여름,가을,겨울",6953644,https://www.10000recipe.com/recipe/6953644,밥/죽/떡,,,26,,
꽁치통조림김치찌개 비린맛과 발암물질 날리기,한식,"꽁치통조림한개,잘익은김치,포기,쌀뜨물,양파,대파,홍고추,청양고추,참기름,설탕,된장,고춧가루,소금,후추",30,쉬움,"점심,저녁","맑음,비,눈,더위,추위","봄,여름,가을,겨울",6961379,https://www.10000recipe.com/recipe/6961379,찌개,,,26,,
자꾸만 손이가는 달콤한 닭강정,한식,"닭가슴살,우유,달걀노른자,땅콩가루,포도씨유,전분가루,마늘,소금,후춧가루,고추장,케첩,꿀,간장,식초,물",30,쉬움,"점심,저녁","맑음,비,눈,더위,추위","봄,여름,가을,겨울",786272,https://www.10000recipe.com/recipe/786272,메인반찬,,,26,,
참치감자애호박찌개,한식,"참치g,감자,애호박,양파,대파,멸치다시마육수,고추장,된장,마늘,고춧가루,소금,후춧가루",30,쉬움,"점심,저녁","맑음,비,눈,더위,추위","봄,여름,가을,겨울",825731,https://www.10000recipe.com/recipe/825731,찌개,,,26,,
참치순두부찌개,한식,"참치g,순두부,익은배추김치,멸치다시마육수,대파,고춧가루,마늘,참기름",15,쉬움,"아침,점심,야식","맑음,비,눈,더위,추위","봄,여름,가을,겨울",3370170,https://www.10000recipe.com/recipe/3370170,찌개,,,25,,
튀기지 않은 토스트 핫도그,한식,"식빵,슬라이스치즈,소시지,계란,설탕,우유",30,쉬움,"점심,저녁","맑음,비,눈,더위,추위","봄,여름,가을,겨울",3595564,https://www.10000recipe.com/recipe/3595564,,,,25,,
양배추쫄면 만드는 법,한식,"쫄면,양배추채썬것,고추장,식초,고춧가루,마늘,올리고당,설탕,참기름,깨소금,사이다,대파,간장,숟갈",30,쉬움,"점심,저녁","맑음,비,눈,더위,추위","봄,여름,가을,겨울",4340628,https://www.10000recipe.com/recipe/4340628,면/만두,,,25,,
깔끔한 간장 비빔국수,한식,"소면,당근,애호박,양파,느타리버섯,간장,참기름,올리고당,깨",15,쉬움,"아침,점심,야식","맑음,비,눈,더위,추위","봄,여름,가을,겨울",6829467,https://www.10000recipe.com/recipe/6829467,면/만두,,,25,,
백주부표 얼큰 콩나물 찌개로 밥한공기 뚝딱!^^,한식,"콩나물,돼지고기컵g,양파,물,고춧가루,간장,소주컵,새우젓또는멸치액젓,대파,마늘,청양고추",30,쉬움,"점심,저녁","맑음,비,눈,더위,추위","봄,여름,가을,겨울",6833358,https://www.10000recipe.com/recipe/6833358,찌개,,,25,,
초보주부요리! 진짜 쉬운 오므라이스~!,한식,"밥,애호박,스위트콘,햄,계란,양파,버섯좋아하는것으로,마늘,케찹,후추,식용류",15,쉬움,"아침,점심,야식","맑음,비,눈,더위,추위","봄,여름,가을,겨울",6839156,https://www.10000recipe.com/recipe/6839156,밥/죽/떡,,,25,,
색다른 한그릇! 동남아풍 돼지고기 시금치덮밥,한식,"밥,간돼지고기,시금치,양파,송송썬파,청양고추,계란,식용유,액젓,물,꿀or설탕,청주,후추",15,쉬움,"아침,점심,야식","맑음,비,눈,더위,추위","봄,여름,가을,겨울",6850871,https://www.10000recipe.com/recipe/6850871,밥/죽/떡,,,25,,
[간단 자취요리] 여름에는 역시! 새콤달콤 비빔국수 만들기,한식,"소면원동전크기,계란,고추장,간장,식초,설탕,마늘,오이,참기름",15,쉬움,"아침,점심,야식","맑음,비,눈,더위,추위","봄,여름,가을,겨울",6853817,https://www.10000recipe.com/recipe/6853817,면/만두,,,25,,
치즈오븐 토마토 스파게티,한식,"스파게티면,마늘,양파,양송이버섯,브로콜리,파프리카,토마토,소금,후추,모짜렐라피자치즈",30,쉬움,"점심,저녁","맑음,비,눈,더위,추위","봄,여름,가을,겨울",6865950,https://www.10000recipe.com/recipe/6865950,면/만두,,,25,,
고구마 닭볶음 단짠의 케미 맥주안주!,한식,"닭다리살,고구마,브로콜리,통,미니파프리카,간장,올리고당,맛술,마늘,후추",60,쉬움,저녁,"맑음,비,눈,더위,추위","봄,여름,가을,겨울",6867358,https://www.10000recipe.com/recipe/6867358,메인반찬,,,25,,
경상도식 소고기국 만들기~,한식,"소고기,큰무,콩나물,대파,참기름,간장,마늘,소금",60,쉬움,저녁,"맑음,비,눈,더위,추위","봄,여름,가을,겨울",6867444,https://www.10000recipe.com/recipe/6867444,국/탕,,,25,,
닭 가슴살 카레 볶음밥 맛있게 만들기,한식,"닭가슴살,파프리카,양파,밥,카레가루,소금,후추",15,쉬움,"아침,점심,야식","맑음,비,눈,더위,추위","봄,여름,가을,겨울",6872172,https://www.10000recipe.com/recipe/6872172,밥/죽/떡,,,25,,
"김치 부대찌개 황금레시피, 맛있게 끓이는 법",한식,"스팸,마늘햄,소세지,대파,느타리버섯,김치,주먹,고춧가루,고추장,설탕,마늘,간장",30,쉬움,"점심,저녁","맑음,비,눈,더위,추위","봄,여름,가을,겨울",6873707,https://www.10000recipe.com/recipe/6873707,찌개,,,25,,
"당신의 다이어트를 책임져줄, 닭가슴살 고구마 볶음",한식,"닭가슴살,고구마작은것,대파,간장,마늘,후추,설탕,올리고당,미림,참기름,검은깨",60,쉬움,저녁,"맑음,비,눈,더위,추위","봄,여름,가을,겨울",6882435,https://www.10000recipe.com/recipe/6882435,메인반찬,,,25,,
맛있는 양념 돼지고기와 감자볶음,한식,"돼지고기,맛술,마늘작은손,초록고추,감자손바닥만한크기,감자전분,후추,물,된장,고춧가루,설탕,매실즙,간장",120,쉬움,저녁,"맑음,비,눈,더위,추위","봄,여름,가을,겨울",6897980,https://www.10000recipe.com/recipe/6897980,메인반찬,,,25,,
"꽃게탕 끓이는 법, 시원하고 얼큰한 국물요리",한식,"꽃게,무,양파,호박,대파,홍고추,청양고추,쌀뜨물,다시마손바닥만한크기,된장,고추장,고춧가루,미림,간장,마늘,다진생강생략가능,소금",60,보통,저녁,"맑음,비,눈,더위,추위","봄,여름,가을,겨울",6898141,https://www.10000recipe.com/recipe/6898141,국/탕,,,25,,
모양까지 예쁜 핑거푸드[양송이버섯 타파스],한식,"양송이버섯,닭가슴살,양파,파프리카,치즈,후추",20,쉬움,"점심,저녁","맑음,비,눈,더위,추위","봄,여름,가을,겨울",6904080,https://www.10000recipe.com/recipe/6904080,,,,25,,
"저염식 건강 쌈장과 양배추 쌈밥, 맛있는 쌈장 쌈밥",한식,"된장,고추장,두부,양파작은크기,마늘,풋고추,매실청다른청가능,참기름,통깨,양배추",15,쉬움,"아침,점심,야식","맑음,비,눈,더위,추위","봄,여름,가을,겨울",6906704,https://www.10000recipe.com/recipe/6906704,밥/죽/떡,,,25,,
척 아이롤과 홀 토마토를 넣은 다이어트 소고기 스튜(비프스튜),한식,"소고기,홀토마토,양파,당근,소금,후추,케첩,버터,물",30,쉬움,"점심,저녁","맑음,비,눈,더위,추위","봄,여름,가을,겨울",6910792,https://www.10000recipe.com/recipe/6910792,찌개,,,25,,
요즘 화제인 강식당 2 김치밥! ‘김치밥이 피오씁니다’,한식,"밥,신김치,대파,피자치즈,식용유,간장,설탕,고춧가루",30,쉬움,"점심,저녁","맑음,비,눈,더위,추위","봄,여름,가을,겨울",6914772,https://www.10000recipe.com/recipe/6914772,밥/죽/떡,,,25,,
고구마 사과 샐러드. 다이어트식 가벼운 저녁메뉴 저칼로리 요리.,한식,"작은고구마,사과,플레인요거트,견과류,꿀",30,쉬움,"점심,저녁","맑음,비,눈,더위,추위","봄,여름,가을,겨울",6918870,https://www.10000recipe.com/recipe/6918870,,,,25,,
하나씩 받는 스팸선물~! 덮밥이 딱이지!! 스팸마요덮밥 ★,한식,"밥,스팸,계란,양파,마요네즈,파슬리가루,물,간장,설탕",20,쉬움,"점심,저녁","맑음,비,눈,더위,추위","봄,여름,가을,겨울",6919089,https://www.10000recipe.com/recipe/6919089,밥/죽/떡,,,25,,
[만레's요리교실] 절대 실패없는 황금비율! 닭볶음탕 !,한식,"닭볶음탕용닭,물,감자,당근,양파,대파,마른고추,청주,소금,후추,고추장,고춧가루,간장,설탕,마늘,다진생강",60,쉬움,저녁,"맑음,비,눈,더위,추위","봄,여름,가을,겨울",6926189,https://www.10000recipe.com/recipe/6926189,국/탕,,,25,,
느타리버섯요리~느타리버섯찌개,한식,"느타리버섯,두부,양파,대파,물,다시마,국멸치,고추장,고춧가루,마늘,간장,소금",30,쉬움,"점심,저녁","맑음,비,눈,더위,추위","봄,여름,가을,겨울",6940366,https://www.10000recipe.com/recipe/6940366,국/탕,,,25,,
분식집 그 맛! 떡꼬치 만들기,한식,"고추장,설탕,올리고당,케찹,떡",10,쉬움,"아침,점심,야식","맑음,비,눈,더위,추위","봄,여름,가을,겨울",6949720,https://www.10000recipe.com/recipe/6949720,밥/죽/떡,,,25,,
간단한 반찬 새우숙주볶음 맵지 않아서 아이들도 잘 먹어요.,한식,"숙주,새우,계란,양파,대파,식용유,간장,마늘,참기름,볶은참깨,미림,소금,후춧가루",30,쉬움,"점심,저녁","맑음,비,눈,더위,추위","봄,여름,가을,겨울",6954484,https://www.10000recipe.com/recipe/6954484,메인반찬,,,25,,
<호두비스킷> 재료가 딱 4가지~~너무 쉬운 베이킹~~^^,한식,"호두,달걀흰자,설탕,밀가루",60,쉬움,저녁,"맑음,비,눈,더위,추위","봄,여름,가을,겨울",1135209,https://www.10000recipe.com/recipe/1135209,,,,24,,
영양 듬뿍 토마토 오믈렛,양식,"계란,토마토,양파,슬라이스햄,슬라이스치즈,우유,소금,올리브오일",5,보통,"아침,점심,야식","맑음,더위",여름,4841288,https://www.10000recipe.com/recipe/4841288,양식,짭짤함,여름,24,,
돼지고기 안심 찹스테이크,양식,"돼지고기안심,양파,파프리카,허브솔트,통깨,올리브유,간장,후추가루,마늘,매실액,소주,소금,발사믹식초",60,쉬움,저녁,"맑음,비,눈,더위,추위","봄,여름,가을,겨울",6829286,https://www.10000recipe.com/recipe/6829286,양식,,,24,,
콩나물국 비린내 없이 끓이기,한식,"콩나물,물,소금,마늘,대파,고춧가루선택",10,쉬움,"아침,점심,야식","맑음,비,눈,더위,추위","봄,여름,가을,겨울",6830069,https://www.10000recipe.com/recipe/6830069,국/탕,,,24,,
"[밥반찬, 술안주] 담백한 두부로 만든 매콤달콤 두부강정 :: 닭강정 대신 두부강정",한식,"두부,대파,생강,고추장,케첩,간장,올리고당,설탕,참기름,청주,식용유",30,보통,"점심,저녁","맑음,비,눈,더위,추위","봄,여름,가을,겨울",6834683,https://www.10000recipe.com/recipe/6834683,메인반찬,,,24,,
시원한 무채계란국,한식,"무,계란,대파,물,멸치가루,간장,소금",30,쉬움,"점심,저녁","맑음,비,눈,더위,추위","봄,여름,가을,겨울",6841199,https://www.10000recipe.com/recipe/6841199,국/탕,,,24,,
탕수만두,한식,"동원개성왕교자만두,양파,오이,당근,식용유,목이버섯,식초,설탕,소금,간장,물,녹말가루",15,쉬움,"아침,점심,야식","맑음,비,눈,더위,추위","봄,여름,가을,겨울",6847914,https://www.10000recipe.com/recipe/6847914,면/만두,,,24,,
소고기무국만들기~뜨끈한 국물요리,한식,"소고기국거리,다시마,대파,마늘,소금,간장,참기름,물",30,쉬움,"점심,저녁","맑음,비,눈,더위,추위","봄,여름,가을,겨울",6857956,https://www.10000recipe.com/recipe/6857956,국/탕,,,24,,
새우두부찌개 - 탱글탱글 새우 넣어 뚝딱 완성,한식,"새우살,새우,두부,데친열무없으면생략가능,대파,청양고추,고춧가루,마늘,새우젓,참치액,미림,설탕",60,쉬움,저녁,"맑음,비,눈,더위,추위","봄,여름,가을,겨울",6859909,https://www.10000recipe.com/recipe/6859909,찌개,,,24,,
【얼큰 시원한 짬뽕 만들기】,중식,"오징어,새우,돼지고기,양배추,양파,대파,호박,땡초,식용유,마늘,고춧가루,간장,액젓,후추,맛소금,맛술",30,쉬움,"점심,저녁","맑음,비,눈,더위,추위","봄,여름,가을,겨울",6871738,https://www.10000recipe.com/recipe/6871738,면/만두,,,24,,
단호박요리 - 전자레인지로 만든 단호박 치즈 그라탱,양식,"단호박,양파,소시지,버섯,당근,모차렐라치즈,케첩,마늘,간장,식초,설탕",30,쉬움,"점심,저녁","맑음,비,눈,더위,추위","봄,여름,가을,겨울",6874425,https://www.10000recipe.com/recipe/6874425,양식,,,24,,
[간단 자취요리] 두부를 쫄깃한 고기식감으로 만들기! 두부탕수 만들기,한식,"두부부침용,각종채소,물,식초,간장,설탕,전분",15,쉬움,"아침,점심,야식","맑음,비,눈,더위,추위","봄,여름,가을,겨울",6879543,https://www.10000recipe.com/recipe/6879543,메인반찬,,,24,,
요즘 인스타에서 엄청 핫~한! 과육이 팡★팡 리얼 생딸기우유,한식,"딸기,설탕,우유",10,쉬움,"아침,점심,야식","맑음,비,눈,더위,추위","봄,여름,가을,겨울",6881910,https://www.10000recipe.com/recipe/6881910,,,,24,,
"당뇨 환자에게 좋은 맛있는 한 끼, '표고버섯 덮밥' 만들기 (No Sugar)",한식,"양파,표고버섯,계란,콩밥혹은잡곡밥,간장,스테비아설탕,맛술,물",30,쉬움,"점심,저녁","맑음,비,눈,더위,추위","봄,여름,가을,겨울",6885961,https://www.10000recipe.com/recipe/6885961,밥/죽/떡,,,24,,
소자매의 최애메뉴 양배추 소고기된장국~!,한식,"양배추,양파,샤브용소고기,마늘,된장,멸치액젓,대파,쌀뜨물",15,쉬움,"아침,점심,야식","맑음,비,눈,더위,추위","봄,여름,가을,겨울",6886431,https://www.10000recipe.com/recipe/6886431,국/탕,,,24,,
TV요리) 샥슈카 ( 에그인헬 ) 쉬운데 맛있어!,양식,"계란,올리브오일,양파,통마늘,소금,후추,소시지,베이컨,양송이,청양고추,우유,모짜렐라,바질잎",30,쉬움,"점심,저녁","맑음,비,눈,더위,추위","봄,여름,가을,겨울",6898924,https://www.10000recipe.com/recipe/6898924,양식,,,24,,
후다닥!!!두부 크래미 달걀볶음!,한식,"두부,크래미,계란,당근,깻잎,소금,식용류,후추가루,참기름",15,쉬움,"아침,점심,야식","맑음,비,눈,더위,추위","봄,여름,가을,겨울",6900423,https://www.10000recipe.com/recipe/6900423,,,,24,,
전골이 필요한 계절~! 뜨끈한 국물 불고기버섯전골 어때요????,한식,"소고기,양파,당근,느타리버섯,표고버섯,팽이버섯,불린당면,대파,홍고추,멸치다시마육수,간장,설탕,맛술,마늘,참기름,후추",30,쉬움,"점심,저녁","맑음,비,눈,더위,추위","봄,여름,가을,겨울",6922868,https://www.10000recipe.com/recipe/6922868,국/탕,,,24,,
짜장라면으로 간짜장만들기! 유재석이 배운 이연복의 간짜장라면 ♥,중식,"라면,양파,스프,삼겹살,올리브유",10,쉬움,"아침,점심,야식","맑음,비,눈,더위,추위","봄,여름,가을,겨울",6926152,https://www.10000recipe.com/recipe/6926152,면/만두,,,24,,
간단한그릇~ 얼큰한 사골만두국!,한식,"납작만두,사골육수,계란,대파,마늘,고추장,설탕",15,쉬움,"아침,점심,야식","맑음,비,눈,더위,추위","봄,여름,가을,겨울",6926496,https://www.10000recipe.com/recipe/6926496,국/탕,,,24,,
돼지고기감자조림 밥통이 거덜날 수 있어요,한식,"감자,돼지고기앞다리살,양파,청양고추,대파,마늘,참치액젓,간장,설탕,맛술,고춧가루,고추장",20,쉬움,"점심,저녁","맑음,더위",여름,7002427,https://www.10000recipe.com/recipe/7002427,메인반찬,매콤함,여름,24,,
개운한 국물의 새우탕,한식,"새우,무,애호박,대파,쑥갓,멸치다시마육수,청양고추,고춧가루,된장,마늘,간장,까나리액젓,맛술,소금",8,쉬움,"아침,점심,야식","맑음,비,눈,더위,추위","봄,여름,가을,겨울",3456623,https://www.10000recipe.com/recipe/3456623,국/탕,,,23,,
간 돼지고기 듬뿍넣은 두부고기찌개,한식,"두부,간돼지고기,양파,청량고추,파,물,고추장,고춧가루,간장,설탕,마늘,후추",30,쉬움,"점심,저녁","맑음,비,눈,더위,추위","봄,여름,가을,겨울",5671220,https://www.10000recipe.com/recipe/5671220,찌개,,,23,,
시원한 오이 미역냉국 :: 황금비율만 알면 문제없어요,한식,"오이,불린미역,양파,당근,통깨,소금,설탕,식초,생수",15,쉬움,"아침,점심,야식","맑음,비,눈,더위,추위","봄,여름,가을,겨울",6832829,https://www.10000recipe.com/recipe/6832829,국/탕,,,23,,
한그릇~~마늘토마토볶음밥만들기,한식,"마늘,방울토마토,밥,소금,파슬리가루생략가능,기름",15,쉬움,"아침,점심,야식",맑음,봄,6836868,https://www.10000recipe.com/recipe/6836868,밥/죽/떡,짭짤함,봄,23,,
짜글짜글 소리가 맛깔나는구나! 짜글이참치찌개,한식,"참치g,김치g,물ml,다시마xcm,양파,두부g,스팸g,대파,청고추,홍고추,고춧가루,설탕,고추장,간장,맛술,마늘",30,쉬움,"점심,저녁","맑음,비,눈,더위,추위","봄,여름,가을,겨울",6856340,https://www.10000recipe.com/recipe/6856340,찌개,,,23,,
입 안에서 통통하게 씹히는 통오징어구이!!,한식,"오징어,고추장,고춧가루,마늘,간장,맛술,물엿,참기름,어린잎채소,송송썬쪽파",30,쉬움,"점심,저녁","맑음,비,눈,더위,추위","봄,여름,가을,겨울",6858796,https://www.10000recipe.com/recipe/6858796,메인반찬,,,23,,
"인기반찬 삼치 조림 만들기 ,, 간장소스로~",한식,"참치,소금,후추,녹말가루,대파,간장,맛술,올리고당,생강가루,레몬즙,물",30,쉬움,"점심,저녁","맑음,비,눈,더위,추위","봄,여름,가을,겨울",6869729,https://www.10000recipe.com/recipe/6869729,메인반찬,,,23,,
우리집 저녁 메뉴-돼지고기 고추장찌개,한식,"돼지고기찌개용,애호박,양파,대파,청양고추,두부,국물용멸치,다시마,대파뿌리,물,맛술,간장,마늘,고춧가루,고추장,식용유,소금,후추",30,쉬움,"점심,저녁","맑음,비,눈,더위,추위","봄,여름,가을,겨울",6875012,https://www.10000recipe.com/recipe/6875012,찌개,,,23,,
백종원 소고기무국 레시피 깔끔한 국물요리 소고기뭇국,한식,"무컵,토막,소고기,물,대파,참기름,마늘,간장,소금,설탕,후추",30,쉬움,"점심,저녁","맑음,비,눈,더위,추위","봄,여름,가을,겨울",6880902,https://www.10000recipe.com/recipe/6880902,국/탕,,,23,,
오징어무국 레시피 국물이 담백하고 시원해,한식,"오징어,물ML,멸치,다시마,무한토막,대파,간장,마늘,소금",10,쉬움,"아침,점심,야식","맑음,비,눈,더위,추위","봄,여름,가을,겨울",6886518,https://www.10000recipe.com/recipe/6886518,국/탕,,,23,,
"성공률 100% 백종원 레시피, 고추장찌개 얼큰하고 맛이쪙",한식,"고추장,참기름,물,호박,양파,청양고추,돼지고기,마늘,간장,설탕,두부",15,쉬움,"아침,점심,야식","맑음,비,눈,더위,추위","봄,여름,가을,겨울",6890343,https://www.10000recipe.com/recipe/6890343,찌개,,,23,,
간단 한그릇 스팸마요덮밥,한식,"스팸,밥,양파,계란,간장,올리고당,맛술,마요네즈",10,쉬움,"아침,점심,야식","맑음,비,눈,더위,추위","봄,여름,가을,겨울",6895546,https://www.10000recipe.com/recipe/6895546,밥/죽/떡,,,23,,
국물 요리 황태 계란국,한식,"황태채,계란,다시마육수,대파,홍고추,맛술,들기름,참치액,가는소금,후추",15,쉬움,"아침,점심,야식","맑음,비,눈,더위,추위","봄,여름,가을,겨울",6897032,https://www.10000recipe.com/recipe/6897032,국/탕,,,23,,
매콤한 시래기된장국 (엄마의레시피),한식,"삶은시래기,멸치육수,쌀뜨물,된장,간장,고춧가루,들깨가루,마늘,다진청양고추",30,쉬움,"점심,저녁","맑음,비,눈,더위,추위","봄,여름,가을,겨울",6898093,https://www.10000recipe.com/recipe/6898093,국/탕,,,23,,
돼지목살꼬치 아이간식과 남편 술안주로 딱이야~,한식,"돼지고기목살,후추,설탕,맛술,물",20,쉬움,"점심,저녁","맑음,비,눈,더위,추위","봄,여름,가을,겨울",6904344,https://www.10000recipe.com/recipe/6904344,,,,23,,
오동통 골뱅이 소면,한식,"골뱅이,소면원크기,오이,양파,상추,마늘,고춧가루,참기름,식초,고추장,물엿,설탕,후추,소금,골뱅이국물",30,쉬움,"점심,저녁","맑음,비,눈,더위,추위","봄,여름,가을,겨울",6904936,https://www.10000recipe.com/recipe/6904936,면/만두,,,23,,
냉장고에 새송이 하나쯤은 있쟈냐~! 새송이간장버터구이 ★,한식,"새송이버섯,꽈리고추,버터,통깨,간장,맛술,올리고당,후추",20,쉬움,"점심,저녁","맑음,비,눈,더위,추위","봄,여름,가을,겨울",6919453,https://www.10000recipe.com/recipe/6919453,,,,23,,
계란 참치주먹밥 소풍도시락 간단요리,한식,"밥,참치한캔,계란,소금,후추,대파",10,쉬움,"아침,점심,야식","맑음,비,눈,더위,추위","봄,여름,가을,겨울",6920843,https://www.10000recipe.com/recipe/6920843,밥/죽/떡,,,23,,
묵은지 참치주먹밥ㅣ남녀노소 누구나 좋아하는 맛!,한식,"밥,묵은지or신김치,참치,김가루,마요네즈,소금,설탕,참기름,후추,깨",20,쉬움,"점심,저녁","맑음,비,눈,더위,추위","봄,여름,가을,겨울",6922580,https://www.10000recipe.com/recipe/6922580,밥/죽/떡,,,23,,
아이 밥반찬 닭안심으로 간단한 찜닭,한식,"닭안심,양파,당근,감자,대파,당면,물,간장,설탕,맛술,올리고당,마늘",20,쉬움,"점심,저녁","맑음,비,눈,더위,추위","봄,여름,가을,겨울",6942478,https://www.10000recipe.com/recipe/6942478,메인반찬,,,23,,
집들이 메뉴로 좋은 중식요리~ 닭가슴살 깐풍기,중식,"닭가슴살,양파,대파,청양고추,마른홍고추,식용유,녹말가루,달걀흰자,마늘,소금,참기름,후추가루,간장,맛술,식초,설탕,올리고당",60,보통,저녁,"맑음,비,눈,더위,추위","봄,여름,가을,겨울",3526900,https://www.10000recipe.com/recipe/3526900,메인반찬,,,22,,
한입에 쏘옥 계란롤볶음밥,한식,"햄,양파,당근,호박,밥,마늘,계란,소금",30,쉬움,"점심,저녁","맑음,비,눈,더위,추위","봄,여름,가을,겨울",4045350,https://www.10000recipe.com/recipe/4045350,밥/죽/떡,,,22,,
들깨무국 ~ 재료는 간단해도 맛은 굿!,한식,"무,대파,멸치다시육수,마늘,들깨가루,간장,소금,들기름,식용유",5,쉬움,"아침,점심,야식","맑음,비,눈,더위,추위","봄,여름,가을,겨울",6707261,https://www.10000recipe.com/recipe/6707261,국/탕,,,22,,
배추 된장 들깨무침,한식,"배추,된장,들깨,참기름",15,쉬움,"아침,점심,야식","맑음,비,눈,더위,추위","봄,여름,가을,겨울",6830616,https://www.10000recipe.com/recipe/6830616,,,,22,,
치킨카레 NoNo 카레닭볶음탕!,한식,"닭한마리,감자,양파,당근,우유,카레가루,고추장,케첩",60,쉬움,저녁,"맑음,비,눈,더위,추위","봄,여름,가을,겨울",6836757,https://www.10000recipe.com/recipe/6836757,국/탕,,,22,,
"매콤한 한그릇요리, 해물볶음우동",일식,"우동면,모둠해물,양배추,청경채,양파,통마늘,파프리카,버섯,참기름,고추장,고춧가루,올리고당,간장,설탕,마늘,후추",30,쉬움,"점심,저녁","맑음,비,눈,더위,추위","봄,여름,가을,겨울",6837583,https://www.10000recipe.com/recipe/6837583,면/만두,,,22,,
쫄면사리넣은 비빔만두 만들기,한식,"양배추,오이,당근,양파,쫄면사리,냉동만두,고춧가루,고추장,간장,식초,매실액,미림,설탕,올리고당,마늘,참기름,통깨",15,쉬움,"아침,점심,야식","맑음,비,눈,더위,추위","봄,여름,가을,겨울",6840351,https://www.10000recipe.com/recipe/6840351,면/만두,,,22,,
소고기 무청시래기된장국,한식,"시래기,된장,고춧가루,참기름,마늘,간장,양파,고추장,고추",30,쉬움,"점심,저녁","맑음,비,눈,더위,추위","봄,여름,가을,겨울",6842381,https://www.10000recipe.com/recipe/6842381,국/탕,,,22,,
아망디오쇼콜라,한식,"버터T,황설탕,계란,코코아가루T,아몬드슬라이스,박력분컵",120,쉬움,저녁,"맑음,비,눈,더위,추위","봄,여름,가을,겨울",6848325,https://www.10000recipe.com/recipe/6848325,,,,22,,
황태죽,한식,"찬밥,황태포줌,당근다진것,물,들기름,소금,계란,다진쪽파or부추",30,쉬움,"점심,저녁","맑음,비,눈,더위,추위","봄,여름,가을,겨울",6849952,https://www.10000recipe.com/recipe/6849952,밥/죽/떡,,,22,,
고구마핫케크 - 고구마계절이네요 고구마치즈호떡,한식,"작은고구마찐것,핫케이크가루,체다치즈,식용유,꿀또는시럽",30,쉬움,"점심,저녁","맑음,비,눈,더위,추위","봄,여름,가을,겨울",6857278,https://www.10000recipe.com/recipe/6857278,,,,22,,
베이컨 콩불,한식,"베이컨,콩나물,당근,청양고추,양파,팽이버섯,대파,고추장,고춧가루,마늘,참기름,후추,설탕,간장,매실청,깨소금",30,쉬움,"점심,저녁","맑음,비,눈,더위,추위","봄,여름,가을,겨울",6858991,https://www.10000recipe.com/recipe/6858991,메인반찬,,,22,,
"이밥차 레시피 :: 양파볶음햄구이밥 / 양파볶음햄구이덮밥, 간편도시락만들기♪",한식,"양파,통조림햄,밥,대파,계란,올리고당,간장,맛술,참기름",30,쉬움,"점심,저녁","맑음,비,눈,더위,추위","봄,여름,가을,겨울",6860040,https://www.10000recipe.com/recipe/6860040,밥/죽/떡,,,22,,
돼지고기김치찌개 쉽고 만만한 맛있는 집밥,한식,"김치,돼지살코기,된장,새우젓,고춧가루,설탕,마늘,쌀뜨물,홍고추,청양고추,대파",30,쉬움,"점심,저녁","맑음,비,눈,더위,추위","봄,여름,가을,겨울",6863873,https://www.10000recipe.com/recipe/6863873,찌개,,,22,,
돼지김치찌게 황금레시피!,한식,"김치,돼지고기앞다리살,양파,청량고추,설탕,고춧가루,고추장,새우젓갈,김치국물,마늘,후추가루",30,쉬움,"점심,저녁","맑음,비,눈,더위,추위","봄,여름,가을,겨울",6865258,https://www.10000recipe.com/recipe/6865258,찌개,,,22,,
매콤달콤 해물덮밥 :),한식,"해물믹스,양파,양배추,통쯤,대파,깨,후추,소주,고춧가루,고추장,간장,다진마늘큰것약Ts,올리고당혹은물엿,설탕,참기름",30,쉬움,"점심,저녁","맑음,비,눈,더위,추위","봄,여름,가을,겨울",6872214,https://www.10000recipe.com/recipe/6872214,밥/죽/떡,,,22,,
세상 간단한 굽네 마늘치킨 (에어프라이어),한식,"닭,소금,파슬리가루,간장,올리고당,마늘,물",60,보통,저녁,"맑음,비,눈,더위,추위","봄,여름,가을,겨울",6876933,https://www.10000recipe.com/recipe/6876933,메인반찬,,,22,,
쉬운 감바스 알 아히요(스페인요리)만들기,양식,"새우,편마늘,올리브유,소금,식빵,바질,후추,페퍼론치노",30,쉬움,"점심,저녁","맑음,비,눈,더위,추위","봄,여름,가을,겨울",6877335,https://www.10000recipe.com/recipe/6877335,양식,,,22,,
【초간단 인기반찬】눅눅해진 김으로 김자반 만들기~,한식,"파래김,참기름,식용유,맛소금,설탕,깨소금생략가능",15,쉬움,"아침,점심,야식","맑음,비,눈,더위,추위","봄,여름,가을,겨울",6880565,https://www.10000recipe.com/recipe/6880565,,,,22,,
백종원 장칼국수 얼큰한게 일품~,한식,"멸치다시마육수,감자작은것,양파작은것,대파,고추장,된장,고춧가루,마늘,간장,소금,계란",15,쉬움,"아침,점심,야식","맑음,비,눈,더위,추위","봄,여름,가을,겨울",6881182,https://www.10000recipe.com/recipe/6881182,면/만두,,,22,,
가지 오일파스타-오일 스파게티,양식,"스파게티면,가지,마늘,청양고추,올리브오일,맛술,파스타삶은물,소금,후춧가루",30,쉬움,"점심,저녁","맑음,비,눈,더위,추위","봄,여름,가을,겨울",6887806,https://www.10000recipe.com/recipe/6887806,면/만두,,,22,,
봄꽃 닮은 귀요미 애호박전/소시지 애호박전,한식,"애호박,분홍소시지,계란,전분,부침유,소금,검정깨",30,쉬움,"점심,저녁","맑음,비,눈,더위,추위","봄,여름,가을,겨울",6887865,https://www.10000recipe.com/recipe/6887865,메인반찬,,,22,,
시원칼칼♥참치두부찌개,한식,"두부,참치,양파,대파,청양고추,쌀뜨물,고춧가루,간장,설탕,마늘,새우젓,참기름",30,쉬움,"점심,저녁","맑음,비,눈,더위,추위","봄,여름,가을,겨울",6887942,https://www.10000recipe.com/recipe/6887942,찌개,,,22,,
캠핑원팬요리♥ 연어스테이크,양식,"생연어,소금,후추,버터,간장,맛술,올리고당,물,통마늘,아스파라거스,레몬",30,쉬움,"점심,저녁","맑음,비,눈,더위,추위","봄,여름,가을,겨울",6891567,https://www.10000recipe.com/recipe/6891567,양식,,,22,,
명란젓활용요리 알탕맛이나는 명란젓찌개 ^^,한식,"명란젓알,작은무,콩나물,호박,고춧가루,마늘,멸치액젓,된장,두부,대파,멸치육수",30,쉬움,"점심,저녁","맑음,비,눈,더위,추위","봄,여름,가을,겨울",6891573,https://www.10000recipe.com/recipe/6891573,찌개,,,22,,
"저렴한 소고기부위를 레스토랑요리로 업그레이드하는 비법, 불에 구운 LA갈비맛 스테이크",양식,"소고기목심스테이크용,양파,간장,간마늘,꿀,키위갈아서,참기름,소금,후추",30,쉬움,"점심,저녁","맑음,비,눈,더위,추위","봄,여름,가을,겨울",6891937,https://www.10000recipe.com/recipe/6891937,메인반찬,,,22,,
달콤 바삭 캬라멜 식빵팝콘 만들기,한식,"식빵,버터,설탕,물,우유",30,쉬움,"점심,저녁","맑음,비,눈,더위,추위","봄,여름,가을,겨울",6895214,https://www.10000recipe.com/recipe/6895214,,,,22,,
"열무국수 만드는 법, 살얼음 동동 띄운 시판 냉면 육수로 손쉽게 만들어요.",한식,"열무김치,오이,청양고추,홍고추,삶은달걀,국수,냉면육수,열무김치국물,설탕,식초",15,쉬움,"아침,점심,야식","맑음,비,눈,더위,추위","봄,여름,가을,겨울",6896127,https://www.10000recipe.com/recipe/6896127,면/만두,,,22,,
볼빨간 당신 양희경 '달걀떡볶이' 생각보다 맛있어서 깜놀!,한식,"떡볶이떡,양파,계란,버터,올리브유,소금,후추",30,쉬움,"점심,저녁","맑음,비,눈,더위,추위","봄,여름,가을,겨울",6896662,https://www.10000recipe.com/recipe/6896662,밥/죽/떡,,,22,,
실패는없다!백종원 냉국레시피!,한식,"오이,불린미역,양파,당근,식초,마늘,설탕,소금,간장,청양고추,홍고추,물,통깨",10,쉬움,"아침,점심,야식","맑음,비,눈,더위,추위","봄,여름,가을,겨울",6896819,https://www.10000recipe.com/recipe/6896819,국/탕,,,22,,
초간단술안주!대패삼겹우동볶음!!,일식,"냉동대패삼겹살,우동사리,양파,대파개,숙주,간장,올리고당설탕대체가능,마늘,미림,참기름,깨,후추,위생장갑",15,쉬움,"아침,점심,야식","맑음,비,눈,더위,추위","봄,여름,가을,겨울",6896826,https://www.10000recipe.com/recipe/6896826,면/만두,,,22,,
5분 맥주안주!중독성 강한 '황태채 버터구이',한식,"황태채,버터,설탕,파슬리가루",5,쉬움,"아침,점심,야식","맑음,비,눈,더위,추위","봄,여름,가을,겨울",6900443,https://www.10000recipe.com/recipe/6900443,,,,22,,
명란젓찌개(왜 이슬이가 생각날까요?~~),한식,"명란젓,무,두부,파,청양고추,마늘,고추장,고운고춧가루,참치액",15,쉬움,"아침,점심,야식","맑음,비,눈,더위,추위","봄,여름,가을,겨울",6900713,https://www.10000recipe.com/recipe/6900713,찌개,,,22,,
참치마요덮밥 ☆ 마요시리즈의 기본!,한식,"밥,참치통조림g,계란,양파,마요네즈,식용유,다진양파,소금,후추,간장,올리고당,맛술,송송썬쪽파",30,쉬움,"점심,저녁","맑음,비,눈,더위,추위","봄,여름,가을,겨울",6900955,https://www.10000recipe.com/recipe/6900955,밥/죽/떡,,,22,,
두부계란탕 간편하고 부드러워 아침국으로 좋아요,한식,"두부,계란,감자,대파,멸치육수컵,액젓,간장,소금,후추",20,쉬움,"점심,저녁","맑음,비,눈,더위,추위","봄,여름,가을,겨울",6908420,https://www.10000recipe.com/recipe/6908420,국/탕,,,22,,
"맛깔난 골뱅이 야채 비빔국수, 백종원 비빔장",한식,"골뱅이,국수,오이,양파,당근,파채,양배추,깻잎,고추장,고춧가루,설탕,식초,매실액,간장,골뱅이국물,연겨자,참기름,통깨",20,쉬움,"점심,저녁","맑음,비,눈,더위,추위","봄,여름,가을,겨울",6910644,https://www.10000recipe.com/recipe/6910644,면/만두,,,22,,
수미네반찬 두부전골 따라잡기,한식,"두부,애호박,양파,대파,청양고추,홍청양고추,느타리버섯,물만두,다시멸치,다시마,물,고춧가루,매실청,새우젓,어간장,마늘",60,쉬움,저녁,"맑음,비,눈,더위,추위","봄,여름,가을,겨울",6918127,https://www.10000recipe.com/recipe/6918127,국/탕,,,22,,
베이컨 치즈말이 주먹밥 간단요리,한식,"베이컨,체다치즈,참기름,후추,밥",10,쉬움,"아침,점심,야식","맑음,비,눈,더위,추위","봄,여름,가을,겨울",6921417,https://www.10000recipe.com/recipe/6921417,밥/죽/떡,,,22,,
설날 새콤달콤 수육 짝꿍 메밀 막국수,한식,"메밀국수,오이,상추,깻잎,봄동,양배추,고춧가루,고추장고봉으로,매실액기스,식초,마늘,참기름,깨",60,쉬움,저녁,"맑음,비,눈,더위,추위","봄,여름,가을,겨울",6925247,https://www.10000recipe.com/recipe/6925247,면/만두,,,22,,
"백종원 구운계란 카레, 간단하지만 맛은 근사해요",양식,"카레,계란,양파큰사이즈,물",30,쉬움,"점심,저녁","맑음,비,눈,더위,추위","봄,여름,가을,겨울",6947263,https://www.10000recipe.com/recipe/6947263,양식,,,22,,
소고기 불고기가 들어간 궁중떡볶이 아이가 잘먹는 밥반찬,한식,"소고기,떡,당근,양파,생표고버섯,간장,참기름,설탕,올리고당,마늘,대파",15,쉬움,"아침,점심,야식","맑음,비,눈,더위,추위","봄,여름,가을,겨울",6952159,https://www.10000recipe.com/recipe/6952159,밥/죽/떡,,,22,,
♥[신혼밥상]오독오독 매운팽이버섯,한식,"팽이버섯,대파,청양고추,마늘,식용유,고추장,고춧가루,설탕,미림,간장,올리고당,물",10,쉬움,"아침,점심,야식","맑음,비,눈,더위,추위","봄,여름,가을,겨울",6978378,https://www.10000recipe.com/recipe/6978378,,,,22,,
초간단 새송이버섯덮밥,한식,"새송이버섯,양파,당근,대파,마늘,간장,왕소금,후추,전분",15,쉬움,"아침,점심,야식","맑음,비,눈,더위,추위","봄,여름,가을,겨울",6829862,https://www.10000recipe.com/recipe/6829862,밥/죽/떡,,,21,,
백종원 알리오올리오 만드는법 담백한 맛이 끝내줘용 ★,한식,"올리브유,스파게티면,통마늘,마늘,페페론치니,소금,물",15,보통,"아침,점심,야식","맑음,비,눈,더위,추위","봄,여름,가을,겨울",6837737,https://www.10000recipe.com/recipe/6837737,면/만두,,,21,,
다이어트 할때는 닭가슴살 깻잎볶음 .,한식,"닭가슴살,양파,깻잎,간장,맛술,마늘,후춧가루,설탕,참기름",30,쉬움,"점심,저녁","맑음,비,눈,더위,추위","봄,여름,가을,겨울",6844208,https://www.10000recipe.com/recipe/6844208,메인반찬,,,21,,
집에서 먹는 프랑스 가정식 라따뚜이,양식,"완숙토마토,애호박,양파,가지,양송이버섯,마늘,올리브오일,병,소금,후룻가추",30,쉬움,"점심,저녁","맑음,비,눈,더위,추위","봄,여름,가을,겨울",6845511,https://www.10000recipe.com/recipe/6845511,양식,,,21,,
오징어콩나물국밥 시원하고 얼큰하게,한식,"콩나물,물,소금,오징어,청양고추,홍고추,대파,계란,멸치,다시마넓은것",30,쉬움,"점심,저녁","맑음,비,눈,더위,추위","봄,여름,가을,겨울",6852913,https://www.10000recipe.com/recipe/6852913,밥/죽/떡,,,21,,
엄지척 궁중떡볶이 만들기,한식,"떡볶이떡,다진돼지고기,양파,당근,표고버섯,대파,간장,마늘,맛술,참기름,매실액,올리고당,후추,깨",60,쉬움,저녁,"맑음,비,눈,더위,추위","봄,여름,가을,겨울",6856752,https://www.10000recipe.com/recipe/6856752,밥/죽/떡,,,21,,
"뜨끈한 국물이 땡길 때 ""밀푀유 나베""",한식,"얇게썬쇠고기,배추잎,청경채,숙주,흰색버섯,표고버섯,멸치,다시마,파",60,쉬움,저녁,"맑음,비,눈,더위,추위","봄,여름,가을,겨울",6861789,https://www.10000recipe.com/recipe/6861789,국/탕,,,21,,
밀가루 대신 밥으로 만드는 김치밥피자,한식,"찬밥,계란,버터,피자치즈,김장김치,햄,파프리카,올리브유",30,쉬움,"점심,저녁","맑음,비,눈,더위,추위","봄,여름,가을,겨울",6863110,https://www.10000recipe.com/recipe/6863110,밥/죽/떡,,,21,,
아침에 후딱 끓여 낸.....빨간 순두부,한식,"참기름,마늘,대파,고운고추가루,순두부한봉지,다시마,멸치육수,간장",30,쉬움,"점심,저녁","맑음,비,눈,더위,추위","봄,여름,가을,겨울",6865721,https://www.10000recipe.com/recipe/6865721,국/탕,,,21,,
술한잔 한 다음날! 얼큰한 해장의 끝판왕! 콩나물찌개,한식,"콩나물,돼지고기다짐육,버섯,양파,청양고추,대파cm,물,고춧가루,마늘,간장,새우젓,후추",30,쉬움,"점심,저녁","맑음,비,눈,더위,추위","봄,여름,가을,겨울",6866405,https://www.10000recipe.com/recipe/6866405,찌개,,,21,,
라면 레시피 중 최고 이슈! 신라면투움바,한식,"라면,물,칵테일새우,채썬양파,편마늘,버터,슬라이스치즈,우유,소금,후추,파슬리가루",30,쉬움,"점심,저녁","맑음,비,눈,더위,추위","봄,여름,가을,겨울",6867991,https://www.10000recipe.com/recipe/6867991,면/만두,,,21,,
감자활용요리 - 백종원 감자짜글이,한식,"감자보통크기,스팸작은거,양파,대파,청양고추,된장,고추장,고춧가루,설탕,간장,물,마늘,맛술",30,쉬움,"점심,저녁","맑음,비,눈,더위,추위","봄,여름,가을,겨울",6871927,https://www.10000recipe.com/recipe/6871927,찌개,,,21,,
와촌 돼지찌개 따라해보기,한식,"돼지고기,양파중,대파,고춧가루,고추장,마늘,매실액,간장,액젓,후춧가루,생강가루,굵은소금",30,쉬움,"점심,저녁","맑음,비,눈,더위,추위","봄,여름,가을,겨울",6880051,https://www.10000recipe.com/recipe/6880051,찌개,,,21,,
오동통 닭가슴살과 알싸한 마늘의 꿀 만남! 어딘가 이국적이야~닭마볶음밥★,한식,"닭가슴살,통마늘,대파,양파,계란,밥,간장,후추,참깨,참기름",30,쉬움,"점심,저녁","맑음,비,눈,더위,추위","봄,여름,가을,겨울",6882319,https://www.10000recipe.com/recipe/6882319,밥/죽/떡,,,21,,
새송이버섯덮밥,한식,"밥,새송이버섯g,대파,계란,간장,맛술,올리고당,마늘,참기름,통깨,식용유",30,쉬움,"점심,저녁","맑음,비,눈,더위,추위","봄,여름,가을,겨울",6888222,https://www.10000recipe.com/recipe/6888222,밥/죽/떡,,,21,,
마늘 버섯 볶음밥 만드는 법,한식,"마늘,느타리버섯g,대파,햄생략가능,밥,간장,후춧가루,식용유,통깨",60,쉬움,저녁,"맑음,비,눈,더위,추위","봄,여름,가을,겨울",6893364,https://www.10000recipe.com/recipe/6893364,밥/죽/떡,,,21,,
냉파요리로 좋은 5분완성 떠먹는 컵피자 만들기,한식,"식빵,양파,샌드위치햄,캔옥수수,모짜렐라치즈,파슬리가루",5,쉬움,"아침,점심,야식","맑음,비,눈,더위,추위","봄,여름,가을,겨울",6894872,https://www.10000recipe.com/recipe/6894872,,,,21,1.0,
백종원 꽁치김치찌개 초보도 가능한 국물요리!!,한식,"김치,포기,꽁치통조림,육수또는물,대파,고춧가루,참기름,간장",30,쉬움,"점심,저녁","맑음,비,눈,더위,추위","봄,여름,가을,겨울",6897172,https://www.10000recipe.com/recipe/6897172,찌개,,,21,,
초간단~황태달걀국!!!,한식,"황태,대파,청양고추,계란,마늘,소금,후추",15,쉬움,"아침,점심,야식","맑음,비,눈,더위,추위","봄,여름,가을,겨울",6900295,https://www.10000recipe.com/recipe/6900295,국/탕,,,21,,
스팸의 화려한 변신! 백종원의 감자짜글이,한식,"감자중,스팸작은통,양파,청양고추,파,물,간장,고춧가루,고추장,미림,설탕,마늘,된장,후추",30,쉬움,"점심,저녁","맑음,비,눈,더위,추위","봄,여름,가을,겨울",6900739,https://www.10000recipe.com/recipe/6900739,찌개,,,21,,
간장기름떡볶이 ☆ 달달짭쪼롬한게 우리입맛에 딱!,한식,"떡볶이떡,송송썬대파,식용유,간장,올리고당,마늘,참기름",30,보통,"점심,저녁","맑음,비,눈,더위,추위","봄,여름,가을,겨울",6900998,https://www.10000recipe.com/recipe/6900998,밥/죽/떡,,,21,,
신전떡볶이 레시피,한식,"밀떡,어묵,고추장,고춧가루,간장,설탕,카레,후추,물,모짜렐라치즈",20,쉬움,"점심,저녁","맑음,비,눈,더위,추위","봄,여름,가을,겨울",6902378,https://www.10000recipe.com/recipe/6902378,밥/죽/떡,,,21,,
백종원의 고소한 우유라면,한식,"라면,우유",5,쉬움,"아침,점심,야식","맑음,비,눈,더위,추위","봄,여름,가을,겨울",6904094,https://www.10000recipe.com/recipe/6904094,면/만두,,,21,,
간단하게 북엇국 끓이기,한식,"북어,대파,간마늘,다시마,계란,소금기호에따라넣으세요,들기름",5,쉬움,"아침,점심,야식","맑음,비,눈,더위,추위","봄,여름,가을,겨울",6904314,https://www.10000recipe.com/recipe/6904314,국/탕,,,21,,
캔옥수수를 활용한 고소한 '콘스프' 초간단 레시피,한식,"캔옥수수,우유,양파,버터,슬라이스치즈,소금,후추,식빵,파슬리가루",15,쉬움,"아침,점심,야식","맑음,비,눈,더위,추위","봄,여름,가을,겨울",6906272,https://www.10000recipe.com/recipe/6906272,,,,21,,
빨간 어묵,한식,"오뚜기옛날사골곰탕국물,물,어묵,대파,고춧가루,고추장,설탕,마늘",30,쉬움,"점심,저녁","맑음,비,눈,더위,추위","봄,여름,가을,겨울",6908805,https://www.10000recipe.com/recipe/6908805,국/탕,,,21,,
애호박 덮밥 초간단 한그릇요리,한식,"애호박,양파,대파,마늘,식용유,간장,고춧가루,참기름,깨",15,쉬움,"아침,점심,야식","맑음,비,눈,더위,추위","봄,여름,가을,겨울",6909296,https://www.10000recipe.com/recipe/6909296,밥/죽/떡,,,21,,
♥[신혼밥상] 강원도 맛~ 초당 순두부,한식,"순두부,대파,간장,다진대파,다진양파,마늘,설탕,통깨,매실청,참기름",20,쉬움,"점심,저녁","맑음,비,눈,더위,추위","봄,여름,가을,겨울",6915150,https://www.10000recipe.com/recipe/6915150,국/탕,,,21,,
♥[신혼밥상] 이열치열 장칼국수,한식,"고추장,된장,소고기다시다,애호박,감자,양파,대파,당근,계란,김가루,통깨",20,쉬움,"점심,저녁","맑음,비,눈,더위,추위","봄,여름,가을,겨울",6916181,https://www.10000recipe.com/recipe/6916181,면/만두,,,21,,
고갈비 고등어양념구이 만들기 ※맛있음주의※,한식,"고등어,밀가루,식용유,대파,청양고추,고추장,고춧가루,간장,마늘,맛술,설탕,후추",30,쉬움,"점심,저녁","맑음,비,눈,더위,추위","봄,여름,가을,겨울",6936499,https://www.10000recipe.com/recipe/6936499,메인반찬,,,21,,
참치양배추전 만드는법 오코노미야끼 뺨치게 맛나,한식,"계란,양배추,통,부침가루,참치캔,양파,식용유,마요네즈,가쓰오부시가루",15,쉬움,"아침,점심,야식","맑음,비,눈,더위,추위","봄,여름,가을,겨울",6940046,https://www.10000recipe.com/recipe/6940046,메인반찬,,,21,,
오징어무국 얼큰시원 맛있게 끓이는법~,한식,"멸치육수,오징어,무,대파,청양고추,간장,액젓,고춧가루,마늘,소금",30,쉬움,"점심,저녁","맑음,비,눈,더위,추위","봄,여름,가을,겨울",6954430,https://www.10000recipe.com/recipe/6954430,국/탕,,,21,,
바쁜 아침 간단하게..참치 마요 주먹밥,한식,"밥,참치통조림,김가루,맛소금,참기름,통깨,마요네즈,소금,후춧가루",30,쉬움,"점심,저녁","맑음,비,눈,더위,추위","봄,여름,가을,겨울",6961593,https://www.10000recipe.com/recipe/6961593,밥/죽/떡,,,21,,
"고소한 맛이 좋은 밑반찬, 애호박버섯볶음 만들기(새우젓없이 만들기)",한식,"느타리버섯,애호박,식용유,마늘,소금,참기름,후춧가루",30,쉬움,"점심,저녁","맑음,비,눈,더위,추위","봄,여름,가을,겨울",6991123,https://www.10000recipe.com/recipe/6991123,,,,21,,
[휴게소 우동 만들기] 우동 국물 만들기,일식,"물,우동면,쯔유,간장,치킨스톡또는다시다,후추,조미김,고춧가루",10,쉬움,"아침,점심,야식","맑음,비,눈,더위,추위","봄,여름,가을,겨울",6992701,https://www.10000recipe.com/recipe/6992701,면/만두,,,21,,
초간단 10분 ‘우삼겹 갈비탕’,한식,"우삼겹,물,대파,팽이버섯,불린당면,마늘,멸치액젓,후추,계량컵,조리용나이프",15,쉬움,"아침,점심,야식","맑음,비,눈,더위,추위","봄,여름,가을,겨울",7056423,https://www.10000recipe.com/recipe/7056423,국/탕,,,21,,
자작한 국물까지 먹는 비빔메밀국수,한식,"오이,양파,당근cm,토막,메밀국수,고추장,고춧가루,매실액,간장,조청,참기름,깨,식초",30,쉬움,"점심,저녁","맑음,비,눈,더위,추위","봄,여름,가을,겨울",3729336,https://www.10000recipe.com/recipe/3729336,면/만두,,,20,,
두부 강정,한식,"두부,녹말가루,청주,케찹,고추장,설탕,올리고당,소금,마늘,다진양파",30,쉬움,"점심,저녁","맑음,비,눈,더위,추위","봄,여름,가을,겨울",4088595,https://www.10000recipe.com/recipe/4088595,메인반찬,,,20,,
야들야들 시원한 가을보양식~낙지연포탕,양식,"무,콩나물,양파,호박,애느타리,마늘,대파,집간장,소금,낙지",30,쉬움,"점심,저녁","맑음,비,눈,더위,추위","봄,여름,가을,겨울",4268988,https://www.10000recipe.com/recipe/4268988,국/탕,담백함,미분류,20,,
올리브쇼의 가지된장덮밥 만들기,한식,"가지,양파,대파,마늘,간돼지고기,올리브유,물,소금,후추,설탕,된장,두반장,녹말물,참기름",30,보통,"점심,저녁","맑음,비,눈,더위,추위","봄,여름,가을,겨울",6710269,https://www.10000recipe.com/recipe/6710269,밥/죽/떡,,,20,,
집밥 백선생 알리오 올리오 :),한식,"스파게티면,통마늘,다진마늘듬뿍,올리브오일,소금,후추",15,쉬움,"아침,점심,야식","맑음,비,눈,더위,추위","봄,여름,가을,겨울",6835783,https://www.10000recipe.com/recipe/6835783,면/만두,,,20,,
백종원 순두부찌개 만들기,한식,"순두부,대파,청양고추,계란,다진고기,마늘,다진양파,소금,고춧가루,간장,설탕",30,쉬움,"점심,저녁","맑음,비,눈,더위,추위","봄,여름,가을,겨울",6842838,https://www.10000recipe.com/recipe/6842838,찌개,,,20,,
김밥 맛있게 싸는법 - 아이도시락 사랑김밥,한식,"계란,당근,햄,파프리카,참기름,소금",60,보통,저녁,"맑음,비,눈,더위,추위","봄,여름,가을,겨울",6845310,https://www.10000recipe.com/recipe/6845310,밥/죽/떡,,,20,,
느끼함 따윈 싸악~ 잊어버린! 비빔만두,한식,"냉동만두,양배추g,오이,양파,깻잎,고추장,고춧가루,식초,설탕,참깨,청양고추",30,쉬움,"점심,저녁","맑음,비,눈,더위,추위","봄,여름,가을,겨울",6858056,https://www.10000recipe.com/recipe/6858056,면/만두,,,20,,
아이간식 매콤달달 떡강정 만들기,한식,"떡볶이떡,참기름,포도씨유,올리고당,토마토케찹,고추장,마늘",30,쉬움,"점심,저녁","맑음,비,눈,더위,추위","봄,여름,가을,겨울",6860149,https://www.10000recipe.com/recipe/6860149,밥/죽/떡,,,20,,
"만두치즈밥 , 전자렌지 하나로 간편하게 5분완성 한끼 :)",한식,"즉석밥공기,냉동만두종류상관없음,고추장,참기름,피자치즈생략가능",5,쉬움,"아침,점심,야식","맑음,비,눈,더위,추위","봄,여름,가을,겨울",6861939,https://www.10000recipe.com/recipe/6861939,밥/죽/떡,,,20,,
삼겹살야채볶음밥! (한그릇 요리),한식,"삼겹살,밥,양파,노랑파프리카,주황파프리카,청양고추,홍고추,청주,오일,간장,설탕,미림,마늘,참기름,후춧가루",60,쉬움,저녁,"맑음,비,눈,더위,추위","봄,여름,가을,겨울",6862544,https://www.10000recipe.com/recipe/6862544,밥/죽/떡,,,20,,
골뱅이무침 양념장◆ 소면말고 쫄면은 어때요?,한식,"골뱅이캔,쫄면,오이,달래,청양고추,당근,참기름,통깨,고춧가루,고추장,설탕,식초,간장,골뱅이캔육수",30,쉬움,"점심,저녁","맑음,비,눈,더위,추위","봄,여름,가을,겨울",6863826,https://www.10000recipe.com/recipe/6863826,면/만두,,,20,,
두부짜글이 - 자글자글 끓인 두부찌개,한식,"두부,양파,고추장,대파,고춧가루,마늘,물,무,국간장또는참치액,소금",30,쉬움,"점심,저녁","맑음,비,눈,더위,추위","봄,여름,가을,겨울",6863875,https://www.10000recipe.com/recipe/6863875,찌개,,,20,,
백종원 콩나물불고기 황금레시피 : 식감도 good! 맛도 good!,한식,"대패삼겹살,콩나물한봉지,새송이버섯,양파,대파,깻잎,청양고추,홍고추선택,고춧가루,간장,고추장,맛술,마늘,설탕",30,쉬움,"점심,저녁","맑음,비,눈,더위,추위","봄,여름,가을,겨울",6865018,https://www.10000recipe.com/recipe/6865018,메인반찬,,,20,,
매콤달콤 깐풍만두 만들기- 식상한 만두요리는 가라!,한식,"냉동만두,파프리카,양파,파,청양고추,마늘,간장,올리고당,식초,후추,참기름,깨",30,보통,"점심,저녁","맑음,비,눈,더위,추위","봄,여름,가을,겨울",6865281,https://www.10000recipe.com/recipe/6865281,면/만두,,,20,,
소고기 양배추 죽,한식,"양배추,간소고기,흰쌀밥,소금,참기름,마늘,김가루생략가능",30,쉬움,"점심,저녁","맑음,비,눈,더위,추위","봄,여름,가을,겨울",6865301,https://www.10000recipe.com/recipe/6865301,밥/죽/떡,,,20,,
참치 두부찌개 저녁 메뉴,한식,"참치캔,두부,양파,애호박,청양고추,파,마늘,쌀뜨물,고춧가루,고추장,연두,볶은소금",10,쉬움,"아침,점심,야식","맑음,비,눈,더위,추위","봄,여름,가을,겨울",6869615,https://www.10000recipe.com/recipe/6869615,찌개,,,20,,
[간단 자취요리] 보글보글~ 만두 짜글이 만들기,한식,"냉동왕만두,양파,대파생략가능,고춧가루,간장,마늘",30,쉬움,"점심,저녁","맑음,비,눈,더위,추위","봄,여름,가을,겨울",6870713,https://www.10000recipe.com/recipe/6870713,찌개,매콤함,미분류,20,,
"구운계란카레덮밥 만들기, 반찬하기 싫은 날 가볍게 만들어 먹기 좋은 계란요리 -",한식,"계란,양파,카레가루,팽이버섯선택,후추,통깨",30,쉬움,"점심,저녁","맑음,비,눈,더위,추위","봄,여름,가을,겨울",6872367,https://www.10000recipe.com/recipe/6872367,밥/죽/떡,,,20,,
꿀처 콩비지찌개,한식,"콩비지,민찌,배추김치잎파리,청양고추,대파,마늘,후춧가루,맛술,들기름,간장,소금,고춧가루,식초,물",60,보통,저녁,"맑음,비,눈,더위,추위","봄,여름,가을,겨울",6872883,https://www.10000recipe.com/recipe/6872883,찌개,,,20,,
"아이반찬 만들기,스팸반찬,두부반찬 스팸두부큐브",한식,"두부,스팸,전분",15,쉬움,"아침,점심,야식","맑음,비,눈,더위,추위","봄,여름,가을,겨울",6873641,https://www.10000recipe.com/recipe/6873641,메인반찬,,,20,,
남은 떡국떡으로 떡꼬치 만들기,한식,"떡국떡,고추장,케찹,설탕",5,쉬움,"아침,점심,야식","맑음,비,눈,더위,추위","봄,여름,가을,겨울",6882933,https://www.10000recipe.com/recipe/6882933,밥/죽/떡,,,20,,
백종원 돼지갈비탕 바쿠테 딱 이대로!,한식,"돼지갈비,통마늘,통후추,물,설탕,소금,대파,간장,청양고추,액젓,마늘",120,쉬움,저녁,"맑음,비,눈,더위,추위","봄,여름,가을,겨울",6884734,https://www.10000recipe.com/recipe/6884734,국/탕,,,20,,
사먹는것보다 더 맛있는♥김치만두,한식,"만두피,다진돼지고기,다진김치,다진대파,삶은당면,고춧가루,소금,간장,마늘,다진생강,술,후추,참기름",60,보통,저녁,"맑음,비,눈,더위,추위","봄,여름,가을,겨울",6885706,https://www.10000recipe.com/recipe/6885706,면/만두,,,20,,
슥슥 섞어서 구우면 끝! 꿀맛 고추장 삼겹살 만들기,한식,"삼겹살,고추장,간장,마늘,맛술,올리고당",10,쉬움,"아침,점심,야식","맑음,비,눈,더위,추위","봄,여름,가을,겨울",6886825,https://www.10000recipe.com/recipe/6886825,메인반찬,,,20,,
아웃백 단골메뉴 투움바파스타 황금레시피,양식,"스파게티면,생크림,우유,잔파,마늘,새우,양송이버섯,양파,베이컨,고춧가루,간장",15,쉬움,"아침,점심,야식","맑음,비,눈,더위,추위","봄,여름,가을,겨울",6887572,https://www.10000recipe.com/recipe/6887572,면/만두,,,20,,
남은 치킨 활용 요리! '깐풍치킨' 만들기,한식,"양파,대파,청양고추,마늘,남은치킨,설탕,간장,식초,맛술,꿀혹은올리고당",30,쉬움,"점심,저녁","맑음,비,눈,더위,추위","봄,여름,가을,겨울",6891341,https://www.10000recipe.com/recipe/6891341,메인반찬,,,20,,
미역오이냉국 시원한 여름의 별미,한식,"오이,건미역손바닥절반정도,당근,양파,방울토마도,찬물,소금,설탕,식초",15,쉬움,"아침,점심,야식","맑음,비,눈,더위,추위","봄,여름,가을,겨울",6891608,https://www.10000recipe.com/recipe/6891608,국/탕,,,20,,
단백질 폭발!!!♥ 두부그라탱,양식,"두부,양파,버섯,피자치즈,후추,소금,파슬리가루",30,쉬움,"점심,저녁","맑음,비,눈,더위,추위","봄,여름,가을,겨울",6891643,https://www.10000recipe.com/recipe/6891643,양식,,,20,,
다이어트 식단으로도 좋은 담백한 덮밥! 두부카레덮밥,한식,"물,두부,감자작은거,양파작은거,당근,고형카레,식용유,버터",30,쉬움,"점심,저녁","맑음,비,눈,더위,추위","봄,여름,가을,겨울",6891706,https://www.10000recipe.com/recipe/6891706,밥/죽/떡,,,20,,
짭쪼름한 명란알이 톡톡 명란 마요 주먹밥 만들기,한식,"밥,명란젓,마요네즈,간장,설탕,소금,깨소금,참기름",15,쉬움,"아침,점심,야식","맑음,비,눈,더위,추위","봄,여름,가을,겨울",6892477,https://www.10000recipe.com/recipe/6892477,밥/죽/떡,,,20,,
아들녀석이 밥두공기 뚝딱한~돼지갈비김치찌개*^^*(김진옥요리가좋다),한식,"돼지갈비,잘익은배추김치,포기,양파,대파,김칫국물,멸치다시마육수,고춧가루,간장,마늘,맛술,참기름,설탕,후춧가루",60,쉬움,저녁,"맑음,비,눈,더위,추위","봄,여름,가을,겨울",6901168,https://www.10000recipe.com/recipe/6901168,찌개,,,20,,
개운하게 시금치된장국 끓이는법(김진옥요리가좋다),한식,"시금치,된장재래된장,된장,대파,마늘,마른새우,고춧가루,멸치다시마육수,간장",15,쉬움,"아침,점심,야식","맑음,비,눈,더위,추위","봄,여름,가을,겨울",6901296,https://www.10000recipe.com/recipe/6901296,국/탕,,,20,,
카페부럽지 않은 초간단 리얼 생딸기 우유 간식 만들기,한식,"딸기,우유,설탕",10,쉬움,"아침,점심,야식","맑음,비,눈,더위,추위","봄,여름,가을,겨울",6904360,https://www.10000recipe.com/recipe/6904360,,,,20,,
"초간단 아침식사, 카레향 나는 두부 달걀 스크램블 덮밥",한식,"두부,계란,카레가루,우유,소금,후추,버터선택,김가루인선택",10,쉬움,"아침,점심,야식","맑음,비,눈,더위,추위","봄,여름,가을,겨울",6908353,https://www.10000recipe.com/recipe/6908353,밥/죽/떡,,,20,,
에어프라이어로 계피향 솔솔 바삭한 식빵 츄러스 만들기,한식,"식빵,버터,설탕,계피가루",10,쉬움,"아침,점심,야식","맑음,비,눈,더위,추위","봄,여름,가을,겨울",6911508,https://www.10000recipe.com/recipe/6911508,,,,20,,
목우촌 아이들 도시락 간식요리 소세지 김밥,한식,"김밥김,슬라이스치즈,공기밥,소금,통깨,참기름",20,쉬움,"점심,저녁","맑음,비,눈,더위,추위","봄,여름,가을,겨울",6912682,https://www.10000recipe.com/recipe/6912682,밥/죽/떡,,,20,,
백종원 오이냉국 만드는법,한식,"오이,양파,청양고추,홍고추,불린미역,물,소금,설탕,식초,통깨",30,쉬움,"점심,저녁","맑음,비,눈,더위,추위","봄,여름,가을,겨울",6912989,https://www.10000recipe.com/recipe/6912989,국/탕,,,20,,
이건 감자탕이 아닌 감자탕맛찌개 ★,한식,"멸치육수,감자,양파,대파,삶은시래기,돼지고기찌개용,묵은지,포기,청주,청양고추,들깨가루,후추,식용유,고춧가루,마늘,고추장,된장,간장,다진생강",30,쉬움,"점심,저녁","맑음,비,눈,더위,추위","봄,여름,가을,겨울",6915544,https://www.10000recipe.com/recipe/6915544,찌개,,,20,,
새우만 건져 먹었다면?? 이젠 감바스파스타 ★,양식,"새우,스파게티면,양파,마늘,페페론치노,올리브오일,소금,후추",20,쉬움,"점심,저녁","맑음,비,눈,더위,추위","봄,여름,가을,겨울",6917633,https://www.10000recipe.com/recipe/6917633,면/만두,,,20,,
♥[신혼밥상] 전참시 명란떡국,한식,"명란젓,떡국떡,만두,계란,대파,양파,애호박,청양고추,간장,멸치다시마육수,통깨,김가루",20,쉬움,"점심,저녁","맑음,비,눈,더위,추위","봄,여름,가을,겨울",6926695,https://www.10000recipe.com/recipe/6926695,국/탕,,,20,,
청국장찌개,한식,"묵은지,포기,청국장,두부,양파,청양고추,홍고추,대파,멸치다시마육수,마늘,고춧가루",60,쉬움,저녁,"맑음,비,눈,더위,추위","봄,여름,가을,겨울",6948720,https://www.10000recipe.com/recipe/6948720,찌개,,,20,,
진짜 정통 '까르보나라',양식,"계란노른자,소금,물,후추,파마산치즈,마늘,올리브유,베이컨,파스타면,면수",10,보통,"아침,점심,야식","맑음,비,눈,더위,추위","봄,여름,가을,겨울",6980370,https://www.10000recipe.com/recipe/6980370,양식,,,20,,
칼칼하고 시원한 동태찌개 끓이는 방법,한식,"동태,호박,두부,대파,홍고추,청고추,버섯,미나리,쑥갓,고춧가루,간장,맛술,소금,후춧가루,마늘,된장,고추장",60,보통,저녁,"맑음,비,눈,더위,추위","봄,여름,가을,겨울",4486124,https://www.10000recipe.com/recipe/4486124,찌개,,,19,,
묵은지 닭볶음탕 만들기,한식,"중간닭,묵은지,포기,감자,양파,청양고추,마늘,대파,소금,고추장,고춧가루,올리고당,간장,후추",30,쉬움,"점심,저녁","맑음,비,눈,더위,추위","봄,여름,가을,겨울",5294636,https://www.10000recipe.com/recipe/5294636,국/탕,,,19,,
감자 고추장찌개,한식,"물,다시마cm,국물멸치,감자,애호박,양파,대파,고추장,고춧가루,마늘,소금",30,쉬움,"점심,저녁","맑음,비,눈,더위,추위","봄,여름,가을,겨울",5793135,https://www.10000recipe.com/recipe/5793135,찌개,,,19,,
여름 입맛 확 살려주는 매콤 땡초김밥,한식,"김밥김,당근,청양고추,참기름,깨,간장,물,매실청,올리고당,맛술,마늘",30,쉬움,"점심,저녁","맑음,비,눈,더위,추위","봄,여름,가을,겨울",6830914,https://www.10000recipe.com/recipe/6830914,밥/죽/떡,,,19,,
나들이엔 오븐치킨이 갑~!!,한식,"닭자른걸로,마늘,버터,허브솔트,소금,우유",90,쉬움,저녁,"맑음,비,눈,더위,추위","봄,여름,가을,겨울",6832851,https://www.10000recipe.com/recipe/6832851,메인반찬,,,19,,
백종원 레시피 계란 덮밥 만들기!,한식,"계란,간장,고춧가루,파",15,쉬움,"아침,점심,야식","맑음,비,눈,더위,추위","봄,여름,가을,겨울",6833211,https://www.10000recipe.com/recipe/6833211,밥/죽/떡,,,19,,
밥에 넣고 비벼먹어도 맛있는 소고기오이볶음,한식,"오이,소고기갈은것,간장,통깨,소금,오일,굵은소금,설탕,청주,마늘,참기름,후춧가루",60,쉬움,저녁,"맑음,비,눈,더위,추위","봄,여름,가을,겨울",6833523,https://www.10000recipe.com/recipe/6833523,,,,19,,
나가사키짬뽕,중식,"생면,새우,오징어,바지락,홍합,양파,대파,통마늘,알배추,청양고추,청경채,숙주,청주,소금,후춧가루,사골육수,물,간장",30,쉬움,"점심,저녁","맑음,비,눈,더위,추위","봄,여름,가을,겨울",6837020,https://www.10000recipe.com/recipe/6837020,면/만두,,,19,,
비프스튜(소고기스튜),한식,"소고기,베이컨,당근,양파,샐러리,양송이,치킨스톡,레드와인,버터,마늘,다진양파,설탕,홀토마토,월계수잎",120,쉬움,저녁,"맑음,비,눈,더위,추위","봄,여름,가을,겨울",6844323,https://www.10000recipe.com/recipe/6844323,찌개,,,19,,
초간단~ 양송이 버섯 덮밥,한식,"양송이버섯,마늘,파,올리브유,물,간장,설탕,후추,녹말물,참기름",30,쉬움,"점심,저녁","맑음,비,눈,더위,추위","봄,여름,가을,겨울",6845535,https://www.10000recipe.com/recipe/6845535,밥/죽/떡,,,19,,
스테이크맛있게굽는법[부채살스테이크],양식,"스테이크용고기,소금,후추,로즈마리,버터,올리브오일",5,쉬움,"아침,점심,야식","맑음,비,눈,더위,추위","봄,여름,가을,겨울",6848130,https://www.10000recipe.com/recipe/6848130,양식,,,19,,
초간단 아기순두부찌개 끓이는 법!!,한식,"순두부,양파,애호박,새우젓,대파,계란",10,쉬움,"아침,점심,야식","맑음,비,눈,더위,추위","봄,여름,가을,겨울",6849885,https://www.10000recipe.com/recipe/6849885,찌개,,,19,,
중국식 반찬 돼지고기배추당면볶음 蚂蚁上树 마이샹슈,한식,"간돼지고기,배추,당면,식용유,대파,마늘,물,간장,후추,청주",30,쉬움,"점심,저녁","맑음,비,눈,더위,추위","봄,여름,가을,겨울",6850134,https://www.10000recipe.com/recipe/6850134,메인반찬,,,19,,
주말간식 / 쫄깃 매콤한 떡꼬치,한식,"떡볶이떡,식용유,마늘,토마토케찹,고추장,올리고당,참기름,아몬드슬라이스생략가능",30,어려움,"점심,저녁","맑음,비,눈,더위,추위","봄,여름,가을,겨울",6855155,https://www.10000recipe.com/recipe/6855155,밥/죽/떡,,,19,,
김치 비빔면 맛있는레시피,한식,"김장김치,소면,오이,삶은달걀,고추장,고춧가루,간장,매실청,물엿,마늘,참기름,통깨",15,쉬움,"아침,점심,야식","맑음,비,눈,더위,추위","봄,여름,가을,겨울",6858475,https://www.10000recipe.com/recipe/6858475,면/만두,,,19,,
얼큰한 순두부찌개 만들기,한식,"순두부,계란,팽이버섯,대파,청양고추,새우젓,마늘,멸치가루,고춧가루,들기름,고추기름,굵은소금",15,쉬움,"아침,점심,야식","맑음,비,눈,더위,추위","봄,여름,가을,겨울",6862075,https://www.10000recipe.com/recipe/6862075,찌개,,,19,,
[반찬]아이들이 좋아하는 연근강정~^^,한식,"연근긴것,전분가루,튀김가루,오일,식초,소금,각얼음,고추장,고춧가루,올리고당,간장,마늘,통깨,매실청",60,보통,저녁,"맑음,비,눈,더위,추위","봄,여름,가을,겨울",6863580,https://www.10000recipe.com/recipe/6863580,메인반찬,,,19,,
닭가슴살요리법 갈릭버터 닭가슴살스테이크,양식,"닭가슴살,버터,간마늘,양파,방울토마토,토마토생략가능,간장,후추",30,쉬움,"점심,저녁","맑음,비,눈,더위,추위","봄,여름,가을,겨울",6865618,https://www.10000recipe.com/recipe/6865618,양식,,,19,,
큐브스테이크 덥밥(아삭한 숙주의 식감이 재미있어요),양식,"소고기,숙주,허브소금,올리브오일,간장,물,맛술,설탕,물엿",30,쉬움,"점심,저녁","맑음,비,눈,더위,추위","봄,여름,가을,겨울",6877441,https://www.10000recipe.com/recipe/6877441,밥/죽/떡,,,19,,
호떡 맛 나는 떡맛탕(가래떡이나 떡국떡으로 해보세요),한식,"떡국떡,설탕,물,물엿,견과류,계핏가루",15,쉬움,"아침,점심,야식","맑음,비,눈,더위,추위","봄,여름,가을,겨울",6880868,https://www.10000recipe.com/recipe/6880868,,,,19,,
【추운날씨에 딱~!!】아무나 할수있는 초간단 어묵김치전골 만들기~,한식,"모둠어묵,김치,유부생략가능,두부,만두,팽이버섯,대파,줄기,땡초,마늘,어묵탕스프",15,쉬움,"아침,점심,야식","맑음,비,눈,더위,추위","봄,여름,가을,겨울",6882685,https://www.10000recipe.com/recipe/6882685,국/탕,,,19,,
【우리집 인기반찬】 맛보장 통오징어 양념구이 진짜 맛있어요 ! (밥안먹는 4살 아이 반찬 & 술안주),한식,"손질오징어,맛술,간장,올리고당,고추장기호에따라가감,올리브유,마늘,참기름",15,보통,"아침,점심,야식","맑음,비,눈,더위,추위","봄,여름,가을,겨울",6887603,https://www.10000recipe.com/recipe/6887603,메인반찬,,,19,,
라따뚜이 만들기,양식,"호박,가지,토마토,병,눈꽃치즈,월계수잎,바질,양파",60,쉬움,저녁,"맑음,비,눈,더위,추위","봄,여름,가을,겨울",6890844,https://www.10000recipe.com/recipe/6890844,양식,,,19,,
오이롤초밥 손님초대요리로 굿이네:),일식,"오이,맛살,마요네즈,후추가루,소금,설탕,식초",10,쉬움,"아침,점심,야식","맑음,비,눈,더위,추위","봄,여름,가을,겨울",6891934,https://www.10000recipe.com/recipe/6891934,밥/죽/떡,,,19,,
간단한 간식 치즈일까 라면일까,한식,"라면,모짜렐라치즈,파슬리가루,물",10,쉬움,"아침,점심,야식","맑음,비,눈,더위,추위","봄,여름,가을,겨울",6892541,https://www.10000recipe.com/recipe/6892541,면/만두,,,19,,
삼겹살 부추 비빔밥 덮밥,한식,"삼겹살,양파,부추,밥,소금,후춧가루,간장,맛술,청주,올리고당,마늘,생강가루,고춧가루,참기름,통깨",60,쉬움,저녁,"맑음,비,눈,더위,추위","봄,여름,가을,겨울",6893419,https://www.10000recipe.com/recipe/6893419,밥/죽/떡,,,19,,
초간단 스팸마요덮밥 만들기!반찬 없을때 한끼 식사로 굿!,한식,"밥,스팸,계란,양파,간장,물엿,물,마요네즈,김,파슬리가루",30,쉬움,"점심,저녁","맑음,비,눈,더위,추위","봄,여름,가을,겨울",6894757,https://www.10000recipe.com/recipe/6894757,밥/죽/떡,,,19,,
[백종원 찹스테이크 만들기] 부채살로 만든 찹스테이크,양식,"부채살,미니파프리카,양파,버터,편마늘,새송이버섯,올리브유,소금,전분가루,후추",30,쉬움,"점심,저녁","맑음,비,눈,더위,추위","봄,여름,가을,겨울",6898774,https://www.10000recipe.com/recipe/6898774,양식,,,19,,
간단한 점심한끼 ! 참치고추장계란볶음밥,한식,"밥,계란,참치캔,고추장,소금,깨소금,후추,식용유",20,쉬움,"점심,저녁","맑음,비,눈,더위,추위","봄,여름,가을,겨울",6901865,https://www.10000recipe.com/recipe/6901865,밥/죽/떡,,,19,,
초간단 국물 요리 :: 깔끔하고 시원한 콩나물국,한식,"콩나물,대파,다시물,마늘,새우젓,간장,소금,후추",30,쉬움,"점심,저녁","맑음,비,눈,더위,추위","봄,여름,가을,겨울",6902484,https://www.10000recipe.com/recipe/6902484,국/탕,,,19,,
칵테일새우 무우 두부국,한식,"칵테일새우,공기,무우,두부,대파,멸치육수,마늘,집간장",30,쉬움,"점심,저녁","맑음,비,눈,더위,추위","봄,여름,가을,겨울",6911288,https://www.10000recipe.com/recipe/6911288,국/탕,,,19,,
깻잎 삼각전,한식,"참치캔g,깻잎,계란,청양고추,밀가루,식용유,소금",15,쉬움,"아침,점심,야식","맑음,비,눈,더위,추위","봄,여름,가을,겨울",6915017,https://www.10000recipe.com/recipe/6915017,메인반찬,,,19,,
떡국떡으로 만들어 냉털하기 딱좋은 간장떡볶이 ★,한식,"떡국떡,프랑크소시지,양파,대파,간장,맛술,올리고당,마늘,참기름,물,후추,통깨",30,쉬움,"점심,저녁","맑음,비,눈,더위,추위","봄,여름,가을,겨울",6915641,https://www.10000recipe.com/recipe/6915641,밥/죽/떡,,,19,,
럭셔리한 손님초대 해물누룽지탕,한식,"누룽지,물오징어,대하,죽순통조림,양파,표고버섯,빨간파프리카,노란파프리카,청경채,목이버섯,식용유,대파,마늘,생강,물,간장,청주,치킨스톡,녹말물,후추가루,참기름",60,쉬움,저녁,"맑음,비,눈,더위,추위","봄,여름,가을,겨울",6918234,https://www.10000recipe.com/recipe/6918234,국/탕,,,19,,
볶음밥과 함께 하면 좋아요~ 순두부계란탕,한식,"순두부g,새우젓,대파,물,계란,후추",5,보통,"아침,점심,야식","맑음,비,눈,더위,추위","봄,여름,가을,겨울",6923050,https://www.10000recipe.com/recipe/6923050,국/탕,,,19,,
바나나치즈오믈렛 < 간단 조식 > 만들기,한식,"계란,바나나,치즈",10,쉬움,"아침,점심,야식","맑음,비,눈,더위,추위","봄,여름,가을,겨울",6925264,https://www.10000recipe.com/recipe/6925264,밥/죽/떡,,,19,,
아이국 :: 나주식 곰탕 맛이 나는 소고기당면국,한식,"한우양지,당면,계란,대파고명용,물,월계수잎,통후추,대파,간장,마늘,소금,후추",60,쉬움,저녁,"맑음,비,눈,더위,추위","봄,여름,가을,겨울",6935288,https://www.10000recipe.com/recipe/6935288,국/탕,,,19,,
회오리 오므라이스 집에서도 쉽게 근사하게 오므라이스소스도 포함,양식,"밥,양파,당근,파,감자,소세지,식용유,후추,소금,케찹,계란,전분가루,버터,올리고당,물",30,쉬움,"점심,저녁","맑음,비,눈,더위,추위","봄,여름,가을,겨울",6935734,https://www.10000recipe.com/recipe/6935734,양식,,,19,,
짜글이 같이 밥에 비벼먹기 좋은 성시경의 삼겹두부조림 ♥,한식,"두부,삼겹살,소금,양파,대파,청양고추,계란,멸치육수,간장,고춧가루,설탕,매실청,후추,마늘,깨소금,만개한알",60,쉬움,저녁,"맑음,비,눈,더위,추위","봄,여름,가을,겨울",6947116,https://www.10000recipe.com/recipe/6947116,메인반찬,,,19,,
다이어트 할 때 저탄고단 고소한 '두부밥',한식,"두부,계란,밥",10,쉬움,"아침,점심,야식","맑음,비,눈,더위,추위","봄,여름,가을,겨울",6949579,https://www.10000recipe.com/recipe/6949579,밥/죽/떡,,,19,,
닭가슴살냉채 겨자소스넣어 시원하게 먹어요,한식,"닭가슴살,빨강파프리카,노랑파프리카,양파,오이,맛살,연겨자,간장,꿀,마늘,식초,물",20,쉬움,"점심,저녁","맑음,비,눈,더위,추위","봄,여름,가을,겨울",6962360,https://www.10000recipe.com/recipe/6962360,메인반찬,,,19,,
"간단하게 만드는 밥도둑, 팽이버섯두부조림",한식,"두부,팽이버섯,대파,간장,맛술,마늘,올리고당,고춧가루,후추,뒤집개,주방나이프",20,쉬움,"점심,저녁","맑음,비,눈,더위,추위","봄,여름,가을,겨울",7003451,https://www.10000recipe.com/recipe/7003451,메인반찬,담백함,미분류,19,,
"생선까스 - 입에서 살살 녹네...[타르타르소스, 생선까스 소스만들기]",양식,"동태살,밀가루,계란,빵가루,소금,흰후추,마요네즈,레몬즙,다진피클,다진양파,삶은달걀,후추",60,보통,저녁,"맑음,비,눈,더위,추위","봄,여름,가을,겨울",2744826,https://www.10000recipe.com/recipe/2744826,양식,,,18,,
얼큰한 두부고추장찌개,한식,"돼지고기,애호박,감자,양파,청양고추,송송썬파,두부,마늘,고추장,물",15,쉬움,"아침,점심,야식","맑음,비,눈,더위,추위","봄,여름,가을,겨울",4000677,https://www.10000recipe.com/recipe/4000677,찌개,,,18,,
시원한 오이냉국 만드는 법,한식,"건미역,오이,청량고추,송송썰은파,당근,소금,설탕,배식초,통깨,참기름,마늘,물",15,쉬움,"아침,점심,야식","맑음,비,눈,더위,추위","봄,여름,가을,겨울",4015891,https://www.10000recipe.com/recipe/4015891,국/탕,,,18,,
가래떡강정,한식,"가래떡,호두가루,찹쌀가루,식용유,고추장,케찹,간장,매실액,올리고당,맛술",30,쉬움,"점심,저녁","맑음,비,눈,더위,추위","봄,여름,가을,겨울",4090829,https://www.10000recipe.com/recipe/4090829,,,,18,,
간장당면 떡볶이,한식,"떡볶이떡,표고버섯,양배추,당근,대파,불린당면,식용유,깨,간장,물,올리고당,후춧가루,참기름,마늘",30,쉬움,"점심,저녁","맑음,비,눈,더위,추위","봄,여름,가을,겨울",5765377,https://www.10000recipe.com/recipe/5765377,밥/죽/떡,,,18,,
돼지고기 고추장찌개 황금레시피 엄지척받았징!!,한식,"돼지고기찌개용,두부,양파,청양고추,파,느타리버섯,표고버섯,멸치육수인분,고추장,고춧가루,된장,간장,맛술,마늘,매실액,참기름,후추",60,쉬움,저녁,"맑음,비,눈,더위,추위","봄,여름,가을,겨울",6831567,https://www.10000recipe.com/recipe/6831567,찌개,,,18,,
♡참치시금치전♡ 초간편 영양가득 전요리,한식,"캔참치,시금치,계란,밀가루,통깨,까놀라유,후추,케찹",15,쉬움,"아침,점심,야식","맑음,비,눈,더위,추위","봄,여름,가을,겨울",6832407,https://www.10000recipe.com/recipe/6832407,메인반찬,,,18,,
촉촉한 중국풍 양배추햄덮밥,한식,"양배추,양파,당근,대파초록부분,우유리챔캔g,청양고추,녹말가루,물,올리브오일,마늘,맛술,참기름,통깨",30,쉬움,"점심,저녁","맑음,비,눈,더위,추위","봄,여름,가을,겨울",6833572,https://www.10000recipe.com/recipe/6833572,밥/죽/떡,,,18,,
"등갈비김치찌개 , 진한 국물맛이 일품 ! 등갈비 김치찌개 레시피 :)",한식,"등갈비,김치,멸치육수,대파,청양고추,마늘,된장,설탕,식초,고춧가루,후추",120,쉬움,저녁,"맑음,비,눈,더위,추위","봄,여름,가을,겨울",6841301,https://www.10000recipe.com/recipe/6841301,찌개,,,18,,
크래미오이초밥 한 입에 쏙~,일식,"크래미,오이,식초,설탕,소금,깨,마요네즈,연겨자,후추",15,쉬움,"아침,점심,야식","맑음,비,눈,더위,추위","봄,여름,가을,겨울",6853123,https://www.10000recipe.com/recipe/6853123,밥/죽/떡,,,18,,
오징어호박찌개 - 간단하게 끓일수 있는 오징어찌개,한식,"오징어,애호박,양파,멸치다시마육수,대파,청양고추,고춧가루,간장,마늘,소금,고추장",60,쉬움,저녁,"맑음,비,눈,더위,추위","봄,여름,가을,겨울",6853143,https://www.10000recipe.com/recipe/6853143,찌개,,,18,,
두유 리조또,한식,"두유,현미밥,버섯,양파작은것,슬라이스치즈,닭가슴살,기름,후추,소금",30,쉬움,"점심,저녁","맑음,비,눈,더위,추위","봄,여름,가을,겨울",6860343,https://www.10000recipe.com/recipe/6860343,밥/죽/떡,,,18,,
"혼밥족을 위한 1인분 레시피 , 참치덮밥 레시피 ♩",한식,"참치통조림,채썬양파,당근,청양고추생략가능,마늘,물,식용유,고추장,고춧가루,설탕,물엿,소금,후추",15,쉬움,"아침,점심,야식","맑음,비,눈,더위,추위","봄,여름,가을,겨울",6860493,https://www.10000recipe.com/recipe/6860493,밥/죽/떡,,,18,,
청국장찌개 오늘 저녁 반찬,한식,"청국장,돼지고기,배추김치,두부,호박,양파,청양고추,홍고추,대파,마늘,참기름,멸치육수,쌀뜨물,고춧가루,된장,간장,소금",30,쉬움,"점심,저녁","맑음,비,눈,더위,추위","봄,여름,가을,겨울",6866470,https://www.10000recipe.com/recipe/6866470,찌개,,,18,,
대패삼겹살을 더 맛있게~ 콩나물불고기,한식,"대패삼겹살,양파,대파,깻잎,콩나물,고추장,간장,설탕,맛술,마늘,고춧가루",30,쉬움,"점심,저녁","맑음,비,눈,더위,추위","봄,여름,가을,겨울",6867069,https://www.10000recipe.com/recipe/6867069,메인반찬,,,18,,
부추스팸덮밥. 냉장고 파먹기. 초간단덮밥요리. 혼밥요리.,한식,"부추,간장,고춧가루,설탕,마늘,청양고추,참기름,깨",15,쉬움,"아침,점심,야식","맑음,비,눈,더위,추위","봄,여름,가을,겨울",6868392,https://www.10000recipe.com/recipe/6868392,밥/죽/떡,,,18,,
치즈 불닭 간식 술안주~,한식,"닭,모짜렐라치즈,다진대파,마늘,다진생강,간장,설탕,미림,매운고춧가루,올리고당,고추장,참기름,후춧가루,대파,생강",30,쉬움,"점심,저녁","맑음,비,눈,더위,추위","봄,여름,가을,겨울",6868923,https://www.10000recipe.com/recipe/6868923,메인반찬,,,18,,
부대찌개 황금레시피로 오늘 저녁 고민 해결,한식,"익은배추김치,양파,대파,청양고추,팽이버섯,봉지,콩나물,감자,두부,베이크드빈,체다치즈,통조림햄,비엔나소시지,당면,사골국물,고춧가루,마늘,고추장,설탕,간장",30,쉬움,"점심,저녁","맑음,비,눈,더위,추위","봄,여름,가을,겨울",6872559,https://www.10000recipe.com/recipe/6872559,찌개,,,18,,
국물요리 담백한 북어감자국,한식,"북어포,감자큰거,양파,대파,새우젓,마늘,마른표고우린물,참기름,집간장이나소금",30,쉬움,"점심,저녁","맑음,비,눈,더위,추위","봄,여름,가을,겨울",6875019,https://www.10000recipe.com/recipe/6875019,국/탕,,,18,,
마늘볶음밥,한식,"베이컨,양파,밥,소금,후추,계란,마늘",30,쉬움,"점심,저녁","맑음,비,눈,더위,추위","봄,여름,가을,겨울",6875145,https://www.10000recipe.com/recipe/6875145,밥/죽/떡,,,18,,
베이컨대신 대패삼겹살 팽이버섯말이~,한식,"팽이버섯,대패삼겹살,간장,맛술,설탕,두배식초,후추,소금",30,쉬움,"점심,저녁","맑음,비,눈,더위,추위","봄,여름,가을,겨울",6876712,https://www.10000recipe.com/recipe/6876712,메인반찬,,,18,,
[파스타/베이컨토마토파스타] 시중에 판매하는 소스로 아이들 입맛에 딱인 베이컨토마토파스타 만들기,양식,"파스타면,양송이버섯,편마늘,양파,베이컨,올리브유",30,쉬움,"점심,저녁","맑음,비,눈,더위,추위","봄,여름,가을,겨울",6882640,https://www.10000recipe.com/recipe/6882640,면/만두,,,18,,
여성 취향저격!! 샐러드파스타,양식,"파스타면삶은것g,방울토마토,치커리,양상추,스트링치즈,올리브,베이컨,메추리알,옥수수,파프리카,파마산치즈가루,발사믹식초,간장,올리브유,설탕,레몬즙,참깨,마늘",30,쉬움,"점심,저녁","맑음,비,눈,더위,추위","봄,여름,가을,겨울",6891576,https://www.10000recipe.com/recipe/6891576,면/만두,,,18,,
찬밥활용요리!생크림 없이 고소한 '크림리조또' 만들기,한식,"찬밥,우유,슬라이스치즈,베이컨,통마늘,양파,청양고추,후추가루,파슬리가루",30,쉬움,"점심,저녁","맑음,비,눈,더위,추위","봄,여름,가을,겨울",6896017,https://www.10000recipe.com/recipe/6896017,밥/죽/떡,,,18,,
반찬이 필요없는한끼식사! 불맛나는 '낙지볶음덮밥' 레시피,한식,"낙지,양파,대파,고춧가루,간장,설탕,물엿,마늘,참기름,통깨",30,쉬움,"점심,저녁","맑음,비,눈,더위,추위","봄,여름,가을,겨울",6900467,https://www.10000recipe.com/recipe/6900467,밥/죽/떡,,,18,,
도토리묵사발 :)한겨울 따끈한 도토리묵사발,한식,"도토리묵,김치,김가루,다시마육수,간장,설탕,참기름,고춧가루",15,쉬움,"아침,점심,야식","맑음,비,눈,더위,추위","봄,여름,가을,겨울",6904251,https://www.10000recipe.com/recipe/6904251,국/탕,,,18,,
매콤한 기름떡볶이 황금레시피 만들기! 비법은 버터 (+영상),한식,"떡,참기름,식용유,버터,설탕,맛술,간장,물엿,고춧가루,다진대파,쪽파생략가능,통깨생략가능",20,쉬움,"점심,저녁","맑음,비,눈,더위,추위","봄,여름,가을,겨울",6905869,https://www.10000recipe.com/recipe/6905869,밥/죽/떡,,,18,,
에어프라이어 깐풍만두 만들기,한식,"만두,간장,올리고당,설탕,식초,마늘,대파,홍고추,후춧가루",60,쉬움,저녁,"맑음,비,눈,더위,추위","봄,여름,가을,겨울",6907784,https://www.10000recipe.com/recipe/6907784,면/만두,달콤함,미분류,18,,
에어프라이어 깐풍만두,한식,"냉동만두,청양고추,홍고추,양파,대파,마늘,식용유,간장,설탕,식초,물",30,쉬움,"점심,저녁","맑음,비,눈,더위,추위","봄,여름,가을,겨울",6909523,https://www.10000recipe.com/recipe/6909523,면/만두,,,18,,
전자렌지 '가지 라자냐'초간단 레시피!가지 싫어해도 반할각!,양식,"가지,모짜렐라치즈,파슬리가루",10,쉬움,"아침,점심,야식","맑음,더위",여름,6911891,https://www.10000recipe.com/recipe/6911891,양식,고소함,여름,18,,
열무김치로 만든 비빔국수,한식,"국수,열무김치,고추장,간장,설탕,고춧가루,참기름,깨",20,쉬움,"점심,저녁","맑음,비,눈,더위,추위","봄,여름,가을,겨울",6917416,https://www.10000recipe.com/recipe/6917416,면/만두,,,18,,
"아침에 후딱 끓여 내는 들깨 두부탕, 두부 들깨탕",한식,"두부찌개용,팽이버섯,봉지,대파,마늘,된장,간장,들깨가루,다시마멸치육수",15,쉬움,"아침,점심,야식","맑음,비,눈,더위,추위","봄,여름,가을,겨울",6918196,https://www.10000recipe.com/recipe/6918196,국/탕,,,18,,
바사삭 바사락 먹는데 혼자 ASMR 인줄 ★ 식빵팝콘,한식,"식빵,설탕,식용유",15,쉬움,"아침,점심,야식","맑음,비,눈,더위,추위","봄,여름,가을,겨울",6918852,https://www.10000recipe.com/recipe/6918852,,,,18,,
초간단 밥도둑! 달걀장조림을 뒤 이을 간장두부장 ♥,한식,"두부,간장,올리고당,매실액,물,마늘,후추,통깨,양파,청양고추,홍고추",20,쉬움,"점심,저녁","맑음,비,눈,더위,추위","봄,여름,가을,겨울",6928213,https://www.10000recipe.com/recipe/6928213,,,,18,,
고등어 강정 만들기. 단짠단짠 맛있는 고등어 요리.,한식,"손질고등어,전분가루,생강술,물,간장,맛술,물엿,설탕",30,쉬움,"점심,저녁","맑음,비,눈,더위,추위","봄,여름,가을,겨울",6928243,https://www.10000recipe.com/recipe/6928243,메인반찬,,,18,,
팟타이도 집에서 쌉가능,한식,"쌀국수,새우살,다진돼지고기,숙주나물,건새우,계란,대파,양파,마늘,설탕,멸치액젓,물",30,쉬움,"점심,저녁","맑음,비,눈,더위,추위","봄,여름,가을,겨울",6933746,https://www.10000recipe.com/recipe/6933746,면/만두,,,18,,
재료를 따로 볶지 않는 원팬잡채,한식,"당면,돼지고기잡채용,양파,건표고,공기,파프리카,부추,허브솔트,맛술,간장,설탕,마늘,올리고당,식용유,참기름,물,후추,통깨",60,쉬움,저녁,"맑음,비,눈,더위,추위","봄,여름,가을,겨울",6935293,https://www.10000recipe.com/recipe/6935293,면/만두,,,18,,
"달콤 짭짤 고소, 입맛을 사로 잡는 '베이컨 덮밥'",한식,"베이컨,밥,양파,계란노른자,간장,설탕,맛술,마늘,후추",15,쉬움,"아침,점심,야식",맑음,봄,6948513,https://www.10000recipe.com/recipe/6948513,밥/죽/떡,짭짤함,봄,18,,
베트남쌀국수 만들기~,한식,"쌀국수면,소고기샤브용,숙주,양파,청양고추,홍고추,대파,물,소금,설탕,식초",30,쉬움,"점심,저녁","맑음,비,눈,더위,추위","봄,여름,가을,겨울",6953438,https://www.10000recipe.com/recipe/6953438,면/만두,,,18,,
팽이버섯말이 만들기 실패없는 베이컨말이 레시피,한식,"팽이버섯,베이컨,후추,식용유",30,쉬움,"점심,저녁","맑음,비,눈,더위,추위","봄,여름,가을,겨울",6968567,https://www.10000recipe.com/recipe/6968567,,,,18,,
양배추참치덮밥~,한식,"양배추,참치,계란,참치액,식용유,밥,참기름,통깨,뒤집개",30,쉬움,"점심,저녁","맑음,비,눈,더위,추위","봄,여름,가을,겨울",7003594,https://www.10000recipe.com/recipe/7003594,메인반찬,,,18,,
편스토랑 류수영 스팸순두부찌개 순두부찌개 평생레시피 해장찌개,한식,"스팸,순두부,대파,청양고추,애호박,양파,계란,마늘,고춧가루,간장,설탕,통후추,물,식용유,조리용나이프",30,쉬움,"점심,저녁","맑음,비,눈,더위,추위","봄,여름,가을,겨울",7007110,https://www.10000recipe.com/recipe/7007110,찌개,,,18,,
칼칼한 바지락국,한식,"바지락,쪽파or다진파,청양고추,홍고추,마늘,소금,청주,생강즙",30,쉬움,"점심,저녁","맑음,비,눈,더위,추위","봄,여름,가을,겨울",3032665,https://www.10000recipe.com/recipe/3032665,국/탕,,,17,,
상큼 한 타르타르소스를 곁들인 불포화지방산 풍부한 연어스테이크,양식,"생연어,양파,양송이버섯,통마늘,아스파라거스,마요네즈,레몬즙,설탕,소금,후추,다진양파,다진파인애플,다진피클",60,쉬움,저녁,"맑음,비,눈,더위,추위","봄,여름,가을,겨울",4587455,https://www.10000recipe.com/recipe/4587455,양식,,,17,,
얼큰한 만두전골 끓이기,한식,"만두,떡국떡,버섯,대파,양파,애호박,부추,멸치다시마육수,고춧가루,청주,간장,마늘,후추",60,쉬움,저녁,"맑음,비,눈,더위,추위","봄,여름,가을,겨울",4591399,https://www.10000recipe.com/recipe/4591399,국/탕,,,17,,
돼지고기 찹스테이크 만들기,양식,"돼지고기안심,빨강파프리카,노랑파프리카,청피망,양파,참기름,올리브유,소금,후추,간장,올리고당,마늘",30,쉬움,"점심,저녁","맑음,비,눈,더위,추위","봄,여름,가을,겨울",6734309,https://www.10000recipe.com/recipe/6734309,양식,,,17,,
백종원 비빔국수 레시피,한식,"국수,김치,참깨,조미김,고추장,설탕,간장,고춧가루,참기름",10,쉬움,"아침,점심,야식","맑음,비,눈,더위,추위","봄,여름,가을,겨울",6829699,https://www.10000recipe.com/recipe/6829699,면/만두,,,17,,
생생정보통 쫄면,한식,"쫄면,상추,당근,적채,오이,콩나물,계란,고춧가루,간장,설탕,간마늘,고추장,식초,물,깨",30,쉬움,"점심,저녁","맑음,비,눈,더위,추위","봄,여름,가을,겨울",6829748,https://www.10000recipe.com/recipe/6829748,면/만두,,,17,,
전자렌지로 가지냉국 만들기,한식,"가지큰사이즈,마늘,양파,대파다진거,간장,설탕,고춧가루,매실액,맛술,깨듬뿍,냉국물로부어줄생수,소금,식초",30,쉬움,"점심,저녁","맑음,비,눈,더위,추위","봄,여름,가을,겨울",6832873,https://www.10000recipe.com/recipe/6832873,국/탕,,,17,,
참치김치찌개,한식,"김치,포기,참치캔,대파,쌀뜨물,청고추,홍고추,김치국물,들기름,설탕",15,쉬움,"아침,점심,야식","맑음,비,눈,더위,추위","봄,여름,가을,겨울",6833650,https://www.10000recipe.com/recipe/6833650,찌개,,,17,,
양송이 치즈구이,한식,"양파,노랑파프리카,주황파프리카,양송이,모짜렐라치즈,파슬리가루,올리브오일",30,쉬움,"점심,저녁","맑음,비,눈,더위,추위","봄,여름,가을,겨울",6835653,https://www.10000recipe.com/recipe/6835653,메인반찬,,,17,,
촉촉한 닭가슴살완자 만들기,한식,"닭가슴살,양파,당근,파,계란,밀가루,소금,후추,마늘",30,쉬움,"점심,저녁","맑음,비,눈,더위,추위","봄,여름,가을,겨울",6835918,https://www.10000recipe.com/recipe/6835918,메인반찬,,,17,,
"[다이어트 식단] 새콤달콤 맛있게 단백질 섭취, 닭가슴살유부초밥",일식,"닭가슴살,유부피,당근,양상추,검정깨",30,쉬움,"점심,저녁","맑음,비,눈,더위,추위","봄,여름,가을,겨울",6835957,https://www.10000recipe.com/recipe/6835957,밥/죽/떡,,,17,,
고추장 삼겹살덮밥 만들기,한식,"삼겹살,깻잎,설탕,간장,고춧가루,마늘,고추장,매실액",15,쉬움,"아침,점심,야식","맑음,비,눈,더위,추위","봄,여름,가을,겨울",6838014,https://www.10000recipe.com/recipe/6838014,밥/죽/떡,,,17,,
닭가슴살 닭갈비덮밥 만들기,한식,"닭가슴살,양배추,파,깻잎,간장,맛술,마늘,고추장,설탕,고춧가루",30,쉬움,"점심,저녁","맑음,비,눈,더위,추위","봄,여름,가을,겨울",6838153,https://www.10000recipe.com/recipe/6838153,밥/죽/떡,,,17,,
수육전골,한식,"쇠고기양지,부추,팽이버섯,대파,양파,마늘,생강마늘사이즈,통후추,간장,물,맛술,설탕,식초,청양고추,사골육수,소금,후추",120,보통,저녁,"맑음,비,눈,더위,추위","봄,여름,가을,겨울",6841061,https://www.10000recipe.com/recipe/6841061,국/탕,,,17,,
베이컨카레볶음밥,한식,"밥,베이컨,양파작은것,애호박,당근,카레가루,간마늘,식용유,버터,소금,후추",10,쉬움,"아침,점심,야식","맑음,비,눈,더위,추위","봄,여름,가을,겨울",6847686,https://www.10000recipe.com/recipe/6847686,밥/죽/떡,,,17,,
아몬드샤브레,한식,"버터T,설탕,노른자,박력분컵,아몬드가루T",120,쉬움,저녁,"맑음,비,눈,더위,추위","봄,여름,가을,겨울",6847733,https://www.10000recipe.com/recipe/6847733,,,,17,,
"국물이 시원한 ""애호박고추장찌개""♪",한식,"애호박,감자중간크기,양파,대파,청양고추,홍고추,물,고추장,마늘,새우젓",30,쉬움,"점심,저녁","맑음,비,눈,더위,추위","봄,여름,가을,겨울",6848004,https://www.10000recipe.com/recipe/6848004,찌개,,,17,,
로맨틱요리@ 새우크림파스타,양식,"스파게티면원크기두께,칵테일새우,느타리버섯,베이컨,양파,체다치즈,흰우유,파마산치즈가루,파슬리가루,소금,후추혹은허브맛솔트",15,쉬움,"아침,점심,야식","맑음,비,눈,더위,추위","봄,여름,가을,겨울",6858176,https://www.10000recipe.com/recipe/6858176,면/만두,,,17,,
초간단 베이컨&양파덮밥,한식,"양파,베이컨,계란,마늘,참기름,밥,간장,설탕,멸치액젓,청주,물",30,쉬움,"점심,저녁","맑음,비,눈,더위,추위","봄,여름,가을,겨울",6862033,https://www.10000recipe.com/recipe/6862033,밥/죽/떡,,,17,,
평범한 기름NO! 백선생표 파기름 볶음면!!,한식,"대파,식용유,소면,간장,설탕",30,쉬움,"점심,저녁","맑음,비,눈,더위,추위","봄,여름,가을,겨울",6862337,https://www.10000recipe.com/recipe/6862337,면/만두,,,17,,
초초초간단 한그릇! 청경채 달걀볶음밥,한식,"밥,계란,청경채,파,기름,후추,소금",10,쉬움,"아침,점심,야식","맑음,비,눈,더위,추위","봄,여름,가을,겨울",6862612,https://www.10000recipe.com/recipe/6862612,밥/죽/떡,,,17,,
@ 국물이 끝내주는 얼큰한 버섯전골 만들기,한식,"국멸치,다시마,버섯,파,각종버섯느타리버섯,팽이버섯,새송이버섯,표고버섯등,배추,청양고추,양파,쑥갓,고춧가루,간장",60,쉬움,저녁,"맑음,비,눈,더위,추위","봄,여름,가을,겨울",6863283,https://www.10000recipe.com/recipe/6863283,국/탕,,,17,,
버섯볶음밥 - 새송이버섯볶음밥,한식,"밥,새송이버섯,햄,대파,간장,후춧가루,통깨",30,쉬움,"점심,저녁","맑음,비,눈,더위,추위","봄,여름,가을,겨울",6864374,https://www.10000recipe.com/recipe/6864374,밥/죽/떡,,,17,,
매콤매콤 순대꼬치로 초간단 간식만들기~,한식,"순대,고추장,케첩,마늘,올리고당,설탕",30,쉬움,"점심,저녁","맑음,비,눈,더위,추위","봄,여름,가을,겨울",6864678,https://www.10000recipe.com/recipe/6864678,메인반찬,,,17,,
두부 참치 한 입 스테이크 / 한끼 식사,양식,"두부,참치캔,양파,대파,마늘,달걀흰자,소금,후춧가루,식용유,버터,토마토케첩,올리고당,바질가루선택,물",30,쉬움,"점심,저녁","맑음,비,눈,더위,추위","봄,여름,가을,겨울",6867562,https://www.10000recipe.com/recipe/6867562,메인반찬,,,17,,
백종원 오이냉국 여름철 필수메뉴:),한식,"오이,미역,물,식초,설탕,고춧가루,간마늘,깨소금,소금,간장",10,쉬움,"아침,점심,야식","맑음,비,눈,더위,추위","봄,여름,가을,겨울",6871169,https://www.10000recipe.com/recipe/6871169,국/탕,,,17,,
백선생 감자짜글이 저도 만들어 보았습니다~,한식,"감자큰거,통조림햄작은거,양파,대파,청양고추,고추장,된장,고춧가루,간장,설탕,마늘,물",10,쉬움,"아침,점심,야식","맑음,비,눈,더위,추위","봄,여름,가을,겨울",6873349,https://www.10000recipe.com/recipe/6873349,찌개,,,17,,
[간단 자취요리] 너무 맛있잖아...? 단짠 끝판왕! 파불고기 만들기,한식,"대패삼겹살,대파,간장,설탕,마늘,맛술,참기름,식초",30,쉬움,"점심,저녁","맑음,비,눈,더위,추위","봄,여름,가을,겨울",6874570,https://www.10000recipe.com/recipe/6874570,메인반찬,,,17,,
간단 새우 볶음밥,한식,"손질된새우,양파작은,대파,파프리카,당근,버터,카놀라유,후추",10,쉬움,"아침,점심,야식","맑음,비,눈,더위,추위","봄,여름,가을,겨울",6875404,https://www.10000recipe.com/recipe/6875404,밥/죽/떡,,,17,,
고기없이 얼큰하게 끓인 버섯매운탕,한식,"하얀만송이버섯,만가닥버섯,건표고버섯,참기름,식용유,대파,청양고추,마늘,고운고추가루,간장,두부,다시마,멸치육수",30,쉬움,"점심,저녁","맑음,비,눈,더위,추위","봄,여름,가을,겨울",6876454,https://www.10000recipe.com/recipe/6876454,국/탕,,,17,,
요즘 HOT!한 레시피 불닭까르보나라,한식,"불닭볶음면,우유,슬라이스치즈,베이컨,식용유,양파,마늘,물,송송썬쪽파",30,쉬움,"점심,저녁","맑음,비,눈,더위,추위","봄,여름,가을,겨울",6878888,https://www.10000recipe.com/recipe/6878888,면/만두,,,17,,
"감자 짜글이 만들기, 맛있는 별미",한식,"감자,양파,된장,고추장,고춧가루,설탕,간장,간마늘,물,스팸",30,쉬움,"점심,저녁","맑음,비,눈,더위,추위","봄,여름,가을,겨울",6879414,https://www.10000recipe.com/recipe/6879414,찌개,,,17,,
피자 도우 만들기 / 마르게리타 만드는법 레시피,양식,"강력분,드라이이스트,설탕,소금,올리브오일,물,통,모짜렐라치즈,바질",60,보통,저녁,"맑음,비,눈,더위,추위","봄,여름,가을,겨울",6879951,https://www.10000recipe.com/recipe/6879951,양식,,,17,,
감자국,한식,"감자중,계란,대파,물,들기름,마늘,소금,후추",30,쉬움,"점심,저녁","맑음,비,눈,더위,추위","봄,여름,가을,겨울",6881983,https://www.10000recipe.com/recipe/6881983,국/탕,,,17,,
"설날에 먹고 남은 모둠전의 변신, 전 찌개",한식,"모둠전,양파,느타리버섯,홍고추,신김치,대파,다시마육수,멸치액젓,김칫국물,간장,고춧가루,마늘,맛술미림",30,쉬움,"점심,저녁","맑음,비,눈,더위,추위","봄,여름,가을,겨울",6884003,https://www.10000recipe.com/recipe/6884003,찌개,,,17,,
백종원 닭볶음탕 황금레시피 매콤하니 정말 맛있어요 -!,한식,"볶음용닭,감자,양파,새송이버섯,당근,대파,물,불린당면,설탕,마늘,간장,고춧가루",30,쉬움,"점심,저녁","맑음,비,눈,더위,추위","봄,여름,가을,겨울",6884334,https://www.10000recipe.com/recipe/6884334,국/탕,,,17,,
(집에서 즐기는 술안주) 카레찜닭 - 닭 한 마리 요리,한식,"닭g,양파,대파,감자,당근,청양고추,카레가루,간장,올리고당,마늘,맛술,설탕,후춧가루",60,쉬움,저녁,"맑음,비,눈,더위,추위","봄,여름,가을,겨울",6886466,https://www.10000recipe.com/recipe/6886466,메인반찬,,,17,,
여름 더위에 먹은 부산에서 유명하다는 비빔당면,한식,"당면한줌,당근,시금치,단,대파,계란,가는소금,사각어묵,참기름,식용유,고춧가루,설탕,깨소금,간장,식초,올리고당,마늘,참치액",30,쉬움,"점심,저녁","맑음,비,눈,더위,추위","봄,여름,가을,겨울",6893396,https://www.10000recipe.com/recipe/6893396,면/만두,,,17,,
닭봉카레구이♡닭고기 초간단요리,한식,"닭봉,우유,카레가루",60,쉬움,저녁,"맑음,비,눈,더위,추위","봄,여름,가을,겨울",6895883,https://www.10000recipe.com/recipe/6895883,메인반찬,,,17,,
베이컨 양송이덮밥(호불호가 없는 한그릇!),한식,"양송이버섯,베이컨,양파,홍피망,청피망,대파,뿌리,마늘,맛술,설탕,후춧가루와,참기름",15,쉬움,"아침,점심,야식","맑음,비,눈,더위,추위","봄,여름,가을,겨울",6896593,https://www.10000recipe.com/recipe/6896593,밥/죽/떡,,,17,,
추운겨울 따뜻하게 두부 버섯전골 만들기,한식,"두부,새송이버섯,팽이버섯,표고버섯,느타리버섯,배추김치,청양고추,대파,물또는쌀뜨물,고춧가루,간장,마늘,소금",30,쉬움,"점심,저녁","맑음,비,눈,더위,추위","봄,여름,가을,겨울",6905085,https://www.10000recipe.com/recipe/6905085,국/탕,,,17,,
입맛 돋우는 중식요리 오징어 청경채볶음 레시피,중식,"청경채약두포기,냉동솔방울오징어,청양고추,참기름,깨,식용유,물,간장,마늘,후추,꿀,고춧가루",20,쉬움,"점심,저녁","맑음,비,눈,더위,추위","봄,여름,가을,겨울",6906389,https://www.10000recipe.com/recipe/6906389,메인반찬,,,17,,
바지락이 가득 들어있는 감칠맛 최고 봉골레 스파게티 만들기,한식,"스파게티면,바지락,홍고추또는페페론치노,통마늘,올리브오일또는식용유,소금,후추",30,쉬움,"점심,저녁","맑음,비,눈,더위,추위","봄,여름,가을,겨울",6907622,https://www.10000recipe.com/recipe/6907622,면/만두,,,17,,
백종원 대패두부조림 만드는법 이건 꼭 먹어봐야해,한식,"두부,대패삼겹살,대파,청양고추,홍고추,마늘,고춧가루,설탕,깨소금,간장,물,들기름,액젓",30,쉬움,"점심,저녁","맑음,비,눈,더위,추위","봄,여름,가을,겨울",6908646,https://www.10000recipe.com/recipe/6908646,메인반찬,,,17,,
김치말이국수,한식,"오이,김치,국수,삶은달걀,설탕,참기름,김치국물,물,고춧가루,간장,식초,대파,참깨",90,쉬움,저녁,"맑음,비,눈,더위,추위","봄,여름,가을,겨울",6912249,https://www.10000recipe.com/recipe/6912249,면/만두,,,17,,
"냄새? NO! 된장으로 만드는 간단 볶음밥 한 끼~! 된장 볶음밥 만들기, 만드는 법",한식,"공깃밥,참치,대파,양파,달걀프라이,물,된장,올리고당,참기름,마늘분말",20,쉬움,"점심,저녁","맑음,비,눈,더위,추위","봄,여름,가을,겨울",6918263,https://www.10000recipe.com/recipe/6918263,밥/죽/떡,,,17,,
스팸두부김치조림,한식,"스팸,두부,김치,대파,들기름,물,계란,간장,고춧가루,마늘,맛술,올리고당",60,쉬움,저녁,"맑음,비,눈,더위,추위","봄,여름,가을,겨울",6919802,https://www.10000recipe.com/recipe/6919802,메인반찬,,,17,,
양상추 볶음밥 ( lettuce fried rice ),한식,"양상추,대파,계란,밥,식용유,버터,소금,후춧가루",10,쉬움,"아침,점심,야식","맑음,비,눈,더위,추위","봄,여름,가을,겨울",6920226,https://www.10000recipe.com/recipe/6920226,밥/죽/떡,,,17,,
원팬으로 만드는 시금치카레볶음밥 만드는 법,한식,"시금치,밥,스팸작은것,통,양파,대파,계란,간장,카레가루",15,쉬움,"아침,점심,야식","맑음,비,눈,더위,추위","봄,여름,가을,겨울",6930116,https://www.10000recipe.com/recipe/6930116,밥/죽/떡,,,17,,
부타동 만큼이나 맛있는 초간단 베이컨덮밥,한식,"베이컨,밥,양파,계란노른자,설탕,간장,맛술,마늘",15,쉬움,"아침,점심,야식","맑음,비,눈,더위,추위","봄,여름,가을,겨울",6933624,https://www.10000recipe.com/recipe/6933624,밥/죽/떡,,,17,,
김이 모락모락 김국 끓이기. 마른김요리,한식,"마른김,청양고추,다진대파,마늘,참기름,간장,소금",15,쉬움,"아침,점심,야식","맑음,비,눈,더위,추위","봄,여름,가을,겨울",6934535,https://www.10000recipe.com/recipe/6934535,국/탕,,,17,,
시금치프리타타 다이어트레시피,양식,"계란,시금치,방울토마토,파프리카,슬라이스햄,우유",15,보통,"아침,점심,야식","맑음,비,눈,더위,추위","봄,여름,가을,겨울",6940834,https://www.10000recipe.com/recipe/6940834,양식,,,17,,
돼지등뼈국을 맛있게 끓여보세요,한식,"돼지등뼈,소주,생강,대파,양파,새우젓,마늘,소금",120,쉬움,저녁,"맑음,비,눈,더위,추위","봄,여름,가을,겨울",6945754,https://www.10000recipe.com/recipe/6945754,국/탕,,,17,,
백파더어묵탕 5분이면 돼,한식,"어묵,물,국물용멸치,양파,대파,간장,설탕,마늘,맛술",5,쉬움,"아침,점심,야식","맑음,비,눈,더위,추위","봄,여름,가을,겨울",6947305,https://www.10000recipe.com/recipe/6947305,국/탕,,,17,,
짭조름하고 쫀득쫀득한 새송이버섯버터구이 만들기,한식,"새송이버섯,식용유,버터,간장,맛술",10,쉬움,"아침,점심,야식","맑음,비,눈,더위,추위","봄,여름,가을,겨울",6948579,https://www.10000recipe.com/recipe/6948579,,,,17,,
[애호박두부탕 끓이는 법]다이어트 식단으로 좋은 맑은 국물 요리,한식,"애호박,두부,물,대파,청양고추,홍고추,간마늘,새우젓",15,쉬움,"아침,점심,야식","맑음,비,눈,더위,추위","봄,여름,가을,겨울",6963204,https://www.10000recipe.com/recipe/6963204,국/탕,,,17,,
초간단 굴소스 두부덮밥,한식,"두부,양파,대파,식용유,밥,공기,마늘,간장,올리고당,후추,참기름,참깨,물",15,쉬움,"아침,점심,야식","맑음,비,눈,더위,추위","봄,여름,가을,겨울",6965550,https://www.10000recipe.com/recipe/6965550,메인반찬,,,17,,
새송이버섯버터굴소스볶음 간단반찬,한식,"미니새송이버섯,버터,간장,통깨",5,쉬움,"아침,점심,야식","맑음,비,눈,더위,추위","봄,여름,가을,겨울",6993517,https://www.10000recipe.com/recipe/6993517,,,,17,,
고구마떡 고구마씨를 말릴 수 있는 위험한 레시피,한식,"고구마,설탕,감자전분,모짜렐라치즈,식용유",20,쉬움,"점심,저녁","맑음,비,눈,더위,추위","봄,여름,가을,겨울",6996297,https://www.10000recipe.com/recipe/6996297,밥/죽/떡,,,17,,
돼지고기 고추장감자찌개,한식,"돼지고기목살또는앞다리살,감자사이즈,애호박,대파,청양고추,물,국물용멸치,다시마,고추씨,고추장,고춧가루,간장,마늘,맛술,식용유,후추가루,소금",30,쉬움,"점심,저녁","맑음,비,눈,더위,추위","봄,여름,가을,겨울",3551697,https://www.10000recipe.com/recipe/3551697,찌개,,,16,,
소시지 달걀 볶음밥,한식,"소시지,양파,청고추,홍파프리카,계란,노른자,밥,소금,참기름",15,쉬움,"아침,점심,야식","맑음,비,눈,더위,추위","봄,여름,가을,겨울",3927423,https://www.10000recipe.com/recipe/3927423,밥/죽/떡,,,16,,
어묵국,한식,"어묵,무,두부,대파,뿌리,마늘,간장,천일염,후춧가루,파프리카,다시멸치,다시마,물",30,쉬움,"점심,저녁","맑음,비,눈,더위,추위","봄,여름,가을,겨울",4474120,https://www.10000recipe.com/recipe/4474120,국/탕,,,16,,
실채볶음 추억의 도시락반찬,한식,"실채,포도씨유,간장,맛술,설탕,올리고당,마요네즈,검은깨",30,쉬움,"점심,저녁","맑음,비,눈,더위,추위","봄,여름,가을,겨울",4672417,https://www.10000recipe.com/recipe/4672417,,,,16,,
매운 잡채덮밥,한식,"당면,양파,오이,청양고추,느타리버섯,식용유,참깨,고춧가루,간장,설탕,참기름,대파",90,쉬움,저녁,"맑음,비,눈,더위,추위","봄,여름,가을,겨울",5206151,https://www.10000recipe.com/recipe/5206151,밥/죽/떡,,,16,,
밥에 비벼먹는 무청국장찌개,한식,"청국장,된장,마늘,고춧가루,무,양파,배추김치,표고버섯,두부,청양고추,대파,다시마물,마른다시마",60,쉬움,저녁,"맑음,비,눈,더위,추위","봄,여름,가을,겨울",5468521,https://www.10000recipe.com/recipe/5468521,찌개,,,16,,
두부 참치찌개,한식,"두부,참치,콩나물,고추,대파,고추장,고춧가루,마늘,후추가루,설탕,물,소금",30,쉬움,"점심,저녁","맑음,비,눈,더위,추위","봄,여름,가을,겨울",5566805,https://www.10000recipe.com/recipe/5566805,찌개,,,16,,
"노각냉국, 물회 부럽지 않은 별미냉국",한식,"노각,굵은소금,고춧가루,설탕,매실청,식초,마늘,깨,대파,소금,얼음",30,쉬움,"점심,저녁","맑음,비,눈,더위,추위","봄,여름,가을,겨울",6830646,https://www.10000recipe.com/recipe/6830646,국/탕,,,16,,
어묵김칫국,한식,"콩나물,신김치,어묵,대파,국물멸치,소금",30,쉬움,"점심,저녁","맑음,비,눈,더위,추위","봄,여름,가을,겨울",6832153,https://www.10000recipe.com/recipe/6832153,국/탕,,,16,,
"""굴소스야채볶음라면""♪",한식,"라면,양배추,당근,양파,햄,청양고추,계란,마늘,참기름,깨",10,쉬움,"아침,점심,야식","맑음,비,눈,더위,추위","봄,여름,가을,겨울",6833634,https://www.10000recipe.com/recipe/6833634,면/만두,,,16,,
보기도 좋고 맛도 넘 좋은 파프리카링치즈볶음밥 레시피,한식,"밥,파프리카,양파,햄,후추,치즈",30,보통,"점심,저녁","맑음,비,눈,더위,추위","봄,여름,가을,겨울",6834055,https://www.10000recipe.com/recipe/6834055,밥/죽/떡,,,16,,
닭가슴살 버섯간장떡볶이,한식,"닭가슴살,현미떡볶이,양파,당근,버섯,파,삶은계란선택가능,간장,참기름,올리고당,마늘",30,쉬움,"점심,저녁","맑음,비,눈,더위,추위","봄,여름,가을,겨울",6839039,https://www.10000recipe.com/recipe/6839039,밥/죽/떡,,,16,,
베이컨채소말이,한식,"베이컨,노랑파프리카,빨강파프리카,팽이버섯,깻잎,식용유",30,쉬움,"점심,저녁","맑음,비,눈,더위,추위","봄,여름,가을,겨울",6840267,https://www.10000recipe.com/recipe/6840267,메인반찬,,,16,,
육즙이 살아있는 토마토 요리 '토마토 팍씨',양식,"완숙토마토,쇠고기다짐육,빵가루,양파,건바질,파슬리타임등의허브가루,올리브오일,그뤼에르치즈,소금,후추",90,보통,저녁,"맑음,비,눈,더위,추위","봄,여름,가을,겨울",6840436,https://www.10000recipe.com/recipe/6840436,양식,,,16,,
초간단 코다리찌개 끓이기,한식,"코다리,육수다시팩,무,대파,마늘,청양고추,홍고추,간장,소금,고춧가루",30,쉬움,"점심,저녁","맑음,비,눈,더위,추위","봄,여름,가을,겨울",6843597,https://www.10000recipe.com/recipe/6843597,찌개,,,16,,
황금레시피 백종원 레시피 꽁치김치찌개 만들기,한식,"김장김치,꽁치통조림,대파손가락크기,청고추,홍고추,고춧가루,된장,마늘,설탕,물통조림캔",30,쉬움,"점심,저녁","맑음,비,눈,더위,추위","봄,여름,가을,겨울",6848227,https://www.10000recipe.com/recipe/6848227,찌개,,,16,,
따뜻하고 든든한 영양식을 집에서! 비프스튜,양식,"쇠고기부채살,당근,양파,샐러리,고형치킨스톡,버터,홀토마토캔g,레드와인ml,베이컨,양송이,다진양파,월계수잎,소금,후춧가루,마늘,물엿",90,쉬움,저녁,"맑음,비,눈,더위,추위","봄,여름,가을,겨울",6850406,https://www.10000recipe.com/recipe/6850406,찌개,,,16,,
새콤 달콤 상큼! 쫄면 황금레시피,한식,"쫄면,콩나물,오이,당근,깻잎,고추장,고춧가루,간장,식초,설탕,물엿,간마늘,참깨,삶은달걀",30,쉬움,"점심,저녁","맑음,비,눈,더위,추위","봄,여름,가을,겨울",6853387,https://www.10000recipe.com/recipe/6853387,면/만두,,,16,,
갈릭쉬림프 오일 스파게티 ^^,한식,"통마늘,새우,스파케티면,소금,후추,파마산치즈가루,간장,페퍼로치노,새우버터,바질또는바질페스토",15,쉬움,"아침,점심,야식","맑음,비,눈,더위,추위","봄,여름,가을,겨울",6853560,https://www.10000recipe.com/recipe/6853560,면/만두,,,16,,
가래떡 치즈구이 두 가지 버전~!,한식,"가래떡,꿀,파마산치즈,모차렐라치즈,참기름",15,쉬움,"아침,점심,야식","맑음,비,눈,더위,추위","봄,여름,가을,겨울",6855303,https://www.10000recipe.com/recipe/6855303,밥/죽/떡,,,16,,
"히트다 히트, 닭가슴살 매콤구이",한식,"닭가슴살,소금,후추,청주,전분가루,설탕,물,식초,간장,고추장,마늘",15,쉬움,"아침,점심,야식","맑음,비,눈,더위,추위","봄,여름,가을,겨울",6856696,https://www.10000recipe.com/recipe/6856696,메인반찬,,,16,,
화제의 오믈렛영상 2!!! 스페니쉬 치즈오믈렛 만들기 / 스페니쉬 오믈렛,양식,"계란,케첩,햄,양파생략가능,모짜렐라치즈",15,쉬움,"아침,점심,야식","맑음,비,눈,더위,추위","봄,여름,가을,겨울",6857466,https://www.10000recipe.com/recipe/6857466,양식,,,16,,
#간편하게 만드는 감자국만들기 #뜨끈한 국물이 생각나는 계절에 닥 맞는 초간단 감자국,한식,"감자,양파,멸치다시마육수,천연조미료육수,대파,뿌리,마늘,소금",30,쉬움,"점심,저녁","맑음,비,눈,더위,추위","봄,여름,가을,겨울",6863230,https://www.10000recipe.com/recipe/6863230,국/탕,,,16,,
추워질수록 더 생각나는 소고기뭇국!!,한식,"소고기,무,대파cmx,다시마육수,참기름,마늘,간장,청주or소주,소금,후추",30,쉬움,"점심,저녁","맑음,비,눈,더위,추위","봄,여름,가을,겨울",6863592,https://www.10000recipe.com/recipe/6863592,국/탕,,,16,,
[간단 자취요리] 밥도둑 스팸찌개 + 비법가루 = 게임 끝 / 스팸찌개 만들기,한식,"스팸,통,고춧가루,마늘,간장,카레가루,물,식용유,신김치",30,쉬움,"점심,저녁","맑음,비,눈,더위,추위","봄,여름,가을,겨울",6866058,https://www.10000recipe.com/recipe/6866058,찌개,,,16,,
한입에 쏘~옥 소세지 주먹밥,한식,"밥,소세지,양파작은거,당근작은거,부추,카놀라유종류관계없음,케찹",30,쉬움,"점심,저녁","맑음,비,눈,더위,추위","봄,여름,가을,겨울",6868174,https://www.10000recipe.com/recipe/6868174,밥/죽/떡,,,16,,
해물믹스로 순두부찌개 맛있게 끓이기!,한식,"순두부,해물믹스,느타리버섯,애호박,대파,청양고추,계란,들기름,식용유,고춧가루,마늘,맛술,간장,참치액젓,소금",15,쉬움,"아침,점심,야식","맑음,비,눈,더위,추위","봄,여름,가을,겨울",6872222,https://www.10000recipe.com/recipe/6872222,찌개,,,16,,
닭가슴살 일본식 감자조림,한식,"감자,당근,양파,닭가슴살,간장,맛술,물,설탕",60,쉬움,저녁,"맑음,비,눈,더위,추위","봄,여름,가을,겨울",6875500,https://www.10000recipe.com/recipe/6875500,메인반찬,,,16,,
구수한 차돌박이 된장찌개,한식,"차돌박이,양파,대파,애호박,두부,땡초,재래식된장,쌈장,고춧가루,마늘,다시육수다시마,멸치,새우",60,쉬움,저녁,"맑음,비,눈,더위,추위","봄,여름,가을,겨울",6877586,https://www.10000recipe.com/recipe/6877586,찌개,,,16,,
새우 아보카도 토스트(Shrimp Avocado Toast),한식,"식빵,모짜렐라치즈,체다치즈혹은페퍼잭치즈,새우,아보카도,방울토마토,소금,후추",30,쉬움,"점심,저녁","맑음,비,눈,더위,추위","봄,여름,가을,겨울",6879476,https://www.10000recipe.com/recipe/6879476,,,,16,,
맛살 볶음밥,한식,"크래미작은사이즈,밥,대파,마늘,식용유,소금,후춧가루,간장,올리고당,미림",30,쉬움,"점심,저녁","맑음,비,눈,더위,추위","봄,여름,가을,겨울",6881481,https://www.10000recipe.com/recipe/6881481,밥/죽/떡,,,16,,
"베이컨팽이버섯말이, 간단한데 맛도좋아~",한식,"베이컨개,팽이버섯작은거,깻잎",10,쉬움,"아침,점심,야식","맑음,비,눈,더위,추위","봄,여름,가을,겨울",6882878,https://www.10000recipe.com/recipe/6882878,메인반찬,,,16,,
퍽퍽하지 않고 부드러운 닭가슴살 닭갈비,한식,"닭가슴살,대파,양배추중장,통,당근,양파,마늘,고추장,설탕,간장,고춧가루,맛술,후춧가루",30,쉬움,"점심,저녁","맑음,비,눈,더위,추위","봄,여름,가을,겨울",6883134,https://www.10000recipe.com/recipe/6883134,메인반찬,,,16,,
"밥도둑 감자짜글이, 감자와 스팸의 놀라운 앙상블, 집밥백선생 짜글이 레시피",한식,"감자큰거,양파,대파,청양고추,스팸햄큰거,고추장,된장,고춧가루,간장,간마늘,설탕",30,쉬움,"점심,저녁","맑음,비,눈,더위,추위","봄,여름,가을,겨울",6887746,https://www.10000recipe.com/recipe/6887746,찌개,,,16,,
"훈제오리 요리 , 알록달록한 야채를 곁들여 푸짐하게 ~",한식,"훈제오리,양파,감자작은것,파프리카,부추,식용유,간장,물,올리고당,마늘,후추",30,쉬움,"점심,저녁","맑음,비,눈,더위,추위","봄,여름,가을,겨울",6892406,https://www.10000recipe.com/recipe/6892406,메인반찬,,,16,,
바지락 토마토 찜 박나래 바지락 찜 흉내 내기,한식,"바지락,버터,방울토마토,통마늘,페페론치노청양고추,대파,소수,물,파슬리가루,후추",15,쉬움,"아침,점심,야식","맑음,비,눈,더위,추위","봄,여름,가을,겨울",6893065,https://www.10000recipe.com/recipe/6893065,메인반찬,,,16,,
요리초보도 실패없는 매콤달콤 김치비빔국수 황금 레시피,한식,"소면,김치잘게썬,오이채,삶은달걀,고추장,고춧가루,간장,설탕,식초,참기름,통깨",15,쉬움,"아침,점심,야식","맑음,비,눈,더위,추위","봄,여름,가을,겨울",6894215,https://www.10000recipe.com/recipe/6894215,면/만두,,,16,,
순두부달걀국으로 따끈하게 속푸세요♥,한식,"순두부,계란,멸치다시마육수,대파,마늘,간장,소금,후추",15,쉬움,"아침,점심,야식","맑음,비,눈,더위,추위","봄,여름,가을,겨울",6896630,https://www.10000recipe.com/recipe/6896630,국/탕,,,16,,
아이들 인기만점 심쿵도시락 '문어유부초밥'만들기,일식,"밥,시판유부초밥,비엔나소시지,체다치즈,부추,검은깨",30,쉬움,"점심,저녁","맑음,비,눈,더위,추위","봄,여름,가을,겨울",6896906,https://www.10000recipe.com/recipe/6896906,밥/죽/떡,,,16,,
유치원 소풍도시락 메뉴로 리본주먹밥 어때요?,한식,"슬라이스햄,부추,계란,당근,팽이버섯,애호박,밥,공기,소금,참기름,통깨",30,쉬움,"점심,저녁","맑음,비,눈,더위,추위","봄,여름,가을,겨울",6898293,https://www.10000recipe.com/recipe/6898293,밥/죽/떡,,,16,,
수미네반찬 고추장찌개 만드는 법,한식,"돼지고기,감자,양파,청고추,홍고추,두부,대파,뿌리,멸치,다시마,물,고추장,후추,마늘",60,쉬움,저녁,"맑음,비,눈,더위,추위","봄,여름,가을,겨울",6900614,https://www.10000recipe.com/recipe/6900614,찌개,,,16,,
"냉장고에 흔히 사다놓는 건강 식재료로 뚝딱 한그릇 음식, 청경채 양송이 부추 덮밥",한식,"양파,청경채,양송이버섯,부추썰어서,간마늘,간장,소금선택,후추선택,참기름,물,전분가루",15,쉬움,"아침,점심,야식","맑음,비,눈,더위,추위","봄,여름,가을,겨울",6902022,https://www.10000recipe.com/recipe/6902022,밥/죽/떡,,,16,,
"스팸김치덮밥, 맛있는 한 그릇, 김치덮밥",한식,"김치,포기,스팸큰스팸,양파,파송송썸,고추장,고춧가루,설탕,간장,후추가루,물,참기름,깨소금,식용유,계란,김부스러기,통깨,파슬리생략가능",30,쉬움,"점심,저녁","맑음,비,눈,더위,추위","봄,여름,가을,겨울",6903588,https://www.10000recipe.com/recipe/6903588,밥/죽/떡,,,16,,
팽이버섯만 있으면 중화풍 팽이버섯덮밥 ★,한식,"팽이버섯,밥,양파,대파,계란,후추,참기름,통깨,간장,맛술,물",15,쉬움,"아침,점심,야식","맑음,비,눈,더위,추위","봄,여름,가을,겨울",6911075,https://www.10000recipe.com/recipe/6911075,밥/죽/떡,,,16,,
수미네반찬 오이냉국,한식,"미역,양파,청양고추,홍고추,오이,생수,간장,소금,설탕,마늘,식초",15,쉬움,"아침,점심,야식","맑음,비,눈,더위,추위","봄,여름,가을,겨울",6912202,https://www.10000recipe.com/recipe/6912202,국/탕,,,16,,
호로록 잔치국수 만들기,한식,"소면,양파,당근,애호박,대파,계란,참치액젓,간장,소금,후추,마늘,멸치,디포리",30,쉬움,"점심,저녁","맑음,비,눈,더위,추위","봄,여름,가을,겨울",6913593,https://www.10000recipe.com/recipe/6913593,면/만두,,,16,,
부대찌개 만드는법 간단한 저녁메뉴,한식,"콩나물,양파,대파,버섯,햄넉넉히,김치,고추장,고춧가루,마늘,맛술,간장,후춧가루",20,쉬움,"점심,저녁","맑음,비,눈,더위,추위","봄,여름,가을,겨울",6915381,https://www.10000recipe.com/recipe/6915381,찌개,,,16,,
돼지고기 호박 고추장 찌개,한식,"둥근호박,돼지고기,감자,양파,청양고추,파,멸치다시육수,고춧가루,고추장,간장,참치액젓,마늘,새우젓",20,쉬움,"점심,저녁","맑음,비,눈,더위,추위","봄,여름,가을,겨울",6915444,https://www.10000recipe.com/recipe/6915444,찌개,,,16,,
전자렌지로 초간단 한끼식사 '계란햄밥'만들기,한식,"밥,계란,햄,대파,김가루,케찹",5,쉬움,"아침,점심,야식","맑음,비,눈,더위,추위","봄,여름,가을,겨울",6916103,https://www.10000recipe.com/recipe/6916103,밥/죽/떡,,,16,,
초간단 아침국..김치어묵국,한식,"김치,납작어묵,대파,액젓,소금,물",15,쉬움,"아침,점심,야식","맑음,비,눈,더위,추위","봄,여름,가을,겨울",6918098,https://www.10000recipe.com/recipe/6918098,국/탕,,,16,,
"매운음식이 땡길때, 쭈꾸미덮밥 맛있게 만들기",한식,"쭈꾸미,청양고추,대파,식용유,깨,고춧가루,고추장,간장,올리고당,마늘,참기름,매실청",30,쉬움,"점심,저녁","맑음,비,눈,더위,추위","봄,여름,가을,겨울",6923529,https://www.10000recipe.com/recipe/6923529,밥/죽/떡,,,16,,
우동볶이 매콤달콤 초간단 백종원 레시피,일식,"우동사리,대파,어묵,양배추,간장,고추장,고춧가루,설탕",5,쉬움,"아침,점심,야식","맑음,비,눈,더위,추위","봄,여름,가을,겨울",6929334,https://www.10000recipe.com/recipe/6929334,면/만두,,,16,,
알찜 만들기 :: 소주 1병각! 최고의 술안주 레시피,한식,"명태알,이리,콩나물,대파,소금,설탕,고춧가루,맛술,멸치액젓,간장,마늘",20,쉬움,"점심,저녁","맑음,비,눈,더위,추위","봄,여름,가을,겨울",6933628,https://www.10000recipe.com/recipe/6933628,메인반찬,,,16,,
단짠단짠 아이간식 굿굿 ! 간장떡볶이,한식,"떡볶이떡,간장,꿀,식용유",10,쉬움,"아침,점심,야식","맑음,비,눈,더위,추위","봄,여름,가을,겨울",6934125,https://www.10000recipe.com/recipe/6934125,밥/죽/떡,,,16,,
초간단 매콤새콤 열무비빔국수 만들기,한식,"소면,열무김치,계란,깨,고추장,설탕,고춧가루,간장,참기름,식초",30,쉬움,"점심,저녁","맑음,비,눈,더위,추위","봄,여름,가을,겨울",6934670,https://www.10000recipe.com/recipe/6934670,면/만두,,,16,,
뚝딱 만드는 한그릇요리! 대패삼겹살과 간장양념의 조화! 대패삼겹살덮밥,한식,"대패삼겹살,양파,대파,노른자,밥,간장,맛술,설탕,다진생강,후추",30,쉬움,"점심,저녁","맑음,비,눈,더위,추위","봄,여름,가을,겨울",6936141,https://www.10000recipe.com/recipe/6936141,밥/죽/떡,,,16,,
(감자요리)쫀득쫀득 감자떡 만들기 영양간식레시피,한식,"감자중간크기,모짜렐라치즈,우유,감자전분가루,소금,간장,올리고당,물",60,쉬움,저녁,"맑음,비,눈,더위,추위","봄,여름,가을,겨울",6939292,https://www.10000recipe.com/recipe/6939292,밥/죽/떡,,,16,,
홈파티로 끝내주는 라자냐 만들기,양식,"라자냐면,소고기,양파다진것,마늘,소금,후추,치즈,물면삶을용,오일,물",60,쉬움,저녁,"맑음,비,눈,더위,추위","봄,여름,가을,겨울",6947878,https://www.10000recipe.com/recipe/6947878,양식,,,16,,
집들이 음식 훈제오리 부추무침 만드는 법 간단하고 맛있어요.,한식,"훈제오리,부추,양파,고춧가루,설탕,매실청,간장,식초,참기름,볶은참깨",30,쉬움,"점심,저녁","맑음,비,눈,더위,추위","봄,여름,가을,겨울",6957721,https://www.10000recipe.com/recipe/6957721,메인반찬,,,16,,
[만만셰] 냉장고파먹기 요리로 딱인 오므라이스 by.샤인밀스,양식,"양파,당근,스팸,밥,계란,버터,소금,케첩,물엿,물,조리용나이프,밥공기,실리콘주걱",20,쉬움,"점심,저녁","맑음,비,눈,더위,추위","봄,여름,가을,겨울",7021009,https://www.10000recipe.com/recipe/7021009,양식,,,16,,
차돌박이 고추장찌개,한식,"차돌박이,감자,애호박,양파,대파,청양고추,두부,멸치다시마육수,마늘,청주,맛술,간장,고추장,된장,고춧가루,소금,후춧가루",30,쉬움,"점심,저녁","맑음,비,눈,더위,추위","봄,여름,가을,겨울",1526299,https://www.10000recipe.com/recipe/1526299,찌개,,,15,,
사랑가득 하트 파이 쿠키,한식,"박력분,차가운우유,차가운물,버터,슈가파우더,소금",120,보통,저녁,"맑음,비,눈,더위,추위","봄,여름,가을,겨울",1607382,https://www.10000recipe.com/recipe/1607382,,,,15,,
무수비 김밥 만들기,한식,"햄,계란,깻잎,김,포도씨유,밥,식초,설탕,소금",30,쉬움,"점심,저녁","맑음,비,눈,더위,추위","봄,여름,가을,겨울",4214680,https://www.10000recipe.com/recipe/4214680,밥/죽/떡,,,15,,
전복과 부드러운 산낙지가 들어간 전복연포탕,한식,"전복,산낙지,홍고추,대파,청양고추,양파,무,멸치,다시마,건새우,건홍합,북어포",30,보통,"점심,저녁","맑음,비,눈,더위,추위","봄,여름,가을,겨울",4777254,https://www.10000recipe.com/recipe/4777254,국/탕,,,15,,
백종원 옥수수 치즈전,한식,"옥수수,치즈선택,식용유,부침가루",15,쉬움,"아침,점심,야식","맑음,비,눈,더위,추위","봄,여름,가을,겨울",6832050,https://www.10000recipe.com/recipe/6832050,,,,15,,
[떡꼬치] 떡꼬치 만들기/추억의 그맛!!! 간단하고 쉬운 떡꼬치 한번 만들어볼까요 -양싸,한식,"떡볶이떡,검은깨,고추장,케찹,물엿",15,쉬움,"아침,점심,야식","맑음,비,눈,더위,추위","봄,여름,가을,겨울",6832147,https://www.10000recipe.com/recipe/6832147,밥/죽/떡,,,15,,
매력적인 인도의 맛. 버터 치킨 덮밥,한식,"닭고기,양파,버터,마늘,소금,카레가루,생강가루,고춧가루,토마토퓨레,코코넛밀크,플레인요거트ml,식용유",30,쉬움,"점심,저녁","맑음,비,눈,더위,추위","봄,여름,가을,겨울",6838118,https://www.10000recipe.com/recipe/6838118,밥/죽/떡,,,15,,
새우 까수엘라(감바스 알 아히요),양식,"새우,양송이버섯,마늘,페페론치노,파슬리,바게트,올리브유,소금,후추",30,쉬움,"점심,저녁","맑음,비,눈,더위,추위","봄,여름,가을,겨울",6839134,https://www.10000recipe.com/recipe/6839134,양식,,,15,,
건강한 한그릇 덮밥 느타리버섯덮밥,한식,"느타리버섯,양파,당근,대파,청양고추,전분물,간장,올리고당,참기름,마늘,된장,미림,후추",30,쉬움,"점심,저녁","맑음,비,눈,더위,추위","봄,여름,가을,겨울",6845683,https://www.10000recipe.com/recipe/6845683,밥/죽/떡,,,15,,
깐풍소스 해물볶음밥 (Seafood fried-rice with Kkanpung sauce),한식,"밥,양파,마늘,해물믹스,대파,간장,설탕,식초",15,쉬움,"아침,점심,야식","맑음,비,눈,더위,추위","봄,여름,가을,겨울",6853508,https://www.10000recipe.com/recipe/6853508,밥/죽/떡,,,15,,
남은 찬밥으로 끓이는 구수한 들깨부추죽,한식,"밥,다시마우린물,양파,들깨가루,부추썰어서,간장,들기름",10,쉬움,"아침,점심,야식","맑음,비,눈,더위,추위","봄,여름,가을,겨울",6854949,https://www.10000recipe.com/recipe/6854949,밥/죽/떡,,,15,,
쉽고 실패없는 부대찌개 끓이는법!,한식,"김치,후랑크소세지,스팸큰거,느타리버섯,두부,파,라면사리,고춧가루,고추장,간장,마늘,육수",30,쉬움,"점심,저녁","맑음,비,눈,더위,추위","봄,여름,가을,겨울",6855533,https://www.10000recipe.com/recipe/6855533,찌개,,,15,,
씁쓸 달달한 녹차머핀,한식,"버터,설탕,소금,계란,박력분,녹차가루,베이킹파우더,우유,초코칩",120,쉬움,저녁,"맑음,비,눈,더위,추위","봄,여름,가을,겨울",6856593,https://www.10000recipe.com/recipe/6856593,,,,15,,
돼지고기 김치 짜글이,한식,"식용유,대파,뿌리,마늘,돼지고기,신김치,양파작은것,새송이버섯,팽이버섯,봉지,두부,물,후추톡톡,간장,설탕,맛술,청양고추가루,까나리액젓,소금",30,쉬움,"점심,저녁","맑음,비,눈,더위,추위","봄,여름,가을,겨울",6866516,https://www.10000recipe.com/recipe/6866516,찌개,,,15,,
(집에서 즐기는 술안주) 닭불고기 / 치즈 닭불고기 - 닭가슴살 요리,한식,"닭가슴살,감자,양배추,양파,청양고추,모짜렐라치즈,고추장,고춧가루,마늘,설탕,맛술,매실액,참기름,후춧가루",60,쉬움,저녁,"맑음,비,눈,더위,추위","봄,여름,가을,겨울",6867051,https://www.10000recipe.com/recipe/6867051,메인반찬,,,15,,
"<신혼요리>묵은지 닭볶음탕(닭도리탕)/ 맛있는닭요리! 손님초대, 집들이상차림",한식,"닭,묵은지,포기,대파,청양고추,양파,감자,고춧가루,간장,맛술,설탕,매실액,마늘,후추",60,쉬움,저녁,"맑음,비,눈,더위,추위","봄,여름,가을,겨울",6868275,https://www.10000recipe.com/recipe/6868275,국/탕,,,15,,
간단한 야식 '비빔만두' 만들기,한식,"냉동만두,양배추,당근,깻잎,김가루옵션,식용유옵션,고추장,식초,간장,고춧가루,설탕,참기름,올리고당,통깨,맛술",30,쉬움,"점심,저녁","맑음,비,눈,더위,추위","봄,여름,가을,겨울",6869584,https://www.10000recipe.com/recipe/6869584,면/만두,,,15,,
만두로 신박하게 전부쳐 먹자구! 만두전,한식,"냉동만두,청양고추,계란,후추,간장,식초,물,고춧가루",10,쉬움,"아침,점심,야식","맑음,비,눈,더위,추위","봄,여름,가을,겨울",6870619,https://www.10000recipe.com/recipe/6870619,면/만두,,,15,,
"달걀볶음밥 만드는법, 색다른 방법으로 한그릇요리 완성!",한식,"계란,대파,당근,애호박,새송이버섯,밥,통깨,소금,간장,참기름,후추",10,쉬움,"아침,점심,야식","맑음,비,눈,더위,추위","봄,여름,가을,겨울",6872150,https://www.10000recipe.com/recipe/6872150,밥/죽/떡,,,15,,
비오는날 뜨끈한 밀푀유나베.. 행복하다..,한식,"알배추,꺳잎,버섯류,숙주나물,멸치가루or멸치,표고버섯가루or말린표고,양파,대파,간장,물,식초,설탕",30,쉬움,"점심,저녁","맑음,비,눈,더위,추위","봄,여름,가을,겨울",6872363,https://www.10000recipe.com/recipe/6872363,국/탕,,,15,,
생크림없이 만드는 맛있는 크림새우리조또,한식,"양파,마늘,우유ml,체다슬라이스치즈,청양고추,찬밥,소금,후추,파슬리가루,햄또는베이컨,콩송이버섯양송이추천,칵테일새우",30,보통,"점심,저녁","맑음,비,눈,더위,추위","봄,여름,가을,겨울",6876172,https://www.10000recipe.com/recipe/6876172,밥/죽/떡,,,15,,
감기 예방에 좋은 파 육수로 영양듬북 두부 달걀국,한식,"계란,두부,대파,참치액,들기름,후추,깨소금",15,쉬움,"아침,점심,야식","맑음,비,눈,더위,추위","봄,여름,가을,겨울",6878310,https://www.10000recipe.com/recipe/6878310,국/탕,,,15,,
"시래기국 끓이기, 구수한 된장맛과 칼칼한 국물이 일품",한식,"무청시래기,대파,청량고추취향것,마늘,된장,멸치",60,쉬움,저녁,"맑음,비,눈,더위,추위","봄,여름,가을,겨울",6880130,https://www.10000recipe.com/recipe/6880130,국/탕,,,15,,
돼지고기 짜글이,한식,"돼지고기목살,감자,양파,파,고추,물,식용유,간장,참기름,고추장,마늘,후추,설탕,고춧가루",30,쉬움,"점심,저녁","맑음,비,눈,더위,추위","봄,여름,가을,겨울",6883103,https://www.10000recipe.com/recipe/6883103,찌개,,,15,,
새우된장찌개,한식,"새우,감자,양파,애호박,청양고추,대파,두부,된장,마늘,고춧가루,물,다시멸치,건표고버섯",60,쉬움,저녁,"맑음,비,눈,더위,추위","봄,여름,가을,겨울",6884769,https://www.10000recipe.com/recipe/6884769,찌개,,,15,,
간단한 중국풍 표고버섯 계란 국,한식,"계란,표고버섯,전분가루,물,대파,마늘,육수팩,다시마cmxcm,간장,소금,후추",10,쉬움,"아침,점심,야식","맑음,비,눈,더위,추위","봄,여름,가을,겨울",6884982,https://www.10000recipe.com/recipe/6884982,국/탕,,,15,,
[ 심야레시피 ] 스팸달걀 볶음밥 / 오늘도 고생한 나에게#3,한식,"스팸,대파,계란,양파,밥,간장,참기름",15,쉬움,"아침,점심,야식","맑음,비,눈,더위,추위","봄,여름,가을,겨울",6885413,https://www.10000recipe.com/recipe/6885413,밥/죽/떡,,,15,,
닭가슴살 치킨(콜팝),한식,"닭가슴살,간장,고추장,설탕,마늘,올리고당",30,쉬움,"점심,저녁","맑음,비,눈,더위,추위","봄,여름,가을,겨울",6885704,https://www.10000recipe.com/recipe/6885704,메인반찬,,,15,,
고소고소한 버섯들깨탕(간단하고 든든해 아침식사로 좋아요),한식,"표고버섯,멸치육수,들깨가루,마늘,간장,소금,파",30,쉬움,"점심,저녁","맑음,비,눈,더위,추위","봄,여름,가을,겨울",6888418,https://www.10000recipe.com/recipe/6888418,국/탕,,,15,,
짱구는 못말려 전설의!!!♥야끼소바,한식,"우동면,대패삼겹살,숙주나물,양파,양배추,통,당근,물,설탕,마요네즈,달걀노른자,가쓰오부시",30,쉬움,"점심,저녁","맑음,비,눈,더위,추위","봄,여름,가을,겨울",6888545,https://www.10000recipe.com/recipe/6888545,면/만두,,,15,,
집에서 간단하게 해먹는 프랑스 가정식! 노오븐 라따뚜이,양식,"가지,당근,쥬키니호박,토마토,베이컨,올리브유,후추,소금,파메르산치즈,미림",30,쉬움,"점심,저녁","맑음,비,눈,더위,추위","봄,여름,가을,겨울",6888700,https://www.10000recipe.com/recipe/6888700,양식,,,15,,
미림소스로 만드는 베트남 대표 음식! 분짜,한식,"가는쌀국수면,삼겹살,만두,양상추,고수,어린잎,마늘,설탕,간장,레몬주스,미림,물,당근다짐,레몬즙,식초",60,쉬움,저녁,"맑음,비,눈,더위,추위","봄,여름,가을,겨울",6889108,https://www.10000recipe.com/recipe/6889108,면/만두,,,15,,
"매운 닭볶음탕, 닭도리탕 만들기 닭한마리 요리 레시피",한식,"닭볶음용kg,감자중간사이즈,양파작은것,대파cm,당근,올리브유,물,설탕,굵은고춧가루,청양고춧가루,고추장,간장,맛술,매실청,올리고당,마늘,생강가루,후춧가루",60,쉬움,저녁,"맑음,비,눈,더위,추위","봄,여름,가을,겨울",6890196,https://www.10000recipe.com/recipe/6890196,국/탕,,,15,,
담백한 소세지 볶음밥 넘나 매력적!!♡,한식,"밥,소세지,대파,식용유,간장,고춧가루",10,쉬움,"아침,점심,야식","맑음,비,눈,더위,추위","봄,여름,가을,겨울",6892405,https://www.10000recipe.com/recipe/6892405,밥/죽/떡,,,15,,
오이냉국 / 미역오이냉국 - 더위 잡는 시원한 여름 요리,한식,"오이,양파,미역작게,청양고추,물,소금,설탕,식초",15,쉬움,"아침,점심,야식","맑음,비,눈,더위,추위","봄,여름,가을,겨울",6893453,https://www.10000recipe.com/recipe/6893453,국/탕,,,15,,
집밥백선생 백종원 양파덮밥 후딱 만드는 한그릇요리,한식,"밥,양파,계란,대파,청양고추추가,간장,설탕,맛술,물",5,쉬움,"아침,점심,야식","맑음,비,눈,더위,추위","봄,여름,가을,겨울",6893720,https://www.10000recipe.com/recipe/6893720,밥/죽/떡,,,15,,
초간단 백종원 '중국식 달걀 볶음밥'레시피!파기름이 포인트!,한식,"밥,계란,대파,당근,식용유,간장,참기름",30,쉬움,"점심,저녁","맑음,비,눈,더위,추위","봄,여름,가을,겨울",6894284,https://www.10000recipe.com/recipe/6894284,밥/죽/떡,,,15,,
양념치킨맛 나는 두부강정 만들기! 아이들이 참 좋아해요!,한식,"두부,튀김가루,물,식용유,견과류,고추장,고춧가루,케찹,설탕,올리고당,마늘",30,쉬움,"점심,저녁","맑음,비,눈,더위,추위","봄,여름,가을,겨울",6894346,https://www.10000recipe.com/recipe/6894346,메인반찬,,,15,,
"간단한 요리 레시피, 덮밥으로도 술안주로도 OK! 10분만에 만드는 소고기숙주볶음",한식,"소고기,숙주,양파,마늘,간장,소주,설탕,후추",15,쉬움,"아침,점심,야식","맑음,비,눈,더위,추위","봄,여름,가을,겨울",6894649,https://www.10000recipe.com/recipe/6894649,메인반찬,,,15,,
굴소스를 넣어 더욱 맛있는 중국식 게살볶음밥 만들기,한식,"밥,크래미,계란,대파흰부분,당근,피망,식용유,소금,후추",30,쉬움,"점심,저녁","맑음,비,눈,더위,추위","봄,여름,가을,겨울",6895458,https://www.10000recipe.com/recipe/6895458,밥/죽/떡,,,15,,
명란무국으로 시원~하게 한끼!,한식,"무,명란젓,대파,청양고추,마늘,후추,참기름,간장",30,쉬움,"점심,저녁","맑음,비,눈,더위,추위","봄,여름,가을,겨울",6897098,https://www.10000recipe.com/recipe/6897098,국/탕,,,15,,
깍두기청국장찌개:두부만 넣어도 맛있다,한식,"깍두기,다시국물,청국장,된장,양파,소금,대파",30,보통,"점심,저녁","맑음,비,눈,더위,추위","봄,여름,가을,겨울",6898467,https://www.10000recipe.com/recipe/6898467,찌개,,,15,,
백종원 참치김치찌개 만드는법,한식,"참치캔,신김치,두부,양파,대파,풋고추,쌀뜨물ml,설탕,마늘,굵은고춧가루,간장",30,쉬움,"점심,저녁","맑음,비,눈,더위,추위","봄,여름,가을,겨울",6899420,https://www.10000recipe.com/recipe/6899420,찌개,,,15,,
non-gmo 캬라멜 팝콘 맛있게 만들기/ 영화관 팝콘 만들기,한식,"팝콘용옥수수,식물성오일,버터,설탕,생수",15,쉬움,"아침,점심,야식","맑음,비,눈,더위,추위","봄,여름,가을,겨울",6900055,https://www.10000recipe.com/recipe/6900055,,,,15,,
차돌박이찜으로 오늘저녁 고소~하게♥,한식,"미국산차돌박이,부추g,팽이버섯g,숙주g,깻잎,전분가루,된장,마요네즈,식초,마늘,꿀,고춧가루,깨소금,다진청양고추,물",30,쉬움,"점심,저녁","맑음,비,눈,더위,추위","봄,여름,가을,겨울",6900241,https://www.10000recipe.com/recipe/6900241,메인반찬,,,15,,
묵은지와 쫀득한 삼겹살을 넣어 끓인 '김치청국장찌개',한식,"멸치육수,청국장,묵은지,포기,두부,홍고추,청고추,대파,구이용삼겹살,식용유,고춧가루,집간장,된장,마늘,김칫국물,양파",30,쉬움,"점심,저녁","맑음,비,눈,더위,추위","봄,여름,가을,겨울",6901660,https://www.10000recipe.com/recipe/6901660,찌개,,,15,,
부대찌개 황금레시피 바로 이맛이야~!,한식,"스팸,소시지,김치,돼지고기다짐육,양파,대파,사골국물,물,치즈,고춧가루,고추장,간장,맛술,마늘",30,쉬움,"점심,저녁","맑음,비,눈,더위,추위","봄,여름,가을,겨울",6904057,https://www.10000recipe.com/recipe/6904057,찌개,,,15,,
백종원 볶음라면 초간단 간식 레시피,한식,"라면,대파,식용유",10,쉬움,"아침,점심,야식","맑음,비,눈,더위,추위","봄,여름,가을,겨울",6904189,https://www.10000recipe.com/recipe/6904189,면/만두,,,15,,
"쉽게 끓여도 맛이 깊은 황태김치국, 북어김칫국",한식,"찢은황태,김치,포기,다시마손바닥크기,양파,대파,멸치액젓,간장,설탕,소금,후추,물",20,쉬움,"점심,저녁","맑음,비,눈,더위,추위","봄,여름,가을,겨울",6905337,https://www.10000recipe.com/recipe/6905337,국/탕,,,15,,
초간단 한그릇요리 리챔마요덮밥만들기~!,한식,"계란,리챔,통,조미김,마요네즈,밥",15,쉬움,"아침,점심,야식","맑음,비,눈,더위,추위","봄,여름,가을,겨울",6905710,https://www.10000recipe.com/recipe/6905710,밥/죽/떡,,,15,,
고소한 매력의 순두부 버섯들깨탕 레시피,한식,"순두부,새송이버섯,팽이버섯,대파,멸치다시백,새우젓,마늘,들깻가루,물,계란,소금",30,쉬움,"점심,저녁","맑음,비,눈,더위,추위","봄,여름,가을,겨울",6907375,https://www.10000recipe.com/recipe/6907375,국/탕,,,15,,
황태감자국 국수하고 담백하게 끓이기,한식,"황태채,감자,계란,양파,홍고추,대파,참기름,간장,소금,후추,물",15,쉬움,"아침,점심,야식","맑음,비,눈,더위,추위","봄,여름,가을,겨울",6907587,https://www.10000recipe.com/recipe/6907587,국/탕,,,15,,
저칼로리 담백 두부 스테이크 만들기<밀가루 줄이기>,양식,"두부,계란,대파,당근,호박,카레가루,후추,부침가루,소금",5,보통,"아침,점심,야식","맑음,비,눈,더위,추위","봄,여름,가을,겨울",6909384,https://www.10000recipe.com/recipe/6909384,메인반찬,,,15,,
돼지고기김치찌개 황금레시피 감탄할껄,한식,"돼지고기찌개용,김치,대파,된장,쌀뜬물,고춧가루,맛술,마늘,간장",15,쉬움,"아침,점심,야식","맑음,비,눈,더위,추위","봄,여름,가을,겨울",6910515,https://www.10000recipe.com/recipe/6910515,찌개,,,15,,
"아침에 후딱 끓여 낸 어묵 콩나물국, 콩나물 어묵국",한식,"막대어묵,다듬은콩나물,다시마멸치육수컵or생수,새우젓,고춧가루,대파",15,쉬움,"아침,점심,야식","맑음,비,눈,더위,추위","봄,여름,가을,겨울",6910771,https://www.10000recipe.com/recipe/6910771,국/탕,,,15,,
"No밀가루! No설탕! 초간단재료""쇼콜라오트밀쿠키""",한식,"땅콩버터,꿀,계란,오트밀,초코칩,베이킹파우더",60,쉬움,저녁,"맑음,비,눈,더위,추위","봄,여름,가을,겨울",6910850,https://www.10000recipe.com/recipe/6910850,,,,15,,
묵은지 베이컨 밥 말이,한식,"베이컨,묵은지김치,밥,공기,참기름,깨소금",15,쉬움,"아침,점심,야식","맑음,비,눈,더위,추위","봄,여름,가을,겨울",6914420,https://www.10000recipe.com/recipe/6914420,밥/죽/떡,,,15,,
닭 가슴살 양파 볶음,한식,"양파,닭가슴살,청양고추,홍고추,참기름,후추,통깨,소금,간장",15,쉬움,"아침,점심,야식","맑음,비,눈,더위,추위","봄,여름,가을,겨울",6916469,https://www.10000recipe.com/recipe/6916469,메인반찬,,,15,,
향긋한 바질페스토와 아라비아따의 만남 ★ 매운토마토바질파스타,양식,"스파게티면,마늘,올리브유,소금,후추,바질페스토,파마산치즈가루,홀토마토,양파,페페론치노",20,쉬움,"점심,저녁","맑음,비,눈,더위,추위","봄,여름,가을,겨울",6916666,https://www.10000recipe.com/recipe/6916666,면/만두,,,15,,
까르보나라 스파게티 생크림없어도 맛있게,한식,"스파게티면,우유,슬라이스햄,사각치즈,계란,소금,후추,파슬리가루,마늘,버터",30,쉬움,"점심,저녁","맑음,비,눈,더위,추위","봄,여름,가을,겨울",6916910,https://www.10000recipe.com/recipe/6916910,면/만두,,,15,,
[술안주 끝판왕] 항정살조림! 10분안에 끝!,한식,"항정살,양파,영양부추,마늘,볶은깨,참기름,간장,맛술,올리고당,물",10,쉬움,"아침,점심,야식","맑음,비,눈,더위,추위","봄,여름,가을,겨울",6921012,https://www.10000recipe.com/recipe/6921012,메인반찬,,,15,,
차돌박이 떡볶이 만들기 떡볶이도 고급스럽게,한식,"떡볶이떡,차돌박이,어묵,양배추,대파,양파,깻잎,계란,국물용멸치,물,후춧가루,맛술,간마늘,고추장,물엿,간장,매실액,설탕",60,쉬움,저녁,"맑음,비,눈,더위,추위","봄,여름,가을,겨울",6922391,https://www.10000recipe.com/recipe/6922391,밥/죽/떡,,,15,,
박막례할머니 간장비빔국수,한식,"중면,간장,설탕,식초,참기름,물,통깨,마늘,애호박,당근,대파",15,쉬움,"아침,점심,야식","맑음,비,눈,더위,추위","봄,여름,가을,겨울",6923375,https://www.10000recipe.com/recipe/6923375,면/만두,,,15,,
닭가슴살로 초간단 불닭마요덮밥 만들기♥ (마요네즈 가늘게 짜는 꿀팁),한식,"닭가슴살,밥,계란,마요네즈,김가루,간장,마늘,숟갈,올리고당,미림,설탕,고춧가루,청양고추",30,쉬움,"점심,저녁","맑음,비,눈,더위,추위","봄,여름,가을,겨울",6925672,https://www.10000recipe.com/recipe/6925672,밥/죽/떡,,,15,,
두릅을 손질하며 봄을 맞이하는 봄내음을 가득 두릅소고기비빔밥 !,한식,"두릅,다진소고기,밥,소금,참기름,간장,마늘,맛술,설탕,통깨,고추장,올리고당",30,쉬움,"점심,저녁","맑음,비,눈,더위,추위","봄,여름,가을,겨울",6928468,https://www.10000recipe.com/recipe/6928468,밥/죽/떡,,,15,,
쉬운 한그릇 요리 ~ 얼큰 계란국,한식,"멸치다시마육수,계란,대파,표고버섯,양파,간장,고춧가루,소금,참기름,마늘,맛술,후추",30,쉬움,"점심,저녁","맑음,비,눈,더위,추위","봄,여름,가을,겨울",6934991,https://www.10000recipe.com/recipe/6934991,국/탕,,,15,,
(아기반찬) 초간단 닭곰탕,한식,"닭다리살,양파,대파,마늘,아기간장,통마늘",20,쉬움,"점심,저녁","맑음,비,눈,더위,추위","봄,여름,가을,겨울",6941193,https://www.10000recipe.com/recipe/6941193,국/탕,,,15,,
김치찌개끓이기 삼겹살김치찌개 레시피,한식,"삼겹살,김치,김치국물,공기,양파,고추,대파,설탕,고춧가루,맛술,간장,멸치액젓,마늘,물,후추",60,쉬움,저녁,"맑음,비,눈,더위,추위","봄,여름,가을,겨울",6942454,https://www.10000recipe.com/recipe/6942454,찌개,,,15,,
베이컨 달걀볶음밥,한식,"계란,밥,베이컨,대파,간장,소금,후춧가루,통깨",30,쉬움,"점심,저녁","맑음,비,눈,더위,추위","봄,여름,가을,겨울",6942745,https://www.10000recipe.com/recipe/6942745,밥/죽/떡,,,15,,
베이컨감자채전 집에서 간단한 술안주!,한식,"감자,베이컨,마늘,부침가루,후추",20,쉬움,"점심,저녁","맑음,비,눈,더위,추위","봄,여름,가을,겨울",6944868,https://www.10000recipe.com/recipe/6944868,메인반찬,,,15,,
"쉽고 맛있는 ""돼지고기 짜글이"" 만들기",한식,"돼지고기앞다리살,감자,양파,당근,애호박,청양고추,고추장,마늘,설탕,간장,소금,고춧가루,식용유",20,쉬움,"점심,저녁","맑음,비,눈,더위,추위","봄,여름,가을,겨울",6952146,https://www.10000recipe.com/recipe/6952146,메인반찬,,,15,,
자박자박 구수하게 끓여낸 청국장찌개 만드는법 청국장 찌개 레시피,한식,"청국장,양파,김치,두부,청양고추,대파,홍고추,다시마우린물,고춧가루,마늘,된장,식용유",30,쉬움,"점심,저녁","맑음,비,눈,더위,추위","봄,여름,가을,겨울",6968967,https://www.10000recipe.com/recipe/6968967,찌개,,,15,,
포만감 가득 다이어트 양배추오믈렛,한식,"계란,양배추,감자,슬라이스치즈,양파,베이컨,소금",10,쉬움,"아침,점심,야식","맑음,비,눈,더위,추위","봄,여름,가을,겨울",6983253,https://www.10000recipe.com/recipe/6983253,메인반찬,,,15,,
바지락 시금치된장국,한식,"시금치,멸치다시마육수,된장듬뿍,바지락g,대파",30,쉬움,"점심,저녁","맑음,비,눈,더위,추위","봄,여름,가을,겨울",1826770,https://www.10000recipe.com/recipe/1826770,국/탕,,,14,,
시래기표고버섯밥,한식,"쌀,삶은시래기,말린표고버섯,표고버섯우린물,들기름,된장,생강술,마늘,숟갈,간장,물,깨소금,송송썬대파",90,쉬움,저녁,"맑음,비,눈,더위,추위","봄,여름,가을,겨울",4175263,https://www.10000recipe.com/recipe/4175263,밥/죽/떡,,,14,,
두부 계란탕 만들기,한식,"참기름,표고버섯,대파,멸치육수,브로콜리,계란,소금,두부,깨",30,쉬움,"점심,저녁","맑음,비,눈,더위,추위","봄,여름,가을,겨울",4243352,https://www.10000recipe.com/recipe/4243352,국/탕,,,14,,
콩나물불고기,한식,"대패삼겹살,대파채,콩나물,깻잎,청양고추,양파,고추장,고춧가루,간장,매실액,설탕,미림,참기름,마늘,후춧가루",30,보통,"점심,저녁","맑음,비,눈,더위,추위","봄,여름,가을,겨울",4900066,https://www.10000recipe.com/recipe/4900066,메인반찬,,,14,,
새콤달콤한 사과 부추 무침,한식,"사과,부추,까나리액젓,매실액,고춧가루,마늘,통깨",15,쉬움,"아침,점심,야식","맑음,비,눈,더위,추위","봄,여름,가을,겨울",5375808,https://www.10000recipe.com/recipe/5375808,,,,14,,
말갛게 끓인 소고기무국,한식,"소고기양지,무,물,대파,청양고추,마늘,숟갈,소금",60,쉬움,저녁,"맑음,비,눈,더위,추위","봄,여름,가을,겨울",5475624,https://www.10000recipe.com/recipe/5475624,국/탕,,,14,,
칠리 항정살 볶음,한식,"항정살,밀가루,양파,청양고추,당근,마늘,표고버섯,식초,간장,물,후추",30,쉬움,"점심,저녁","맑음,비,눈,더위,추위","봄,여름,가을,겨울",6685841,https://www.10000recipe.com/recipe/6685841,메인반찬,,,14,,
두부덮밥 만들기,한식,"청경채,애호박,파프리카,당근,양송이버섯,두부,참기름,마늘,물,전분가루",10,쉬움,"아침,점심,야식","맑음,비,눈,더위,추위","봄,여름,가을,겨울",6829028,https://www.10000recipe.com/recipe/6829028,밥/죽/떡,,,14,,
버섯들깨순두부탕 끓이기,한식,"순두부,표고버섯,양파,대파,느타리버섯,청양고추,들깨가루,마늘",10,쉬움,"아침,점심,야식","맑음,비,눈,더위,추위","봄,여름,가을,겨울",6830096,https://www.10000recipe.com/recipe/6830096,국/탕,,,14,,
닭가슴살 스테이크와 토마토 스튜,양식,"닭가슴살,방울토마토,양파,소금,요플래,후추,파슬리,바질가루",30,쉬움,"점심,저녁","맑음,비,눈,더위,추위","봄,여름,가을,겨울",6830243,https://www.10000recipe.com/recipe/6830243,양식,,,14,,
간편레시피 콩나물불고기,한식,"고기,콩나물,양파,파,고추장,고춧가루,간장,마늘,설탕or매실액,물,참기름",30,보통,"점심,저녁","맑음,비,눈,더위,추위","봄,여름,가을,겨울",6830408,https://www.10000recipe.com/recipe/6830408,메인반찬,,,14,,
닭가슴살 통조림을 이용한 불닭덮밥 레시피 :),한식,"닭가슴살통조림g,양파,청양고추,김자반,파,고추기름들기름대체가능,간장,고추장,고춧가루듬뿍,설탕,후추,참기름",15,쉬움,"아침,점심,야식","맑음,비,눈,더위,추위","봄,여름,가을,겨울",6833758,https://www.10000recipe.com/recipe/6833758,밥/죽/떡,,,14,,
"맥주안주, 간단한 땅콩버터오징어",한식,"진미채,땅콩잼,버터,설탕,소금",30,쉬움,"점심,저녁","맑음,비,눈,더위,추위","봄,여름,가을,겨울",6835479,https://www.10000recipe.com/recipe/6835479,,,,14,,
영양만점 시금치계란죽으로 아침!^^,한식,"계란,시금치,찬밥,참기름,통깨,구운김,간장,다시마,마른새우,멸치,소금",30,쉬움,"점심,저녁","맑음,비,눈,더위,추위","봄,여름,가을,겨울",6837619,https://www.10000recipe.com/recipe/6837619,밥/죽/떡,,,14,,
탱글탱글 부드러운 굴순두부국!,한식,"굴,순두부,계란,홍고추,청양고추,마늘,대파,멸치육수,새우젓",60,쉬움,저녁,"맑음,비,눈,더위,추위","봄,여름,가을,겨울",6839103,https://www.10000recipe.com/recipe/6839103,국/탕,,,14,,
고소하고 든든한한끼! 돼지고기넣은 비지찌개 대령이요!,한식,"비지,돼지고기,김치,호박,파,뿌리,간장,소금,참기름,마늘,후추,소주",30,쉬움,"점심,저녁","맑음,비,눈,더위,추위","봄,여름,가을,겨울",6840486,https://www.10000recipe.com/recipe/6840486,찌개,,,14,,
고구마 요리!! 달달한 치즈고구마그라탕♥,양식,"고구마,베이컨,양파,옥수수,피자치즈,후추",60,쉬움,저녁,"맑음,비,눈,더위,추위","봄,여름,가을,겨울",6841910,https://www.10000recipe.com/recipe/6841910,양식,,,14,,
간단한 브런치 컵밥,한식,"밥,공기,비엔나세지,모짜렐라치즈,계란",5,쉬움,"아침,점심,야식","맑음,비,눈,더위,추위","봄,여름,가을,겨울",6843118,https://www.10000recipe.com/recipe/6843118,밥/죽/떡,,,14,,
한입쏙 베이컨김치말이주먹밥 # 나들이 도시락,한식,"베이컨,밥,김치,양파,참기를,검은깨",30,쉬움,"점심,저녁","맑음,비,눈,더위,추위","봄,여름,가을,겨울",6843200,https://www.10000recipe.com/recipe/6843200,밥/죽/떡,,,14,,
"브런치로 좋은 ""프리타타""♪",양식,"계란,우유,파마산치즈가루,소금,양파,당근,프랑크소시지,대파다진거",30,쉬움,"점심,저녁","맑음,비,눈,더위,추위","봄,여름,가을,겨울",6844674,https://www.10000recipe.com/recipe/6844674,양식,,,14,,
리본주먹밥 - 소풍도시락 주먹밥,한식,"다진호박,다진빨강파프리카,다진노랑파프리카,다진쇠고기,둥근햄,부추,계란,김,밥,소금",60,쉬움,저녁,"맑음,비,눈,더위,추위","봄,여름,가을,겨울",6850441,https://www.10000recipe.com/recipe/6850441,밥/죽/떡,,,14,,
짭쪼름한 밥도둑! 명란 두부찌개,한식,"명란젓,두부,애호박,무,다시마육수,대파or쪽파,마늘,간장,새우젓,참기름",60,쉬움,저녁,"맑음,비,눈,더위,추위","봄,여름,가을,겨울",6855070,https://www.10000recipe.com/recipe/6855070,찌개,,,14,,
담백한 양파감자국! (국물요리),한식,"양파,감자,대파,청양고추,홍고추,마늘,간장,참기름,멸치다시마육수,소금",90,쉬움,저녁,"맑음,비,눈,더위,추위","봄,여름,가을,겨울",6860946,https://www.10000recipe.com/recipe/6860946,국/탕,,,14,,
김치오뎅찌개 끓이기,한식,"김치,오뎅,두부,양파,대파,고춧가루,간장,후추,마늘,들기름,육수",30,쉬움,"점심,저녁","맑음,비,눈,더위,추위","봄,여름,가을,겨울",6865964,https://www.10000recipe.com/recipe/6865964,찌개,,,14,,
박나래 감바스 # 감바스 알 아히요 만들기 쉽다,양식,"새우,올리브오일,페페론치노,허브맛솔트,마늘,파슬리가루,빵",10,쉬움,"아침,점심,야식","맑음,비,눈,더위,추위","봄,여름,가을,겨울",6866290,https://www.10000recipe.com/recipe/6866290,양식,,,14,,
백종원 두부스크램블은 영양가 만점!!,양식,"두부,계란,소금,후추,버터",10,쉬움,"아침,점심,야식","맑음,비,눈,더위,추위","봄,여름,가을,겨울",6868053,https://www.10000recipe.com/recipe/6868053,양식,,,14,,
카레향 솔솔 나는 시금치 달걀 카레죽♪,한식,"찬밥,시금치,계란,새송이버섯,양파,당근,고형카레,카레가루",30,쉬움,"점심,저녁","맑음,비,눈,더위,추위","봄,여름,가을,겨울",6871302,https://www.10000recipe.com/recipe/6871302,밥/죽/떡,,,14,,
아이들 간식/물만두 강정,한식,"물만두,아몬드,고추장,케챱,간장,올리고당,통깨,마늘,물",10,쉬움,"아침,점심,야식","맑음,비,눈,더위,추위","봄,여름,가을,겨울",6875452,https://www.10000recipe.com/recipe/6875452,면/만두,,,14,,
[무드앤쿡 #8] 바질페스토를 곁들인 새콤달콤한 샐러드 파스타,양식,"푸실리,방울토마토,파프리카,양파,견과류,파마산치즈가루,간장,올리브유,올리고당,마늘,식초,후추",30,쉬움,"점심,저녁","맑음,비,눈,더위,추위","봄,여름,가을,겨울",6877606,https://www.10000recipe.com/recipe/6877606,면/만두,,,14,,
일본 두부튀김 아게다시도후 홈파티음식,한식,"두부,전분가루,가쓰오부시,대파,쯔유,올리고당",30,보통,"점심,저녁","맑음,비,눈,더위,추위","봄,여름,가을,겨울",6883479,https://www.10000recipe.com/recipe/6883479,메인반찬,,,14,,
매운참치밥,한식,"참치캔g,밥,모차렐라치즈,다진양파,다진오이피클,고추장,설탕,참기름,통깨,마요네즈,김가루",15,쉬움,"아침,점심,야식","맑음,비,눈,더위,추위","봄,여름,가을,겨울",6885817,https://www.10000recipe.com/recipe/6885817,밥/죽/떡,,,14,,
백종원의 골목식당 굴라시(굴라쉬)만들기,양식,"소고기등심,양파,레드와인,물,파프리카가루,허브잎,버터,올리브오일,감자,당근,파프리카,토마토,마늘,밀가루,소금,후추,토마토페이스트,케찹",90,보통,저녁,"맑음,비,눈,더위,추위","봄,여름,가을,겨울",6886299,https://www.10000recipe.com/recipe/6886299,양식,,,14,,
"15개월 아기, 유아식 국 :: 아기 오뎅국, 오뎅탕 쉽게 끓이기 (아기가 잘 먹는 반찬, 국)",한식,"오뎅,애호박,양파,국물용멸치,국물용다시마",30,쉬움,"점심,저녁","맑음,비,눈,더위,추위","봄,여름,가을,겨울",6886709,https://www.10000recipe.com/recipe/6886709,국/탕,,,14,,
해장으로도 좋은 시원한 김치콩나물국,한식,"물,김치잘게썬,콩나물,간장,마늘,대파,소금,다시마cmxcm,멸치",30,쉬움,"점심,저녁","맑음,비,눈,더위,추위","봄,여름,가을,겨울",6887857,https://www.10000recipe.com/recipe/6887857,국/탕,,,14,,
여름에 잘 어울리는 미역초샐러드! 와사비 넣어 더 상큼하게,한식,"미역인분,오이,양파작은것,통깨,간장,물,식초,설탕,연와사비,냉동새우,미림,해물믹스",30,쉬움,"점심,저녁","맑음,비,눈,더위,추위","봄,여름,가을,겨울",6891823,https://www.10000recipe.com/recipe/6891823,,,,14,,
우리아이 여름방학 한끼식사 초간단 햄볶음밥,한식,"햄,대파,당근,계란,식용유,간장,참기름,깨소금,후추가루,밥또는햇반",10,쉬움,"아침,점심,야식","맑음,비,눈,더위,추위","봄,여름,가을,겨울",6893520,https://www.10000recipe.com/recipe/6893520,밥/죽/떡,,,14,,
비오는날 최고! 초간단 재료로 5분완성 고추장떡 만들기,한식,"밀가루,물,대파,고추장크게",5,쉬움,"아침,점심,야식","맑음,비,눈,더위,추위","봄,여름,가을,겨울",6894694,https://www.10000recipe.com/recipe/6894694,밥/죽/떡,,,14,,
삼겹살 김치 말이 전골 돼지고기 요리,한식,"삼겹살,묵은지,파,청양고추,마늘,설탕,멸치다시육수,소금,후춧가루,청주,생강가루",60,쉬움,저녁,"맑음,비,눈,더위,추위","봄,여름,가을,겨울",6895929,https://www.10000recipe.com/recipe/6895929,국/탕,,,14,,
감자 소고기 고추장찌개,한식,"소고기등심,감자,두부,애호박,양파,멸치다시마육수,마늘,식용유,고추장,된장",90,쉬움,저녁,"맑음,비,눈,더위,추위","봄,여름,가을,겨울",6896361,https://www.10000recipe.com/recipe/6896361,찌개,,,14,,
[간단 황제 자취 요리] 스팸으로 떡갈비 만들기,한식,"스팸또는리챔g,계란,당근,새송이버섯,파,마늘",30,쉬움,"점심,저녁","맑음,비,눈,더위,추위","봄,여름,가을,겨울",6900094,https://www.10000recipe.com/recipe/6900094,메인반찬,,,14,,
참치덮밥 만들기. 고추장참치볶음. 간단한 저녁메뉴. 한그릇요리,한식,"참치,양파,당근,피망,대파,마늘,고추장,참기름,깨,후춧가루",30,쉬움,"점심,저녁","맑음,비,눈,더위,추위","봄,여름,가을,겨울",6900124,https://www.10000recipe.com/recipe/6900124,밥/죽/떡,,,14,,
카레주먹밥 ♥ 동글동글 귀여워,한식,"밥,양파,스팸,대파,당근,식용유,카레가루,후추,소금,참기름,검은깨",10,쉬움,"아침,점심,야식","맑음,비,눈,더위,추위","봄,여름,가을,겨울",6901889,https://www.10000recipe.com/recipe/6901889,밥/죽/떡,,,14,,
차승원 닭곰탕 오랫만에,한식,"닭고기,대파,마늘,청주,고춧가루,간장,청양고추",90,쉬움,저녁,"맑음,비,눈,더위,추위","봄,여름,가을,겨울",6902358,https://www.10000recipe.com/recipe/6902358,국/탕,,,14,,
김치 넣어 시원한 콩나물국 끓이기,한식,"콩나물,김치,멸치육수용,고춧가루,파,마늘,소금",30,쉬움,"점심,저녁","맑음,비,눈,더위,추위","봄,여름,가을,겨울",6903869,https://www.10000recipe.com/recipe/6903869,국/탕,,,14,,
참치덮밥 맛있고 구하기쉽고 심지어 저렴한!?,한식,"캔참치g,채썬양파,계란,밥,멸치육수,간장,맛술,설탕",15,쉬움,"아침,점심,야식","맑음,비,눈,더위,추위","봄,여름,가을,겨울",6904405,https://www.10000recipe.com/recipe/6904405,밥/죽/떡,,,14,,
소세지김치컵밥 자취생이라면 도전!,한식,"밥,소시지바,김치g,스트링치즈,계란,고추장,케찹,설탕,간장",15,쉬움,"아침,점심,야식","맑음,비,눈,더위,추위","봄,여름,가을,겨울",6904503,https://www.10000recipe.com/recipe/6904503,밥/죽/떡,,,14,,
콩나물 요리 - 콩나물 볶음밥 간단한 저녁메뉴,한식,"콩나물g,밥,대파,참기름,통깨,식용유,고춧가루,고추장,맛술,간장,마늘,설탕,계란",60,쉬움,저녁,"맑음,비,눈,더위,추위","봄,여름,가을,겨울",6905449,https://www.10000recipe.com/recipe/6905449,밥/죽/떡,,,14,,
"감바스 알 아히요 만드는 법, 참 맛있는 감바스",양식,"새우칵테일,중,올리브오일,버터,편마늘,페페론치노,소금,후추,파슬리가루,바게트빵",15,쉬움,"아침,점심,야식","맑음,비,눈,더위,추위","봄,여름,가을,겨울",6906167,https://www.10000recipe.com/recipe/6906167,양식,,,14,,
낙지젓갈 볶음밥 혼밥 메뉴로 딱 좋은 간단한 한 그릇 요리,한식,"밥,낙지젓,대파,식용유,계란,참기름,통깨",10,쉬움,"아침,점심,야식","맑음,비,눈,더위,추위","봄,여름,가을,겨울",6906459,https://www.10000recipe.com/recipe/6906459,밥/죽/떡,,,14,,
쉬운국 계란탕~*,한식,"계란,대파,소금,후추,마늘,액젓",15,쉬움,"아침,점심,야식","맑음,비,눈,더위,추위","봄,여름,가을,겨울",6908210,https://www.10000recipe.com/recipe/6908210,국/탕,,,14,,
담백 고소한 계란떡볶이◡̈*✧,한식,"떡,계란,양파,버터,소금,후추",30,쉬움,"점심,저녁","맑음,비,눈,더위,추위","봄,여름,가을,겨울",6908257,https://www.10000recipe.com/recipe/6908257,밥/죽/떡,,,14,,
실패없이 간단하고 맛있는 백종원 볶음우동,일식,"우동면,고기등심또는차돌,양배추,당근,양파,숙주,파,후추,가다랑어포,간장,식초,설탕,물,참기름",15,쉬움,"아침,점심,야식","맑음,비,눈,더위,추위","봄,여름,가을,겨울",6909810,https://www.10000recipe.com/recipe/6909810,면/만두,,,14,,
밥도둑 반찬 묵은지 지짐,한식,"묵은지,포기,국물용멸치,파,마늘,설탕,들기름,물",15,쉬움,"아침,점심,야식","맑음,비,눈,더위,추위","봄,여름,가을,겨울",6913392,https://www.10000recipe.com/recipe/6913392,찌개,,,14,,
새우 볶음밥 - 중국집 달걀 볶음밥 비법이 궁금해?,한식,"새우,계란,대파,당근,식은밥,소금,후추,간장,참기름",30,쉬움,"점심,저녁","맑음,비,눈,더위,추위","봄,여름,가을,겨울",6915661,https://www.10000recipe.com/recipe/6915661,밥/죽/떡,,,14,,
콩비지 찌개..,한식,"콩비지,돼지고기,김치,포기,들기름,마늘,김칫국물,고춧가루,대파,참치액,소금,다시다",60,쉬움,저녁,"맑음,비,눈,더위,추위","봄,여름,가을,겨울",6918374,https://www.10000recipe.com/recipe/6918374,찌개,,,14,,
쥬키니 호박 반찬 만들기 / 쥬키니 덮밥,한식,"쥬키니,양파,대파,마늘,고춧가루,간장,후춧가루,계란,식용유,참기름,밥",20,쉬움,"점심,저녁","맑음,비,눈,더위,추위","봄,여름,가을,겨울",6922546,https://www.10000recipe.com/recipe/6922546,밥/죽/떡,,,14,,
"잘익은 김장 김치의 쩡한맛!새콤달콤 냉김치국수,외할머니 비법겨울밤, 겨울간식의 추억속으로~~",한식,"배추김치,포기,간장,굵은소금,마늘,파,참기름,깨소금,김,찬물,식초,설탕",15,쉬움,"아침,점심,야식","맑음,비,눈,더위,추위","봄,여름,가을,겨울",6924578,https://www.10000recipe.com/recipe/6924578,면/만두,,,14,,
애호박을 잔뜩넣은 수미네 레시피 애호박국수 ★,한식,"애호박,소면,대파,들기름,소금,마늘,고춧가루,참기름,통깨",20,쉬움,"점심,저녁","맑음,비,눈,더위,추위","봄,여름,가을,겨울",6926862,https://www.10000recipe.com/recipe/6926862,면/만두,,,14,,
시금치크림파스타 : 시금치를 맛있게 파스타로 만드는 방법!!,양식,"양파,마늘,새우,스파게티면,소금,후추,올리브유,시금치,우유,생크림,파마산치즈가루",30,쉬움,"점심,저녁","맑음,비,눈,더위,추위","봄,여름,가을,겨울",6928174,https://www.10000recipe.com/recipe/6928174,면/만두,,,14,,
간단 5분 요리 계란 크래미 게맛살 볶음밥,한식,"크래미,대파,계란",5,쉬움,"아침,점심,야식","맑음,비,눈,더위,추위","봄,여름,가을,겨울",6928754,https://www.10000recipe.com/recipe/6928754,밥/죽/떡,,,14,,
부산에서 유명하다는 달걀만두,한식,"계란,삶은당면,다진대파,다진당근,다진청양고추,식용유,참치액",15,쉬움,"아침,점심,야식","맑음,비,눈,더위,추위","봄,여름,가을,겨울",6929819,https://www.10000recipe.com/recipe/6929819,메인반찬,,,14,,
맛남의 광장 파개장,한식,"소고기국거리,대파,당면,소금,후추,간장,액젓,육수다시팩,마늘,고춧가루,청양고추,물",30,쉬움,"점심,저녁","맑음,비,눈,더위,추위","봄,여름,가을,겨울",6930087,https://www.10000recipe.com/recipe/6930087,국/탕,,,14,,
얼큰두부찌개 끓이기,한식,"두부,참치작은것,양파,대파,청양고추,고춧가루,간장,올리고당,마늘,맛술,후추,소금",15,쉬움,"아침,점심,야식","맑음,비,눈,더위,추위","봄,여름,가을,겨울",6932109,https://www.10000recipe.com/recipe/6932109,국/탕,,,14,,
얼큰하고 구수한 대패삼겹 감자짜글이:D,한식,"대패삼겹살,감자,양파,대파,된장,고추장,간장,후추",30,쉬움,"점심,저녁","맑음,비,눈,더위,추위","봄,여름,가을,겨울",6937420,https://www.10000recipe.com/recipe/6937420,찌개,,,14,,
우유로 까르보나라 만들기 꾸덕꾸덕 고소해요~!,한식,"스파게티면,베이컨,양파,페페론치노개or청양고추,우유,체다치즈,소금,후춧가루,면수또는물",30,쉬움,"점심,저녁","맑음,비,눈,더위,추위","봄,여름,가을,겨울",6938718,https://www.10000recipe.com/recipe/6938718,면/만두,,,14,,
(아기반찬) 닭고기 양송이 감자 리조또,양식,"닭다리살,양송이버섯,양파,당근,대파,브로콜리,송이,밥,올리브유,킨더밀쉬,아기치즈,아기간장,버섯야채육수,감자",30,쉬움,"점심,저녁","맑음,비,눈,더위,추위","봄,여름,가을,겨울",6942135,https://www.10000recipe.com/recipe/6942135,양식,,,14,,
담백한 다이어트 식단_두부유부초밥 레시피,일식,"유부초밥매,부침용두부",15,쉬움,"아침,점심,야식","맑음,비,눈,더위,추위","봄,여름,가을,겨울",6943808,https://www.10000recipe.com/recipe/6943808,밥/죽/떡,,,14,,
캬소리가 절로나는 어묵탕 레시피 오뎅탕 끓이는법,한식,"어묵,무,대파,양파,건고추,멸치다시팩,후추,간장,미림,참치액,고춧가루,물,참깨,다진대파",60,쉬움,저녁,"맑음,비,눈,더위,추위","봄,여름,가을,겨울",6945157,https://www.10000recipe.com/recipe/6945157,국/탕,,,14,,
옛날짜장,중식,"돼지고기,감자,양파,양배추,감자전분,춘장,맛술,대파,마늘,다진생강,설탕,식용유",60,쉬움,저녁,"맑음,비,눈,더위,추위","봄,여름,가을,겨울",6947127,https://www.10000recipe.com/recipe/6947127,면/만두,,,14,,
"빵 대신 에그번 ♥ 햄버거로 다이어트 가능한 "" 달걀버거 "" 만들기",한식,"계란,슬라이스햄,슬라이스치즈,샐러드채소,방울토마토,소금,식초",30,쉬움,"점심,저녁","맑음,비,눈,더위,추위","봄,여름,가을,겨울",6953539,https://www.10000recipe.com/recipe/6953539,,,,14,,
간단한 참치볶음밥으로 인기쟁이 엄마가 되어보세요,한식,"참치,밥,대파,계란,간장,후추,맛소금,들기름",10,쉬움,"아침,점심,야식","맑음,비,눈,더위,추위","봄,여름,가을,겨울",6955997,https://www.10000recipe.com/recipe/6955997,밥/죽/떡,,,14,,
"두부 청경채 볶음.(건강식, 다이어트식, 채소반찬)",한식,"두부,청경채,마늘,간장,설탕",10,쉬움,"아침,점심,야식","맑음,비,눈,더위,추위","봄,여름,가을,겨울",6959353,https://www.10000recipe.com/recipe/6959353,메인반찬,,,14,,
불맛으로 국물이 끝내주는 오징어뭇국/오징어찌개 끓이는 법,한식,"오징어,무우,대파,청양고추,물,식용유,마늘,고추장,고춧가루,맛술,카레가루,설탕,후추",20,쉬움,"점심,저녁","맑음,비,눈,더위,추위","봄,여름,가을,겨울",6961023,https://www.10000recipe.com/recipe/6961023,국/탕,,,14,,
♥[신혼밥상] 소시지양배추덮밥,한식,"양배추,통,후랑크소시지,대파,계란,후춧가루,올리브유,참기름,통깨,밥,간장,설탕,맛술",20,쉬움,"점심,저녁",맑음,봄,6969794,https://www.10000recipe.com/recipe/6969794,밥/죽/떡,짭짤함,봄,14,,
[집밥] 우렁강된장 만들기,한식,"우렁,애호박,양파,새송이버섯,들기름,된장,마늘,청양고추,대파,밀가루,물",20,쉬움,"점심,저녁","맑음,비,눈,더위,추위","봄,여름,가을,겨울",6970558,https://www.10000recipe.com/recipe/6970558,찌개,,,14,,
'만물상레시피' 60년전통 돼지갈비 황금레시피,한식,"돼지고기삼겹살또는목살,간장,물엿,흑설탕,깨소금,마늘,후추가루,물,겨자,다진대파",15,쉬움,"아침,점심,야식","맑음,비,눈,더위,추위","봄,여름,가을,겨울",6976511,https://www.10000recipe.com/recipe/6976511,메인반찬,,,14,,
장터국밥스타일의 얼큰소고기국 레시피 추석명절 느끼한 속 달래기,한식,"소고기,무,콩나물,대파,물,참기름,된장,고춧가루,소고기다시다,간장,액젓",30,쉬움,"점심,저녁","맑음,비,눈,더위,추위","봄,여름,가을,겨울",6987357,https://www.10000recipe.com/recipe/6987357,국/탕,,,14,,
칼칼해서 더 맛있는 얼큰만둣국,한식,"다시마멸치육수,만두,계란,느타리버섯,양파,대파,청양고추,간장,고춧가루,마늘,소금,후추",15,쉬움,"아침,점심,야식","맑음,비,눈,더위,추위","봄,여름,가을,겨울",6992821,https://www.10000recipe.com/recipe/6992821,국/탕,,,14,,
상큼달콤한 맛 다이어트에 좋은 채소 바나나샐러드,한식,"바나나,파프리카,방울토마토,양상추,플레인요구르트",15,쉬움,"아침,점심,야식","맑음,비,눈,더위,추위","봄,여름,가을,겨울",2659680,https://www.10000recipe.com/recipe/2659680,,,,13,,
고소하고 구수한 미숫가루스콘 만들기,한식,"중력분,미숫가루,베이킹파우더,계란,우유,통깨,호두,버터,설탕,소금",60,쉬움,저녁,"맑음,비,눈,더위,추위","봄,여름,가을,겨울",3999013,https://www.10000recipe.com/recipe/3999013,,,,13,,
봄 소풍 도시락으로 좋은 야채 소고기말이,한식,"소고기불고기용,허브솔트,피망,대파,무순,팽이버섯,물,간장,올리고당,설탕,미림",30,보통,"점심,저녁","맑음,비,눈,더위,추위","봄,여름,가을,겨울",5908102,https://www.10000recipe.com/recipe/5908102,메인반찬,,,13,,
돼지고기 김치찌개,한식,"돼지고기앞다리살,김치,포기,양파,대파,식용유,물,다시다,고추장,고춧가루,된장,간장,마늘",30,쉬움,"점심,저녁","맑음,비,눈,더위,추위","봄,여름,가을,겨울",6684668,https://www.10000recipe.com/recipe/6684668,찌개,,,13,,
밥투정하는 아이를 위한 밥도그,한식,"소세지,밥,당근,계란,밀가루,빵가루,소금,깨소금",30,쉬움,"점심,저녁","맑음,비,눈,더위,추위","봄,여름,가을,겨울",6811319,https://www.10000recipe.com/recipe/6811319,밥/죽/떡,,,13,,
"""명란젓 스파게티""♪",한식,"스파게티,명란젓,통마늘,양파,청양고추,홍고추,식용유",15,쉬움,"아침,점심,야식","맑음,비,눈,더위,추위","봄,여름,가을,겨울",6833929,https://www.10000recipe.com/recipe/6833929,면/만두,,,13,,
"삼겹살조림덮밥, 짭쪼름하게 조려 밥 위에 올려 한끼 해결!",한식,"삼겹살,계란,밥,생강,청양고추,팽이버섯,올리고당,통깨,간장,미림,설탕,후춧가루,물",60,보통,저녁,"맑음,비,눈,더위,추위","봄,여름,가을,겨울",6834063,https://www.10000recipe.com/recipe/6834063,밥/죽/떡,,,13,,
"깔끔한 맛, ""마늘볶음밥""♪",한식,"밥,통마늘,양파,노란파프리카,빨간파프리카,계란,참기름,깨",15,쉬움,"아침,점심,야식","맑음,비,눈,더위,추위","봄,여름,가을,겨울",6834286,https://www.10000recipe.com/recipe/6834286,밥/죽/떡,,,13,,
초초간단 김치비빔국수! 10분 요리!,한식,"김치,국수,김치국물,고추장,설탕,참기름,매실청,통깨",10,쉬움,"아침,점심,야식","맑음,비,눈,더위,추위","봄,여름,가을,겨울",6837866,https://www.10000recipe.com/recipe/6837866,면/만두,,,13,,
집밥 백선생 백종원의 겨울별미 동태찌개,한식,"동태,무,쑥갓,청양고추,대파,마늘,새우젓,간장,고춧가루,된장,고추장",60,쉬움,저녁,"맑음,비,눈,더위,추위","봄,여름,가을,겨울",6839195,https://www.10000recipe.com/recipe/6839195,찌개,,,13,,
"고추야채참치덮밥, 고추야채참치볶음",한식,"참치gx,감자중간크기,양파,청양고추,당근,깨,고추장,고춧가루,설탕,물",30,쉬움,"점심,저녁","맑음,비,눈,더위,추위","봄,여름,가을,겨울",6840395,https://www.10000recipe.com/recipe/6840395,밥/죽/떡,,,13,,
떠먹는 떡피자,한식,"떡국떡,양파,파프리카,떡갈비,체다치즈,모짜렐라치즈",15,쉬움,"아침,점심,야식","맑음,비,눈,더위,추위","봄,여름,가을,겨울",6842857,https://www.10000recipe.com/recipe/6842857,밥/죽/떡,,,13,,
[오늘뭐먹지]에그인헬 레시피,양식,"계란,우유,모차렐라치즈,베이컨,양파,소세지,청양고추,피망,통마늘,양송이버섯,바질or쪽파파슬리,소금,올리브오일,후추",30,쉬움,"점심,저녁","맑음,비,눈,더위,추위","봄,여름,가을,겨울",6844739,https://www.10000recipe.com/recipe/6844739,양식,,,13,,
두부닭가슴살너겟,한식,"닭가슴살,두부,양파,파프리카,브로콜리,파마산치즈가루,빵가루,튀김가루,계란,후추,소금",15,쉬움,"아침,점심,야식","맑음,비,눈,더위,추위","봄,여름,가을,겨울",6845451,https://www.10000recipe.com/recipe/6845451,,,,13,,
베이컨 주먹밥,한식,"베이컨,밥,소금,참기름,통깨",10,쉬움,"아침,점심,야식","맑음,비,눈,더위,추위","봄,여름,가을,겨울",6846510,https://www.10000recipe.com/recipe/6846510,밥/죽/떡,,,13,,
구수한 단배추 들깨된장국,한식,"단배추,황태머리,멸치,양파껍질째,무,토막,대파,된장,고춧가루,마늘,들깨가루",15,쉬움,"아침,점심,야식","맑음,비,눈,더위,추위","봄,여름,가을,겨울",6847260,https://www.10000recipe.com/recipe/6847260,국/탕,,,13,,
치즈 가지말이,한식,"가지,늘려먹는치즈,소금",60,쉬움,저녁,"맑음,비,눈,더위,추위","봄,여름,가을,겨울",6847798,https://www.10000recipe.com/recipe/6847798,메인반찬,,,13,,
오징어 볶음우동,일식,"오징어,우동면,양파,파,청양고추,고추기름,고추장,고춧가루,간장,설탕,맛술,마늘,물",30,쉬움,"점심,저녁","맑음,비,눈,더위,추위","봄,여름,가을,겨울",6856792,https://www.10000recipe.com/recipe/6856792,면/만두,,,13,,
백선생님이자냐~ 믿고먹는 가지라자냐!!,양식,"가지,다진양파,다진새송이버섯,피자치즈,마늘,케찹,간장,식초,설탕,베이컨",30,쉬움,"점심,저녁","맑음,비,눈,더위,추위","봄,여름,가을,겨울",6858801,https://www.10000recipe.com/recipe/6858801,양식,,,13,,
"묵은지청국장찌개:날씨는 쌀쌀해지고 기분도 저기압일 때, 딱이다.",한식,"청국장,묵은지,쌀뜬물,두부,양파,대파,청양고추,고춧가루",15,쉬움,"아침,점심,야식","맑음,비,눈,더위,추위","봄,여름,가을,겨울",6860150,https://www.10000recipe.com/recipe/6860150,찌개,,,13,,
추억의 간식 피카츄돈까스 치킨너겟으로 그 맛을 재연하다,일식,"치킨너겟,올리고당,케찹,고추장,마늘",15,쉬움,"아침,점심,야식","맑음,비,눈,더위,추위","봄,여름,가을,겨울",6861562,https://www.10000recipe.com/recipe/6861562,메인반찬,,,13,,
있어 보이는 초간단 자취요리! 만두그라탕,양식,"냉동만두,피자치즈,파슬리가루",10,쉬움,"아침,점심,야식","맑음,비,눈,더위,추위","봄,여름,가을,겨울",6861568,https://www.10000recipe.com/recipe/6861568,양식,,,13,,
버섯찌개 - 얼큰하고 좋아요,한식,"새송이버섯,백만송이버섯,숙주나물가득,식용유,마늘,고춧가루,간장,멸치다시마육수,소금,후춧가루",30,쉬움,"점심,저녁","맑음,비,눈,더위,추위","봄,여름,가을,겨울",6865145,https://www.10000recipe.com/recipe/6865145,찌개,,,13,,
양배추롤쌈 & 연어쌈장 간단한 한 끼!,한식,"양배추,밥,연어캔,고추장,올리고당,청양고추,마늘,대파,후추,참기름",30,쉬움,"점심,저녁","맑음,비,눈,더위,추위","봄,여름,가을,겨울",6870554,https://www.10000recipe.com/recipe/6870554,밥/죽/떡,,,13,,
【초간단】해물 된장찌개 맛있게 만드는 방법~♥,한식,"꽃게,오만둥이,해물믹스,대파,양파,땡초,두부,호박,된장,쌈장,고춧가루,마늘,양파가루생략가능",30,쉬움,"점심,저녁","맑음,비,눈,더위,추위","봄,여름,가을,겨울",6876493,https://www.10000recipe.com/recipe/6876493,찌개,,,13,,
양념 치킨보다 맛있는(?) 양념만두!,한식,"냉동만두,물,기름,고추장,간장,물엿,고춧가루",30,쉬움,"점심,저녁","맑음,비,눈,더위,추위","봄,여름,가을,겨울",6878524,https://www.10000recipe.com/recipe/6878524,면/만두,,,13,,
해물이 넘쳐난다 넘쳐나~♬ 해물 된장찌개,한식,"새우,바지락or모시,냉동꽃게,두부g,양파,애호박,대파,멸치다시마육수,된장,고춧가루,마늘,청주,청양고추,홍고추,간장",30,쉬움,"점심,저녁","맑음,비,눈,더위,추위","봄,여름,가을,겨울",6880326,https://www.10000recipe.com/recipe/6880326,찌개,,,13,,
"바지락된장찌개, 된장찌개",한식,"바지락한봉,양파,애호박,감자,느타리버섯,두부,청량고추,된장,고춧가루,마늘,고추장",30,쉬움,"점심,저녁","맑음,비,눈,더위,추위","봄,여름,가을,겨울",6881117,https://www.10000recipe.com/recipe/6881117,찌개,,,13,,
〔손님 초대 요리〕고소 짭쪼롬한 간장 궁중 떡볶이 레시피/아기반찬,한식,"떡볶이떡,불고기용고기,표고버섯,양파,대파,당근,올리고당,참기름,검은깨,간장,맛술,마늘,설탕,간장기호에따라조절,물",30,보통,"점심,저녁","맑음,비,눈,더위,추위","봄,여름,가을,겨울",6882819,https://www.10000recipe.com/recipe/6882819,밥/죽/떡,,,13,,
일본 인기 도시락반찬 - 가라아게,한식,"닭다리살,녹말가루,식용유,달걀푼것,간장,청주,소금,후추,마늘,다진생강",60,쉬움,저녁,"맑음,비,눈,더위,추위","봄,여름,가을,겨울",6884949,https://www.10000recipe.com/recipe/6884949,메인반찬,,,13,,
[명란젓활용] 고소하고 깔끔한 명란젓호박두부찌개!,한식,"명란젓알,호박,양파,두부,마늘",15,쉬움,"아침,점심,야식","맑음,비,눈,더위,추위","봄,여름,가을,겨울",6890492,https://www.10000recipe.com/recipe/6890492,찌개,,,13,,
국)부드러운 어묵탕,한식,"어묵채소어묵,생무,홍고추,청고추,파,마늘,맛술,간장,소금",30,쉬움,"점심,저녁","맑음,비,눈,더위,추위","봄,여름,가을,겨울",6893322,https://www.10000recipe.com/recipe/6893322,국/탕,,,13,,
파스타 면으로 색다르게 즐기는 짬뽕 만들기,양식,"페투치니면,새우살,바지락살,양파,파,뿌리,고춧가루,간장,맛술,마늘,후추,물,식용유,소금",30,쉬움,"점심,저녁","맑음,비,눈,더위,추위","봄,여름,가을,겨울",6893509,https://www.10000recipe.com/recipe/6893509,면/만두,,,13,,
(국물요리) 들깨 호박잎국,한식,"호박잎,대파,청양고추,간장,마늘,들깨가루,소금,손질한멸치,다시마,물",30,쉬움,"점심,저녁","맑음,비,눈,더위,추위","봄,여름,가을,겨울",6897333,https://www.10000recipe.com/recipe/6897333,국/탕,,,13,,
간단한 밑반찬 새송이버섯 고추장구이 만드는 법,한식,"새송이버섯,대파,통깨,고추장,고춧가루,간장,올리고당,마늘,물,참기름",15,쉬움,"아침,점심,야식","맑음,비,눈,더위,추위","봄,여름,가을,겨울",6900918,https://www.10000recipe.com/recipe/6900918,,,,13,,
목살폭찹 스테이크 챱챱챱챱 맛있어!!!!,양식,"돼지목살,양파,빨간파프리카,노란파프리카,청피망,양송이버섯,소금,후춧가루,올리브유,맛술,마늘,다진양파,토마토케찹,고추장,물엿,물,후추",30,보통,"점심,저녁","맑음,비,눈,더위,추위","봄,여름,가을,겨울",6901482,https://www.10000recipe.com/recipe/6901482,양식,,,13,,
표고버섯 미역국:) 개운하고 고소한 미역국입니다.,한식,"미역,표고버섯,마늘,참기름,간장",30,쉬움,"점심,저녁","맑음,비,눈,더위,추위","봄,여름,가을,겨울",6903297,https://www.10000recipe.com/recipe/6903297,국/탕,,,13,,
전혀 어렵지 않은 수제 고기만두,한식,"돼지고기,부추,단,신김치,포기,당면원동전크기,두부,간장,간마늘,고춧가루,참기름,생강가루없음생략,맛술",60,쉬움,저녁,"맑음,비,눈,더위,추위","봄,여름,가을,겨울",6903600,https://www.10000recipe.com/recipe/6903600,면/만두,,,13,,
매운 수미네 반찬 떡볶이 레시피,한식,"떡볶이떡,삶은달걀,어묵,라면,물,고추장크게,설탕크게,꿀크게",60,쉬움,저녁,"맑음,비,눈,더위,추위","봄,여름,가을,겨울",6905891,https://www.10000recipe.com/recipe/6905891,밥/죽/떡,,,13,,
톡!쏘는맛이 중독적인 닭냉채 만드는법,한식,"닭가슴살,파프리카,오이,굵은소금,땅콩분태,양파,설탕,식초,간장,연겨자,마늘",15,쉬움,"아침,점심,야식","맑음,비,눈,더위,추위","봄,여름,가을,겨울",6909125,https://www.10000recipe.com/recipe/6909125,,,,13,,
[다이어트 군것질] 카레 병아리콩 스낵,한식,"병아리콩,카레가루",60,쉬움,저녁,"맑음,비,눈,더위,추위","봄,여름,가을,겨울",6913288,https://www.10000recipe.com/recipe/6913288,,,,13,,
♥[신혼밥상] 새콤달콤 오이냉국,한식,"마른미역,오이,양파,당근,물,설탕,소금,식초,마늘",10,쉬움,"아침,점심,야식","맑음,비,눈,더위,추위","봄,여름,가을,겨울",6913873,https://www.10000recipe.com/recipe/6913873,국/탕,,,13,,
고추장찌개 황금레시피 감자 넣고 보글보글~,한식,"감자,양파,애호박,참치캔,대파,다시마육수,고추장,된장,설탕,마늘,고춧가루,소금,후추",60,쉬움,저녁,"맑음,비,눈,더위,추위","봄,여름,가을,겨울",6915186,https://www.10000recipe.com/recipe/6915186,찌개,,,13,,
TV요리) 이젠 강핏자~! 강호동의 불고기파스타 강불파 ★,양식,"스파게티면,대파,마늘,올리브유,소불고기,면수또는물,페페론치노,파마산치즈가루,파슬리가루,간장,맛술,설탕",30,쉬움,"점심,저녁","맑음,비,눈,더위,추위","봄,여름,가을,겨울",6916774,https://www.10000recipe.com/recipe/6916774,면/만두,,,13,,
백종원의 새콤 달콤 미역 오이 냉국,한식,"불린미역,오이,청양고추,홍고추,얼음,물,소금,설탕,식초,깨",10,쉬움,"아침,점심,야식","맑음,비,눈,더위,추위","봄,여름,가을,겨울",6917523,https://www.10000recipe.com/recipe/6917523,국/탕,,,13,,
한그릇요리 만두밥 치즈넣어 고급지게!,한식,"밥,냉동만두,피자치즈,고추장,참기름",3,어려움,"아침,점심,야식","맑음,비,눈,더위,추위","봄,여름,가을,겨울",6920410,https://www.10000recipe.com/recipe/6920410,밥/죽/떡,,,13,,
쉽고간단한 시금치양파계란볶음!,한식,"시금치,양파,계란,소금,올리브유,통깨",10,쉬움,"아침,점심,야식","맑음,비,눈,추위",겨울,6924130,https://www.10000recipe.com/recipe/6924130,메인반찬,담백함,겨울,13,,
겨울에 먹으면 더 맛있는 청국장찌개,한식,"청국장,무,두부,양파,대파,청양고추,다시백,물,마늘,고춧가루,참치액",30,쉬움,"점심,저녁","맑음,비,눈,더위,추위","봄,여름,가을,겨울",6924148,https://www.10000recipe.com/recipe/6924148,찌개,,,13,,
출출할때 필요한 꿀 떨어지는 허니윙 ★,한식,"닭날개,견과류,맛술,올리브유,소금,후추,바질,간장,마늘,꿀",30,쉬움,"점심,저녁","맑음,비,눈,더위,추위","봄,여름,가을,겨울",6924155,https://www.10000recipe.com/recipe/6924155,,,,13,,
맛집 닭볶음탕 만들기^^,한식,"닭한마리,우유,멸치다시다,물,감자작은거,당근작은거,양파주먹만한크기,대파,설탕,간장,고추장,고춧가루,올리고당,마늘,멸치액젓,맛술",60,보통,저녁,"맑음,비,눈,더위,추위","봄,여름,가을,겨울",6926363,https://www.10000recipe.com/recipe/6926363,국/탕,,,13,,
훈제오리구이 대파무침,한식,"훈제오리고기,대파,고춧가루,참치액,매실청,식초,간장,설탕,들기름,후추,깨",30,쉬움,"점심,저녁","맑음,비,눈,더위,추위","봄,여름,가을,겨울",6928341,https://www.10000recipe.com/recipe/6928341,메인반찬,,,13,,
대용량 반찬 초간단 간장마늘닭가슴살볶음 만드는법,한식,"닭가슴살,당면,간장,물엿,마늘,양파,물",60,쉬움,저녁,"맑음,비,눈,더위,추위","봄,여름,가을,겨울",6929119,https://www.10000recipe.com/recipe/6929119,메인반찬,,,13,,
돼지고기 김치찌개 맛있게 끓이는법 저녁메뉴로 딱,한식,"김치,포기,고기,물,간장,간마늘,두부,고춧가루,대파,양파,김칫국물",20,쉬움,"점심,저녁","맑음,비,눈,더위,추위","봄,여름,가을,겨울",6930292,https://www.10000recipe.com/recipe/6930292,찌개,,,13,,
떡꼬치 분식점에서 파는 그맛 그대로,한식,"떡볶이떡,케찹,설탕,간장,올리고당,통깨,고추장,마늘",15,쉬움,"아침,점심,야식","맑음,비,눈,더위,추위","봄,여름,가을,겨울",6932428,https://www.10000recipe.com/recipe/6932428,,,,13,,
고추참치비빔우동 : 경축! 이정현 편스토랑 참치편! 우승작! 집에서 도전,일식,"통조림참치,양파,대파,참기름,검은깨,김가루,우동면,고춧가루,까나리액젓,간장,고추기름",30,쉬움,"점심,저녁","맑음,비,눈,더위,추위","봄,여름,가을,겨울",6933472,https://www.10000recipe.com/recipe/6933472,면/만두,,,13,,
백종원의 고기청국장 끓이기,한식,"돼지고기다짐육,미림또는맛술,후추,김장김치,청국장,된장,고춧가루,애호박,양파,두분,파,새우젓,청양고추,쌀뜬물",30,쉬움,"점심,저녁","맑음,비,눈,더위,추위","봄,여름,가을,겨울",6935536,https://www.10000recipe.com/recipe/6935536,찌개,,,13,,
"마요네즈 닭다리 스테이크 / 치킨 스테이크 만들기 (간단, 황금 레시피, 만드는 법, 다이어트, 요리, 집들이)",양식,"닭다리살,마요네즈,소금,후추",30,쉬움,"점심,저녁","맑음,비,눈,더위,추위","봄,여름,가을,겨울",6940886,https://www.10000recipe.com/recipe/6940886,양식,,,13,,
명절 남은 전 활용한 전찌개,한식,"모듬전,묵은김치,양파,대파,육수,새우젓,고춧가루,간장,마늘",30,쉬움,"점심,저녁","맑음,비,눈,더위,추위","봄,여름,가을,겨울",6943375,https://www.10000recipe.com/recipe/6943375,찌개,,,13,,
여러가지 매력을 가진 치즈감자호떡,한식,"감자,감자전분,치즈,소금,후추,파마산치즈가루",30,쉬움,"점심,저녁","맑음,비,눈,더위,추위","봄,여름,가을,겨울",6945267,https://www.10000recipe.com/recipe/6945267,,,,13,,
"핑거푸드, 매콤달콤 맛있는 떡꼬치 만들기 (feat. 백종원 소떡소떡소스 활용)",한식,"쌀떡볶이떡,식용유,통깨,고추장,케찹,간장,설탕,물,마늘",30,쉬움,"점심,저녁","맑음,비,눈,더위,추위","봄,여름,가을,겨울",6946945,https://www.10000recipe.com/recipe/6946945,밥/죽/떡,,,13,,
닭가슴살이용 닭칼국수 만들기,한식,"닭가슴살,멸치액젓,후추,간마늘,호박,감자,파,양파,소금",20,쉬움,"점심,저녁","맑음,비,눈,더위,추위","봄,여름,가을,겨울",6950186,https://www.10000recipe.com/recipe/6950186,면/만두,,,13,,
신라면을 부드럽게 먹기! 로제신라면 ♥,한식,"신라면,우유,고추장,양파,소세지,슬라이스치즈,파슬리가루",10,쉬움,"아침,점심,야식","맑음,비,눈,더위,추위","봄,여름,가을,겨울",6959188,https://www.10000recipe.com/recipe/6959188,면/만두,,,13,,
마늘과 굴소스로 감칠맛을 살린 파계란볶음밥 만들기,한식,"대파,계란,밥,마늘,간장,식용유",10,쉬움,"아침,점심,야식","맑음,비,눈,더위,추위","봄,여름,가을,겨울",6959528,https://www.10000recipe.com/recipe/6959528,밥/죽/떡,,,13,,
얼큰한 계란감자국 끓이는 법,한식,"감자개,계란,대파,물,다시멸치,다시마cm,마늘,참치액,간장,고춧가루,후추,참기름,소금",30,쉬움,"점심,저녁","맑음,비,눈,더위,추위","봄,여름,가을,겨울",6961828,https://www.10000recipe.com/recipe/6961828,국/탕,,,13,,
알리오올리오 파스타 만들기,양식,"스파게티,올리브오일,페퍼론치노,통마늘,파마산치즈,파슬리가루,소금,후춧가루,면수,물",15,쉬움,"아침,점심,야식","맑음,비,눈,더위,추위","봄,여름,가을,겨울",6972590,https://www.10000recipe.com/recipe/6972590,양식,,,13,,
순두부와 계란은 이렇게 드세요. 하루가 든든합니다.,한식,"양파,대파,계란,물,간장,설탕,맛술,참치액,순두부,고추기름",10,쉬움,"아침,점심,야식","맑음,비,눈,더위,추위","봄,여름,가을,겨울",6977185,https://www.10000recipe.com/recipe/6977185,국/탕,,,13,,
두부소보로덮밥 고소해서 자꾸 먹고 싶어지는 맛,한식,"두부,대파,간장,올리고당,계란노른자,들기름,깨소금,조리용나이프",10,쉬움,"아침,점심,야식","맑음,비,눈,더위,추위","봄,여름,가을,겨울",7007710,https://www.10000recipe.com/recipe/7007710,밥/죽/떡,짭짤함,미분류,13,,
경상도식 소고기무국 소고기국 끓이는법 얼큰 콩나물 소고기뭇국 해장국 레시피,한식,"소고기국거리용,물,코인육수,대파,양파,청양고추,홍고추,고춧가루,간장,참치액젓,소금,참기름,마늘,키친타올,조리용나이프,조리주걱,뚝배기",20,쉬움,"점심,저녁","맑음,비,눈,더위,추위","봄,여름,가을,겨울",7014413,https://www.10000recipe.com/recipe/7014413,국/탕,,,13,,
김치어묵우동 끓이기,일식,"우동면g개,멸치다시마육수,사각어묵,익은배추김치,대파,간장,마늘,소금,후추가루,고춧가루",15,쉬움,"아침,점심,야식","맑음,비,눈,더위,추위","봄,여름,가을,겨울",3467169,https://www.10000recipe.com/recipe/3467169,면/만두,,,12,,
동그라미 달걀김밥,한식,"계란,단무지,시금치,당근,김,소금,간장,참기름,깨소금",30,쉬움,"점심,저녁","맑음,비,눈,더위,추위","봄,여름,가을,겨울",4003549,https://www.10000recipe.com/recipe/4003549,밥/죽/떡,,,12,,
고기만두 ..시판 만두와 비교가 안됩니다,한식,"돼지고기,만두피,부추,양파,삶은당면,후추,생강술,마늘,참기름,소금",60,쉬움,저녁,"맑음,비,눈,더위,추위","봄,여름,가을,겨울",6518208,https://www.10000recipe.com/recipe/6518208,면/만두,,,12,,
[요리팁]수제비반죽 쫄깃하게 만들기!,한식,"밀가루,물,소금,숙성시물",5,쉬움,"아침,점심,야식","맑음,비,눈,더위,추위","봄,여름,가을,겨울",6608729,https://www.10000recipe.com/recipe/6608729,면/만두,,,12,,
부드러운 크림우동 만들기,일식,"우동사리소포장,칵테일새우,베이컨,양파,마늘,우유,슬라이스체다치즈,계란노른자,허브솔트",30,보통,"점심,저녁","맑음,비,눈,더위,추위","봄,여름,가을,겨울",6829811,https://www.10000recipe.com/recipe/6829811,면/만두,,,12,,
국물 맑은 황태두부국,한식,"황태,두부,양파,청양고추,대파,소금",30,쉬움,"점심,저녁","맑음,비,눈,더위,추위","봄,여름,가을,겨울",6830321,https://www.10000recipe.com/recipe/6830321,국/탕,,,12,,
"비오는날 매운짬뽕말고 중국집 우동 만들기,",중식,"오징어,새우,양파소,통마늘,청경채,대파,배추,당근,죽순,계란,물,소금,후추,식용유",60,쉬움,저녁,"맑음,비,눈,더위,추위","봄,여름,가을,겨울",6832474,https://www.10000recipe.com/recipe/6832474,면/만두,,,12,,
백종원표 스크렘블 에그 - 부드러움이 남다른 스크렘블에그,양식,"계란,우유,황설탕,소금,버터,후추",15,쉬움,"아침,점심,야식","맑음,비,눈,더위,추위","봄,여름,가을,겨울",6832957,https://www.10000recipe.com/recipe/6832957,양식,,,12,,
[라면 맛있게 끓이는 방법] 쌀쌀한 날에 잘 어울리는 얼큰한 대파라면 :: 남성렬 쉐프 레시피,한식,"라면,대파,양파,마늘,고춧가루",15,쉬움,"아침,점심,야식","맑음,비,눈,더위,추위","봄,여름,가을,겨울",6834269,https://www.10000recipe.com/recipe/6834269,면/만두,,,12,,
"바지락, 마늘, 올리브유만 있으면 만들 수 있는 봉골레파스타!! 쉽게 만들어서 맛있게 먹어요~",양식,"바지락,양파,마늘,스파게티면,올리브유,소금,후추",60,쉬움,저녁,"맑음,비,눈,더위,추위","봄,여름,가을,겨울",6834601,https://www.10000recipe.com/recipe/6834601,면/만두,,,12,,
두부 닭가슴살 유부초밥(다이어트요리),일식,"닭가슴살,두부,유부초밥",10,쉬움,"아침,점심,야식","맑음,비,눈,더위,추위","봄,여름,가을,겨울",6835646,https://www.10000recipe.com/recipe/6835646,밥/죽/떡,,,12,,
임신부에게 양질의 단백질이 포인트! 살살 녹는 꽃등심 찹스테이크,양식,"꽃등심,노랑파프리카,빨강파프리카,양파,양송이버섯,브로콜리,버터,케쳡,허브솔트",30,쉬움,"점심,저녁","맑음,비,눈,더위,추위","봄,여름,가을,겨울",6836337,https://www.10000recipe.com/recipe/6836337,양식,,,12,,
신김치와 돈까스의 절묘한 조화 김치나베돈까스,일식,"수제돈가스작은크기,밥,튀김기름,신김치,계란,파마산치즈가루,참기름,굵은고춧가루,물,김치국물,설탕,참치진국,후춧가루",30,보통,"점심,저녁","맑음,비,눈,더위,추위","봄,여름,가을,겨울",6837799,https://www.10000recipe.com/recipe/6837799,국/탕,,,12,,
새우완자전골,한식,"새우살,청경채,만가닥버섯,대파,달걀흰자,녹말가루,마늘,소금,후추,다시마,멸치,무,마른고추,맛술,굵은소금",30,쉬움,"점심,저녁","맑음,비,눈,더위,추위","봄,여름,가을,겨울",6837819,https://www.10000recipe.com/recipe/6837819,국/탕,,,12,,
이태원에서 먹었던 그 바질파스타!!,양식,"파스타,양송이,양파",30,쉬움,"점심,저녁","맑음,비,눈,더위,추위","봄,여름,가을,겨울",6840792,https://www.10000recipe.com/recipe/6840792,면/만두,,,12,,
콩나물곤약비빔면,한식,"실곤약,콩나물,깻잎,계란,맛술,식초,올리고당,고추장,고춧가루,마늘,간장,참기름",30,보통,"점심,저녁","맑음,비,눈,더위,추위","봄,여름,가을,겨울",6840860,https://www.10000recipe.com/recipe/6840860,면/만두,,,12,,
스태미너~갈릭마요 소스 새우구이^^~,한식,"손질새우,올리브유,청주또는와인,후추,소금,홍삼진액,다진풋고추또는청양고추,홍고추,마늘,마요네즈,설탕",15,쉬움,"아침,점심,야식","맑음,비,눈,더위,추위","봄,여름,가을,겨울",6841523,https://www.10000recipe.com/recipe/6841523,메인반찬,,,12,,
오늘뭐먹지 허니버터새우 - 간단한 새우요리,한식,"새우,캔옥수수,우유,버터,마늘,소금",15,쉬움,"아침,점심,야식","맑음,비,눈,더위,추위","봄,여름,가을,겨울",6841974,https://www.10000recipe.com/recipe/6841974,메인반찬,,,12,,
시금치프리타타 만들기,양식,"시금치,파프리카,양파,소세지,맛살,계란,우유,소금,후추,파마산치즈가루생략가능,모짜렐라치즈생략가능",60,쉬움,저녁,"맑음,비,눈,더위,추위","봄,여름,가을,겨울",6841988,https://www.10000recipe.com/recipe/6841988,양식,,,12,,
구수한 맛의 콩비지찌개,한식,"콩비지,김치,삼겹살,양파,대파,물,새우젓,마늘,참기름,후추",60,쉬움,저녁,"맑음,비,눈,더위,추위","봄,여름,가을,겨울",6843942,https://www.10000recipe.com/recipe/6843942,찌개,,,12,,
보글보글 바지락 순두부,한식,"순두부봉,바지락봉,계란,식용유,고춧가루,마늘,대파,액젓",15,쉬움,"아침,점심,야식","맑음,비,눈,더위,추위","봄,여름,가을,겨울",6845045,https://www.10000recipe.com/recipe/6845045,찌개,,,12,,
초간단 자취요리 '치즈 오므라이스',한식,"양파,양송이버섯,마늘,슬라이스치즈,계란,우유,밥,쌀뜨물",30,보통,"점심,저녁","맑음,비,눈,더위,추위","봄,여름,가을,겨울",6853851,https://www.10000recipe.com/recipe/6853851,밥/죽/떡,,,12,,
역시 카레는 이 카레가 최고지! 야키카레,한식,"카레,닭가슴살g,감자,당근,양파,물ml,옥수수콘,버터,밥,계란,피자치즈g,후춧가루",30,쉬움,"점심,저녁","맑음,비,눈,더위,추위","봄,여름,가을,겨울",6857353,https://www.10000recipe.com/recipe/6857353,밥/죽/떡,,,12,,
새우 is 뭔들~ 카레버터새우볶음,한식,"새우,양파,당근,마늘,청양고추,식용유,버터,카레가루,후추,소금,청주",15,쉬움,"아침,점심,야식","맑음,비,눈,더위,추위","봄,여름,가을,겨울",6857754,https://www.10000recipe.com/recipe/6857754,,,,12,,
차가운 날씨에 더 좋은 차승원 얼큰닭곰탕,한식,"닭kg,통마늘,양파,통후추,생강,대파,인삼,대추,소주,간장,청양고추,고춧가루,후추가루",60,쉬움,저녁,"맑음,비,눈,더위,추위","봄,여름,가을,겨울",6858084,https://www.10000recipe.com/recipe/6858084,국/탕,,,12,,
맛도 영양도 모두 사로잡은 청경채새송이볶음,한식,"청경채약그램,새송이버섯,마늘,생강가루,전분,물,간장,올리고당",15,쉬움,"아침,점심,야식","맑음,비,눈,더위,추위","봄,여름,가을,겨울",6858505,https://www.10000recipe.com/recipe/6858505,메인반찬,,,12,,
얼큰한 두부찌개 만들기 - 양싸,한식,"두부,대파,청양고추,새우젓,고춧가루,들기름,소금,마늘,간장",15,쉬움,"아침,점심,야식","맑음,비,눈,더위,추위","봄,여름,가을,겨울",6861515,https://www.10000recipe.com/recipe/6861515,찌개,,,12,,
백종원 닭다리 스테이크,양식,"닭다리,통마늘,물,케첩,간장,식초,설탕,버터,후추가루",60,쉬움,저녁,"맑음,비,눈,더위,추위","봄,여름,가을,겨울",6861609,https://www.10000recipe.com/recipe/6861609,양식,,,12,,
콩나물소고기무국 해장에 좋은 맑은국,한식,"콩나물,무,소고기,대파,물,마늘,간장,생강,참기름",30,쉬움,"점심,저녁","맑음,비,눈,더위,추위","봄,여름,가을,겨울",6863300,https://www.10000recipe.com/recipe/6863300,국/탕,,,12,,
딸기롤샌드위치 감탄사 연발 이쁘다 이뽀!,한식,"식빵,딸기,생크림",15,쉬움,"아침,점심,야식","맑음,비,눈,더위,추위","봄,여름,가을,겨울",6864167,https://www.10000recipe.com/recipe/6864167,,,,12,,
밥버거도 이제 엄마가 직접 만들어주세요^^,한식,"밥,스팸,계란,신김치,참치통조림,후리가케또는김가루,마요네즈,설탕,식용유",30,쉬움,"점심,저녁","맑음,비,눈,더위,추위","봄,여름,가을,겨울",6865449,https://www.10000recipe.com/recipe/6865449,밥/죽/떡,,,12,,
차돌박이 된장찌개 밥두그릇은 기본,한식,"차돌박이,채썬무,애호박,대파,청양고추,된장,고추장,고춧가루,설탕,마늘",30,쉬움,"점심,저녁","맑음,비,눈,더위,추위","봄,여름,가을,겨울",6865689,https://www.10000recipe.com/recipe/6865689,찌개,,,12,,
인기메뉴 찹스테이크 황금레시피~,양식,"소고기등심,피망,당근,양파,표고버섯,캐첩,올리고당,마늘,올리브오일,허브솔트,후추,로즈마리",30,쉬움,"점심,저녁","맑음,비,눈,더위,추위","봄,여름,가을,겨울",6869787,https://www.10000recipe.com/recipe/6869787,양식,,,12,,
애호박돼지고기찌개 - 새우젓호박찌개,한식,"애호박,양파,다진고기,물,고춧가루,참기름,청양고추,마늘,맛술,새우젓,후춧가루,생강가루",30,쉬움,"점심,저녁","맑음,비,눈,더위,추위","봄,여름,가을,겨울",6870851,https://www.10000recipe.com/recipe/6870851,찌개,,,12,,
집밥백선생:백종원 감자짜글이 밥도둑맞네맞아!,한식,"감자,양파,대파,청양고추,스팸,고추장,고춧가루,된장,간장,설탕,마늘,물",30,쉬움,"점심,저녁","맑음,비,눈,더위,추위","봄,여름,가을,겨울",6871206,https://www.10000recipe.com/recipe/6871206,찌개,,,12,,
[간단 자취요리] 판매1위 삼각김밥 김밥으로 재탄생! 전주비빔김밥 만들기,한식,"떡갈비냉동식품,밥,고추장,마늘,설탕,참기름",15,쉬움,"아침,점심,야식","맑음,비,눈,더위,추위","봄,여름,가을,겨울",6871524,https://www.10000recipe.com/recipe/6871524,밥/죽/떡,,,12,,
버섯을 넣어 구수한 '들깨 순두부찌개' 만들기,한식,"물,다시마cm,국물용멸치,순두부,양파,버섯,대파,들깨가루,찹쌀가루,간장,마늘",30,쉬움,"점심,저녁","맑음,비,눈,더위,추위","봄,여름,가을,겨울",6871548,https://www.10000recipe.com/recipe/6871548,찌개,,,12,,
"인기메뉴 한그릇 혼밥 ,, 초스피드 매콤 소고기 덮밥 황금레시피 ~!",한식,"소고기,양파,고추장,매운고춧가루,올리고당,매실청,맛술,마늘,후추",15,쉬움,"아침,점심,야식","맑음,비,눈,더위,추위","봄,여름,가을,겨울",6871754,https://www.10000recipe.com/recipe/6871754,밥/죽/떡,,,12,,
이건 진짜 맛보셔야 해요! 백종원 감자짜글이,한식,"감자,양파,청양고추,대파,스팸,물,된장,고추장,고춧가루,설탕,간장,마늘,후추,생강가루",30,쉬움,"점심,저녁","맑음,비,눈,더위,추위","봄,여름,가을,겨울",6872529,https://www.10000recipe.com/recipe/6872529,찌개,,,12,,
간편하게 참치 김치찌개 끓이기,한식,"묵은지,포기,물,참치캔,설탕,매운고추",30,쉬움,"점심,저녁","맑음,비,눈,더위,추위","봄,여름,가을,겨울",6876596,https://www.10000recipe.com/recipe/6876596,찌개,,,12,,
【초간단】맑은 콩나물국 만들기~,한식,"콩나물,대파,땡초,마늘,맛소금",15,쉬움,"아침,점심,야식","맑음,비,눈,더위,추위","봄,여름,가을,겨울",6876854,https://www.10000recipe.com/recipe/6876854,국/탕,,,12,,
간단 삼겹살 가지 볶음밥,한식,"가지,토막,삼겹살,카놀라유,통깨",15,쉬움,"아침,점심,야식","맑음,비,눈,더위,추위","봄,여름,가을,겨울",6878202,https://www.10000recipe.com/recipe/6878202,밥/죽/떡,,,12,,
[간단 자취요리] 매콤짭짤! 매콤 굴소스 볶음면 만들기,한식,"라면사리,양파,피망,고춧가루,마늘,간장,설탕",10,쉬움,"아침,점심,야식","맑음,비,눈,더위,추위","봄,여름,가을,겨울",6880438,https://www.10000recipe.com/recipe/6880438,면/만두,,,12,,
든든한 한 그릇 볶음밥요리 '양송이목살필라프' 만들기,한식,"찬밥,돼지고기목살,양송이,맛술,마요네즈,파슬리가루,소금,후추",30,쉬움,"점심,저녁","맑음,비,눈,더위,추위","봄,여름,가을,겨울",6884864,https://www.10000recipe.com/recipe/6884864,밥/죽/떡,,,12,,
백종원 찹스테이크 만들기 집에서도 쉽게 스테이크 만들 수 있다!!,양식,"소고기,양파,파프리카,버터,케찹,설탕,마늘",30,보통,"점심,저녁","맑음,비,눈,더위,추위","봄,여름,가을,겨울",6888816,https://www.10000recipe.com/recipe/6888816,양식,,,12,,
불맛으로 화끈하게♥불맛짬뽕라면,중식,"라면,대패삼겹살,양파,양배추,대파,뜨거운물,간장,고춧가루",30,쉬움,"점심,저녁","맑음,비,눈,더위,추위","봄,여름,가을,겨울",6889275,https://www.10000recipe.com/recipe/6889275,면/만두,,,12,,
백종원 감자짜글이,한식,"감자,양파,대파,청양고추,쌀뜬물,고추장,된장,고춧가루,간장,맛술,마늘,설탕",30,쉬움,"점심,저녁","맑음,비,눈,더위,추위","봄,여름,가을,겨울",6892625,https://www.10000recipe.com/recipe/6892625,찌개,,,12,,
혼밥도 즐겁게! 버터갈릭새우,한식,"칵테일새우중간크기,버터,마늘,파슬리가루,꿀,소금",15,쉬움,"아침,점심,야식","맑음,비,눈,더위,추위","봄,여름,가을,겨울",6893218,https://www.10000recipe.com/recipe/6893218,밥/죽/떡,,,12,,
닭다리살활용 콩나물 닭 불고기 레시피^^ 닭콩불 만드는법!,한식,"닭다리살,청주,콩나물,깻잎,양파,대파,고추장,고춧가루,간장,마늘,매실청,설탕,후춧가루",30,쉬움,"점심,저녁","맑음,비,눈,더위,추위","봄,여름,가을,겨울",6895963,https://www.10000recipe.com/recipe/6895963,메인반찬,,,12,,
산뜻한 무수분 토마토 치킨스튜,한식,"닭가슴살g,토마토,감자,양파,당근,통마늘,월계수잎,미니빨간파프리카,케찹",60,쉬움,저녁,"맑음,비,눈,더위,추위","봄,여름,가을,겨울",6896756,https://www.10000recipe.com/recipe/6896756,찌개,,,12,,
열무비빔국수 황금레시피,한식,"소면,오이,열무김치,계란,고추장,고춧가루,매실청,설탕,물엿,참기름,통깨",15,쉬움,"아침,점심,야식","맑음,비,눈,더위,추위","봄,여름,가을,겨울",6898026,https://www.10000recipe.com/recipe/6898026,면/만두,,,12,,
[완료기이유식] 치즈볼주먹밥,한식,"밥,유아용치즈,감자,당근,호박,새송이버섯,멸치가루,계란노른자",30,쉬움,"점심,저녁","맑음,비,눈,더위,추위","봄,여름,가을,겨울",6899188,https://www.10000recipe.com/recipe/6899188,밥/죽/떡,,,12,,
스팸 김치찌개 끓이는 법 아주 간단하죵,한식,"김치,김치국물,양파,스팸,멸치다시육수,식용유,대파",30,쉬움,"점심,저녁","맑음,비,눈,더위,추위","봄,여름,가을,겨울",6899934,https://www.10000recipe.com/recipe/6899934,찌개,,,12,,
예사롭지 않은 스테이크,양식,"스테이크,아스파라거스,파프리카,소시지,마늘,올리브오일,버터,후추,소금",60,보통,저녁,"맑음,비,눈,더위,추위","봄,여름,가을,겨울",6901578,https://www.10000recipe.com/recipe/6901578,양식,,,12,,
크리스마스 음식 꿀간장닭조림,한식,"닭g,고구마,마늘,파프리카노랑,빨강,버터,청주,후춧가루,소금,간장,꿀,맛술,물,생강가루,참기름,통깨",90,쉬움,저녁,"맑음,비,눈,더위,추위","봄,여름,가을,겨울",6902747,https://www.10000recipe.com/recipe/6902747,메인반찬,,,12,,
쯔비동(쯔유비빔우동~~술술 넘어가요!!),일식,"우동,익은김치,계란,간장,시판쯔유,설탕,통깨",15,쉬움,"아침,점심,야식","맑음,비,눈,더위,추위","봄,여름,가을,겨울",6902819,https://www.10000recipe.com/recipe/6902819,면/만두,,,12,,
목우촌 저녁식사 돼지요리 목살차슈덮밥,한식,"목우촌프로포크목살,대파,양파,와사비,간장,설탕,후추,소금,밥",15,쉬움,"아침,점심,야식","맑음,비,눈,더위,추위","봄,여름,가을,겨울",6904680,https://www.10000recipe.com/recipe/6904680,밥/죽/떡,,,12,,
국물이 맛있는 닭볶음탕 초간단 레시피~~!,한식,"닭볶음탕용,감자,당근,양파,대파,물,간장,고춧가루,고추장,맛술,마늘,물엿,매실액,후추",60,쉬움,저녁,"맑음,비,눈,더위,추위","봄,여름,가을,겨울",6905037,https://www.10000recipe.com/recipe/6905037,국/탕,,,12,,
두부짜글이 감자 넣고 조려요,한식,"두부,감자,양파,대파,청양고추,멸치다시육수,고춧가루,고추장,간장,참치액젓,설탕,맛술,마늘",30,쉬움,"점심,저녁","맑음,비,눈,더위,추위","봄,여름,가을,겨울",6907859,https://www.10000recipe.com/recipe/6907859,찌개,,,12,,
기름 없이 볶아 담백한 다이어트용 돼지 앞다리살 숙주볶음,한식,"돼지앞다리살,숙주,양파,마늘,간장,올리고당,후추",15,쉬움,"아침,점심,야식","맑음,비,눈,더위,추위","봄,여름,가을,겨울",6909481,https://www.10000recipe.com/recipe/6909481,,,,12,,
고추장찌개 매콤한 참치감자찌개,한식,"감자,양파,참치캔,대파,고추장,간장,참기름,마늘,고춧가루,설탕,물",30,쉬움,"점심,저녁","맑음,비,눈,더위,추위","봄,여름,가을,겨울",6910776,https://www.10000recipe.com/recipe/6910776,찌개,,,12,,
콩나물국 끓이기 / 얼큰국물 / 시원칼칼하고 깔끔한맛 / 국물요리,한식,"콩나물,대파,양파,청양고추,두부,다시마육수,간장,고춧가루,마늘,멸치액젓,소금,후추,새우젓",30,쉬움,"점심,저녁","맑음,비,눈,더위,추위","봄,여름,가을,겨울",6911058,https://www.10000recipe.com/recipe/6911058,국/탕,,,12,,
치즈감자그라탕 크림스프로 쉽게!,양식,"감자,양파,베이컨,크림스프,소금,모짜렐라치즈,파슬리가루,후추",30,쉬움,"점심,저녁","맑음,비,눈,더위,추위","봄,여름,가을,겨울",6912232,https://www.10000recipe.com/recipe/6912232,양식,,,12,,
강식당 김치밥 따라했는데 맛이 굿입니다.,한식,"식용유,대파흰부분,김치잘게자른,간장,설탕,고운고추가루,밥,피자치즈,조미김,통깨",15,쉬움,"아침,점심,야식","맑음,비,눈,더위,추위","봄,여름,가을,겨울",6913568,https://www.10000recipe.com/recipe/6913568,밥/죽/떡,,,12,,
다이어트 요리도 맛있게 _ 에그인헬,양식,"닭가슴살,양파,깐새우,풋마늘잎,계란,소금,후추,우유,모짜렐라치즈",10,쉬움,"아침,점심,야식","맑음,비,눈,더위,추위","봄,여름,가을,겨울",6914003,https://www.10000recipe.com/recipe/6914003,양식,,,12,,
시원한 면요리 비빔냉면 어렵지 않아요.,한식,"냉면사리,삶은계란,오이,고추장,마늘,매실청,간장,식초,올리고당,참기름,설탕,깨소금",10,쉬움,"아침,점심,야식","맑음,비,눈,더위,추위","봄,여름,가을,겨울",6914809,https://www.10000recipe.com/recipe/6914809,면/만두,,,12,,
매콤달콤 김치비빔국수,한식,"김치,소면,삶은계란선택,고추장,설탕,매실,간장,참기름,통깨",20,쉬움,"점심,저녁","맑음,비,눈,더위,추위","봄,여름,가을,겨울",6918270,https://www.10000recipe.com/recipe/6918270,면/만두,,,12,,
배추 들깨탕 면역력 강화에 좋은 배추국,한식,"배추,건새우,대파,마늘,들깨가루,들기름,물,간장,꽃소금",30,쉬움,"점심,저녁","맑음,비,눈,더위,추위","봄,여름,가을,겨울",6922304,https://www.10000recipe.com/recipe/6922304,국/탕,,,12,,
쫄깃한 가래떡을 넣은 가래떡불고기 ★,한식,"소고기,가래떡,표고버섯,대파,설탕,간장,맛술,마늘,올리고당,참기름,후추",30,쉬움,"점심,저녁","맑음,비,눈,더위,추위","봄,여름,가을,겨울",6922613,https://www.10000recipe.com/recipe/6922613,메인반찬,,,12,,
너~~~무 맛있는 간단한 차돌된장찌개,한식,"팽이버섯,청양고추,애호박,차돌박이,두부,양파,대파,된장,고추장,고춧가루,마늘",20,쉬움,"점심,저녁","맑음,비,눈,더위,추위","봄,여름,가을,겨울",6922744,https://www.10000recipe.com/recipe/6922744,찌개,,,12,,
얼큰 칼칼한 해장라면 홍콩식 토마토라면 만들기,한식,"라면,방울토마토,양파,대파,마늘,고춧가루,식초,계란",20,쉬움,"점심,저녁","맑음,비,눈,더위,추위","봄,여름,가을,겨울",6923822,https://www.10000recipe.com/recipe/6923822,면/만두,,,12,,
수미네 반찬 황태구이 만드는 법 설날 남은 재료 활용하기,한식,"황태포,청양고추,홍고추,파,다시마,황태육수,간장,고춧가루,고추장,설탕,마늘,참기름,통깨",30,쉬움,"점심,저녁","맑음,비,눈,더위,추위","봄,여름,가을,겨울",6925547,https://www.10000recipe.com/recipe/6925547,국/탕,,,12,,
김장김치가 푹 익어서 해먹기 딱 좋은 묵은지말이밥 ★,한식,"묵은지,밥,설탕,참기름,다진묵은지줄기,통깨,청양고추,다진대파,마늘,깨,된장,고추장",30,쉬움,"점심,저녁","맑음,비,눈,더위,추위","봄,여름,가을,겨울",6927511,https://www.10000recipe.com/recipe/6927511,밥/죽/떡,,,12,,
어버이날 해드리면 좋을 온앤오프 성시경 족발 앞다리살로 만들기,한식,"돼지고기앞다리살,소금,후추,간장,설탕,맛술,올리고당,매실액,생강,물,월계수잎",60,쉬움,저녁,"맑음,비,눈,더위,추위","봄,여름,가을,겨울",6932677,https://www.10000recipe.com/recipe/6932677,메인반찬,,,12,,
"단호박 오리찜 만들기 #20 집들이음식, 어버이날 보양식으로 특별한 날 함께 해 보세요~!",양식,"단호박,훈제오리,모짜렐라치즈,파,양파,파프리카,고추장,고춧가루,간장,마늘,참기름,설탕,올리고당,통깨,맛술",60,쉬움,저녁,"맑음,비,눈,더위,추위","봄,여름,가을,겨울",6932875,https://www.10000recipe.com/recipe/6932875,메인반찬,,,12,,
초간단 닭도리탕,한식,"닭,양파,당근,감자,고추장,간장,설탕,고춧가루,마늘",60,보통,저녁,"맑음,비,눈,더위,추위","봄,여름,가을,겨울",6939166,https://www.10000recipe.com/recipe/6939166,국/탕,,,12,,
부대찌개 양념장 만들어 뚝딱 요리해요~,한식,"스팸,소세지,베이컨,양파,대파,김치,고춧가루,간장,고추장,매실액,마늘,물",30,쉬움,"점심,저녁","맑음,비,눈,더위,추위","봄,여름,가을,겨울",6939503,https://www.10000recipe.com/recipe/6939503,찌개,,,12,,
베이컨 김치볶음밥!,한식,"신김치,베이컨,밥,대파,설탕,간장,식용유,참기름,통깨",30,쉬움,"점심,저녁","맑음,비,눈,더위,추위","봄,여름,가을,겨울",6943812,https://www.10000recipe.com/recipe/6943812,밥/죽/떡,,,12,,
두부 넣고 무 넣고 국물 끝내주는 배추 된장국 끓이기,한식,"쌀뜨물,배추작은잎,무,두부포장두부,다시멸치,된장,대파썰어서,마늘,고춧가루,소금",30,쉬움,"점심,저녁","맑음,비,눈,더위,추위","봄,여름,가을,겨울",6945845,https://www.10000recipe.com/recipe/6945845,국/탕,,,12,,
"바다향 가득 담은 겨울철 최고의 보양식, 시원하고 고소한 굴국 끓이는 법!",양식,"굴,무,대파,계란,소금,마늘,들기름,생수",60,쉬움,저녁,"맑음,비,눈,더위,추위","봄,여름,가을,겨울",6947573,https://www.10000recipe.com/recipe/6947573,국/탕,,,12,,
[순두부찌개 끓이는 법]부드럽고 매콤한 백파더 찌개 요리,한식,"순두부,다진돼지고기,다진양파,다진대파,청양고추,계란,고춧가루,물,간마늘,간장,맛소금,후춧가루,카놀라유,참기름",20,쉬움,"점심,저녁","맑음,비,눈,더위,추위","봄,여름,가을,겨울",6951372,https://www.10000recipe.com/recipe/6951372,찌개,,,12,,
순두부 계란탕 아침에 먹기 편한 계란국,한식,"순두부,계란,대파,다시마멸치육수,간장,후추",30,쉬움,"점심,저녁","맑음,비,눈,더위,추위","봄,여름,가을,겨울",6957257,https://www.10000recipe.com/recipe/6957257,국/탕,,,12,,
스팸 감자짜글이 고추장찌개 : 백종원레시피,한식,"감자,양파,풋고추또는땡초,리챔,다시마육수용,고춧가루,고추장,된장,설탕,간장,액젓,맛술",60,쉬움,저녁,"맑음,비,눈,더위,추위","봄,여름,가을,겨울",6963912,https://www.10000recipe.com/recipe/6963912,찌개,,,12,,
류수영 갈비치킨 편스토랑 원팬요리 25분 완성 어남선생 치밥 마요네즈 생강 대파 떡볶이떡 닭요리,한식,"닭볶음탕용,대파,마늘,소금,생강,설탕,간장,물엿,통깨,떡볶이떡",60,쉬움,저녁,"맑음,비,눈,더위,추위","봄,여름,가을,겨울",6996851,https://www.10000recipe.com/recipe/6996851,메인반찬,,,12,,
감자 계란국 끓이는 법 계란 감자국 간단한 맑은 국 요리,한식,"감자,계란,양파,대파,물,코인육수,마늘,간장,소금,후추,조리용나이프,대접",10,쉬움,"아침,점심,야식","맑음,비,눈,더위,추위",여름,7029194,https://www.10000recipe.com/recipe/7029194,국/탕,짭짤함,여름,12,,
♣ 담백하고 부드러운~~ 중국식 새우탕 ♣,한식,"칵테일새우,새송이버섯,양송이버섯,계란,썰어둔실파,양파,참기름,소금,후추,물,마늘,녹말",30,쉬움,"점심,저녁","맑음,비,눈,더위,추위","봄,여름,가을,겨울",793400,https://www.10000recipe.com/recipe/793400,국/탕,,,12,,
표고버섯들깨미역국,한식,"불린미역,멸치육수,들기름,건표고버섯,소금,간장,들깨가루,마늘,숟갈",60,쉬움,저녁,"맑음,비,눈,더위,추위","봄,여름,가을,겨울",4169695,https://www.10000recipe.com/recipe/4169695,국/탕,,,11,,
청국장 찌개,한식,"애호박,양파,두부,대파,홍고추,청양고추,청국장,마늘,고춧가루",60,쉬움,저녁,"맑음,비,눈,더위,추위","봄,여름,가을,겨울",5246623,https://www.10000recipe.com/recipe/5246623,찌개,,,11,,
집에서 즐기는 투움바파스타,양식,"페투치니파스타면,새우,양송이버섯,케챱,고춧가루,마늘,생크림,우유,대파,간장,후춧가루,월계수잎",60,보통,저녁,"맑음,비,눈,더위,추위","봄,여름,가을,겨울",6376067,https://www.10000recipe.com/recipe/6376067,면/만두,,,11,,
얼큰한 오징어무국,한식,"오징어,무,청양고추,홍고추,대파,뿌리,참기름,간장,멸치육수,소금,후추가루,고춧가루,마늘",30,쉬움,"점심,저녁","맑음,비,눈,더위,추위","봄,여름,가을,겨울",6506739,https://www.10000recipe.com/recipe/6506739,국/탕,,,11,,
간단하면서 맛있게 고추장 깻잎햄볶음밥,한식,"따뜻한밥,깻잎,통조림햄,식용유,마늘,물,고추장,올리고당",1,쉬움,"아침,점심,야식","맑음,비,눈,더위,추위","봄,여름,가을,겨울",6652702,https://www.10000recipe.com/recipe/6652702,밥/죽/떡,,,11,,
"시판 카레로 만드는 시금치 카레, 팔락 파니르",양식,"카레가루,시금치,토마토,양파,마늘,오일,물,우유",60,보통,저녁,"맑음,비,눈,더위,추위","봄,여름,가을,겨울",6829333,https://www.10000recipe.com/recipe/6829333,양식,,,11,,
허니맥나잇 만들기,한식,"꿀호떡,버터,치즈,계란,후추",3,쉬움,"아침,점심,야식","맑음,비,눈,더위,추위","봄,여름,가을,겨울",6829888,https://www.10000recipe.com/recipe/6829888,,,,11,,
상큼하고 깔끔한 핑거푸드 오이롤초밥,일식,"오이,굵은소금,밥,참치,크래미,양파,식초,설탕,소금,마요네즈,후추",30,쉬움,"점심,저녁","맑음,비,눈,더위,추위","봄,여름,가을,겨울",6832897,https://www.10000recipe.com/recipe/6832897,밥/죽/떡,,,11,,
묵국수,한식,"도토리묵,신김치,영양부추또는오이,김가루,냉면육수,설탕,참기름,통깨",15,쉬움,"아침,점심,야식","맑음,비,눈,더위,추위","봄,여름,가을,겨울",6833175,https://www.10000recipe.com/recipe/6833175,면/만두,,,11,,
베이컨애그볶음밥으로 찬밥을 맛있게!,한식,"베이컨,계란,찬밥,파,마늘,숟갈,후추,소금,간장",15,쉬움,"아침,점심,야식","맑음,비,눈,더위,추위","봄,여름,가을,겨울",6835450,https://www.10000recipe.com/recipe/6835450,밥/죽/떡,,,11,,
새우감바스,양식,"새우,마늘,대파,청양고추,올리브유,소금,후추",15,쉬움,"아침,점심,야식","맑음,비,눈,더위,추위","봄,여름,가을,겨울",6838702,https://www.10000recipe.com/recipe/6838702,양식,,,11,,
백선생 순두부찌개양념:만능양념이라 불러도 좋아~,한식,"식용유참기름,다진대파,다진돼지고기,다진양파,마늘,소금,고춧가루,설탕,간장",60,쉬움,저녁,"맑음,비,눈,더위,추위","봄,여름,가을,겨울",6839664,https://www.10000recipe.com/recipe/6839664,찌개,,,11,,
"쌀쌀한날. 얼큰,시원~하게 바지락순두부찌개 어떠세요?",한식,"돼지고기앞다리살,바지락,순두부,애호박,대파,뿌리,청양고추,계란,고춧가루,간장,마늘,후추,소금",30,쉬움,"점심,저녁","맑음,비,눈,더위,추위","봄,여름,가을,겨울",6840481,https://www.10000recipe.com/recipe/6840481,찌개,,,11,,
향긋한 달래된장찌개만들기,한식,"달래,소고기국거리,멸치다시육수,나박썬무,양파,청양고추,두부,팽이버섯,된장,고춧가루",30,쉬움,"점심,저녁","맑음,비,눈,더위,추위","봄,여름,가을,겨울",6841780,https://www.10000recipe.com/recipe/6841780,찌개,,,11,,
달걀말이새우볶음밥,한식,"밥,계란,새우살,양파,애호박,치즈슬라이스,김,참기름,깨,케첩,마늘,소금,후추",30,쉬움,"점심,저녁","맑음,비,눈,더위,추위","봄,여름,가을,겨울",6845019,https://www.10000recipe.com/recipe/6845019,밥/죽/떡,,,11,,
감자그라탕,양식,"감자,새우,양파,파프리카,가지,토마토,버터,치즈가루,소금,후추",30,쉬움,"점심,저녁","맑음,비,눈,더위,추위","봄,여름,가을,겨울",6846364,https://www.10000recipe.com/recipe/6846364,양식,,,11,,
칼칼한 맛이 당길때 백종원의 감자고추장찌개 어떠세요???,한식,"고추장,참기름,식용유,고춧가루,감자,양파,대파,청양고추,느타리버섯,소고기,마늘,간장,멸치액젓",30,쉬움,"점심,저녁","맑음,비,눈,더위,추위","봄,여름,가을,겨울",6850175,https://www.10000recipe.com/recipe/6850175,찌개,,,11,,
[간단 자취요리] 닭가슴살 통조림으로 간단하게 오야코동 만들기,한식,"닭가슴살통조림,계란,양파,밥,간장,맛술,설탕",30,쉬움,"점심,저녁","맑음,비,눈,더위,추위","봄,여름,가을,겨울",6859491,https://www.10000recipe.com/recipe/6859491,밥/죽/떡,,,11,,
불 오징어볶음 덮밥 / 화끈하게 맛있게 매운맛,한식,"오징어,밥,양배추,양파,당근,청양고추,대파,마늘,상추,식용유,고춧가루,고추장,설탕,맛술,간장,물엿,후춧가루,깨,참기름",30,쉬움,"점심,저녁","맑음,비,눈,더위,추위","봄,여름,가을,겨울",6860437,https://www.10000recipe.com/recipe/6860437,밥/죽/떡,,,11,,
먹어도 먹어도 질리지 않는 요리~~청경채 새우관자 덮밥,한식,"청경채,양파,마늘,생강,관자,대하,청주,참기름,녹말",60,보통,저녁,"맑음,비,눈,더위,추위","봄,여름,가을,겨울",6863785,https://www.10000recipe.com/recipe/6863785,밥/죽/떡,,,11,,
볶음우동 - 소고기볶음우동,일식,"우동사리,소고기,양파,파프리카,간장,맛술,설탕,참기름,마늘,청주,후춧가루,생강가루",30,쉬움,"점심,저녁","맑음,비,눈,더위,추위","봄,여름,가을,겨울",6864259,https://www.10000recipe.com/recipe/6864259,면/만두,,,11,,
다이어트 중일때 실곤약 김말이 말아보아요,한식,"실곤약,김밥김,튀김가루,계란,소금,후추",30,쉬움,"점심,저녁","맑음,비,눈,더위,추위","봄,여름,가을,겨울",6865570,https://www.10000recipe.com/recipe/6865570,메인반찬,,,11,,
밀가루 아니자냐 두부자냐~ 두부 라자냐★,양식,"두부,양파,파프리카,소고기다짐육,피자치즈,소금,후추,맛술,파슬리가루",30,쉬움,"점심,저녁","맑음,비,눈,더위,추위","봄,여름,가을,겨울",6865626,https://www.10000recipe.com/recipe/6865626,양식,,,11,,
[간단 자취요리] 1/3의 가격으로 즐기는 닭볶음탕 만들기!,한식,"볶음탕용닭,감자,양파,간장,고춧가루,마늘,설탕",60,쉬움,저녁,"맑음,비,눈,더위,추위","봄,여름,가을,겨울",6865678,https://www.10000recipe.com/recipe/6865678,국/탕,,,11,,
시래기 청국장 끓이기,한식,"시래기,청국장,소금,무,청양고추,다시마,고춧가루",30,쉬움,"점심,저녁","맑음,비,눈,더위,추위","봄,여름,가을,겨울",6866137,https://www.10000recipe.com/recipe/6866137,찌개,,,11,,
매콤한 맛을 좋아한다면 적극 추천!! 고추참치스파게티,한식,"스파게티면,고추참치,통마늘,청양고추,양파,올리브유,파슬리가루",30,쉬움,"점심,저녁","맑음,비,눈,더위,추위","봄,여름,가을,겨울",6868760,https://www.10000recipe.com/recipe/6868760,면/만두,,,11,,
멸치볶음밥 - 멸치 버터 볶음밥 만드는 법,한식,"멸치,마늘,대파,간장,버터,설탕,참기름,밥",30,쉬움,"점심,저녁","맑음,비,눈,더위,추위","봄,여름,가을,겨울",6873965,https://www.10000recipe.com/recipe/6873965,밥/죽/떡,,,11,,
매콤달콤 맛있는 쫄볶이 만드는 법,한식,"떡국떡,소시지,쫄면,삶은달걀,당근,청양고추,대파,물,멸치,다시마,고추장,고춧가루,간,설탕,물엿또는올리고당,마늘",30,쉬움,"점심,저녁","맑음,비,눈,더위,추위","봄,여름,가을,겨울",6874785,https://www.10000recipe.com/recipe/6874785,면/만두,,,11,,
꿀처 고추장두부찌개,한식,"감자,호박,양파,대파,뿌리,두부,고추장,된장,마늘,다시다,후춧가루",30,쉬움,"점심,저녁","맑음,비,눈,더위,추위","봄,여름,가을,겨울",6875049,https://www.10000recipe.com/recipe/6875049,찌개,,,11,,
특별한 삼겹살이 먹고싶을땐 쉽고간편한 간장삼겹살 ~,한식,"삼겹살,양파,마늘,간장,물엿,맛술,설탕,후추,대파,뿌리",30,쉬움,"점심,저녁","맑음,비,눈,더위,추위","봄,여름,가을,겨울",6877440,https://www.10000recipe.com/recipe/6877440,메인반찬,,,11,,
남은 삼계탕으로 닭개장 만들기,한식,"남은삼계탕생닭,숙주,느타리버섯,대파,식용유,고춧가루,마늘,참기름,후추가루,간장,소금",30,쉬움,"점심,저녁","맑음,비,눈,더위,추위","봄,여름,가을,겨울",6878280,https://www.10000recipe.com/recipe/6878280,국/탕,,,11,,
"스위스의 전통 감자요리 뢰스티, 뢰슈티(Rösti)",양식,"감자,양파,베이컨,계란,부침가루,파슬리후레이크,케찹,포도씨유,생수",30,쉬움,"점심,저녁","맑음,비,눈,더위,추위","봄,여름,가을,겨울",6880483,https://www.10000recipe.com/recipe/6880483,양식,,,11,,
"[베이킹/오븐] 독일에서 사랑받는 초코빵, Marmorkuchen 마모쿠헨 만들기 *",한식,"박력분,버터,설탕g,바닐라설탕혹은바닐라빈,바닐라향,베이킹파우더,카카오가루,계란,우유,럼",60,쉬움,저녁,"맑음,비,눈,더위,추위","봄,여름,가을,겨울",6883155,https://www.10000recipe.com/recipe/6883155,,,,11,,
"구수한 향과 맛,영양가득 들깨 소고기 미역죽 만들기 - 들깨가루 요리",한식,"불린미역컵g,밥,다진소고기g,참기름,마늘,간장,들깻가루,소금,부순참깨",60,보통,저녁,"맑음,비,눈,더위,추위","봄,여름,가을,겨울",6883908,https://www.10000recipe.com/recipe/6883908,밥/죽/떡,,,11,,
백종원 감자짜글이. 슥슥 밥비벼 먹으니 밥도둑!,한식,"감자,스팸,양파,파,된장,고추장,고춧가루,설탕,간장,마늘,맛술,물",30,쉬움,"점심,저녁","맑음,비,눈,더위,추위","봄,여름,가을,겨울",6884200,https://www.10000recipe.com/recipe/6884200,찌개,,,11,,
집에서 간단하게 '베이컨 새우 크림 리조또' 만들기,한식,"양파,베이컨,손질된냉동새우,우유,소금,후추,밥",60,쉬움,저녁,"맑음,비,눈,더위,추위","봄,여름,가을,겨울",6886094,https://www.10000recipe.com/recipe/6886094,밥/죽/떡,,,11,,
【돼지다짐육 넣은】채소된장찌개 만들기~,한식,"돼지고기다짐육,감자작은사이즈,호박,양파,청양고추,대파,줄기,된장,쌈장,고춧가루,마늘,참기름",30,쉬움,"점심,저녁","맑음,비,눈,더위,추위","봄,여름,가을,겨울",6887172,https://www.10000recipe.com/recipe/6887172,찌개,,,11,,
제철 꽃게로 만든 꽃게탕만들기,한식,"꽃게작은사이즈,양파,애호박,대파,청량고추,물,고추장,된장,고춧가루,소금,간장,마늘",30,쉬움,"점심,저녁","맑음,비,눈,더위,추위","봄,여름,가을,겨울",6887670,https://www.10000recipe.com/recipe/6887670,국/탕,,,11,,
볶음쌀국수 / 팟타이 - 쌀국수 요리,한식,"쌀국수,계란,대파,마늘,숙주,새우,다짐육,닭가슴살,해산물,액젓,설탕,물",30,쉬움,"점심,저녁","맑음,비,눈,더위,추위","봄,여름,가을,겨울",6891230,https://www.10000recipe.com/recipe/6891230,면/만두,,,11,,
오늘 뭐먹지? 참치스팸짜글이로 간단하게!!!,한식,"참치,스팸,김치,청양고추,물,마늘,고추장,고춧가루,간장",30,쉬움,"점심,저녁","맑음,비,눈,더위,추위","봄,여름,가을,겨울",6891400,https://www.10000recipe.com/recipe/6891400,찌개,,,11,,
이국적향가득 ♥ 볶음쌀국수,한식,"쌀국수,새우살,오징어살,숙주,홍고추,청고추,양파,대파,마늘,땅콩분태,계란,식용유,간장,액젓,설탕,물",30,보통,"점심,저녁","맑음,비,눈,더위,추위","봄,여름,가을,겨울",6892011,https://www.10000recipe.com/recipe/6892011,면/만두,,,11,,
누텔라 컵케익,한식,"밀가루,누텔라,계란,슈가파우더",10,쉬움,"아침,점심,야식","맑음,비,눈,더위,추위","봄,여름,가을,겨울",6892531,https://www.10000recipe.com/recipe/6892531,,,,11,,
유아식- 치즈 오므라이스,한식,"밥,계란,카놀라유식용유,모짜렐라치즈,간장,들기름,참깨,토마토케챱",10,쉬움,"아침,점심,야식","맑음,비,눈,더위,추위","봄,여름,가을,겨울",6894942,https://www.10000recipe.com/recipe/6894942,밥/죽/떡,,,11,,
밥 한공기 순삭하는 밥도둑 백종원 감자짜글이 초간단 레시피,한식,"감자,양파,스팸,대파,청양고추,물,고추장,고춧가루,된장,간장,설탕,마늘",30,쉬움,"점심,저녁","맑음,비,눈,더위,추위","봄,여름,가을,겨울",6896296,https://www.10000recipe.com/recipe/6896296,찌개,,,11,,
수요미식회 일본 쿠지라이식라면 만들기!!,한식,"라면아무거나,계란",15,쉬움,"아침,점심,야식","맑음,비,눈,더위,추위","봄,여름,가을,겨울",6896965,https://www.10000recipe.com/recipe/6896965,면/만두,,,11,,
얼큰 소고기무국(칼칼하고 시원해요),한식,"국거리용소고기,무,숙주,대파,청양고추,마늘,생강술,참기름,고춧가루,간장,액젓,물",60,쉬움,저녁,"맑음,비,눈,더위,추위","봄,여름,가을,겨울",6900118,https://www.10000recipe.com/recipe/6900118,국/탕,,,11,,
된장찌개 맛있게 끓이는 방법(김진옥요리가좋다),한식,"멸치다시마육수,쌀뜨물,감자,두부,무,양파,대파,애호박,청양고추,마늘,된장,시판하는된장,고추장,표고버섯",15,쉬움,"아침,점심,야식","맑음,비,눈,더위,추위","봄,여름,가을,겨울",6900987,https://www.10000recipe.com/recipe/6900987,찌개,,,11,,
그냥 맛있는 각. 갈릭 큐브스테이크 덮밥,양식,"살치살,마늘,양파,양배추,그라다파다노치즈,간장,설탕,물엿,후추,소금,버터있으면",15,쉬움,"아침,점심,야식","맑음,비,눈,더위,추위","봄,여름,가을,겨울",6902074,https://www.10000recipe.com/recipe/6902074,밥/죽/떡,,,11,,
우선 밥 3공기를 준비하세요. 밥도둑 '전참찌' 만들기 + 먹방ㅣ전자렌지 5분! 고추참치 찌개,한식,"고추참치g,스팸,고추장,마늘,간장,물",10,쉬움,"아침,점심,야식","맑음,비,눈,더위,추위","봄,여름,가을,겨울",6902690,https://www.10000recipe.com/recipe/6902690,찌개,,,11,,
간단한그릇 돼지고기 김치덮밥~,한식,"돼지고기간것다짐육,김치,파프리카,양파,당근,마늘,고춧가루,소금,설탕,식용류,후추가루",15,쉬움,"아침,점심,야식","맑음,비,눈,더위,추위","봄,여름,가을,겨울",6902745,https://www.10000recipe.com/recipe/6902745,밥/죽/떡,,,11,,
후딱 끓여 내는 참치된장찌개,한식,"참치캔,된장,고춧가루,마늘,두부,맛느타리버섯,다시마멸치육수,양파,호박,청양고추",15,쉬움,"아침,점심,야식","맑음,비,눈,더위,추위","봄,여름,가을,겨울",6904475,https://www.10000recipe.com/recipe/6904475,찌개,,,11,,
햄김치 볶음라면,한식,"라면,스팸,김치",10,쉬움,"아침,점심,야식","맑음,비,눈,더위,추위","봄,여름,가을,겨울",6905824,https://www.10000recipe.com/recipe/6905824,면/만두,,,11,,
"오일파스타 만들기, 세상 귀찮을때 만들어 먹자 (+영상)",양식,"스파게티면,굵은소금,칵테일새우,소금,후추,통마늘,페페론치노,올리브오일,허브가루생략가능,파마산치즈가루생략가능,허브or파슬리가루,데코용",20,쉬움,"점심,저녁","맑음,비,눈,더위,추위","봄,여름,가을,겨울",6905882,https://www.10000recipe.com/recipe/6905882,면/만두,,,11,,
전자렌지로 뚝딱! 고추장볶음밥 만들기 (+ 먹방)ㅣ혼밥 만렙 자취생 요리,한식,"밥,참치,양파,고추장,케찹,설탕,마요네즈,식용유",10,쉬움,"아침,점심,야식","맑음,비,눈,더위,추위","봄,여름,가을,겨울",6906824,https://www.10000recipe.com/recipe/6906824,밥/죽/떡,,,11,,
초코 마블 쿠키,한식,"박력분,아몬드가루,슈가파우더,소금,노른자,버터,바닐라익스트랙,코코아가루",60,쉬움,저녁,"맑음,비,눈,더위,추위","봄,여름,가을,겨울",6907230,https://www.10000recipe.com/recipe/6907230,,,,11,,
보리 새우를 넣은 시금치 된장국..,한식,"시금치,멸치다시마티백,된장,고춧가루,보리새우,마늘,양파,청양고추,대파,참치액,소금,다시다",30,쉬움,"점심,저녁","맑음,비,눈,더위,추위","봄,여름,가을,겨울",6908337,https://www.10000recipe.com/recipe/6908337,국/탕,,,11,,
다이어트 할때 간단하게 닭가슴살 부추국,한식,"닭가슴살,우유,대파,부추,깻잎,치킨스톡,물,고춧가루,고추장,마늘,간장,된장,생강맛술또는맛술",30,쉬움,"점심,저녁","맑음,비,눈,더위,추위","봄,여름,가을,겨울",6913424,https://www.10000recipe.com/recipe/6913424,국/탕,,,11,,
6146 황금비율로 '초간단 가지오이냉국' 만들기,한식,"오이,가지,홍고추또는파프리카,마늘,통깨,물,소금,설탕,식초",10,쉬움,"아침,점심,야식","맑음,비,눈,더위,추위","봄,여름,가을,겨울",6913729,https://www.10000recipe.com/recipe/6913729,국/탕,,,11,,
시원한면요리! 김치말이국수 한그릇으로 더위 싹~ 날려버려요! (냉면육수활용 초간단!!),한식,"계란,대파,당근,양파,청양고추,배추김치,소면,시판냉면육수,김칫국물,고춧가루,설탕,식초,통깨,연겨자,참기름",15,쉬움,"아침,점심,야식","맑음,비,눈,더위,추위","봄,여름,가을,겨울",6914112,https://www.10000recipe.com/recipe/6914112,면/만두,,,11,,
데리야키윙 닭날개구이 간장 양념으로 달콤짭쪼롬하게~,양식,"닭날개,녹말가루,식용유,청주,소금,후추,설탕,간장,꿀",60,보통,저녁,"맑음,비,눈,더위,추위","봄,여름,가을,겨울",6914836,https://www.10000recipe.com/recipe/6914836,양식,,,11,,
"오이냉국, 시원한 여름반찬",한식,"오이,양파,청양고추,물,소금,설탕,식초,매실액,마늘,깨",10,쉬움,"아침,점심,야식","맑음,비,눈,더위,추위","봄,여름,가을,겨울",6914871,https://www.10000recipe.com/recipe/6914871,국/탕,,,11,,
♥[신혼밥상] 국민간식 라볶이,한식,"떡,어묵,양파,스팸,양배추,줄줄이비엔나,메추리알,치즈,만두,물,고추장,고춧가루,간장,설탕,올리고당,캐찹",20,쉬움,"점심,저녁","맑음,비,눈,더위,추위","봄,여름,가을,겨울",6916387,https://www.10000recipe.com/recipe/6916387,밥/죽/떡,,,11,,
매콤 소시지 달걀 치즈구이,한식,"비엔나소시지,계란,청양고추,다진양파,식용유,피자치즈",5,쉬움,"아침,점심,야식","맑음,비,눈,더위,추위","봄,여름,가을,겨울",6916782,https://www.10000recipe.com/recipe/6916782,메인반찬,,,11,,
김 없는 삼각김밥 보았나? 난 보았지~! 베이컨삼각주먹밥 ★,한식,"밥,베이컨,양파,당근,대파,소금,후추",30,쉬움,"점심,저녁","맑음,비,눈,더위,추위","봄,여름,가을,겨울",6918516,https://www.10000recipe.com/recipe/6918516,밥/죽/떡,,,11,,
갈릭마요새우 간단히 만들어 먹는 술안주!,한식,"새우,마늘,마요네즈,설탕,버터,후추,소금,파슬리가루",15,쉬움,"아침,점심,야식","맑음,비,눈,더위,추위","봄,여름,가을,겨울",6918934,https://www.10000recipe.com/recipe/6918934,,,,11,,
엄마표 오징어덮밥,한식,"오징어,파,양파,당근,호박,깻잎,고추장,고춧가루,간장,설탕,미림,마늘,후추",15,쉬움,"아침,점심,야식","맑음,비,눈,더위,추위","봄,여름,가을,겨울",6919118,https://www.10000recipe.com/recipe/6919118,밥/죽/떡,,,11,,
초간단 뭇국 : 고소하고 속이 시원~해요,한식,"무토막,참기름,간장,소금,숟갈,물,다시마",10,쉬움,"아침,점심,야식","맑음,비,눈,더위,추위","봄,여름,가을,겨울",6920868,https://www.10000recipe.com/recipe/6920868,국/탕,,,11,,
시금치오믈렛 ♧ 치즈 들어간 초간단 야식 ♧,양식,"시금치,계란,치즈",5,쉬움,"아침,점심,야식","맑음,비,눈,추위",겨울,6921432,https://www.10000recipe.com/recipe/6921432,양식,담백함,겨울,11,,
제철배추로 만드는 우삼겹배추볶음,한식,"우삼겹이나불고기감,배추,당근,고추,간장,마늘,설탕,맛술,올리고당,후추",30,쉬움,"점심,저녁","맑음,비,눈,더위,추위","봄,여름,가을,겨울",6922571,https://www.10000recipe.com/recipe/6922571,메인반찬,,,11,,
다이어터들의 영양간식!두부참치스테이크 만들기!,양식,"두부,참치,파,계란,소금,후추,부침가루",10,쉬움,"아침,점심,야식","맑음,비,눈,더위,추위","봄,여름,가을,겨울",6922742,https://www.10000recipe.com/recipe/6922742,메인반찬,,,11,,
#아이밥#달걀우유카레,한식,"밥,카레가루,우유,계란,감자,양파,당근,스팸",30,쉬움,"점심,저녁","맑음,비,눈,더위,추위","봄,여름,가을,겨울",6925654,https://www.10000recipe.com/recipe/6925654,밥/죽/떡,,,11,,
일본식 주먹밥 : 오니기라즈,한식,"밥,햄,계란,김,토마토,양상추,참기름,소금",30,쉬움,"점심,저녁","맑음,비,눈,더위,추위","봄,여름,가을,겨울",6928073,https://www.10000recipe.com/recipe/6928073,밥/죽/떡,,,11,,
안매운 오징어덮밥♡,한식,"오징어,양파,당근,애호박,표고버섯,대파,마늘,맛술,간장,소금,후추,멸치육수,전분물감자전분,물",30,보통,"점심,저녁","맑음,비,눈,더위,추위","봄,여름,가을,겨울",6930319,https://www.10000recipe.com/recipe/6930319,밥/죽/떡,,,11,,
하트맛살전 사랑스러운 집들이 음식,한식,"맛살,계란,당근,양파,대파,소금,올리브유,케첩",30,쉬움,"점심,저녁","맑음,비,눈,더위,추위","봄,여름,가을,겨울",6934182,https://www.10000recipe.com/recipe/6934182,메인반찬,,,11,,
토마토 계란스프 만들기,한식,"토마토,계란,케찹,식용유,대파,마늘편,간장,꽃소금,치킨스톡,후추가루",15,쉬움,"아침,점심,야식","맑음,비,눈,더위,추위","봄,여름,가을,겨울",6934500,https://www.10000recipe.com/recipe/6934500,국/탕,,,11,,
에어프라이어 오징어 고추장 양념구이~ 일단 드셔보세요,한식,"오징어중사이즈,대파,풋고추,올리브유,양파가루,고추장,고춧가루,매실액,간장,설탕,올리고당,마늘,참기름,맛술,생강가루,후추가루,통깨",30,쉬움,"점심,저녁","맑음,비,눈,더위,추위","봄,여름,가을,겨울",6935085,https://www.10000recipe.com/recipe/6935085,메인반찬,,,11,,
애호박찌개 수미네반찬 레시피 맛납니다.,한식,"애호박,돼지고기,양파,대파,청양고추,다진마늘크게,매실액,후추,새우젓,고추장,고춧가루",30,쉬움,"점심,저녁","맑음,비,눈,더위,추위","봄,여름,가을,겨울",6935931,https://www.10000recipe.com/recipe/6935931,찌개,,,11,,
"[김밥] ""가와지 1호"" 초간단 한끼 진주땡초김밥 만들기",한식,"김밥김,밥,참기름,깨,청양고추,어묵,간장,마늘,올리고당,미림,식용유",10,쉬움,"아침,점심,야식","맑음,비,눈,더위,추위","봄,여름,가을,겨울",6941522,https://www.10000recipe.com/recipe/6941522,밥/죽/떡,,,11,,
고추만두국,한식,"냉동만두,대파,양파,청양고추,조미김,계란,마늘,간장,설탕,소금,고춧가루,참기름,고추기름,물,후춧가루",15,쉬움,"아침,점심,야식","맑음,비,눈,더위,추위","봄,여름,가을,겨울",6943068,https://www.10000recipe.com/recipe/6943068,국/탕,,,11,,
신전 떡볶이,한식,"떡볶이떡,설탕,간장,고추장,카레가루,후춧가루,고춧가루,물,치즈",15,쉬움,"아침,점심,야식","맑음,비,눈,더위,추위","봄,여름,가을,겨울",6943691,https://www.10000recipe.com/recipe/6943691,밥/죽/떡,,,11,,
(아기 국) 새우 순두부 국,한식,"새우,순두부,대파,무,멸치다시마육수,마늘,참기름,아기간장",20,쉬움,"점심,저녁","맑음,비,눈,더위,추위","봄,여름,가을,겨울",6944832,https://www.10000recipe.com/recipe/6944832,국/탕,,,11,,
감칠맛이 입맛을 쭉쭉 당기는 애호박 새우젓 찌개 만들기!,한식,"애호박,두부,양파,대파,새우젓,고춧가루,마늘,들기름,생수",60,쉬움,저녁,"맑음,비,눈,더위,추위","봄,여름,가을,겨울",6948377,https://www.10000recipe.com/recipe/6948377,찌개,,,11,,
스팸두부조림,한식,"두부찌개용,청양고추,양파중간크기,스팸작은거,고추장,고춧가루,간장,설탕,마늘",30,쉬움,"점심,저녁","맑음,비,눈,더위,추위","봄,여름,가을,겨울",6949341,https://www.10000recipe.com/recipe/6949341,찌개,,,11,,
"소떡소떡 맛있는 소스 (아이간식, 맥주안주)",한식,"비엔나소시지,떡볶이떡,식용유,꼬치,설탕,간장,올리고당,고추장,케첩,물",30,쉬움,"점심,저녁","맑음,비,눈,더위,추위","봄,여름,가을,겨울",6951984,https://www.10000recipe.com/recipe/6951984,밥/죽/떡,,,11,,
무볶음 만들기,한식,"무,대파,들기름,맛소금,마늘,깨",5,쉬움,"아침,점심,야식","맑음,비,눈,더위,추위","봄,여름,가을,겨울",6952025,https://www.10000recipe.com/recipe/6952025,,,,11,,
단짠단짠 마성의 베이컨덮밥♡,한식,"베이컨,양파,간장,설탕,맛술,마늘",10,쉬움,"아침,점심,야식","맑음,비,눈,더위,추위","봄,여름,가을,겨울",6957003,https://www.10000recipe.com/recipe/6957003,밥/죽/떡,짭짤함,미분류,11,,
얼큰하고 뽀얀 국물의 황태 콩나물 해장국 #친정엄마레시피,한식,"황태채,콩나물,양파,두부,대파,고추,물,새우젓,마늘,들기름,소금,후추",30,쉬움,"점심,저녁","맑음,비,눈,더위,추위","봄,여름,가을,겨울",6957320,https://www.10000recipe.com/recipe/6957320,국/탕,,,11,,
백종원 돼지고기김치찌개 육수없이 진하게 끓이는 법,한식,"돼지고기목살전지,후지,삼겹살,신김치,청양고추,대파,두부,물,간마늘,고춧가루,간장,새우젓",60,쉬움,저녁,"맑음,비,눈,더위,추위","봄,여름,가을,겨울",6957602,https://www.10000recipe.com/recipe/6957602,찌개,,,11,,
"순두부 계란 요리 레시피, 다이어트 식사대용!",한식,"대파,계란,순두부,식용유,간장,마늘,새우젓또는소금",10,쉬움,"아침,점심,야식","맑음,비,눈,더위,추위","봄,여름,가을,겨울",6980604,https://www.10000recipe.com/recipe/6980604,메인반찬,,,11,,
꼬순내 진동! 들기름 메밀국수,한식,"메밀면,김자반,통깨,간장,물,미림,스테비아,들기름",15,쉬움,"아침,점심,야식","맑음,비,눈,더위,추위","봄,여름,가을,겨울",6985553,https://www.10000recipe.com/recipe/6985553,면/만두,,,11,,
간단하고 든든해서 혼밥메뉴로 한그릇 뚝딱~ 팽이달걀덮밥,한식,"팽이버섯,크래미,밥,대파,계란,식용유,물,간장,맛술,식초,전분물,조리용나이프,조리주걱",20,쉬움,"점심,저녁","맑음,비,눈,더위,추위","봄,여름,가을,겨울",7019165,https://www.10000recipe.com/recipe/7019165,밥/죽/떡,,,11,,
아주 맛있는 김치찌개 끓이기,한식,"익은배추김치,포기,돼지고기찌개용,두부,양파,김치국물,대파,물,국물용멸치,다시마,대파뿌리생략가능,고추씨,고춧가루,마늘,맛술,후추가루,간장,소금",15,쉬움,"아침,점심,야식","맑음,비,눈,더위,추위","봄,여름,가을,겨울",3441970,https://www.10000recipe.com/recipe/3441970,찌개,,,10,,
달걀감자 그라탕,양식,"감자,삶은달걀,양파,모짜렐라치즈,밀가루,우유,소금,후추",30,쉬움,"점심,저녁","맑음,비,눈,더위,추위","봄,여름,가을,겨울",3979404,https://www.10000recipe.com/recipe/3979404,양식,,,10,,
해장으로도 좋은 칼칼하고 시원한 새우젓두부찌개,한식,"두부,파,마늘,청양고추,새우젓,고춧가루",30,쉬움,"점심,저녁","맑음,비,눈,더위,추위","봄,여름,가을,겨울",6830203,https://www.10000recipe.com/recipe/6830203,찌개,,,10,,
닭가슴살 꽈리고추볶음,한식,"닭가슴살,꽈리고추,통마늘,홍고추,식용유,후추가루,올리고당,생강가루,간장",15,쉬움,"아침,점심,야식","맑음,비,눈,더위,추위","봄,여름,가을,겨울",6831536,https://www.10000recipe.com/recipe/6831536,메인반찬,,,10,,
닭가슴살 새우 토마토 덮밥,한식,"닭가슴살통조림,칵테일생새우,토마토,양파,호박,파프리카,마늘",30,쉬움,"점심,저녁","맑음,비,눈,더위,추위","봄,여름,가을,겨울",6831873,https://www.10000recipe.com/recipe/6831873,밥/죽/떡,,,10,,
"닭가슴살로 만든 닭곰탕, 따끈한 국물이 땡길때 좋아",한식,"닭가슴살,무,양파,마늘,생강,통후추,소금,후추",60,쉬움,저녁,"맑음,비,눈,더위,추위","봄,여름,가을,겨울",6835917,https://www.10000recipe.com/recipe/6835917,국/탕,,,10,,
사골곰탕으로 맛있는 부대찌개만들기(부대찌개만드는법),한식,"김치줌,스팸작은캔,프랑크소세지,양파대,호박,대파,뿌리,베이크드빈스,사골곰탕,물,치즈,라면사리,고추장,고춧가루,마늘,라면스프",30,쉬움,"점심,저녁","맑음,비,눈,더위,추위","봄,여름,가을,겨울",6836119,https://www.10000recipe.com/recipe/6836119,찌개,,,10,,
"밥 한그릇으로 기력회복, 소고기안심 비빔밥",한식,"소고기안심,깻잎,양파,양상추,공기밥,간장,매실액,맛술,마늘,올리브유,후추,된장,참기름,마요네즈,올리고당,깨",15,쉬움,"아침,점심,야식","맑음,비,눈,더위,추위","봄,여름,가을,겨울",6837663,https://www.10000recipe.com/recipe/6837663,밥/죽/떡,,,10,,
어린이 간식으로 좋은 바나나 플람베,한식,"바나나,설탕,버터,레몬즙",15,쉬움,"아침,점심,야식","맑음,비,눈,더위,추위","봄,여름,가을,겨울",6838908,https://www.10000recipe.com/recipe/6838908,,,,10,,
"부드러운 안심으로 만든 찹스테이크, 맛이 굿~!!",양식,"안심스테이크용,양파,파프리카노랑색,파프리카빨강,브로콜리,마늘,표고버섯,올리브유,간장,고추장,맛술,매실액,올리고당",15,쉬움,"아침,점심,야식","맑음,비,눈,더위,추위","봄,여름,가을,겨울",6840615,https://www.10000recipe.com/recipe/6840615,양식,,,10,,
집밥백선생 백종원 함박스테이크 만들기,양식,"소고기다짐육,돼지고기다짐육,계란,빵가루,버터,후추,양파,양송이,마늘,간장,설탕,케찹",30,쉬움,"점심,저녁","맑음,비,눈,더위,추위","봄,여름,가을,겨울",6841120,https://www.10000recipe.com/recipe/6841120,양식,,,10,,
맑은 오징어무국 시원담백하게 끓이는법,한식,"오징어,무,대파,간장,소금,국물용멸치,건새우,다시마cm,물",30,쉬움,"점심,저녁","맑음,비,눈,더위,추위","봄,여름,가을,겨울",6841544,https://www.10000recipe.com/recipe/6841544,국/탕,,,10,,
토마토 치킨 스튜,한식,"닭가슴살,완숙토마토,양파,감자,당근,양송이버섯,브로콜리,마늘,베이컨,토마토페이스트,버터,월계수잎,바질,청주,소금,후추,오일",60,쉬움,저녁,"맑음,비,눈,더위,추위","봄,여름,가을,겨울",6841566,https://www.10000recipe.com/recipe/6841566,찌개,,,10,,
"""두부모시조개탕""♪",한식,"모시조개,두부,청양고추,홍고추,대파,양파,물,소금",15,쉬움,"아침,점심,야식","맑음,비,눈,더위,추위","봄,여름,가을,겨울",6842223,https://www.10000recipe.com/recipe/6842223,국/탕,,,10,,
[한그릇요리] 백종원표 콩나물 볶음밥,한식,"콩나물,밥,당근,버섯,파,계란,김가루,간장,고춧가루,맛술,설탕,고추장,마늘",15,쉬움,"아침,점심,야식","맑음,비,눈,더위,추위","봄,여름,가을,겨울",6842245,https://www.10000recipe.com/recipe/6842245,밥/죽/떡,,,10,,
파프리카가 곁들어진 찹스테이크,양식,"채끝등심,파프리카,양파,마늘,케찹,버터",30,쉬움,"점심,저녁","맑음,비,눈,더위,추위","봄,여름,가을,겨울",6844469,https://www.10000recipe.com/recipe/6844469,양식,,,10,,
두부구이와 참나물무침,한식,"두부,참나물,고춧가루,간장,매실액,식초,참기름",30,쉬움,"점심,저녁","맑음,비,눈,더위,추위","봄,여름,가을,겨울",6845844,https://www.10000recipe.com/recipe/6845844,메인반찬,,,10,,
[집밥] 백선생 골뱅이무침 + 팁 # 소면삶는 법,한식,"골뱅이g,양파,당근,파,오이,깻잎,북어채또는진미채,간마늘,고춧가루,소면인분원동전크기,참기름,간장,깨,고추장,설탕,식초",30,쉬움,"점심,저녁","맑음,비,눈,더위,추위","봄,여름,가을,겨울",6846866,https://www.10000recipe.com/recipe/6846866,면/만두,,,10,,
골빔면,한식,"동원구운골뱅이,비빔면,물,참기름,오이반달썬것,당근채,양파채,고추,고춧가루,매실청,식초,골뱅이캔국물,통깨",15,쉬움,"아침,점심,야식","맑음,비,눈,더위,추위","봄,여름,가을,겨울",6848142,https://www.10000recipe.com/recipe/6848142,면/만두,,,10,,
다이어트음식으로 좋은 고단백 요리 '순두부계란탕',한식,"순두부,물계량컵컵,새우젖,다진양파,계란,소금,후추,다진대파부추대신사용",15,쉬움,"아침,점심,야식","맑음,비,눈,더위,추위","봄,여름,가을,겨울",6850199,https://www.10000recipe.com/recipe/6850199,국/탕,,,10,,
"오이 냉국수, 초간단 새콤 달콤 냉국수, 생생정보통 황금비율 오이냉국",한식,"물ml,오이,국수,얼음,소금,간장,설탕,식초,들기름,깨",10,쉬움,"아침,점심,야식","맑음,비,눈,더위,추위","봄,여름,가을,겨울",6854305,https://www.10000recipe.com/recipe/6854305,면/만두,,,10,,
"묵은지와 삼겹살로, 묵은지김치찌개끓이기. 밥두공기 가뿐하게 클리어!",한식,"묵은지,삼겹살,두부,청양고추,파,양파,들기름고기볶을때,김칫국물,고춧가루,마늘,간장,설탕,후추,소금간",30,쉬움,"점심,저녁","맑음,비,눈,더위,추위","봄,여름,가을,겨울",6854807,https://www.10000recipe.com/recipe/6854807,찌개,,,10,,
생선까스 & 타르타르 소스 고소담백해 ★,양식,"대구살cm정도,치즈,소금,후추,청주,밀가루,계란물,빵가루,피클,레몬즙,식초,설탕,마요네즈",15,쉬움,"아침,점심,야식","맑음,비,눈,더위,추위","봄,여름,가을,겨울",6856831,https://www.10000recipe.com/recipe/6856831,양식,,,10,,
소시지마요덮밥 - 취향저격 한그릇밥,한식,"밥,소시지,계란,마요네즈,간장,미림,올리고당,후추",30,쉬움,"점심,저녁","맑음,비,눈,더위,추위","봄,여름,가을,겨울",6858306,https://www.10000recipe.com/recipe/6858306,밥/죽/떡,,,10,,
참치두부찌개 - 뭐 끓이지? 이런날 끓여드세요,한식,"참치캔,두부,호박,대파,양파,멸치육수,고춧가루,고추장,마늘,참치액,미림",30,쉬움,"점심,저녁","맑음,비,눈,더위,추위","봄,여름,가을,겨울",6858313,https://www.10000recipe.com/recipe/6858313,찌개,,,10,,
볶음면의 최강자~~~ 해물 볶음우동!!,일식,"우동면,새우,오징어,조개류,양파,양배추,깻잎,새송이버섯,청고추,간장,마늘,두반장,물엿,맛술,고추장",30,쉬움,"점심,저녁","맑음,비,눈,더위,추위","봄,여름,가을,겨울",6858702,https://www.10000recipe.com/recipe/6858702,면/만두,,,10,,
"바쁜 아침시간에 최고, 채소들깨죽",한식,"대파다진것,부추,당근,새송이버섯,양파,공기밥,공기,들깨가루,간장",15,쉬움,"아침,점심,야식","맑음,비,눈,더위,추위","봄,여름,가을,겨울",6861282,https://www.10000recipe.com/recipe/6861282,밥/죽/떡,,,10,,
시원하고 달달한 국! 두부배춧국,한식,"배추잎,두부,청양고추,마늘,대파,고추장,간장,소금,후추,다시마cmxcm,멸치",30,쉬움,"점심,저녁","맑음,비,눈,더위,추위","봄,여름,가을,겨울",6862737,https://www.10000recipe.com/recipe/6862737,국/탕,,,10,,
프랑스식 크리스마스 요리 _ 라따뚜이,양식,"완숙토마토,애호박,가지,홀토마토,양파,깐마늘,월계수잎,생바질,건바질,올리브오일,소금,후추",60,쉬움,저녁,"맑음,비,눈,더위,추위","봄,여름,가을,겨울",6863011,https://www.10000recipe.com/recipe/6863011,양식,,,10,,
명란국/명란맑은찌개:아침국으로 해장국으로 굿굿 베리굿,한식,"백명란,두부,감자,양파,마늘,대파,새우젓또는국간장,소금또는,멸치육수",15,쉬움,"아침,점심,야식","맑음,비,눈,더위,추위","봄,여름,가을,겨울",6863534,https://www.10000recipe.com/recipe/6863534,국/탕,,,10,,
속이 확 풀리는 시원 칼칼한 죽! 콩나물 김치죽,한식,"밥,송송썬김치,콩나물,새우젓,대파,다시마cmxcm,멸치",60,쉬움,저녁,"맑음,비,눈,더위,추위","봄,여름,가을,겨울",6863943,https://www.10000recipe.com/recipe/6863943,밥/죽/떡,,,10,,
매콤어묵꼬치 만들기,한식,"어묵,고춧가루,고추장듬뿍,설탕듬뿍,매실원액,간장,청양고추큐브,대파,마늘,육수",15,쉬움,"아침,점심,야식","맑음,비,눈,더위,추위","봄,여름,가을,겨울",6865228,https://www.10000recipe.com/recipe/6865228,국/탕,,,10,,
계란국 감자 넣고 파실하게,한식,"계란,감자,청양고추,대파,소금,마늘,간장,디포리,다시마,물",30,쉬움,"점심,저녁","맑음,비,눈,더위,추위","봄,여름,가을,겨울",6865296,https://www.10000recipe.com/recipe/6865296,국/탕,,,10,,
김치 비빔국수 / 간단하고 맛있게~,한식,"배추김치,소면,콩나물,오이,대파,마늘,삶은달걀선택,고추장,고춧가루,간장,매실청,물엿,참기름,깨소금",10,쉬움,"아침,점심,야식","맑음,비,눈,더위,추위","봄,여름,가을,겨울",6865391,https://www.10000recipe.com/recipe/6865391,면/만두,,,10,,
해장국으로도 좋은 김치떡국.,한식,"가래떡,김치,대파,마늘,다시멸치,다시마,마른표고,간장",30,쉬움,"점심,저녁","맑음,비,눈,더위,추위","봄,여름,가을,겨울",6867044,https://www.10000recipe.com/recipe/6867044,국/탕,,,10,,
"태국식 볶음쌀국수, 팟타이",한식,"팟타이면,손질된새우,계란,숙주,부추,양파,당근건고추,고수,땅콩분태,레몬,설탕,후추,물",30,보통,"점심,저녁","맑음,비,눈,더위,추위","봄,여름,가을,겨울",6871428,https://www.10000recipe.com/recipe/6871428,면/만두,,,10,,
집밥요리 돼지고기짜글이?짜박이?!,한식,"돼지고기,호박,버섯,감자,양파,파,고추,고추장,고춧가루,간장,마늘,설탕,후추",30,쉬움,"점심,저녁","맑음,비,눈,더위,추위","봄,여름,가을,겨울",6872029,https://www.10000recipe.com/recipe/6872029,찌개,,,10,,
"소고기를 넣어, 더 진하고 깊어진 국물! 구수하고 시원한 소고기얼갈이국 만들기.",한식,"얼갈이배추,봉지,소고기국거리,대파,청양고추,쌀뜨물,된장,마늘,간장",30,쉬움,"점심,저녁","맑음,비,눈,더위,추위","봄,여름,가을,겨울",6872126,https://www.10000recipe.com/recipe/6872126,국/탕,,,10,,
냉동만두 요리 맛있는 만두떡강정 만들기!,한식,"마늘,양파,대파,냉동만두,떡국떡,식용유,견과류,고추장,케찹,물엿,설탕,간장",30,쉬움,"점심,저녁","맑음,비,눈,더위,추위","봄,여름,가을,겨울",6872135,https://www.10000recipe.com/recipe/6872135,면/만두,,,10,,
"저녁메뉴 바지락 순두부찌개 황금 레시피 ,, 양념장만 있음 뚝딱~!",한식,"순두부,바지락,새송이버섯,계란,돼지고기,다진양파,다진대파,마늘,고춧가루,간장,소금,설탕",15,쉬움,"아침,점심,야식","맑음,비,눈,더위,추위","봄,여름,가을,겨울",6872565,https://www.10000recipe.com/recipe/6872565,찌개,,,10,,
소고기우거지된장국 밥말아 한그릇 뚝딱,한식,"국거리소고기,배추우거지,국물용멸치,청주,참기름,소금,고춧가루,맛술,간장,된장,고추장,마늘,후추",30,쉬움,"점심,저녁","맑음,비,눈,더위,추위","봄,여름,가을,겨울",6874437,https://www.10000recipe.com/recipe/6874437,국/탕,,,10,,
[간단 자취요리] 구수하고 시원한 잔치국수 만들기,한식,"소면,애호박,계란,소금,물,멸치,다시마,간장,고춧가루,대파,마늘,참기름",30,쉬움,"점심,저녁","맑음,비,눈,더위,추위","봄,여름,가을,겨울",6876220,https://www.10000recipe.com/recipe/6876220,면/만두,,,10,,
달콤한 고구마 가득! 매콤한 닭볶음탕 만들기,한식,"닭,고구마,대파,청양고추,양파,고추장,간장,고춧가루,마늘,설탕,올리고당",30,쉬움,"점심,저녁","맑음,비,눈,더위,추위","봄,여름,가을,겨울",6877015,https://www.10000recipe.com/recipe/6877015,국/탕,,,10,,
구수~하고 건강한 한끼 식사! 대패된장찌개 ♥,한식,"대패,양파,감자,애호박,대파cm,청양고추,느타리버섯,물,된장,고춧가루,마늘",30,쉬움,"점심,저녁","맑음,비,눈,더위,추위","봄,여름,가을,겨울",6877173,https://www.10000recipe.com/recipe/6877173,찌개,,,10,,
[간단 자취요리] 쿠지라이식 라면 업그레이드 버전! 쿠지라이식 매운 치즈라면 레시피,한식,"라면,계란,체다치즈,청양고추,물",10,쉬움,"아침,점심,야식","맑음,비,눈,더위,추위","봄,여름,가을,겨울",6877612,https://www.10000recipe.com/recipe/6877612,면/만두,,,10,,
인스턴트짬뽕라면으로 크림짬뽕만들기,중식,"인스턴트짬뽕라면,양파,당근,호박,우유또는생크람,물,슬라이스치즈",30,쉬움,"점심,저녁","맑음,비,눈,더위,추위","봄,여름,가을,겨울",6878154,https://www.10000recipe.com/recipe/6878154,면/만두,,,10,,
#초스피드로 간단하게 무우새우젓국만들기 #가을무를 이용해서 무국에 두부도 넣고 새우젓으로 간을 한 무우새우젓국!!,한식,"무,두부,새우젓,참기름,마늘,썬파",15,쉬움,"아침,점심,야식","맑음,비,눈,더위,추위","봄,여름,가을,겨울",6878644,https://www.10000recipe.com/recipe/6878644,국/탕,,,10,,
쌓였던 스트레스까지 쏵~ 풀린다! 불닭달걀찜면,한식,"불닭볶음면,계란,물,슬라이스치즈,모차렐라치즈",30,쉬움,"점심,저녁","맑음,비,눈,더위,추위","봄,여름,가을,겨울",6880117,https://www.10000recipe.com/recipe/6880117,면/만두,,,10,,
소고기 찹스테이크 간단하게 만들기~*,양식,"구이용소고기,노란파프리카,빨간파프리카,양파,통마늘,케찹,간장,맛술,올리고당,마늘,후추",30,쉬움,"점심,저녁","맑음,비,눈,더위,추위","봄,여름,가을,겨울",6880854,https://www.10000recipe.com/recipe/6880854,양식,,,10,,
"노버터! 유자청을 활용하여 ""유자 파운드 케이크"" 만들기",한식,"박력분,유자청,꿀,베이킹파우더,포도씨유,우유,소금",90,쉬움,저녁,"맑음,비,눈,더위,추위","봄,여름,가을,겨울",6884084,https://www.10000recipe.com/recipe/6884084,,,,10,,
"백종원 슈가떡 만들기, 설날에 남은 떡국떡으로 만든 달달한 간식 ~",한식,"떡국떡,흑설탕,물,간장,통깨,시나몬가루선택,식용유",15,쉬움,"아침,점심,야식","맑음,비,눈,더위,추위","봄,여름,가을,겨울",6884580,https://www.10000recipe.com/recipe/6884580,밥/죽/떡,,,10,,
"밥반찬은 물론 간식으로도 인기만점! ""떡 만두 강정"" 만들기",한식,"떡,물만두,고추장,마늘,설탕,물엿,케찹,간장,깨",15,쉬움,"아침,점심,야식","맑음,비,눈,더위,추위","봄,여름,가을,겨울",6885083,https://www.10000recipe.com/recipe/6885083,메인반찬,,,10,,
"간장비빔국수, 온 가족이 즐기는 묵은지 간장국수",한식,"소면,묵은지,계란,김가루,통깨,간장,설탕,참기름",30,쉬움,"점심,저녁","맑음,비,눈,더위,추위","봄,여름,가을,겨울",6886836,https://www.10000recipe.com/recipe/6886836,면/만두,,,10,,
두부를 이용한 특별하고 간단한 아이들 취향저격 반찬 '두부강정',한식,"두부,소금,후추,부침가루,깨소금,식용유,마늘,고추장,올리고당",15,쉬움,"아침,점심,야식","맑음,비,눈,더위,추위","봄,여름,가을,겨울",6887328,https://www.10000recipe.com/recipe/6887328,메인반찬,,,10,,
"간단한 한끼, 간장비빔국수",한식,"소면,물,찬물,계란,간장,맛술,고춧가루,마늘,설탕,다진고추,후추,깨,참기름",15,쉬움,"아침,점심,야식","맑음,비,눈,더위,추위","봄,여름,가을,겨울",6888094,https://www.10000recipe.com/recipe/6888094,면/만두,,,10,,
"기본이지만 가장 정감가고 맛있는 두부김치찌개, 아련한 어머니의 맛 재현",한식,"익은김치,포기,두부,새송이버섯,대파,쌀뜬물,고춧가루,간마늘,청양고추,설탕,간장",60,쉬움,저녁,"맑음,비,눈,더위,추위","봄,여름,가을,겨울",6888293,https://www.10000recipe.com/recipe/6888293,찌개,,,10,,
토마토된장찌개:토마토는 훌륭한 조미료였다,한식,"토마토,감자,된장,고추장,고춧가루,쌀뜨물,다시마,황태포,양파,마늘,대파,청양고추",15,쉬움,"아침,점심,야식","맑음,비,눈,더위,추위","봄,여름,가을,겨울",6889806,https://www.10000recipe.com/recipe/6889806,찌개,,,10,,
열무비빔국수 양념장,한식,"열무김치,열무김치국물,오이,삶은달걀,국수,고추장,식초,맛술,올리고당,설탕,참기름,통깨",30,쉬움,"점심,저녁","맑음,비,눈,더위,추위","봄,여름,가을,겨울",6891411,https://www.10000recipe.com/recipe/6891411,면/만두,,,10,,
집밥 백선생 레시피♪ 무새우젓국,한식,"무,토막,새우젓,들기름,물,액젓,간장,간마늘,대파",30,쉬움,"점심,저녁","맑음,비,눈,더위,추위","봄,여름,가을,겨울",6893212,https://www.10000recipe.com/recipe/6893212,국/탕,,,10,,
캠핑 고추장찌개 요리,한식,"신김치,참치,스팸g,두부,감자보통사이즈,호박,양파,청양고추,대파,물,고추장,고춧가루,간장,김치국물",60,쉬움,저녁,"맑음,비,눈,더위,추위","봄,여름,가을,겨울",6893420,https://www.10000recipe.com/recipe/6893420,찌개,,,10,,
TV요리) 닭칼국수 ♥ 뽀얗다 뽀애,한식,"닭,감자,양파,물,대파,식용유,소금,액젓,마늘,후춧가루",60,쉬움,저녁,"맑음,비,눈,더위,추위","봄,여름,가을,겨울",6893943,https://www.10000recipe.com/recipe/6893943,면/만두,,,10,,
"참치두부김치찌개, 칼칼한 찌개가 먹고플 때, 입맛을 확 당기고 싶을 때 최고의 김치찌개 레시피.",한식,"잘익은김치,포기,참치,두부,간마늘,대파,쌀뜨물없어도됨,수제비없어도됨,고춧가루,멸치액젓,간장,설탕",30,쉬움,"점심,저녁","맑음,비,눈,더위,추위","봄,여름,가을,겨울",6897009,https://www.10000recipe.com/recipe/6897009,찌개,,,10,,
바삭! 아삭! 파만두 만들기ㅣ단짠 파닭소스 파채 쉽게 써는 법,한식,"물만두,파,간장,물,식초,마늘,올리고당",15,쉬움,"아침,점심,야식","맑음,비,눈,더위,추위","봄,여름,가을,겨울",6898407,https://www.10000recipe.com/recipe/6898407,면/만두,,,10,,
해산물토마토스파게티 :: ★초간단★ 하지만 맛있게 만드는 법!,한식,"새우,양송이,마늘,양파,스파게티면,병,버터,맛소금,파슬리,물",15,쉬움,"아침,점심,야식","맑음,비,눈,더위,추위","봄,여름,가을,겨울",6898586,https://www.10000recipe.com/recipe/6898586,면/만두,,,10,,
밥에 올려 비벼 먹기 좋은 참치순두부조림,한식,"참치캔g,고춧가루,간장,청주,매실청,마늘,대파,순두부g,다시마멸치육수",10,쉬움,"아침,점심,야식","맑음,비,눈,더위,추위","봄,여름,가을,겨울",6900939,https://www.10000recipe.com/recipe/6900939,메인반찬,,,10,,
아이들이 또 만들어달라고 하네요!! 참치볶음김밥 *^^*,한식,"밥,상추,깻잎,김밥용구운김,참치캔g,참기름,깨,고운소금,고추장,고춧가루,간장,맛술,대파,올리고당",60,보통,저녁,"맑음,비,눈,더위,추위","봄,여름,가을,겨울",6901627,https://www.10000recipe.com/recipe/6901627,밥/죽/떡,,,10,,
TV요리) 김치리조또로 맛있는 한그릇 뚝딱 완성!,한식,"다진김치,밥,다진양파,다진스팸,마늘,물,버터,슬라이스치즈,소금,식용유",10,쉬움,"아침,점심,야식","맑음,비,눈,더위,추위","봄,여름,가을,겨울",6902823,https://www.10000recipe.com/recipe/6902823,밥/죽/떡,,,10,,
"7080 세대만 아는 느낌적인 느낌, 추억 소환 포장마차 우동",일식,"국멸치,찬물,우동사리,간장,간마늘,쑥갓,대파,굵은고추가루,김가루",15,쉬움,"아침,점심,야식","맑음,비,눈,더위,추위","봄,여름,가을,겨울",6903123,https://www.10000recipe.com/recipe/6903123,면/만두,,,10,,
배추된장국 따끈따끈 요즘 먹기 딱좋아요 : ),한식,"알배추,통,된장,멸치다시마육수,두부,팽이버섯,청고추,홍고추,대파,마늘,고춧가루",20,쉬움,"점심,저녁","맑음,비,눈,더위,추위","봄,여름,가을,겨울",6904104,https://www.10000recipe.com/recipe/6904104,국/탕,,,10,,
바삭바삭 만들기도 쉽고 맛있는 간식 만두피 치즈스틱 만들기,한식,"만두피,피자치즈,계란,빵가루,식용유",15,쉬움,"아침,점심,야식","맑음,비,눈,더위,추위","봄,여름,가을,겨울",6904302,https://www.10000recipe.com/recipe/6904302,,,,10,,
"국물이 일품, ""대패삼겹된장찌개""♪",한식,"대패삼겹살,두부g,감자g탁구공크기,무,양파,애호박g,대파,청양고추,쌀뜨물,시판용된장,고추장,멸치액젓,마늘,고춧가루,설탕",30,쉬움,"점심,저녁","맑음,비,눈,더위,추위","봄,여름,가을,겨울",6904791,https://www.10000recipe.com/recipe/6904791,찌개,,,10,,
표고버섯탕수♡달콤한 영양 간식,한식,"표고버섯,홍파프리카,청피망,계란,감자전분,포도씨유,꿀,간장,다진양파",30,보통,"점심,저녁","맑음,비,눈,더위,추위","봄,여름,가을,겨울",6904934,https://www.10000recipe.com/recipe/6904934,메인반찬,,,10,,
구수한 밥도둑 된장찌개 황금레시피,한식,"쌀뜨물또는물,애호박,두부,양파,표고버섯,청양고추,대파흰부분,된장,마늘,고춧가루",15,쉬움,"아침,점심,야식","맑음,비,눈,더위,추위","봄,여름,가을,겨울",6905706,https://www.10000recipe.com/recipe/6905706,찌개,,,10,,
들깨 배추 된장국 끓이기,한식,"멸치다시마육수,배추,두부,된장,들깨가루,대파",60,쉬움,저녁,"맑음,비,눈,더위,추위","봄,여름,가을,겨울",6905749,https://www.10000recipe.com/recipe/6905749,국/탕,,,10,,
빠빠빨간맛! 빨간어묵 !,한식,"판어묵,대파,멸치다시마육수,고추장,고춧가루,맛술,간장,올리고당,마늘,만개한알",30,쉬움,"점심,저녁","맑음,비,눈,더위,추위","봄,여름,가을,겨울",6907161,https://www.10000recipe.com/recipe/6907161,국/탕,,,10,,
강릉에서 꼭 먹어야 하는 음식! 집에서 강릉 장칼국수만드는법,한식,"감자,양파,애호박,대파,계란,김가루,물,고추장,국물용멸치,다시마cmXcm,된장,간장,마늘,소금",30,보통,"점심,저녁","맑음,비,눈,더위,추위","봄,여름,가을,겨울",6907376,https://www.10000recipe.com/recipe/6907376,면/만두,,,10,,
어썸 된장찌개,한식,"물,된장,감자작은거,양파,두부,고춧가루,청양고추,소고기,마늘",30,쉬움,"점심,저녁","맑음,비,눈,더위,추위","봄,여름,가을,겨울",6908199,https://www.10000recipe.com/recipe/6908199,찌개,,,10,,
도시락메뉴로 좋은 소시지주먹밥 / 소세지꽃주먹밥 만드는 법,한식,"소시지,밥,후리가케,참기름",15,쉬움,"아침,점심,야식","맑음,비,눈,더위,추위","봄,여름,가을,겨울",6909649,https://www.10000recipe.com/recipe/6909649,밥/죽/떡,,,10,,
시원칼칼한 밥도둑 백종원 '참치두부찌개'초간단 레시피,한식,"참치캔,두부,양파,대파,청양고추,쌀뜨물,고춧가루,간장,설탕,마늘,새우젓,참기름",20,쉬움,"점심,저녁","맑음,비,눈,더위,추위","봄,여름,가을,겨울",6909720,https://www.10000recipe.com/recipe/6909720,찌개,,,10,,
허니갈릭 연어,양식,"연어,소금,후추,올리브오일혹은식용유,물,간장,꿀,옥수수전분",30,쉬움,"점심,저녁",맑음,가을,6910345,https://www.10000recipe.com/recipe/6910345,양식,짭짤함,가을,10,,
소고기무국 깊고 진한 맛!,한식,"소고기앞다리살,무,다시마육수,대파,참기름,간장,마늘,후추,소금",60,쉬움,저녁,"맑음,비,눈,더위,추위","봄,여름,가을,겨울",6911111,https://www.10000recipe.com/recipe/6911111,국/탕,,,10,,
오징어무국 / 얼큰국물레시피 / 초간단국물요리,한식,"오징어,무,청양고추,대파,뿌리,다시마육수,간장,멸치액젓,마늘,들기름,고춧가루,소금",15,쉬움,"아침,점심,야식","맑음,비,눈,더위,추위","봄,여름,가을,겨울",6911648,https://www.10000recipe.com/recipe/6911648,국/탕,,,10,,
전자렌지로 끝내는 존맛탱 컵밥 만들기 + 먹방 + 깨알NG,한식,"신김치,고추장,마늘,물,식용유,참치캔,설탕,참기름,조미김가루,달걀후라이",5,쉬움,"아침,점심,야식","맑음,비,눈,더위,추위","봄,여름,가을,겨울",6912058,https://www.10000recipe.com/recipe/6912058,밥/죽/떡,,,10,,
아침국 버섯된장국,한식,"감자,표고버섯,애느타리버섯,계란,멸치육수,대파,된장,마늘",30,쉬움,"점심,저녁","맑음,비,눈,더위,추위","봄,여름,가을,겨울",6912671,https://www.10000recipe.com/recipe/6912671,국/탕,,,10,,
힘이불끈불근 먹으면 근육빵빵 ★ 갈비찜덮밥 ★,한식,"돼지갈비,밥,실고추,간장,설탕,맛술,배음료,마늘,다진생강,후추",120,쉬움,저녁,"맑음,비,눈,더위,추위","봄,여름,가을,겨울",6916995,https://www.10000recipe.com/recipe/6916995,밥/죽/떡,,,10,,
"[간편 혼밥] 햄,달걀,김치볶음덮밥",한식,"소세지,계란,김치,소금,올리고당,후추,카놀라유",30,쉬움,"점심,저녁","맑음,비,눈,더위,추위","봄,여름,가을,겨울",6918971,https://www.10000recipe.com/recipe/6918971,밥/죽/떡,,,10,,
스페인 새우요리 감바스 만들기,양식,"냉동새우,올리브유,소금,후추,파슬리,깐마늘,페페론치노,청양고추",20,쉬움,"점심,저녁","맑음,비,눈,더위,추위","봄,여름,가을,겨울",6920327,https://www.10000recipe.com/recipe/6920327,양식,,,10,,
우삼겹 두부 된장찌개,한식,"우삼겹살,두부,호박,새송이버섯,대파,양파,청양고추,홍청양고추,물,된장,맛술,마늘",30,쉬움,"점심,저녁","맑음,비,눈,더위,추위","봄,여름,가을,겨울",6921112,https://www.10000recipe.com/recipe/6921112,찌개,,,10,,
비스퀵 l 할아버지 버거집에서만 팔았던 KFC비스켓 ★,한식,"박력분,베이킹파우더,설탕,소금,버터,우유",60,쉬움,저녁,"맑음,비,눈,더위,추위","봄,여름,가을,겨울",6922432,https://www.10000recipe.com/recipe/6922432,,,,10,,
애호박찌개,한식,"물,애호박,양파,청양고추,새우젓,고춧가루,소고기다시다,마늘,소금,후추,파",10,쉬움,"아침,점심,야식","맑음,비,눈,더위,추위","봄,여름,가을,겨울",6923179,https://www.10000recipe.com/recipe/6923179,찌개,,,10,,
♥[신혼밥상] 귀여운 사과딸기 디저트,한식,"사과,딸기,설탕,물",15,쉬움,"아침,점심,야식","맑음,비,눈,더위,추위","봄,여름,가을,겨울",6923571,https://www.10000recipe.com/recipe/6923571,,,,10,,
에어프라이어 치킨/ 간장치킨 만드는법,양식,"닭볶음탕용,우유,마늘,설탕,허브솔트,생강가루,간장",120,쉬움,저녁,"맑음,비,눈,더위,추위","봄,여름,가을,겨울",6923614,https://www.10000recipe.com/recipe/6923614,양식,,,10,,
김수미 비빔국수 양념장 원샷원킬,한식,"소면,오이,양파,당근,대파,고추장,설탕,마늘,매실액,참기름,통깨",15,쉬움,"아침,점심,야식","맑음,비,눈,더위,추위","봄,여름,가을,겨울",6923664,https://www.10000recipe.com/recipe/6923664,면/만두,,,10,,
다이어트 요리 담백한 두부 스테이크,양식,"두부,계란,양파,당근,대파,부침가루,소금,후추",15,쉬움,"아침,점심,야식","맑음,비,눈,더위,추위","봄,여름,가을,겨울",6928315,https://www.10000recipe.com/recipe/6928315,메인반찬,,,10,,
스팸 감자 찌개..,한식,"스팸큰거,감자,양파,청양고추,홍고추,대파,고추장,고춧가루,간장,참치액,다시다,마늘,들기름,물",60,쉬움,저녁,"맑음,비,눈,더위,추위","봄,여름,가을,겨울",6932770,https://www.10000recipe.com/recipe/6932770,찌개,,,10,,
백종원 부대찌개 황금레시피 세젤맛 최애반찬,한식,"스팸,두부,소세지,양파,대파,사골곰탕육수,김치,공기,팽이버섯,고춧가루,소주,간장,설탕,고추장,베이크드빈스",30,쉬움,"점심,저녁","맑음,비,눈,더위,추위","봄,여름,가을,겨울",6933001,https://www.10000recipe.com/recipe/6933001,찌개,,,10,,
"주말 아침 브런치 메뉴, 도미노 포테이토피자 토스트",양식,"식빵,감자,양파,베이컨,피자치즈,케첩,마요네즈",20,쉬움,"점심,저녁","맑음,비,눈,더위,추위","봄,여름,가을,겨울",6935427,https://www.10000recipe.com/recipe/6935427,양식,,,10,,
칼칼한 삼겹살 두부찌개~*,한식,"삼겹살,두부,양파,대파,청양초,고추장,고춧가루,마늘,후추,맛술,액젓",30,쉬움,"점심,저녁","맑음,비,눈,더위,추위","봄,여름,가을,겨울",6935738,https://www.10000recipe.com/recipe/6935738,찌개,,,10,,
스페인 요리 해물 빠에야 현지식으로 만들기 Seafood Paella,양식,"오징어,새우,홍합,양파,파프리카,마늘,생쌀,육수,올리브오일,홀토마토,피멘톤,소금,후추,샤프론",60,쉬움,저녁,"맑음,비,눈,더위,추위","봄,여름,가을,겨울",6938217,https://www.10000recipe.com/recipe/6938217,양식,,,10,,
매콤한 소세지 숙주볶음 안주로 딱이야,한식,"숙주,양파반개,마늘,홍고추,비엔나소세지개,고추기름,설탕,후추,맛술,간장,청양고춧가루",20,쉬움,"점심,저녁","맑음,비,눈,더위,추위","봄,여름,가을,겨울",6938874,https://www.10000recipe.com/recipe/6938874,메인반찬,,,10,,
백종원 목살스테이크 만들기 레스토랑 부럽지 않아요~,양식,"돼지고기목살,통마늘,밀가루,버터,계란,소금,후추,케찹,설탕,간장,식초,물",60,쉬움,저녁,"맑음,비,눈,더위,추위","봄,여름,가을,겨울",6945081,https://www.10000recipe.com/recipe/6945081,양식,,,10,,
"캔참치요리, 백파더 백종원 참치함박스테이크 & 소스만들기",양식,"카놀라유,버터,계란,참치캔캔,양파,대파,청양고추,부침가루,마늘,케찹,설탕,간장,물",30,쉬움,"점심,저녁","맑음,비,눈,더위,추위","봄,여름,가을,겨울",6949518,https://www.10000recipe.com/recipe/6949518,양식,,,10,,
매콤한팽이버섯구이~매운돼지갈비대신 어때유?,한식,"팽이버섯,고추장,고춧가루,마늘,조림간장,쌀조청,설탕,참기름,통깨",10,쉬움,"아침,점심,야식","맑음,비,눈,더위,추위","봄,여름,가을,겨울",6952128,https://www.10000recipe.com/recipe/6952128,메인반찬,,,10,,
백파더 레시피 배춧국 끓이는법 간단한 국물요리 역시 백종원,한식,"배추,물,식용유,대파,간장",60,쉬움,저녁,"맑음,비,눈,더위,추위","봄,여름,가을,겨울",6952796,https://www.10000recipe.com/recipe/6952796,국/탕,,,10,,
메추리알은 곤약 하고 졸여야~ 맛있어용~ 쫀득쫀득 곤약이 일품~,한식,"메추리알,곤약,당근,건표고,대파,물,간장,미림,설탕,굵은소금",20,쉬움,"점심,저녁","맑음,비,눈,더위,추위","봄,여름,가을,겨울",6955413,https://www.10000recipe.com/recipe/6955413,,,,10,,
오징어야채말이 만들기,한식,"오징어,빨강파프리카,노랑파프리카,오이,깻잎,소금,고추장,매실청,식초,올리고당,통깨",30,쉬움,"점심,저녁","맑음,비,눈,더위,추위","봄,여름,가을,겨울",6961293,https://www.10000recipe.com/recipe/6961293,메인반찬,,,10,,
간단하고 맛있는 참치김치찌개,한식,"김치,포기,참치,대파,설탕,마늘,고춧가루,물,참치액젓",20,쉬움,"점심,저녁","맑음,비,눈,더위,추위","봄,여름,가을,겨울",6966302,https://www.10000recipe.com/recipe/6966302,찌개,,,10,,
볶음밥에 진심인 우리나라 사람들! 치즈닭갈비볶음밥,한식,"닭다리살,떡,양파,양배추,당근,고구마,피자치즈,밥,식용유,고추장,고춧가루,설탕,마늘,간장,맛술",30,쉬움,"점심,저녁","맑음,비,눈,더위,추위","봄,여름,가을,겨울",6970490,https://www.10000recipe.com/recipe/6970490,메인반찬,,,10,,
양배추오믈렛..,양식,"계란,양배추,소금,모짜렐라치즈,카놀라유,케찹",5,쉬움,"아침,점심,야식","맑음,더위",여름,6997077,https://www.10000recipe.com/recipe/6997077,양식,담백함,여름,10,,
간단 콩나물반찬 콩나물요리 매운 콩나물무침 빨간 콩나물무침,한식,"콩나물,대파흰부분,물,소금,식용유,고춧가루,간장,참기름,깨소금,조리용나이프",15,쉬움,"아침,점심,야식","맑음,비,눈,더위,추위","봄,여름,가을,겨울",7011840,https://www.10000recipe.com/recipe/7011840,,,,10,,
몽글몽글 부드러운 순두부 계란국 끓이는법,한식,"순두부,계란,대파,양파,물,간장,멸치액젓,마늘,참기름,후추,조리용나이프,대접",20,쉬움,"점심,저녁","맑음,비,눈,더위,추위",여름,7013057,https://www.10000recipe.com/recipe/7013057,국/탕,담백함,여름,10,,
맛도 건강도 최고인 건강식 우삼겹 알배추찜,한식,"숙주,청경채,알배추,우삼겹,소금,후추,조리용나이프,실리콘뚜껑,조리주걱",30,쉬움,"점심,저녁","맑음,비,눈,더위,추위","봄,여름,가을,겨울",7018288,https://www.10000recipe.com/recipe/7018288,메인반찬,,,10,,
베이컨떡꼬치,한식,"떡볶이떡,베이컨,소금,블랙페이퍼",15,쉬움,"아침,점심,야식","맑음,비,눈,더위,추위","봄,여름,가을,겨울",1802633,https://www.10000recipe.com/recipe/1802633,밥/죽/떡,,,9,,
애호박 감자찌개,한식,"감자,양파,애호박,대파흰부분,청양고추,국물멸치,다시마,물,마늘,된장,고추장",30,쉬움,"점심,저녁","맑음,비,눈,더위,추위","봄,여름,가을,겨울",1922328,https://www.10000recipe.com/recipe/1922328,찌개,,,9,,
치즈 웨지감자 떡볶이 만들기,한식,"감자,떡볶이떡,모짜렐라치즈,청고추",30,쉬움,"점심,저녁","맑음,비,눈,더위,추위","봄,여름,가을,겨울",3892766,https://www.10000recipe.com/recipe/3892766,밥/죽/떡,,,9,,
미숫가루 컵케익,한식,"미숫가루,계란,설탕,우유,녹인버터,호두,아몬드",60,보통,저녁,"맑음,비,눈,더위,추위","봄,여름,가을,겨울",4007541,https://www.10000recipe.com/recipe/4007541,,,,9,,
느타리버섯양념구이,한식,"느타리버섯,대파,통깨,식용유,고추장,고춧가루,간장,맛술,올리고당,마늘,참기름",30,쉬움,"점심,저녁","맑음,비,눈,더위,추위","봄,여름,가을,겨울",4042421,https://www.10000recipe.com/recipe/4042421,,,,9,,
새송이버섯강정 만드는 법,한식,"새송이버섯,슬라이스아몬드,녹말가루,식용유,고추장,간장,매실액,올리고당,맛술,마늘",10,쉬움,"아침,점심,야식","맑음,비,눈,더위,추위","봄,여름,가을,겨울",4158610,https://www.10000recipe.com/recipe/4158610,,,,9,,
얼큰한 김치수제비,한식,"밀가루,계란,애호박,대파,청양고추,깨,양파,건새우,다시마,고추장,참기름",30,쉬움,"점심,저녁","맑음,비,눈,더위,추위","봄,여름,가을,겨울",4331271,https://www.10000recipe.com/recipe/4331271,면/만두,,,9,,
매콤한 라면떡볶이 만드는 방법,한식,"다시마,건새우,멸치,라면사리,계란,떡,어묵,대파,당면,간장,올리고당,고추장,고춧가루",60,쉬움,저녁,"맑음,비,눈,더위,추위","봄,여름,가을,겨울",4510631,https://www.10000recipe.com/recipe/4510631,밥/죽/떡,,,9,,
두부참치찌개 만드는 법,한식,"두부,참치캔,신김치,대파,양파,식용유,물,고춧가루,미림,간장,고추장,마늘,참기름,후추",30,쉬움,"점심,저녁","맑음,비,눈,더위,추위","봄,여름,가을,겨울",4590378,https://www.10000recipe.com/recipe/4590378,찌개,,,9,,
차돌박이된장찌개,한식,"소고기차돌박이,호박,양파,표고버섯,팽이버섯,대파,청양고추,두부,멸치육수,된장,고춧가루",15,쉬움,"아침,점심,야식","맑음,비,눈,더위,추위","봄,여름,가을,겨울",4674532,https://www.10000recipe.com/recipe/4674532,찌개,,,9,,
대파 두부국 끓이기,한식,"두부,대파,고춧가루,식용유,다시마,건새우,물",30,쉬움,"점심,저녁","맑음,비,눈,더위,추위","봄,여름,가을,겨울",5174302,https://www.10000recipe.com/recipe/5174302,국/탕,,,9,,
갈릭 찹스테이크,양식,"소고기안심,마늘,양파,파프리카,피망,파슬리가루,올리브오일,소금,후추,케첩,숟갈,조청",60,쉬움,저녁,"맑음,비,눈,더위,추위","봄,여름,가을,겨울",5362054,https://www.10000recipe.com/recipe/5362054,양식,,,9,,
팽이버섯 달걀국 끓이기,한식,"멸치다시마육수,간장,마늘,팽이버섯,계란,대파,소금",10,쉬움,"아침,점심,야식","맑음,비,눈,더위,추위","봄,여름,가을,겨울",6664678,https://www.10000recipe.com/recipe/6664678,국/탕,,,9,,
참치 깻잎 쌈밥,한식,"깻잎,참치,당근,호박,새송이버섯,양파,파프리카,밥,된장,쌈장",30,쉬움,"점심,저녁","맑음,비,눈,더위,추위","봄,여름,가을,겨울",6768245,https://www.10000recipe.com/recipe/6768245,밥/죽/떡,,,9,,
여름 아침식사로 좋은 감자들깨탕 & 들깨덮밥,한식,"다시육수,쌀뜨물,건표고버섯,감자,양파,느타리버섯,찹쌀가루,들깨가루수북히,들기름,거피안한들깨가루",30,쉬움,"점심,저녁","맑음,비,눈,더위,추위","봄,여름,가을,겨울",6830266,https://www.10000recipe.com/recipe/6830266,국/탕,,,9,,
오늘 뭐먹지 '치즈 누룽지 주먹밥',한식,"밥,조미김,참기름,통깨,소금,모짜렐라치즈,식용유",15,쉬움,"아침,점심,야식","맑음,비,눈,더위,추위","봄,여름,가을,겨울",6831686,https://www.10000recipe.com/recipe/6831686,밥/죽/떡,,,9,,
새우카레덮밥,한식,"칵테일새우,양파,밥,카레가루,마늘,올리브유",15,쉬움,"아침,점심,야식","맑음,비,눈,더위,추위","봄,여름,가을,겨울",6832437,https://www.10000recipe.com/recipe/6832437,밥/죽/떡,,,9,,
백종원 호텔식 에그스크램블,양식,"계란,우유,소주컵,소금,설탕,버터",15,쉬움,"아침,점심,야식","맑음,비,눈,더위,추위","봄,여름,가을,겨울",6832892,https://www.10000recipe.com/recipe/6832892,양식,,,9,,
오이미역냉국,한식,"오이,미역,양파,소금,설탕,식초,생수",15,쉬움,"아침,점심,야식","맑음,비,눈,더위,추위","봄,여름,가을,겨울",6834235,https://www.10000recipe.com/recipe/6834235,국/탕,,,9,,
매콤달콤 버섯떡강정 만들기 :),한식,"떡국떡,표고버섯슬라이스한것,식용유,물,케첩,설탕,고추장듬뿍,고춧가루,마늘,깨",15,쉬움,"아침,점심,야식","맑음,비,눈,더위,추위","봄,여름,가을,겨울",6834667,https://www.10000recipe.com/recipe/6834667,메인반찬,,,9,,
스팸부대찌개 & 스팸전,한식,"스팸,프랑크소시지,콩나물,두부,돼지고기,묵은김치,떡국떡,계란,대파,고춧가루,간장,마늘,청주,후추,쌀뜨물",30,보통,"점심,저녁","맑음,비,눈,더위,추위","봄,여름,가을,겨울",6835150,https://www.10000recipe.com/recipe/6835150,찌개,,,9,,
백주부의 기름떡볶이 초간단레시피,한식,"떡볶이떡,식용유,고춧가루,간장,설탕,올리고당,대파",30,쉬움,"점심,저녁","맑음,비,눈,더위,추위","봄,여름,가을,겨울",6835960,https://www.10000recipe.com/recipe/6835960,밥/죽/떡,,,9,,
얼큰하고 칼칼한 스팸고추장찌개♩,한식,"스팸류햄,두부,양파,애호박,대파,청양고추,다시마,다시멸치,물,고추장,고춧가루,마늘,멸치액적",30,쉬움,"점심,저녁","맑음,비,눈,더위,추위","봄,여름,가을,겨울",6836226,https://www.10000recipe.com/recipe/6836226,찌개,,,9,,
"요즘 인기 갈비만두 , 집에서 갈비만두 만들기 :)",한식,"만두피,소고기다짐육,마늘,다진생강,대파,다진고추생략가능,간장,설탕,맛술,후추,참기름",30,쉬움,"점심,저녁","맑음,비,눈,더위,추위","봄,여름,가을,겨울",6836460,https://www.10000recipe.com/recipe/6836460,면/만두,,,9,,
따끈하고 순한 순두부 새우탕~ 단백! 깔끔! 개운!,한식,"말린표고버섯,자른다시마,디포리,순두부,생새우,계란,양파,대파,마늘,멸치액젓,후춧가루",30,쉬움,"점심,저녁","맑음,비,눈,더위,추위","봄,여름,가을,겨울",6836527,https://www.10000recipe.com/recipe/6836527,국/탕,,,9,,
매콤 짭쪼롬한 밥반찬 고갈비,한식,"고등어,굵은소금,고추장,고춧가루,간장,청양고추,대파,마늘,올리고당,참기름,후춧가루",30,쉬움,"점심,저녁","맑음,비,눈,더위,추위","봄,여름,가을,겨울",6836566,https://www.10000recipe.com/recipe/6836566,메인반찬,,,9,,
[자취요리/간단요리] 미즈컨테이너 샐러드파스타 만들기,양식,"스파게티면,채소,발사믹식초,케찹,후추",15,쉬움,"아침,점심,야식","맑음,비,눈,더위,추위","봄,여름,가을,겨울",6840209,https://www.10000recipe.com/recipe/6840209,면/만두,,,9,,
프랑스 크리스마스 대표 요리 코코방/코코뱅(Coq au vin),양식,"닭고기허벅지살,베이컨,양송이버섯,양파,당근,마늘,레드와인,병,밀가루T,버터,치킨스톡,토마토페이스트,믹스허브가루,소금,후추",120,보통,저녁,"맑음,비,눈,더위,추위","봄,여름,가을,겨울",6840272,https://www.10000recipe.com/recipe/6840272,양식,,,9,,
뚝배기 바지락 순두부찌개 초간단레시피,한식,"순두부,바지락,양파,계란,대파,마늘,청량고추,고춧가루,들기름,간장,소금",30,쉬움,"점심,저녁","맑음,비,눈,더위,추위","봄,여름,가을,겨울",6841191,https://www.10000recipe.com/recipe/6841191,찌개,,,9,,
[해외자취Cook.feel通]137. 굴소스대파달걀볶음밥 레시피,한식,"찬밥,대파썬거,계란,소금",15,쉬움,"아침,점심,야식","맑음,비,눈,더위,추위","봄,여름,가을,겨울",6842198,https://www.10000recipe.com/recipe/6842198,밥/죽/떡,,,9,,
치즈오믈렛,양식,"계란,체더슬라이스,버터,어린잎채소,우유,소금,후추,토마토,양파,올리브유,케첩,설탕,식초,파슬리가루,레몬즙생략가능",30,쉬움,"점심,저녁","맑음,비,눈,더위,추위","봄,여름,가을,겨울",6842435,https://www.10000recipe.com/recipe/6842435,양식,,,9,,
추울수록 생각나는 얼큰한 돼지고기 고추장찌개 끓이기 :),한식,"쌀뜨물,돼지고기목살or사태,감자주먹만한것,두부,대파썰은것,버섯썰은것종류상관없음,청양고추,고추장듬뿍,된장,고춧가루,멸치액젓,새우젓,마늘,들기름,후추",30,쉬움,"점심,저녁","맑음,비,눈,더위,추위","봄,여름,가을,겨울",6842446,https://www.10000recipe.com/recipe/6842446,찌개,,,9,,
"노오븐케잌, 딸기 크레이프 만들기♪",한식,"우유,생크림,핫케익믹스,계란",60,쉬움,저녁,"맑음,비,눈,더위,추위","봄,여름,가을,겨울",6843977,https://www.10000recipe.com/recipe/6843977,,,,9,,
고구마 라자냐 자나,양식,"삶은고구마,모짜렐라치즈,봉지,치즈",15,쉬움,"아침,점심,야식","맑음,비,눈,더위,추위","봄,여름,가을,겨울",6845920,https://www.10000recipe.com/recipe/6845920,양식,,,9,,
삼겹살 듬뿍~ 김치찌개 - 딸에게# / 김치찌개 만드는법,한식,"삼겹살,김치,고추장,김치국물,양파",30,보통,"점심,저녁","맑음,비,눈,더위,추위","봄,여름,가을,겨울",6849917,https://www.10000recipe.com/recipe/6849917,찌개,,,9,,
입맛 없을 때 딱이야! 새콤달콤한 김치비빔국수,한식,"소면,묵은지,오이,토마토,고추장,설탕,물엿,간장,참기름,깨소금",30,쉬움,"점심,저녁","맑음,비,눈,더위,추위","봄,여름,가을,겨울",6850037,https://www.10000recipe.com/recipe/6850037,면/만두,,,9,,
백종원 순두부찌개 그대로 따라만 하세요 ^^,한식,"다진돼지고기,다진양파,대파,고춧가루,마늘,간장,소금,설탕,순두부,애호박,계란",30,쉬움,"점심,저녁","맑음,비,눈,더위,추위","봄,여름,가을,겨울",6853430,https://www.10000recipe.com/recipe/6853430,찌개,,,9,,
간단한데 있어 보이는 베이컨 계란 볶음밥,한식,"계란,밥,베이컨,치즈,소금,후추,참기름,간장",10,쉬움,"아침,점심,야식","맑음,비,눈,더위,추위","봄,여름,가을,겨울",6854194,https://www.10000recipe.com/recipe/6854194,밥/죽/떡,,,9,,
"초간단 돼지고기 간장구이, 냉면에 곁들이면 좋은 달달짭쪼름 돼지고기",한식,"돼지고기목살,간장,맛술,설탕,간마늘",60,쉬움,저녁,"맑음,비,눈,더위,추위","봄,여름,가을,겨울",6855152,https://www.10000recipe.com/recipe/6855152,메인반찬,,,9,,
양파돈가스덮밥,한식,"돈가스,양파,계란,간장,맛술,설탕,물,밥",30,쉬움,"점심,저녁","맑음,비,눈,더위,추위","봄,여름,가을,겨울",6856289,https://www.10000recipe.com/recipe/6856289,밥/죽/떡,,,9,,
구운 새우 아보카도 샐러드,한식,"냉동생새우살,아보카도,어린잎채소,다진양파,레몬즙,떠먹는플레인요구르트,Coconut코코넛오일,소금,굵은후춧가루",30,보통,"점심,저녁","맑음,비,눈,더위,추위","봄,여름,가을,겨울",6857908,https://www.10000recipe.com/recipe/6857908,,,,9,,
'내맘대로 요리' 볶음우동 아닌 볶음칼국수,일식,"고추장,간장,올리고당,마늘,매실액,고춧가루,참기름,면,양배추,양파,청양고추,대파,당근,삶은계란",15,쉬움,"아침,점심,야식","맑음,비,눈,더위,추위","봄,여름,가을,겨울",6859072,https://www.10000recipe.com/recipe/6859072,면/만두,,,9,,
찬바람 불땐 얼큰한 대하탕 끓여 먹지요,한식,"대하,대파,무,양파,마늘,된장,쌀뜬물",15,쉬움,"아침,점심,야식","맑음,비,눈,더위,추위","봄,여름,가을,겨울",6860426,https://www.10000recipe.com/recipe/6860426,국/탕,,,9,,
알록☆달록★마늘듬뿍~갈릭포크스테이크,양식,"돼지고기안심,양파,양송이버섯,애호박,빨강,노랑파프리카,버터,청주,소금,후추,올리브유,마늘,설탕,통마늘편으로썬다",30,쉬움,"점심,저녁","맑음,비,눈,더위,추위","봄,여름,가을,겨울",6864348,https://www.10000recipe.com/recipe/6864348,양식,,,9,,
옥수수치즈만두 - 남은 만두피 활용 옥수수만두,한식,"만두피,옥수수,마요네즈,크림치즈,꿀또는올리고당,모짜렐라치즈,체다치즈",30,쉬움,"점심,저녁","맑음,비,눈,더위,추위","봄,여름,가을,겨울",6864736,https://www.10000recipe.com/recipe/6864736,면/만두,,,9,,
"새우떡갈비 만드는 법, 이색 새우요리 레시피",한식,"돼지고기,소고기,새우,밀가루,마늘,대파,간장,설탕,소금,참기름,후추,미림",30,보통,"점심,저녁","맑음,비,눈,더위,추위","봄,여름,가을,겨울",6865187,https://www.10000recipe.com/recipe/6865187,메인반찬,,,9,,
"한그릇요리 새우날치알볶음밥 만드는 법, 굴소스로 간편하게 ~",한식,"칵테일새우,날치알,애호박,양송이버섯,청피망작은크기,홍피망작은크기,양파,밥,참기름,통깨,소금",15,쉬움,"아침,점심,야식","맑음,비,눈,더위,추위","봄,여름,가을,겨울",6865859,https://www.10000recipe.com/recipe/6865859,밥/죽/떡,,,9,,
황금레시피 :: 쇠고기 & 떡을 이용한 궁중떡볶이 ★,한식,"쇠고기,떡국떡,양파,애호박,당근,버섯,간장,설탕,후추,간마늘,참기름",30,쉬움,"점심,저녁","맑음,비,눈,더위,추위","봄,여름,가을,겨울",6866163,https://www.10000recipe.com/recipe/6866163,밥/죽/떡,,,9,,
바지락 순두부찌개,한식,"순두부g,바지락,양파,마늘,호박,계란,대파,뿌리,청양고추,간장,식용유,고춧가루,매운고추가루,후추가루,멸치육수,소금,새우젓",15,쉬움,"아침,점심,야식","맑음,비,눈,더위,추위","봄,여름,가을,겨울",6866967,https://www.10000recipe.com/recipe/6866967,찌개,,,9,,
"한그릇요리, 채식버섯리조또, 두유버섯리조또만들기",한식,"찬밥,새송이버섯,파프리카,양파,두유,소금,후추,간장",30,쉬움,"점심,저녁","맑음,비,눈,더위,추위","봄,여름,가을,겨울",6867496,https://www.10000recipe.com/recipe/6867496,밥/죽/떡,,,9,,
초보자도 쉽게 끓일수 있는 묵은지닭탕 *^^*,한식,"토막난닭g,잘익은배추김치g,포기,대파,멸치다시마육수,고춧가루,고추장,마늘,간장,맛술,올리고당,후춧가루,소금,김칫국물",30,쉬움,"점심,저녁","맑음,비,눈,더위,추위","봄,여름,가을,겨울",6867605,https://www.10000recipe.com/recipe/6867605,국/탕,,,9,,
부대찌개,한식,"스팸,프랑크소시지,애호박,두부,돼지고기갈은것,익은김치,떡국떡,양파,포크빈스,느타리버섯,대파,사골육수나멸치육수,당면,라면사리등,육수,고춧가루,간장,마늘,맛술,소금,후추",30,쉬움,"점심,저녁","맑음,비,눈,더위,추위","봄,여름,가을,겨울",6868422,https://www.10000recipe.com/recipe/6868422,찌개,,,9,,
스팸듬뿍! 감자듬뿍! 보글보글♥ 스팸감자탕,한식,"스팸g,묵은지g,감자,대파cm,청양고추,후추,깻잎,물,고춧가루,고추장,된장,마늘,맛술,간장,들깨가루,설탕",30,쉬움,"점심,저녁","맑음,비,눈,더위,추위","봄,여름,가을,겨울",6869393,https://www.10000recipe.com/recipe/6869393,국/탕,,,9,,
【초간단+저칼로리】 시판육수로 새콤달콤 곤약냉면 만들기~,한식,"냉면육수,실곤약,고추장,간장,고춧가루,설탕,마늘,식초,겨자,다진김치",10,쉬움,"아침,점심,야식","맑음,비,눈,더위,추위","봄,여름,가을,겨울",6870268,https://www.10000recipe.com/recipe/6870268,면/만두,,,9,,
다이어트 한끼 식사로 제격인 닭가슴살 덮밥,한식,"밥,통조림닭가슴살,팽이버섯,양파,대파,청양고추,식용유,마늘,간장,물,소금,참기름,전분가루",10,쉬움,"아침,점심,야식","맑음,비,눈,더위,추위","봄,여름,가을,겨울",6872063,https://www.10000recipe.com/recipe/6872063,밥/죽/떡,,,9,,
백종원 감자짜글이 완전 밥도둑!!!,한식,"감자작은거,양파,통조림햄작은거,대파,청양고추,된장,고추장,고춧가루,간장,마늘,물,후추",30,쉬움,"점심,저녁","맑음,비,눈,더위,추위","봄,여름,가을,겨울",6872206,https://www.10000recipe.com/recipe/6872206,찌개,,,9,,
초간단 소시지 라면 파스타,양식,"라면사리,체다치즈,우유,파마산치즈가루,햄,소금,후추",15,쉬움,"아침,점심,야식","맑음,비,눈,더위,추위","봄,여름,가을,겨울",6872450,https://www.10000recipe.com/recipe/6872450,면/만두,,,9,,
"멸치 된장찌개 맛있게 끓이는 법, 천연조미료",한식,"된장,감자,양파,애호박,파흰부분cm,청양고추,홍고추,두부,팽이버섯,표고버섯가루,마늘,물약컵,다시마사방cm,멸치",30,보통,"점심,저녁","맑음,비,눈,더위,추위","봄,여름,가을,겨울",6874157,https://www.10000recipe.com/recipe/6874157,찌개,,,9,,
피쉬소스만 있으면 뚝딱 '태국식 닭고기 볶음밥 (카오팟까이)',한식,"마늘,양파,닭가슴살,대파,계란,찬밥,설탕,토마토웨지,오이슬라이스,고수",30,쉬움,"점심,저녁","맑음,비,눈,더위,추위","봄,여름,가을,겨울",6874433,https://www.10000recipe.com/recipe/6874433,밥/죽/떡,,,9,,
김치 비빔 국수 만들기(간단한 요리 레시피),한식,"국수소면g,김치,오이,얼음,깨,물,찬물,고추장,고춧가루,간장,설탕,식초,참기름",15,쉬움,"아침,점심,야식","맑음,비,눈,더위,추위","봄,여름,가을,겨울",6874810,https://www.10000recipe.com/recipe/6874810,면/만두,,,9,,
시판 사골육수로 즐기는 순댓국.,한식,"인스턴트사골곰탕,돼지고기,순대,대파,불린당면,들깨가루,후추가루,고춧가루,소금",15,쉬움,"아침,점심,야식","맑음,비,눈,더위,추위","봄,여름,가을,겨울",6875487,https://www.10000recipe.com/recipe/6875487,국/탕,,,9,,
"소고기말이(손님초대메뉴, 생일상에 좋아요)",한식,"소고기불고기감,노란파프리카,빨강파프리카,주황파프리카,간장,배즙,설탕,참기름,맛술,물",30,쉬움,"점심,저녁","맑음,비,눈,더위,추위","봄,여름,가을,겨울",6876261,https://www.10000recipe.com/recipe/6876261,메인반찬,,,9,,
백종원 레시피 어묵 콩나물찜(반찬으로 굿~!!),한식,"어묵,콩나물많이크게,파,뿌리,양파,고추장,고춧가루,설탕,간장,마늘,물,참기름",15,쉬움,"아침,점심,야식","맑음,비,눈,더위,추위","봄,여름,가을,겨울",6879578,https://www.10000recipe.com/recipe/6879578,메인반찬,,,9,,
김치콩나물국 끓이는 법 #국물요리,한식,"멸치다시마육수,콩나물g,김치,김치국물,대파,청양고추,홍고추,새우젓,마늘,고춧가루",60,쉬움,저녁,"맑음,비,눈,더위,추위","봄,여름,가을,겨울",6880150,https://www.10000recipe.com/recipe/6880150,국/탕,,,9,,
강식당.제주많은돼지라면 양념장,한식,"고춧가루,기름,다진양파,대파,마늘",15,쉬움,"아침,점심,야식","맑음,비,눈,더위,추위","봄,여름,가을,겨울",6881576,https://www.10000recipe.com/recipe/6881576,면/만두,,,9,,
시래깃국 - 얼큰한 시래기국 끓이는법,한식,"시래기,국거리용소고기,청양고추,대파,물,참기름,식용유,고춧가루,마늘,간장,액젓",90,쉬움,저녁,"맑음,비,눈,더위,추위","봄,여름,가을,겨울",6882735,https://www.10000recipe.com/recipe/6882735,국/탕,,,9,,
【느끼함제로】꿀조합으로 참치 스테이크 만들기~,양식,"참치캔g,양파,파프리카,깻잎,후추,계란,부침가루",30,쉬움,"점심,저녁","맑음,비,눈,더위,추위","봄,여름,가을,겨울",6882843,https://www.10000recipe.com/recipe/6882843,메인반찬,,,9,,
시금치베이컨볶음,한식,"시금치원하는만큼,통마늘,베이컨,소금,식빵,계란",30,쉬움,"점심,저녁","맑음,비,눈,더위,추위","봄,여름,가을,겨울",6882848,https://www.10000recipe.com/recipe/6882848,메인반찬,,,9,,
얼큰소고기무국 만드는 법 얼큰해서 더 맛있어요 !,한식,"무,콩나물,국거리용소고기,대파,멸치다시마육수,참기름,고춧가루,간장,마늘,소금",30,쉬움,"점심,저녁","맑음,비,눈,더위,추위","봄,여름,가을,겨울",6883752,https://www.10000recipe.com/recipe/6883752,국/탕,,,9,,
순두부찌개 끓이는법 얼큰하니 좋다,한식,"순두부,바지락,멸치육수,고춧가루,마늘,소금,계란,썰은대파,식용유,굵은소금",10,쉬움,"아침,점심,야식","맑음,비,눈,더위,추위","봄,여름,가을,겨울",6884385,https://www.10000recipe.com/recipe/6884385,찌개,,,9,,
참치밥전 - 찬밥 해결하기,한식,"참치캔,계란,양파,대파,당근,옥수수콘,백미,부침가루,마늘,멸치액젓,소금,설탕",60,쉬움,저녁,"맑음,비,눈,더위,추위","봄,여름,가을,겨울",6884594,https://www.10000recipe.com/recipe/6884594,밥/죽/떡,,,9,,
초.간.단 딤섬♥게맛살딤섬,한식,"게맛살,라이스페이퍼,부추,양파,계란,참기름,소금,후추,물,청양고추,간장,식초,설탕",30,쉬움,"점심,저녁","맑음,비,눈,더위,추위","봄,여름,가을,겨울",6885927,https://www.10000recipe.com/recipe/6885927,면/만두,,,9,,
계란국 달걀국 끓이는법 10분 완성,한식,"멸치다시마육수,계란,두부,간장,마늘,소금,대파",10,쉬움,"아침,점심,야식","맑음,비,눈,더위,추위","봄,여름,가을,겨울",6886982,https://www.10000recipe.com/recipe/6886982,국/탕,,,9,,
일본풍 정통 스키야끼 만들기,한식,"샤브샤브용소고기,표고버섯,팽이버섯,대파,배추,양파,우동,유정란,식용유,쯔유,물",15,쉬움,"아침,점심,야식","맑음,비,눈,더위,추위","봄,여름,가을,겨울",6887121,https://www.10000recipe.com/recipe/6887121,찌개,,,9,,
우리육우로 만든 양배추불고기롤 도시락,한식,"밥,양배추넓은것,소고기불고기,다진쪽파,얇게썬양파,식초,설탕,참기름,미림,소금,간장,소주,매실청,마늘,후추가루",60,보통,저녁,"맑음,비,눈,더위,추위","봄,여름,가을,겨울",6889513,https://www.10000recipe.com/recipe/6889513,,,,9,,
바삭바삭 POP!♥팝탕수만두,한식,"냉동물만두,봉지,양파,파프리카,물,간장,식초,설탕,전분가루",60,보통,저녁,"맑음,비,눈,더위,추위","봄,여름,가을,겨울",6890193,https://www.10000recipe.com/recipe/6890193,면/만두,,,9,,
뚝딱 두부 돼지고기 야채전,한식,"두부,돼지고기다짐육,당근,양파,대파,호박,계란,후추,소금,마늘,참기름",30,쉬움,"점심,저녁","맑음,비,눈,더위,추위","봄,여름,가을,겨울",6890394,https://www.10000recipe.com/recipe/6890394,메인반찬,,,9,,
집밥백선생님의♥김치찌개,한식,"김치,돼지고기찌개용,대파,청양고추,쌀뜨물,간장,고운고춧가루,굵은고춧가루,마늘,된장,새우젓",30,쉬움,"점심,저녁","맑음,비,눈,더위,추위","봄,여름,가을,겨울",6891287,https://www.10000recipe.com/recipe/6891287,찌개,,,9,,
훈제오리덮밥 만들기,한식,"훈제오리,양파,대파,설탕,간장,마늘,고춧가루,후추",10,쉬움,"아침,점심,야식","맑음,비,눈,더위,추위","봄,여름,가을,겨울",6891471,https://www.10000recipe.com/recipe/6891471,밥/죽/떡,,,9,,
크래미 계란탕~*,한식,"계란,크래미,대파,다시멸치,물,새우젓,소금",30,쉬움,"점심,저녁","맑음,비,눈,더위,추위","봄,여름,가을,겨울",6892106,https://www.10000recipe.com/recipe/6892106,국/탕,,,9,,
김치 말이국수,한식,"배추김치,포기,소면인분,오이,김치국물,고추장,식초,설탕,마늘,참기름",30,쉬움,"점심,저녁","맑음,비,눈,더위,추위","봄,여름,가을,겨울",6892663,https://www.10000recipe.com/recipe/6892663,면/만두,,,9,,
베이컨 김치말이밥,한식,"베이컨,밥,김장배추김치,참기름,깨소금",30,쉬움,"점심,저녁","맑음,비,눈,더위,추위","봄,여름,가을,겨울",6892882,https://www.10000recipe.com/recipe/6892882,밥/죽/떡,,,9,,
얼큰한 소고기국 밥말아~소고기 국밥으로 변신 후루룩 한끼식사해요,한식,"소고기국거리,콩나물,무,대파,청양고추,물,고춧가루,마늘,액젓,간장,맛술,참기름,후추",30,쉬움,"점심,저녁","맑음,비,눈,더위,추위","봄,여름,가을,겨울",6893233,https://www.10000recipe.com/recipe/6893233,국/탕,,,9,,
오이 비빔국수 만들기,한식,"국수,오이,진미채,양파,간장,고춧가루,마늘,다진대파,설탕,맛술,식초,올리고당,참기름,통깨",60,쉬움,저녁,"맑음,비,눈,더위,추위","봄,여름,가을,겨울",6893987,https://www.10000recipe.com/recipe/6893987,면/만두,,,9,,
【초간단】갈릭버터새우 만들기~,한식,"새우,마늘,버터,소금,후추",10,쉬움,"아침,점심,야식","맑음,비,눈,더위,추위","봄,여름,가을,겨울",6895082,https://www.10000recipe.com/recipe/6895082,메인반찬,,,9,,
꼬꼬아찌 숯불치킨,한식,"닭가슴살,불닭볶음면,고추장,간장,고춧가루,설탕,양파,대파",15,쉬움,"아침,점심,야식","맑음,비,눈,더위,추위","봄,여름,가을,겨울",6896977,https://www.10000recipe.com/recipe/6896977,메인반찬,,,9,,
저칼로리 매콤 달콤한 곤약 비빔 국수 만들기,한식,"실곤약,계란,양파,당근,여러채소,고추장,고춧가루,간장,마늘,식초,매실액,올리고당,참기름,통깨",30,쉬움,"점심,저녁","맑음,비,눈,더위,추위","봄,여름,가을,겨울",6898363,https://www.10000recipe.com/recipe/6898363,면/만두,,,9,,
명란비빔우동 명란알이 톡톡톡! 꼬숩 짭짤♥,일식,"냉동우동면,명란젓,마요네즈,후추,송송썬쪽파,쯔유,달걀노른자,참기름,통깨",30,쉬움,"점심,저녁","맑음,비,눈,더위,추위","봄,여름,가을,겨울",6898428,https://www.10000recipe.com/recipe/6898428,면/만두,,,9,,
5분 투자하면 만들 수 있는 백순 두부찌개 만드는 방법!,한식,"마늘,순두부,대파,양파,애호박,새우젓,청양고추,바지락",10,쉬움,"아침,점심,야식","맑음,비,눈,더위,추위","봄,여름,가을,겨울",6899093,https://www.10000recipe.com/recipe/6899093,찌개,,,9,,
동태찌개 만드는 법,한식,"동태사이즈가작아요,무,두부,쑥갓,대파,멸치다시마육수,홍고추,청양고추,고춧가루,고추장,간장,마늘,생강가루,후춧가루,육수,굵은소금,맛술",90,쉬움,저녁,"맑음,비,눈,더위,추위","봄,여름,가을,겨울",6900362,https://www.10000recipe.com/recipe/6900362,찌개,,,9,,
밥없는 닭가슴살 다이어트 김밥,한식,"김밥김,훈제닭가슴살,오이,파프리카,새싹채소",10,쉬움,"아침,점심,야식","맑음,비,눈,더위,추위","봄,여름,가을,겨울",6900690,https://www.10000recipe.com/recipe/6900690,밥/죽/떡,,,9,,
"영양만점 겨울보양식 ""시래기삼겹살찜""♪",양식,"시래기혹은무청g,삼겹살,대파,시판용된장,시판용쌈장,통마늘,간장,멸치액젓,매실액기스,물",60,쉬움,저녁,"맑음,비,눈,더위,추위","봄,여름,가을,겨울",6900693,https://www.10000recipe.com/recipe/6900693,메인반찬,,,9,,
부대찌개 집에서 쉽게 만들어 드세요~,한식,"김치,프랑크소시지,리챔,참치캔,베이크드빈콩,청양고추,대파,소금,설탕",30,쉬움,"점심,저녁","맑음,비,눈,더위,추위","봄,여름,가을,겨울",6901597,https://www.10000recipe.com/recipe/6901597,찌개,,,9,,
스팸돈부리 덮밥 간단한 스팸요리,한식,"스팸,양파,대파,계란,간장,설탕,물",20,쉬움,"점심,저녁","맑음,비,눈,더위,추위","봄,여름,가을,겨울",6901900,https://www.10000recipe.com/recipe/6901900,밥/죽/떡,,,9,,
"우동국물 똑같은 계란탕, 초간단 중국식 계란탕, 해물계란탕",일식,"계란,해물믹스,양파중간사이즈개,맛살중간길이맛살줄,부추원동전크기줄기,파썰어서큰술,마늘,참기름,간장,소금,물,다시마손바닥크기,전분",30,쉬움,"점심,저녁","맑음,비,눈,더위,추위","봄,여름,가을,겨울",6902540,https://www.10000recipe.com/recipe/6902540,국/탕,,,9,,
<노오븐> 바삭바삭 달콤한 간식 바나나 또띠아 만들기,한식,"또띠아,바나나,견과류,피자치즈,설탕,계피가루",15,쉬움,"아침,점심,야식","맑음,비,눈,더위,추위","봄,여름,가을,겨울",6904454,https://www.10000recipe.com/recipe/6904454,,,,9,,
동글동글 귀엽고 맛있는 고기말이 주먹밥 만들기,한식,"소고기술라이스불고깃감,밥,공기,부추,배추김치,식용유,참기름,통깨,간장,물,설탕",30,쉬움,"점심,저녁","맑음,비,눈,더위,추위","봄,여름,가을,겨울",6904538,https://www.10000recipe.com/recipe/6904538,밥/죽/떡,,,9,,
단호박 에그슬럿 달달하고 고급지쥬~?,양식,"단호박,계란,소금,후추,모짜렐라치즈",20,쉬움,"점심,저녁","맑음,비,눈,더위,추위","봄,여름,가을,겨울",6904812,https://www.10000recipe.com/recipe/6904812,양식,,,9,,
매콤한 김치비빔국수 비법은 양념장,한식,"소면원동전크기,김장김치,간장,고추장,고춧가루,마늘,설탕,참기름",20,쉬움,"점심,저녁","맑음,비,눈,더위,추위","봄,여름,가을,겨울",6906071,https://www.10000recipe.com/recipe/6906071,면/만두,,,9,,
스팸돈부리 만들기(feat.부드러운 계란물),한식,"스팸작은거,양파,계란,간장,설탕,물",15,쉬움,"아침,점심,야식","맑음,비,눈,더위,추위","봄,여름,가을,겨울",6908212,https://www.10000recipe.com/recipe/6908212,밥/죽/떡,,,9,,
돼지고기 고추장찌개 감자와 보글보글,한식,"돼지고기,감자,양파,애호박,청양고추,대파,식용유,멸치육수,고춧가루,고추장,새우젓,간장,맛술,후추",20,쉬움,"점심,저녁","맑음,비,눈,더위,추위","봄,여름,가을,겨울",6908745,https://www.10000recipe.com/recipe/6908745,찌개,,,9,,
수미네 반찬 오징어 뭇국,한식,"무,물,오징어,양파,대파,청양고추,홍고추,다시팩,간장,마늘,다진생강,고운소금",30,쉬움,"점심,저녁","맑음,비,눈,더위,추위","봄,여름,가을,겨울",6911526,https://www.10000recipe.com/recipe/6911526,국/탕,,,9,,
소고기무국,한식,"소고기양지국거리용,무,간장,참기름,소금작은,마늘,맛술,후추,멸치육수용",30,쉬움,"점심,저녁","맑음,비,눈,더위,추위","봄,여름,가을,겨울",6914938,https://www.10000recipe.com/recipe/6914938,국/탕,,,9,,
간편 국/깔끔한 감자국,한식,"감자,대파,다시멸치,다시마,물,액젓,마늘,후추",30,쉬움,"점심,저녁","맑음,비,눈,더위,추위","봄,여름,가을,겨울",6915040,https://www.10000recipe.com/recipe/6915040,국/탕,,,9,,
꽃등심으로 만든 찹스테이크,양식,"꽃등심,파프리카,브로콜리,양파,올리브오일,소금,케첩,올리고당,간마늘,후추",60,쉬움,저녁,"맑음,비,눈,더위,추위","봄,여름,가을,겨울",6915922,https://www.10000recipe.com/recipe/6915922,양식,,,9,,
차돌박이 된장찌개 감칠맛 백종원 팁,한식,"차돌박이,양파,애호박,버섯,청양고추,홍고추,감자,두부,대파,된장,고추장,마늘,설탕,고춧가루,쌀뜨물",15,쉬움,"아침,점심,야식","맑음,비,눈,더위,추위","봄,여름,가을,겨울",6917332,https://www.10000recipe.com/recipe/6917332,찌개,,,9,,
집에서 푸짐하게 즐기는 부대찌개 황금레시피,한식,"스팸,소세지,베이컨,다진소고기,김치,양파,파,팽이버섯,청양고추,두부,슬라이스체다치즈,스모크빈,라면사리,물,다시마,고춧가루,마늘,간장,후추,맛술,김칫국물,베이크빈국물",30,쉬움,"점심,저녁","맑음,비,눈,더위,추위","봄,여름,가을,겨울",6919633,https://www.10000recipe.com/recipe/6919633,찌개,,,9,,
스팸돈부리덮밥 초간단 스팸요리,한식,"스팸,양파,계란,대파,간장,설탕,물",10,쉬움,"아침,점심,야식","맑음,비,눈,더위,추위","봄,여름,가을,겨울",6920657,https://www.10000recipe.com/recipe/6920657,밥/죽/떡,,,9,,
초간단요리 휘리릭 한끼식사로 맛있는 버터계란볶음밥,한식,"밥,계란,소금,버터,퍼",10,쉬움,"아침,점심,야식","맑음,비,눈,더위,추위","봄,여름,가을,겨울",6920930,https://www.10000recipe.com/recipe/6920930,밥/죽/떡,,,9,,
"[다이어트] 저탄고지 고단백 영양식, 새우 브로콜리 볶음",양식,"새우,브로콜리송이,홍피망,통마늘,올리브오일,아보카도오일,소금,후추",30,쉬움,"점심,저녁","맑음,비,눈,더위,추위","봄,여름,가을,겨울",6921400,https://www.10000recipe.com/recipe/6921400,메인반찬,,,9,,
마늘볶음밥 (feat.베이컨) 간단 밥요리 레시피,한식,"베이컨,마늘,밥,간장,버터",10,쉬움,"아침,점심,야식","맑음,비,눈,더위,추위","봄,여름,가을,겨울",6921894,https://www.10000recipe.com/recipe/6921894,밥/죽/떡,,,9,,
영양가가 풍부한 달걀 대파 굴국,한식,"굴,대파,계란,청양고추,홍고추,물,참치액,들기름,후추,깨",30,쉬움,"점심,저녁","맑음,비,눈,더위,추위","봄,여름,가을,겨울",6922950,https://www.10000recipe.com/recipe/6922950,국/탕,,,9,,
백종원 김치찌개 돼지고기 듬뿍 넣은 레시피,한식,"김치종,돼지고기앞다리살,쌀뜨물,된장,대파,청양고추,고춧가루,간장,설탕,마늘",15,쉬움,"아침,점심,야식","맑음,비,눈,더위,추위","봄,여름,가을,겨울",6926162,https://www.10000recipe.com/recipe/6926162,찌개,,,9,,
도담레시피 고깃집된장찌개 레시피 차돌박이 된장찌개,한식,"차돌박이,된장,대파,무우,감자,간마늘,두부,물",20,쉬움,"점심,저녁","맑음,비,눈,더위,추위","봄,여름,가을,겨울",6927892,https://www.10000recipe.com/recipe/6927892,찌개,,,9,,
시원하고 개운한 오징어 콩나물국,한식,"콩나물,오징어,무,다시팩,소금,고추장,고춧가루,마늘,간장,맛술,멸치액젓",20,쉬움,"점심,저녁","맑음,비,눈,더위,추위","봄,여름,가을,겨울",6928102,https://www.10000recipe.com/recipe/6928102,국/탕,,,9,,
케첩으로 만드는 중독성갑 초간단 나폴리탄파스타,양식,"파스타면,소세지,양파,설탕,케첩",20,쉬움,"점심,저녁","맑음,비,눈,더위,추위","봄,여름,가을,겨울",6928908,https://www.10000recipe.com/recipe/6928908,면/만두,,,9,,
낙삼새 만들기! 곱창 대신 삼겹살로~,한식,"삼겹살,새우,낙지,양배추,대파,양파,당근,청양고추,고추장,고춧가루,간장,올리고당,설탕,미향,마늘,다시다",60,보통,저녁,"맑음,비,눈,더위,추위","봄,여름,가을,겨울",6931056,https://www.10000recipe.com/recipe/6931056,메인반찬,,,9,,
돼지고기 짬뽕 맛잇게 만들기,중식,"돼지고기채썬것,양파채,당근채,숙주나물,부추,식용유,마른고추,마늘,대파채,간장,미원,꽃소금,후추가루,고춧가루",10,쉬움,"아침,점심,야식","맑음,비,눈,더위,추위","봄,여름,가을,겨울",6932023,https://www.10000recipe.com/recipe/6932023,면/만두,,,9,,
밍글 최애 반찬♥슈렉 색깔 시금치 커리 만들기♥,한식,"시금치,닭가슴살,마늘,카레가루,휘핑크림or요거트,소금,식용유",20,쉬움,"점심,저녁","맑음,비,눈,더위,추위","봄,여름,가을,겨울",6932862,https://www.10000recipe.com/recipe/6932862,국/탕,,,9,,
[집밥] 5분안에 만드는 초간단 고추참치순두부찌개,한식,"고추참치,순두부,청양고추,계란,고춧가루,된장,후추,마늘,물",5,쉬움,"아침,점심,야식","맑음,비,눈,더위,추위","봄,여름,가을,겨울",6937382,https://www.10000recipe.com/recipe/6937382,찌개,,,9,,
버섯을 고기식감처럼 먹을 수 있는 맛남의광장 백종원의 느타리두루치기 ♥,한식,"느타리버섯,양파,애호박,대파,청양고추,고추장,간장,설탕,간마늘,고춧가루,후추,참기름",30,쉬움,"점심,저녁","맑음,비,눈,더위,추위","봄,여름,가을,겨울",6937451,https://www.10000recipe.com/recipe/6937451,메인반찬,,,9,,
백파더! 백종원의 참치동그랑땡 & 참치함박 & 참치캔 계량법까지!,한식,"참치,양파,대파,청양고추,마늘,부침가루,계란,간장,설탕,케찹,버터,물",20,쉬움,"점심,저녁","맑음,비,눈,더위,추위","봄,여름,가을,겨울",6938819,https://www.10000recipe.com/recipe/6938819,메인반찬,,,9,,
인생 비빔국수,한식,"소면,고추장,설탕,매실액,참기름,식초,간장,마늘,대파",15,쉬움,"아침,점심,야식","맑음,비,눈,더위,추위","봄,여름,가을,겨울",6939410,https://www.10000recipe.com/recipe/6939410,면/만두,,,9,,
"(아기반찬, 아기국) 황태무콩나물국",한식,"황태가볍게,콩나물크게,무,물,양파,대파,아기간장,들기름",20,쉬움,"점심,저녁","맑음,비,눈,더위,추위","봄,여름,가을,겨울",6941516,https://www.10000recipe.com/recipe/6941516,국/탕,,,9,,
흑미밥과 달달한 고구마를 넣은 달달 크림리조또 ! 고구마리조또 ♥,한식,"밥,공기,고구마,양송이버섯,다진양파,마늘,올리브유,우유,파마산치즈가루,소금,후추",30,쉬움,"점심,저녁","맑음,비,눈,더위,추위","봄,여름,가을,겨울",6944403,https://www.10000recipe.com/recipe/6944403,밥/죽/떡,,,9,,
신김치로 끓여먹는 경상도식 김치밥국 아시나요??,한식,"신김치,다시멸치,국수,밥,콩나물,계란,간장,참기름,대파,김가루",15,쉬움,"아침,점심,야식","맑음,비,눈,더위,추위","봄,여름,가을,겨울",6944511,https://www.10000recipe.com/recipe/6944511,국/탕,,,9,,
"시원한 국물맛 새우전골, 새우탕 끓이기",한식,"멸치다시마육수,생새우,무,양파,호박,대파,홍고추,풋고추,쑥갓,버섯,고춧가루,된장,마늘,맛술,간장,소금",30,쉬움,"점심,저녁","맑음,비,눈,더위,추위","봄,여름,가을,겨울",6948486,https://www.10000recipe.com/recipe/6948486,국/탕,,,9,,
백종원 김치 비빔국수 만드는법 양념장 황금비율 레시피,한식,"소면원동전크기,상추,김치,고추장,설탕,식초,간장,참기름",10,쉬움,"아침,점심,야식","맑음,비,눈,더위,추위","봄,여름,가을,겨울",6949060,https://www.10000recipe.com/recipe/6949060,면/만두,,,9,,
참치김치찌개 끓이기,한식,"김치,참치,햄,양파,대파,물,고춧가루,설탕,고추장,간장,마늘",30,쉬움,"점심,저녁","맑음,비,눈,더위,추위","봄,여름,가을,겨울",6949242,https://www.10000recipe.com/recipe/6949242,찌개,,,9,,
메쉬드포테이토,양식,"감자,버터,우유,소금,후추,파슬리가루",30,쉬움,"점심,저녁","맑음,비,눈,더위,추위","봄,여름,가을,겨울",6950683,https://www.10000recipe.com/recipe/6950683,양식,,,9,,
돼지 앞다리살로 얼큰하고 시원한 돼지고기 배추 뭇국 끓이는법,한식,"돼지앞다리살,무썰어서,배추,소주,고춧가루,액젓,생강,간장,대파,양파,마늘",30,쉬움,"점심,저녁","맑음,비,눈,더위,추위","봄,여름,가을,겨울",6951105,https://www.10000recipe.com/recipe/6951105,국/탕,,,9,,
"부드럽고 맑은 국물요리, 연두부 새우 계란탕",한식,"연두부,계란,칵테일새우,다진쪽파,자른다시마,물,참치액젓,간장,소금,후추",15,쉬움,"아침,점심,야식","맑음,비,눈,더위,추위","봄,여름,가을,겨울",6951245,https://www.10000recipe.com/recipe/6951245,국/탕,,,9,,
다이어트식단~브로콜리 당근 닭가슴살 스크램블!,양식,"닭가슴살,당근,등분,브로콜리자른것,계란,소금,올리브유",10,쉬움,"아침,점심,야식",맑음,봄,6952367,https://www.10000recipe.com/recipe/6952367,양식,담백함,봄,9,,
군산에서 맛있다고 소문난 잡채! 군산매운잡채,한식,"시금치,당근,당면,양파,어묵,대파,팽이버섯,통깨,물,고춧가루,간장,마늘,고추장,설탕,올리고당,참기름",30,쉬움,"점심,저녁","맑음,비,눈,더위,추위","봄,여름,가을,겨울",6953218,https://www.10000recipe.com/recipe/6953218,면/만두,,,9,,
쉽고 간단한 감자 새우젓국,한식,"감자,대파,멸치육수,청양고추,새우젓,마늘",30,쉬움,"점심,저녁","맑음,비,눈,더위,추위","봄,여름,가을,겨울",6960607,https://www.10000recipe.com/recipe/6960607,국/탕,,,9,,
칼칼한 김치콩나물국 끓이기,한식,"익은김치,콩나물,양파,대파,청양고추,홍고추,마늘,물,김치국물,멸치액젓,간장,설탕,소금,고춧가루",30,쉬움,"점심,저녁","맑음,비,눈,더위,추위","봄,여름,가을,겨울",6965415,https://www.10000recipe.com/recipe/6965415,국/탕,,,9,,
파기름을 겻들인 순두부 쫄면 찌개 레시피,한식,"순두부,쫄면,대파,식용유,청양고추,고춧가루,간장,참치액,물,계란",30,쉬움,"점심,저녁","맑음,비,눈,더위,추위","봄,여름,가을,겨울",6973048,https://www.10000recipe.com/recipe/6973048,찌개,,,9,,
순두부찜 (다이어트음식에 아주 좋은 순두부요리),한식,"순두부,대파,홍고추,마늘,간장,참치액,맛술,참기름,통깨,고춧가루",10,쉬움,"아침,점심,야식","맑음,비,눈,더위,추위","봄,여름,가을,겨울",6975337,https://www.10000recipe.com/recipe/6975337,메인반찬,고소함,미분류,9,,
"두부스팸짜글이, 간단한 한끼 스팸두부조림 레시피",한식,"두부,스팸,양파,대파,물,깨소금,고춧가루,간장,참치액,설탕,고추장,마늘",30,쉬움,"점심,저녁","맑음,비,눈,더위,추위","봄,여름,가을,겨울",6995768,https://www.10000recipe.com/recipe/6995768,메인반찬,,,9,,
국물이 꾸덕해서 맛있는 닭볶음탕,한식,"닭호호,감자,당근,양파,대파,청양고추,물,식용유,고춧가루,마늘,간장,설탕,고추장,된장,소고기다시다,강판",60,쉬움,저녁,"맑음,비,눈,더위,추위","봄,여름,가을,겨울",7005238,https://www.10000recipe.com/recipe/7005238,메인반찬,,,9,,
알배추 두부참치롤 도리돌돌 말면 한입컷,한식,"알배추,두부,참치,계란,소금,후추,실리콘주걱",15,쉬움,"아침,점심,야식","맑음,비,눈,더위,추위","봄,여름,가을,겨울",7006705,https://www.10000recipe.com/recipe/7006705,,,,9,,
새송이버섯소고기볶음 끼니마다 가족들이 이것만 찾아요~ ‼️,한식,"새송이버섯,국거리소고기,양파,대파,청양고추,간장,참기름,참치액젓,설탕,물엿,후추,마늘",15,쉬움,"아침,점심,야식","맑음,비,눈,더위,추위","봄,여름,가을,겨울",7010976,https://www.10000recipe.com/recipe/7010976,,,,9,,
굴소스 팽이버섯 계란 덮밥 만들기 한 그릇 레시피,한식,"밥,팽이버섯,계란,대파,식용유,간장,물,참기름",10,쉬움,"아침,점심,야식",맑음,봄,7065887,https://www.10000recipe.com/recipe/7065887,밥/죽/떡,짭짤함,봄,9,,
찰떡속 딸기 스트로베리 모치,한식,"찹쌀가루,물,딸기가루,팥앙금,딸기,전분,올리고당,소금",15,쉬움,"아침,점심,야식",맑음,봄,1828534,https://www.10000recipe.com/recipe/1828534,밥/죽/떡,짭짤함,봄,8,,
깔끔하게 매운 오징어볶음덮밥,한식,"오징어,양파,대파,양배추,청양고추작은것,마늘,참기름,통깨,태양초고춧가루,설탕,간장,청주,청주오징어데칠때사용,진간장마지막단계에사용",30,쉬움,"점심,저녁","맑음,비,눈,더위,추위","봄,여름,가을,겨울",4089151,https://www.10000recipe.com/recipe/4089151,밥/죽/떡,,,8,,
누가 끓여도 맛있는 얼큰한 김치 어묵찌개,한식,"신김치,포기,김치국물,육수,사각어묵,당면,설탕,참기름",30,쉬움,"점심,저녁","맑음,비,눈,더위,추위","봄,여름,가을,겨울",4601486,https://www.10000recipe.com/recipe/4601486,찌개,,,8,,
[봄맞이메뉴] 영양만점 시금치크림파스타 만들기,양식,"마늘,베이컨,양파,시금치,단,파스타면,우유,생크림,파마산치즈가루,소금,후추",9,쉬움,"아침,점심,야식","맑음,비,눈,더위,추위","봄,여름,가을,겨울",6621266,https://www.10000recipe.com/recipe/6621266,면/만두,,,8,,
청경채맛살탕/스프,한식,"청경채,게맛살작은거,달걀흰자,전분,물,소금,후추",30,쉬움,"점심,저녁","맑음,비,눈,더위,추위","봄,여름,가을,겨울",6707704,https://www.10000recipe.com/recipe/6707704,국/탕,,,8,,
소고기 파프리카말이,한식,"소고기불고기감,파프리카,깻잎,간장,매실청,올리고당,맛술,참기름,마늘",30,쉬움,"점심,저녁","맑음,비,눈,더위,추위","봄,여름,가을,겨울",6796725,https://www.10000recipe.com/recipe/6796725,메인반찬,,,8,,
이색라면요리 김치볶음면,한식,"라면사리,신김치,마늘,대파,청양고추홍색,청양고추청색,햄,올리브유,참기름,통깨,간장,김치국물,후춧가루",10,쉬움,"아침,점심,야식","맑음,비,눈,더위,추위","봄,여름,가을,겨울",6829148,https://www.10000recipe.com/recipe/6829148,면/만두,,,8,,
백종원 비빔국수,한식,"소면,김치,김가루,간장,설탕,고추장,고춧가루,참기름",30,쉬움,"점심,저녁","맑음,비,눈,더위,추위","봄,여름,가을,겨울",6831983,https://www.10000recipe.com/recipe/6831983,면/만두,,,8,,
[두부찌개] 얼큰한 두부찌개 만들어볼까요 -양싸,한식,"두부,애호박,대파,양파,청양고추,국멸치,마늘,고춧가루,굵은소금,참기름,새우젓,간장,맛소금",30,쉬움,"점심,저녁","맑음,비,눈,더위,추위","봄,여름,가을,겨울",6832471,https://www.10000recipe.com/recipe/6832471,찌개,,,8,,
떡볶이 파스타 만들기,양식,"떡볶이떡,스파게티면,마늘,채썬양파,파잘게썬,모차렐라치즈,버터,고추장,고춧가루,토마토케찹",15,쉬움,"아침,점심,야식","맑음,비,눈,더위,추위","봄,여름,가을,겨울",6832633,https://www.10000recipe.com/recipe/6832633,면/만두,,,8,,
도시락 메뉴 추천! 베이컨치즈말이 주먹밥,한식,"베이컨,밥,주먹밥가루,치즈,계란",30,쉬움,"점심,저녁","맑음,비,눈,더위,추위","봄,여름,가을,겨울",6832637,https://www.10000recipe.com/recipe/6832637,밥/죽/떡,,,8,,
"[일본가정식] 예쁜 색으로 식욕 돋구고 맛으로 반하는 삼색소보로덮밥 (そぼろどん) :: 돼지고기, 계란, 쪽파",한식,"다진돼지고기,대파,계란,간장,설탕,청주,물,소금,생강가루",30,쉬움,"점심,저녁","맑음,비,눈,더위,추위","봄,여름,가을,겨울",6833629,https://www.10000recipe.com/recipe/6833629,밥/죽/떡,,,8,,
건새우무국 끓이기,한식,"무,건새우,대파,마늘,간장,소금",15,쉬움,"아침,점심,야식","맑음,비,눈,더위,추위","봄,여름,가을,겨울",6835427,https://www.10000recipe.com/recipe/6835427,국/탕,,,8,,
찹스테이크 만들기,양식,"소고기,파프리카,양파,청량고추,마늘,후추,케찹",30,쉬움,"점심,저녁","맑음,비,눈,더위,추위","봄,여름,가을,겨울",6837531,https://www.10000recipe.com/recipe/6837531,양식,,,8,,
간편하고 쉬운 토마토닭가슴살리조또 만들기,한식,"밥,닭가슴살,양파,당근,감자,버섯,파,우유",15,쉬움,"아침,점심,야식","맑음,비,눈,더위,추위","봄,여름,가을,겨울",6837793,https://www.10000recipe.com/recipe/6837793,밥/죽/떡,,,8,,
얼큰하고 담백하고 맛있는 마늘부추라면 레시피(마늘땡기면 by남성렬셰프),한식,"라면,마늘,부추,고추장,고춧가루",10,쉬움,"아침,점심,야식","맑음,비,눈,더위,추위","봄,여름,가을,겨울",6838244,https://www.10000recipe.com/recipe/6838244,면/만두,,,8,,
[간단아침메뉴] 백종원 에그스크램블 스크램블에그,양식,"우유,버터,소주컵,소금,설탕,후추",15,쉬움,"아침,점심,야식","맑음,비,눈,더위,추위","봄,여름,가을,겨울",6838563,https://www.10000recipe.com/recipe/6838563,양식,,,8,,
"아기국, 맑은 오징어국 만들기",한식,"순살오징어,무,멸치육수,마늘,대파,간장,소금",15,쉬움,"아침,점심,야식","맑음,비,눈,더위,추위","봄,여름,가을,겨울",6838971,https://www.10000recipe.com/recipe/6838971,국/탕,,,8,,
"""돼지고기 고추장찌개""♪",한식,"돼지고기,감자,당근,양파,호박,대파,물,멸치액젓,고추장,고춧가루,간장,마늘",60,쉬움,저녁,"맑음,비,눈,더위,추위","봄,여름,가을,겨울",6841751,https://www.10000recipe.com/recipe/6841751,찌개,,,8,,
오븐 없이 스팸 프리타타 만드는 법 레시피,양식,"양파,브로콜리,새송이버섯,스팸,통,방울토마토,피자치즈,계란,우유,마늘,소금,후추",60,보통,저녁,"맑음,비,눈,더위,추위","봄,여름,가을,겨울",6841766,https://www.10000recipe.com/recipe/6841766,양식,,,8,,
배추만두(18~20개),한식,"돼지고기갈은것,잘익은김치,포기,부추,양파,맛술,마늘,참기름,소금,후추,시금치,밀가루중력분,시금치즙,식용유",60,쉬움,저녁,"맑음,비,눈,더위,추위","봄,여름,가을,겨울",6842530,https://www.10000recipe.com/recipe/6842530,면/만두,,,8,,
5분 만두그라탕 만들기,양식,"치즈,체다치즈,만두",5,쉬움,"아침,점심,야식","맑음,비,눈,더위,추위","봄,여름,가을,겨울",6849937,https://www.10000recipe.com/recipe/6849937,양식,,,8,,
내맘대로 요리@ 초간단 시~원한 비빔물냉면,한식,"냉면사리,오이,무쌈,삶은계란,각얼음,고추장,고춧가루,마늘,깨소금,올리고당,참기름,식초",10,쉬움,"아침,점심,야식","맑음,비,눈,더위,추위","봄,여름,가을,겨울",6850872,https://www.10000recipe.com/recipe/6850872,면/만두,,,8,,
만두요리/깐풍만두 만들기,한식,"냉동만두,양파,청양고추,간장,식초,올리고당,깨",30,쉬움,"점심,저녁","맑음,비,눈,더위,추위","봄,여름,가을,겨울",6851198,https://www.10000recipe.com/recipe/6851198,면/만두,,,8,,
바쁜아침 든든한 새우 볶음밥,한식,"백미,새우,계란,파,올리브오일,간장",10,쉬움,"아침,점심,야식","맑음,비,눈,더위,추위","봄,여름,가을,겨울",6851265,https://www.10000recipe.com/recipe/6851265,밥/죽/떡,,,8,,
초간단 바지락찜,한식,"바지락,청주,물,마늘,버터,청양고추",15,쉬움,"아침,점심,야식","맑음,비,눈,더위,추위","봄,여름,가을,겨울",6852553,https://www.10000recipe.com/recipe/6852553,국/탕,,,8,,
"얼큰 두부 애호박찌개, 초간단 찌개",한식,"두부,애호박,대파,다시마,간장,고춧가루,마늘,후추,소금",30,쉬움,"점심,저녁","맑음,비,눈,더위,추위","봄,여름,가을,겨울",6855466,https://www.10000recipe.com/recipe/6855466,찌개,,,8,,
참치가지덮밥 혼밥족을 위한 한그릇음식,한식,"가지,참치캔,양파,청양고추,파,간장,전분,올리고당,통깨,물",30,쉬움,"점심,저녁","맑음,비,눈,더위,추위","봄,여름,가을,겨울",6859669,https://www.10000recipe.com/recipe/6859669,밥/죽/떡,,,8,,
"[저녁국거리]시금치된장국 만드는법,시금치도니장국 끓이는법",한식,"시금치,단,대파,물,멸치,다시마,건새우,된장,간장,마늘,소금",10,쉬움,"아침,점심,야식","맑음,비,눈,더위,추위","봄,여름,가을,겨울",6861628,https://www.10000recipe.com/recipe/6861628,국/탕,,,8,,
소고기 쌀국수 볶음,한식,"소고기불고깃감,쌀국수,숙주나물,양파,파프리카,부추쪽파,깐마늘,대파,통깨,참기름기호,식용유,간장,맛술,마늘,고운소금,후춧가루",30,쉬움,"점심,저녁","맑음,비,눈,더위,추위","봄,여름,가을,겨울",6862430,https://www.10000recipe.com/recipe/6862430,면/만두,,,8,,
국물이 칼칼한 쇠고기 찌게,한식,"쇠고기,양파,대파,양송이버섯,집간장,참기름,고춧가루,마늘,물",30,쉬움,"점심,저녁","맑음,비,눈,더위,추위","봄,여름,가을,겨울",6864022,https://www.10000recipe.com/recipe/6864022,찌개,,,8,,
취향저격☞♥만두까르보나라♥☜,한식,"냉동만두,우유,베이컨,체다치즈,양파,버터,마늘,소금,후추,파슬리가루",30,쉬움,"점심,저녁","맑음,비,눈,더위,추위","봄,여름,가을,겨울",6864234,https://www.10000recipe.com/recipe/6864234,면/만두,,,8,,
느타리버섯 덮밥으로 간단한 한끼식사~,한식,"느타리버섯,양파,베이컨,청양고추,감자전분,물,간장,미림,설탕,참기름",30,쉬움,"점심,저녁","맑음,비,눈,더위,추위","봄,여름,가을,겨울",6864321,https://www.10000recipe.com/recipe/6864321,밥/죽/떡,,,8,,
불 없이 만드는 특제 요리! 고구마그라탕,양식,"고구마,모짜렐라치즈,사과,우유,꿀,견과류,계핏가루,파슬리가루",30,쉬움,"점심,저녁","맑음,비,눈,더위,추위","봄,여름,가을,겨울",6866320,https://www.10000recipe.com/recipe/6866320,양식,,,8,,
이색 주먹밥 새우 주먹밥 만들기 : 소풍 도시락 메뉴로 딱이에요.,한식,"새우,밥,당근,버터,허브솔트후추소금,미림,후리가케김깨,소금,깨,참기름",15,쉬움,"아침,점심,야식","맑음,비,눈,더위,추위","봄,여름,가을,겨울",6866506,https://www.10000recipe.com/recipe/6866506,밥/죽/떡,,,8,,
"굴린만두, 만두피 없는 담백한 만두",한식,"다진돼지고기,흰대파,부추,양파,들기름,전분,계란노른자,마늘,생강,소금,후추,계란흰자,간장,식초,고춧가루",60,보통,저녁,"맑음,비,눈,더위,추위","봄,여름,가을,겨울",6866687,https://www.10000recipe.com/recipe/6866687,면/만두,,,8,,
"하트소시지, 하트비엔나 만들기",한식,"비엔나소시지,식용유",30,쉬움,"점심,저녁","맑음,비,눈,더위,추위","봄,여름,가을,겨울",6867119,https://www.10000recipe.com/recipe/6867119,메인반찬,,,8,,
집밥백선생~참치맛나니비빔밥,한식,"참치,다진양파,간장,간마늘,설탕,깨소금,밥,계란,김가루,참기름",30,쉬움,"점심,저녁","맑음,비,눈,더위,추위","봄,여름,가을,겨울",6869491,https://www.10000recipe.com/recipe/6869491,메인반찬,,,8,,
내맘대로요리@ 김치비빔국수!,한식,"고추장,올리고당,식초,마늘,들기름,야구르트,깨소금,국수,김치",15,쉬움,"아침,점심,야식","맑음,비,눈,더위,추위","봄,여름,가을,겨울",6869736,https://www.10000recipe.com/recipe/6869736,면/만두,,,8,,
건강한 브런치 [시금치 오믈렛],양식,"시금치,계란,양송이버섯,우유,슬라이스치즈,버터,통후추,발사믹크림",10,보통,"아침,점심,야식","맑음,비,눈,더위,추위","봄,여름,가을,겨울",6869835,https://www.10000recipe.com/recipe/6869835,양식,,,8,,
콘햄치즈,양식,"옥수수콘,햄,버터,양파,체다치즈,모짜렐라치즈,마요네즈",30,쉬움,"점심,저녁","맑음,비,눈,더위,추위","봄,여름,가을,겨울",6870968,https://www.10000recipe.com/recipe/6870968,양식,,,8,,
초 간단 계란 초,한식,"계란,오이,당근,고추장,통깨",10,쉬움,"아침,점심,야식","맑음,비,눈,더위,추위","봄,여름,가을,겨울",6871815,https://www.10000recipe.com/recipe/6871815,,,,8,,
감귤 그라니따(Tangerine Granita)- 제철과일 디저트,한식,"귤,꿀,물,감귤쥬스,민트혹은로즈마리",120,쉬움,저녁,"맑음,비,눈,더위,추위","봄,여름,가을,겨울",6879481,https://www.10000recipe.com/recipe/6879481,,,,8,,
칼슘이 빵빵 아이반찬으로 좋은 초간단 밥새우볶음,한식,"밥새우,올리고당,들기름",5,쉬움,"아침,점심,야식","맑음,비,눈,더위,추위","봄,여름,가을,겨울",6879637,https://www.10000recipe.com/recipe/6879637,,,,8,,
간단한 아침국 맛살계란국,한식,"대파,다시마멸치육수,간장,맛살,계란,후추",15,쉬움,"아침,점심,야식","맑음,비,눈,더위,추위","봄,여름,가을,겨울",6881422,https://www.10000recipe.com/recipe/6881422,국/탕,,,8,,
부채살 찹스테이크 만들기,양식,"부채살,파프리카빨강,노랑,양파,브로콜리,대파,솔트,버터,케첩,마늘,올리고당,후추",30,보통,"점심,저녁","맑음,비,눈,더위,추위","봄,여름,가을,겨울",6882619,https://www.10000recipe.com/recipe/6882619,양식,,,8,,
돼지목살 요리 찹스테이크 간단하게 만들기,양식,"돼지고기목살,버터,양파,파프리카,당근,소금,후추,올리고당,케찹",30,쉬움,"점심,저녁","맑음,비,눈,더위,추위","봄,여름,가을,겨울",6883021,https://www.10000recipe.com/recipe/6883021,양식,,,8,,
비빔국수,한식,"소면원동전크기,김치국물조금포함,고추장,간장,설탕,식초,참기름또는들기름,깨",10,쉬움,"아침,점심,야식","맑음,비,눈,더위,추위","봄,여름,가을,겨울",6883526,https://www.10000recipe.com/recipe/6883526,면/만두,,,8,,
간식 자장떡볶이,한식,"떡볶이떡,어묵,앙파,물,대파,자장가루,고추장,고춧가루,마늘,미림,청주,삶은달걀",60,쉬움,저녁,"맑음,비,눈,더위,추위","봄,여름,가을,겨울",6883667,https://www.10000recipe.com/recipe/6883667,밥/죽/떡,,,8,,
칼칼하고 깊은 맛 - 고추장 찌개,한식,"감자g,양파g,애호박g,두부,돼지고기찌개용,물,고추장,고운고춧가루,마늘,소금",30,쉬움,"점심,저녁","맑음,비,눈,더위,추위","봄,여름,가을,겨울",6883787,https://www.10000recipe.com/recipe/6883787,찌개,,,8,,
김치어묵탕 보글보글~,한식,"물,어묵,김치,포기,김치국물,양파,대파,고춧가루,마늘,매실액",15,쉬움,"아침,점심,야식","맑음,비,눈,더위,추위","봄,여름,가을,겨울",6885121,https://www.10000recipe.com/recipe/6885121,국/탕,,,8,,
부들부들 맛있게 한그릇♥오야꼬동,한식,"닭다리살,양파,계란,대파,밥,가쓰오부시,다시마물,간장,설탕,맛술,후추",30,보통,"점심,저녁","맑음,비,눈,더위,추위","봄,여름,가을,겨울",6885862,https://www.10000recipe.com/recipe/6885862,밥/죽/떡,,,8,,
스팸 두부찌개,한식,"두부,스팸,양파,마늘,대파,청양고추,홍고추,고추장,고춧가루,간장,참치액,들기름",30,쉬움,"점심,저녁","맑음,비,눈,더위,추위","봄,여름,가을,겨울",6886485,https://www.10000recipe.com/recipe/6886485,찌개,,,8,,
꼬소+짭짤+바삭+ 매콤! 스팸 크림리조또 만들기,한식,"밥,스팸,우유,체다치즈,마늘,양파,청양고추",15,쉬움,"아침,점심,야식","맑음,비,눈,더위,추위","봄,여름,가을,겨울",6886522,https://www.10000recipe.com/recipe/6886522,밥/죽/떡,,,8,,
"참치고추장찌개, 고추장찌개 얼큰한 찌개와 쫄깃한 당면으로 든든한 한끼 식사.",한식,"참치,양파,감자,새송이버섯,대파,청양고추,간마늘,간장,참기름,식용유,참치액젓,당면",30,쉬움,"점심,저녁","맑음,비,눈,더위,추위","봄,여름,가을,겨울",6887621,https://www.10000recipe.com/recipe/6887621,찌개,,,8,,
환절기 감기 뚝! 무의 효능을 살려 만든 : 무밥 만들기,한식,"쌀,물,채썬무,마른표고버섯생략가능,간장,설탕,깨소금,간마늘,고춧가루,파잘게썬,참기름",60,쉬움,저녁,"맑음,비,눈,더위,추위","봄,여름,가을,겨울",6887695,https://www.10000recipe.com/recipe/6887695,밥/죽/떡,,,8,,
남편 해장국 빨리끓이기 .,한식,"다시육수,콩나물,봉지,두부,양파,대파,줄기,계란,홍고추생략가능,새우젓,마늘,식초",15,쉬움,"아침,점심,야식","맑음,비,눈,더위,추위","봄,여름,가을,겨울",6887830,https://www.10000recipe.com/recipe/6887830,국/탕,,,8,,
친구들과 모였을때♥밀푀유나베,한식,"소고기불고기용,깻잎,알배기,숙주,표고,양파,팽이버섯,대파,물,연두순,간장,겨자",30,쉬움,"점심,저녁","맑음,비,눈,더위,추위","봄,여름,가을,겨울",6888786,https://www.10000recipe.com/recipe/6888786,국/탕,,,8,,
계절별미 토마토열무비빔국수 만들기,한식,"토마토,잘익은열무김치,국수,참기름,깨소금또는통깨,고추장,고춧가루,설탕,식초,간장,마늘,다진대파",15,쉬움,"아침,점심,야식","맑음,비,눈,더위,추위","봄,여름,가을,겨울",6890291,https://www.10000recipe.com/recipe/6890291,면/만두,,,8,,
백종원 콩나물 볶음밥,한식,"콩나물,밥,대파,참기름,통깨,식용유,고추장,고춧가루,마늘,설탕,맛술,간장,달걀프라이,김가루",60,쉬움,저녁,"맑음,비,눈,더위,추위","봄,여름,가을,겨울",6890446,https://www.10000recipe.com/recipe/6890446,밥/죽/떡,,,8,,
동글동글 귀여운 문어모양 핫도그 만들기,한식,"바앤나소세지,핫케이크가루,물또는우유,계란생략가능,체다치즈",30,쉬움,"점심,저녁","맑음,비,눈,더위,추위","봄,여름,가을,겨울",6892107,https://www.10000recipe.com/recipe/6892107,,,,8,,
냉라면3,한식,"라면,청양고추,물,간장,식초,설탕,계란,깨",10,쉬움,"아침,점심,야식","맑음,비,눈,더위,추위","봄,여름,가을,겨울",6892357,https://www.10000recipe.com/recipe/6892357,면/만두,,,8,,
간장비빔국수 만드는법,한식,"소면,간장,물,올리고당,참기름,통깨,김가루",30,쉬움,"점심,저녁","맑음,비,눈,더위,추위","봄,여름,가을,겨울",6893091,https://www.10000recipe.com/recipe/6893091,면/만두,,,8,,
햄숙주볶음덮밥,한식,"캔햄,숙주,대파,양파,마늘,청양고추,식용유,밥",30,쉬움,"점심,저녁","맑음,비,눈,더위,추위","봄,여름,가을,겨울",6893635,https://www.10000recipe.com/recipe/6893635,밥/죽/떡,,,8,,
10분 완성 기름떡볶이 가래떡으로 만들기,한식,"가래떡,식용유,고춧가루,간장,설탕,올리고당,대파",10,쉬움,"아침,점심,야식","맑음,비,눈,더위,추위","봄,여름,가을,겨울",6894304,https://www.10000recipe.com/recipe/6894304,밥/죽/떡,,,8,,
없던 입맛도 돌아오는 매콤칼칼 백종원 '비빔라면' 레시피,한식,"라면,콩나물,양파,고추장,고춧가루,설탕,참기름,식용유",15,쉬움,"아침,점심,야식","맑음,비,눈,더위,추위","봄,여름,가을,겨울",6894541,https://www.10000recipe.com/recipe/6894541,면/만두,,,8,,
얼큰닭볶음탕- 수미네반찬 11회,한식,"자른생닭,식초,간장,물,마늘,다진생강,고추장,고춧가루,매실액,당근,풋고추,홍고추,설탕,대추,편썬생강,후추가루,깎은감자,통마늘,양파,대파,참기름,통깨",60,보통,저녁,"맑음,비,눈,더위,추위","봄,여름,가을,겨울",6894575,https://www.10000recipe.com/recipe/6894575,국/탕,,,8,,
돼지고기 두부 버섯 짜글이 반찬,한식,"두부,느타리버섯,돼지고기,양파,파,매운고추,홍고추,식용유,들기름,소금,후추,멸치육수,간장,맛술,설탕,고춧가루",30,쉬움,"점심,저녁","맑음,비,눈,더위,추위","봄,여름,가을,겨울",6895477,https://www.10000recipe.com/recipe/6895477,찌개,,,8,,
집밥 백선생 고소한 우유라면,한식,"라면,물,우유,고춧가루,대파",5,쉬움,"아침,점심,야식","맑음,비,눈,더위,추위","봄,여름,가을,겨울",6897227,https://www.10000recipe.com/recipe/6897227,면/만두,,,8,,
초간단 백종원 김치밥!김치와 참기름만으로 이런맛이?,한식,"밥,신김치,참기름",15,쉬움,"아침,점심,야식","맑음,비,눈,더위,추위","봄,여름,가을,겨울",6897278,https://www.10000recipe.com/recipe/6897278,밥/죽/떡,,,8,,
"자취인을 위한 간단레시피, 삼겹살덮밥",한식,"삼겹살,밥배고픈만큼,계란,양파,대파나쪽파,물,간장,미림,설탕,다시다,소금",15,쉬움,"아침,점심,야식","맑음,비,눈,더위,추위","봄,여름,가을,겨울",6897829,https://www.10000recipe.com/recipe/6897829,밥/죽/떡,,,8,,
자작한 청국장,한식,"청국장,양파,파,고추,호박등각종없음생략,액젓,소금,설탕",30,쉬움,"점심,저녁","맑음,비,눈,더위,추위","봄,여름,가을,겨울",6897941,https://www.10000recipe.com/recipe/6897941,찌개,,,8,,
옥수수빠스/맛탕,한식,"옥수수한캔,식용유,튀김가루,물,설탕",30,쉬움,"점심,저녁","맑음,비,눈,더위,추위","봄,여름,가을,겨울",6899246,https://www.10000recipe.com/recipe/6899246,,,,8,,
새우젓찌개(별거 안해도 맛난~~찌개),한식,"연두부,새우젓,새송이수북히,대파수북히,양파수북히,청양고추다진것,마늘다진것,고춧가루",15,쉬움,"아침,점심,야식","맑음,비,눈,더위,추위","봄,여름,가을,겨울",6901024,https://www.10000recipe.com/recipe/6901024,찌개,,,8,,
"야식 추천 메뉴, 전자렌지 라볶이 레시피",한식,"컵라면,떡볶이떡,대파,고추장,올리고당,마늘,생수",10,쉬움,"아침,점심,야식","맑음,비,눈,더위,추위","봄,여름,가을,겨울",6901080,https://www.10000recipe.com/recipe/6901080,밥/죽/떡,,,8,,
"다이어트 요리, 칼로리 줄인 배추 만두",한식,"배추,돼지고기,양파,청양초,부추,당면,두부,밀가루,소금,후추,마늘,초간장",30,쉬움,"점심,저녁","맑음,비,눈,더위,추위","봄,여름,가을,겨울",6902569,https://www.10000recipe.com/recipe/6902569,면/만두,,,8,,
두부덮밥으로 한그릇 다이어트 어떠세요??,한식,"두부,닭가슴살,새우가루,대파,당근,액젓,식용유",20,쉬움,"점심,저녁","맑음,비,눈,더위,추위","봄,여름,가을,겨울",6903405,https://www.10000recipe.com/recipe/6903405,밥/죽/떡,,,8,,
베이컨숙주덮밥으로 간단하게 한끼!,한식,"밥,베이컨,양파,대파,숙주,식용유,물,간장,설탕,맛술,후추,참기름",30,쉬움,"점심,저녁","맑음,비,눈,더위,추위","봄,여름,가을,겨울",6904507,https://www.10000recipe.com/recipe/6904507,밥/죽/떡,,,8,,
새우 콩나물국,한식,"냉동새우,콩나물,대파,식용유,들기름,다시마육수,마늘,맛술,고춧가루,참치액,가는소금,후추",15,쉬움,"아침,점심,야식","맑음,비,눈,더위,추위","봄,여름,가을,겨울",6904877,https://www.10000recipe.com/recipe/6904877,국/탕,,,8,,
콩나물국 간단하게 아침먹고가요,한식,"콩나물,대파,마늘,고춧가루,집간장또는소금",15,쉬움,"아침,점심,야식","맑음,비,눈,더위,추위","봄,여름,가을,겨울",6904917,https://www.10000recipe.com/recipe/6904917,국/탕,,,8,,
위염에 좋은 [소고기 감자국],한식,"소고기,간장,마늘,감자,쌀뜬물,소금,파잘게썬",30,쉬움,"점심,저녁","맑음,비,눈,더위,추위","봄,여름,가을,겨울",6905680,https://www.10000recipe.com/recipe/6905680,국/탕,,,8,,
"고기와 계란후라이의 환상조합 함박스테이크 만드는 법, 햄버그 스테이크",양식,"달걀후라이용,소고기다짐육,돼지고기다짐육,계란,곱게다진양파,빵가루,소금,마늘,후추가루,케찹,설탕조절가능",30,쉬움,"점심,저녁","맑음,비,눈,더위,추위","봄,여름,가을,겨울",6906390,https://www.10000recipe.com/recipe/6906390,양식,,,8,,
얼큰한 맛이 좋은 순두부찌개 진짜 맛있게 끓이는 비법*^^*,한식,"순두부,대파,멸치다시마육수,고춧가루,멸치액젓,후춧가루,돼지고기갈은거,계란,청양고추,간장,마늘,고추기름",10,쉬움,"아침,점심,야식","맑음,비,눈,더위,추위","봄,여름,가을,겨울",6907381,https://www.10000recipe.com/recipe/6907381,찌개,,,8,,
할머니가 끓여주신 정성의 깊은맛 어묵김치찌개 만드는법<할머니비법>,한식,"김치,납작어묵,대파,멸치,다시마,설탕,멸치액젓,멸치육수,간장,후추",30,쉬움,"점심,저녁","맑음,비,눈,더위,추위","봄,여름,가을,겨울",6909690,https://www.10000recipe.com/recipe/6909690,찌개,,,8,,
고추참치 치즈 밥,한식,"고추참치캔캔,양파,대파,밥,모차렐라치즈,김가루,케첩,고추장,고춧가루,설탕",20,쉬움,"점심,저녁","맑음,비,눈,더위,추위","봄,여름,가을,겨울",6911281,https://www.10000recipe.com/recipe/6911281,밥/죽/떡,,,8,,
잔치국수 황금레시피 별이 다섯개,한식,"소면,애호박,당근,계란,김치다져서,국물용멸치다시마,간장,물,고춧가루,마늘,매실액,참기름,다진대파,다진고추,통깨",60,쉬움,저녁,"맑음,비,눈,더위,추위","봄,여름,가을,겨울",6911465,https://www.10000recipe.com/recipe/6911465,면/만두,,,8,,
"새콤매콤달~콤한 맛있는 쫄면, 감칠맛 좋은 쫄면 양념장",한식,"쫄면,삶은콩나물,채썬양배추,채썬당근,채썬오이,삶은달걀,식초,고춧가루,설탕,매실액,물,고추장,간장,참기름,마늘,통깨,고추냉이",20,쉬움,"점심,저녁","맑음,비,눈,더위,추위","봄,여름,가을,겨울",6911884,https://www.10000recipe.com/recipe/6911884,면/만두,,,8,,
최고의 요리비결 두부김치찌개,한식,"배추김치,두부,대파,풋고추,홍고추,식용유,멸치육수,설탕,간장,고춧가루,마늘,들기름",30,쉬움,"점심,저녁","맑음,비,눈,더위,추위","봄,여름,가을,겨울",6912662,https://www.10000recipe.com/recipe/6912662,찌개,,,8,,
여름엔 쫄면~!! 쫄면양념장 만들어 비벼먹기,한식,"쫄면사리,콩나물,상추,깻잎,양배추,당근,분량,계란,통깨,고추장,고춧가루,식초,설탕,매실액,간장,참기름,마늘",20,쉬움,"점심,저녁","맑음,비,눈,더위,추위","봄,여름,가을,겨울",6913120,https://www.10000recipe.com/recipe/6913120,면/만두,,,8,,
감자삼겹고추장찌개 만들기#포근포근감자와 꼬들꼬들삼겹살의 만남~환상적이에요. 밥한그릇 뚝딱입니다!,한식,"돼지고기,양파,감자,대파,다시팩,고추장,고춧가루,마늘,물",60,쉬움,저녁,"맑음,비,눈,더위,추위","봄,여름,가을,겨울",6915575,https://www.10000recipe.com/recipe/6915575,찌개,,,8,,
유린기소스와 만두의 만남 ★ 유린만두,한식,"냉동만두,양상추,통,레몬,식용유,간장,설탕,식초,물,대파,홍고추,청양고추",20,쉬움,"점심,저녁","맑음,비,눈,더위,추위","봄,여름,가을,겨울",6916363,https://www.10000recipe.com/recipe/6916363,면/만두,,,8,,
"스팸,감자 고추장찌개",한식,"감자,햄,대파,양파,청양초,고추장,고춧가루,마늘,다시멸치육수",60,쉬움,저녁,"맑음,비,눈,더위,추위","봄,여름,가을,겨울",6916733,https://www.10000recipe.com/recipe/6916733,찌개,,,8,,
시원한 열무김치국수 만들기,한식,"열무김치,물,열무김치국물,냉면육수,참기름,설탕,깨,소면",15,쉬움,"아침,점심,야식","맑음,비,눈,더위,추위","봄,여름,가을,겨울",6917169,https://www.10000recipe.com/recipe/6917169,면/만두,,,8,,
♥[신혼밥상] 탱글탱글 달콤 볶음우동,일식,"우동생면,양배추,통,숙주,봉지,양파,대파,마늘,새송이,베이컨,칵테일새우,후추가루,참기름,가다랑어포,간장,올리고당,미림,설탕",20,쉬움,"점심,저녁","맑음,비,눈,더위,추위","봄,여름,가을,겨울",6918597,https://www.10000recipe.com/recipe/6918597,면/만두,,,8,,
♥[신혼밥상] 시원 칼칼 순두부찌개,한식,"순두부,대파,양파,애호박,팽이버섯,계란,고춧가루,설탕,간장,마늘",20,쉬움,"점심,저녁","맑음,비,눈,더위,추위","봄,여름,가을,겨울",6918751,https://www.10000recipe.com/recipe/6918751,찌개,,,8,,
[혼밥]스팸달걀덮밥. 간단한 한끼로 좋아요,한식,"스팸,계란,송송썬대파듬뿍,오일,통후추",10,쉬움,"아침,점심,야식","맑음,비,눈,더위,추위","봄,여름,가을,겨울",6918954,https://www.10000recipe.com/recipe/6918954,밥/죽/떡,,,8,,
이젠 육전이 아닌 소고기쪽파말이 어때?,한식,"대파,불고기용소고기,소금,후추,식용유,간장,설탕,연겨자,마요네즈",15,쉬움,"아침,점심,야식","맑음,비,눈,더위,추위","봄,여름,가을,겨울",6919026,https://www.10000recipe.com/recipe/6919026,메인반찬,,,8,,
갈릭베이컨 콘치즈 만들기,한식,"옥수수,베이컨,마늘,버터,모짜렐라치즈,설탕,소금,후추,파슬리",10,쉬움,"아침,점심,야식","맑음,비,눈,더위,추위","봄,여름,가을,겨울",6919664,https://www.10000recipe.com/recipe/6919664,,,,8,,
"아침에 뚝딱 끓여 낸 국 한그릇, 얼큰 맑은 감자국",한식,"작은감자,마늘,대파,청양고추,다시마멸치육수,간장,소금,후추",15,쉬움,"아침,점심,야식","맑음,비,눈,더위,추위","봄,여름,가을,겨울",6920291,https://www.10000recipe.com/recipe/6920291,국/탕,,,8,,
후딱 한뚝배기 끓여낸 차돌박이 순두부찌개,한식,"차돌박이,대파,고춧가루,순두부봉지,간장,다시마멸치육수,양파,마늘,후추",15,쉬움,"아침,점심,야식","맑음,비,눈,더위,추위","봄,여름,가을,겨울",6920680,https://www.10000recipe.com/recipe/6920680,찌개,,,8,,
"쉬운 스팸요리, 얼큰한 스팸짜글이 만들어보세요.",한식,"스팸,감자,대파,양파,멸치육수,설탕,고춧가루,간장,고추장,된장,마늘",30,쉬움,"점심,저녁","맑음,비,눈,더위,추위","봄,여름,가을,겨울",6921604,https://www.10000recipe.com/recipe/6921604,찌개,,,8,,
고소함은 2배 쉽고 간단하게 만들어 먹는 게살치즈죽 ★,한식,"밥,양파,당근,애호박,게맛살,슬라이스체다치즈,소금,참기름",20,쉬움,"점심,저녁","맑음,비,눈,더위,추위","봄,여름,가을,겨울",6923092,https://www.10000recipe.com/recipe/6923092,밥/죽/떡,,,8,,
참치 애호박찌개 끓이는법 얼큰칼칼 고추장찌개 밥에 쓱쓱,한식,"호박,감자,양파,대파,두부,참치캔,고추장,고춧가루,된장,참치액젓또는국간장,마늘,매실청,맛술,후추",60,쉬움,저녁,"맑음,비,눈,더위,추위","봄,여름,가을,겨울",6923345,https://www.10000recipe.com/recipe/6923345,찌개,,,8,,
샐러드파스타ㅣ크리스마스 레시피ㅣ연말 홈파티 음식#1,양식,"스파게티면,새싹채소,베이컨,올리브,옥수수통조림,메추리알,방울토마토,파마산치즈,간장,설탕,발사믹식초,레몬즙,마늘,올리브유",20,쉬움,"점심,저녁","맑음,비,눈,더위,추위","봄,여름,가을,겨울",6923542,https://www.10000recipe.com/recipe/6923542,면/만두,,,8,,
등갈비폭찹 l 달랑고기 ♥ 특별한 날에 에어프라이어로 만들쟈~!,한식,"등갈비,소금,후추,식용유,밀가루,월계수잎,통후추,마늘,대파,양파,간장,설탕,올리고당,식초,케찹,머스터드,고추장",90,쉬움,저녁,"맑음,비,눈,더위,추위","봄,여름,가을,겨울",6923909,https://www.10000recipe.com/recipe/6923909,메인반찬,,,8,,
갓김치의 아삭함이 살아있는 갓돈찌개,한식,"갓김치,돼지고기,새우젓,마늘,설탕,간장,식초,대파,청양고추,굵은고춧가루,두부,밥",30,쉬움,"점심,저녁","맑음,비,눈,더위,추위","봄,여름,가을,겨울",6925140,https://www.10000recipe.com/recipe/6925140,찌개,,,8,,
한번에 바글바글 끓이는 된장찌개,한식,"두부,애느타리버섯,마늘,양파,대파,된장,고춧가루,다시마멸치육수,청양고추",15,쉬움,"아침,점심,야식","맑음,비,눈,더위,추위","봄,여름,가을,겨울",6926304,https://www.10000recipe.com/recipe/6926304,찌개,,,8,,
새송이버섯 버터 양념구이 만드는 법,한식,"새송이버섯,양파,청양고추,홍고추,대파,버터,간장,물엿,물,마늘,참기름,후춧가루",30,쉬움,"점심,저녁","맑음,비,눈,더위,추위","봄,여름,가을,겨울",6926342,https://www.10000recipe.com/recipe/6926342,메인반찬,,,8,,
[행운님x만개] 분식집 최고의 메뉴! 간식 떡꼬치 ★,한식,"떡볶이떡,비엔나소시지,땅콩,검정깨,식용유,설탕,올리고당,케첩,고추장,마늘,생강즙",30,쉬움,"점심,저녁","맑음,비,눈,더위,추위","봄,여름,가을,겨울",6926844,https://www.10000recipe.com/recipe/6926844,밥/죽/떡,,,8,,
간단 아침식사 어묵덮밥(오뎅덮밥),한식,"사각어묵,양파,고추장,고춧가루,간장,참기름,설탕",5,쉬움,"아침,점심,야식","맑음,비,눈,더위,추위","봄,여름,가을,겨울",6926983,https://www.10000recipe.com/recipe/6926983,밥/죽/떡,,,8,,
수미네반찬 어묵우동 국물이 끝내줘요!,일식,"다시멸치,다시마,물,표고버섯,사각어묵,일반자투리어묵,우동사리,애호박,대파,뿌리,청양고추,홍고추,간장,설탕,마늘,소금,후추가루",30,쉬움,"점심,저녁","맑음,비,눈,더위,추위","봄,여름,가을,겨울",6928298,https://www.10000recipe.com/recipe/6928298,면/만두,,,8,,
#쌀떡볶이강정,한식,"쌀떡,견과류,참기름,고추장,캐첩,간장,올리고당,설탕,물",15,쉬움,"아침,점심,야식","맑음,비,눈,더위,추위","봄,여름,가을,겨울",6928980,https://www.10000recipe.com/recipe/6928980,밥/죽/떡,,,8,,
카레가루랑 우유만 있으면 끝! 부드러운 카레우동,일식,"우동면,카레가루,양파,우유",10,쉬움,"아침,점심,야식","맑음,비,눈,더위,추위","봄,여름,가을,겨울",6933745,https://www.10000recipe.com/recipe/6933745,면/만두,,,8,,
밥반찬 애호박 소고기 부채살 볶음,한식,"소고기부채살,애호박,소금,양파,식용유,다진홍고추,다진청양고추,다진대파,간장,설탕,후추,마늘,맛술,참기름,깨",30,쉬움,"점심,저녁","맑음,비,눈,더위,추위","봄,여름,가을,겨울",6934243,https://www.10000recipe.com/recipe/6934243,메인반찬,,,8,,
야식으로 튀기지 않은 양념치킨맛 닭조림 어떠세요?,한식,"닭다리살,양파,식용유,간장,맛술,고춧가루,케첩,고추장듬뿍,설탕,올리고당,마늘,후추,물",60,쉬움,저녁,"맑음,비,눈,더위,추위","봄,여름,가을,겨울",6936683,https://www.10000recipe.com/recipe/6936683,메인반찬,,,8,,
초간단 야식 떡강정~*,한식,"떡볶이떡,고추장,케찹,올리고당",15,쉬움,"아침,점심,야식","맑음,비,눈,더위,추위","봄,여름,가을,겨울",6937457,https://www.10000recipe.com/recipe/6937457,밥/죽/떡,,,8,,
초간단 오야꼬동 (닭고기덮밥) 만들기! - 닭가슴살 사용:),한식,"닭가슴살,계란,표고버섯,파,토막,양파,간장,설탕,다시마,가쓰오부시",30,쉬움,"점심,저녁","맑음,비,눈,더위,추위","봄,여름,가을,겨울",6940500,https://www.10000recipe.com/recipe/6940500,메인반찬,,,8,,
추석요리-남은 명절 음식으로 모둠전찌개 만드는 법,한식,"모둠전,물,고춧가루,간장,액젓,마늘,청양고추,대파",30,쉬움,"점심,저녁","맑음,비,눈,더위,추위","봄,여름,가을,겨울",6943364,https://www.10000recipe.com/recipe/6943364,찌개,,,8,,
에그인헬(지옥에 빠진 달걀)로 근사하고 맛있는 브런치 즐기세요,양식,"계란,양송이버섯,양파,파프리카,방울토마토,베이컨,올리브오일,모짜렐라치즈,파슬리가루,파마산치즈,마늘,빵",30,쉬움,"점심,저녁","맑음,비,눈,더위,추위","봄,여름,가을,겨울",6945247,https://www.10000recipe.com/recipe/6945247,양식,,,8,,
구수한 시금치 된장국,한식,"시금치,대파,멸치다시마육수,된장,고추장,고춧가루,마늘",60,쉬움,저녁,"맑음,비,눈,더위,추위","봄,여름,가을,겨울",6945316,https://www.10000recipe.com/recipe/6945316,국/탕,,,8,,
두부 스팸전~*,한식,"두부,스팸,대파,계란,소금,후추",30,쉬움,"점심,저녁","맑음,비,눈,더위,추위","봄,여름,가을,겨울",6949048,https://www.10000recipe.com/recipe/6949048,메인반찬,,,8,,
냉파요리 너무 맛있는 소세지콩나물찜레시피,한식,"콩나물,소세지,봉지,식용유,고춧가루,고추장,마늘,간장,후추가루,참기름,물",30,쉬움,"점심,저녁","맑음,비,눈,더위,추위","봄,여름,가을,겨울",6949828,https://www.10000recipe.com/recipe/6949828,메인반찬,,,8,,
"한국라면으로 일본라멘 만들기, 초간단 야매 미소라멘 레시피",한식,"라면,물,우유,다시마,된장,고춧가루,숙주",15,쉬움,"아침,점심,야식","맑음,비,눈,더위,추위","봄,여름,가을,겨울",6950311,https://www.10000recipe.com/recipe/6950311,면/만두,,,8,,
고등어무조림 비린내없이 깔끔하게,한식,"고등어사이즈보고,양파,대파,청양고추,홍고추,무,된장,고추장,고춧가루,간장,미림,물엿,매실액,생강가루,소금,마늘,후추,멸치육수,쌀뜨물,식초",30,쉬움,"점심,저녁","맑음,비,눈,더위,추위","봄,여름,가을,겨울",6951711,https://www.10000recipe.com/recipe/6951711,찌개,,,8,,
매운 어묵 만들어서~ 김밥 만들어 먹어 봅시다~,한식,"어묵,김,밥,씻은묵은김치,계란,고춧가루,설탕,간장,미림,멸치액젓,간마늘,고추장,청양고추,물엿,물",20,쉬움,"점심,저녁","맑음,비,눈,더위,추위","봄,여름,가을,겨울",6953088,https://www.10000recipe.com/recipe/6953088,밥/죽/떡,,,8,,
당근라페 샌드위치로 즐겨봐요,양식,"당근,홀그레인머스타드,올리브유,설탕,레몬즙,후추,소금,식빵,크림치즈,삶은계란,양상추,슬라이스치즈",30,쉬움,"점심,저녁","맑음,비,눈,더위,추위","봄,여름,가을,겨울",6953194,https://www.10000recipe.com/recipe/6953194,양식,,,8,,
♥[신혼간식] 상큼 유자마들렌,한식,"박력분,버터,설탕,계란,우유,유자청,베이킹파우더",30,쉬움,"점심,저녁","맑음,비,눈,더위,추위","봄,여름,가을,겨울",6955087,https://www.10000recipe.com/recipe/6955087,,,,8,,
#봄나물#달래된장찌개,한식,"달래,된장,고춧가루,두부,대파,애호박,양파,팽이버섯,마늘,멸치다시마육수",30,쉬움,"점심,저녁","맑음,비,눈,더위,추위","봄,여름,가을,겨울",6955434,https://www.10000recipe.com/recipe/6955434,찌개,,,8,,
정성가득 파강회 만들기,한식,"대파,맛살,오이,빨강파프리카,노랑파프리카,오징어,고추장,식초,레몬즙,설탕,올리고당",60,쉬움,저녁,"맑음,비,눈,더위,추위","봄,여름,가을,겨울",6955878,https://www.10000recipe.com/recipe/6955878,메인반찬,,,8,,
"만두탕수 만들기, 탕수육소스",한식,"물만두,빨강파프리카,노랑파프리카,오렌지,양파,브로콜리,물,간장,설탕,식초,전분가루",30,쉬움,"점심,저녁","맑음,비,눈,더위,추위","봄,여름,가을,겨울",6956083,https://www.10000recipe.com/recipe/6956083,면/만두,,,8,,
떡꼬치소스에 무친 야식만들기! 맵달한 무침만두 ♥,한식,"만두,식용유,설탕,맛술,물엿,고추장,케찹,물",15,쉬움,"아침,점심,야식","맑음,비,눈,더위,추위","봄,여름,가을,겨울",6960089,https://www.10000recipe.com/recipe/6960089,면/만두,,,8,,
[오리고기 묵은지 말이]/오리고기를 넣어 묵은지 말이를 해 보았어요! 이렇게 만들어 먹으면 얼~마나 맛있게요!!,한식,"훈제오리고기,신김치씻어물기제거후,노란파프리카,빨간파프리카,양파,깻잎,소금,참기름,깨소금,공기밥",30,쉬움,"점심,저녁","맑음,비,눈,더위,추위","봄,여름,가을,겨울",6963453,https://www.10000recipe.com/recipe/6963453,메인반찬,,,8,,
고추참치 순두부찌개 [칼칼하고 뜨끈한 국물요리!],한식,"고추참치g,순두부,양파,대파,마늘,호박,고춧가루,참기름,청양고추,홍고추,물,소금",30,보통,"점심,저녁","맑음,비,눈,더위,추위","봄,여름,가을,겨울",6966608,https://www.10000recipe.com/recipe/6966608,찌개,,,8,,
소고기 무국 끓이는법 시원 담백한 소고기국,한식,"소고기국거리,무,대파,참기름,마늘,다진생강,간장,소금,후추,물",30,쉬움,"점심,저녁","맑음,비,눈,더위,추위","봄,여름,가을,겨울",6970459,https://www.10000recipe.com/recipe/6970459,국/탕,,,8,,
빨간어묵 매콤~~하니 자꾸만 먹게되네?,한식,"어묵,멸치육수또는쌀뜨물,계란노른자,고추장,고춧가루,간장,올리고당,설탕,맛술,마늘,후춧가루,참치액젓",15,쉬움,"아침,점심,야식","맑음,비,눈,추위",가을,6975041,https://www.10000recipe.com/recipe/6975041,국/탕,짭짤함,가을,8,,
시판 사골국으로 옹심이칼국수 끓이기,한식,"사골국,옹심이,양파,애호박,당근,천일염,후추,깨소금,김가루",30,쉬움,"점심,저녁","맑음,비,눈,더위,추위","봄,여름,가을,겨울",6988494,https://www.10000recipe.com/recipe/6988494,면/만두,,,8,,
짜지 않고 입에 찍짝 붙는 김 양념장,한식,"김,대파,설탕,고춧가루,간장,생수,참기름,통깨",5,쉬움,"아침,점심,야식","맑음,비,눈,더위,추위","봄,여름,가을,겨울",6995367,https://www.10000recipe.com/recipe/6995367,,,,8,,
아이 반찬 콩나물 & 크래미 무침 - 아이들 콩나물과 친해져요.,한식,"콩나물,크래미,대파,소금,들기름,깨소금",30,쉬움,"점심,저녁","맑음,비,눈,더위,추위","봄,여름,가을,겨울",7001752,https://www.10000recipe.com/recipe/7001752,,,,8,,
들기름 막국수 만드는법 쯔유 간장비빔국수 양념장,한식,"메밀면,구운김,대파,통깨,마늘,간장,쯔유,설탕,들기름,조리용나이프,위생장갑,면기",20,쉬움,"점심,저녁","맑음,비,눈,더위,추위","봄,여름,가을,겨울",7009201,https://www.10000recipe.com/recipe/7009201,면/만두,,,8,,
맑은 감자계란국 끓이는법 아기계란국,한식,"감자,계란,대파,참치액,간장,소금,육수,조리용나이프,대접",30,쉬움,"점심,저녁","맑음,비,눈,더위,추위","봄,여름,가을,겨울",7014837,https://www.10000recipe.com/recipe/7014837,국/탕,,,8,,
초간단 대패삼겹 배추찜(차돌박이 대체가능),한식,"대패삼겹,알배추,통,간장,식초,맛술,설탕,통깨,후추,고춧가루생략가능",15,쉬움,"아침,점심,야식","맑음,비,눈,더위,추위","봄,여름,가을,겨울",7017097,https://www.10000recipe.com/recipe/7017097,메인반찬,,,8,,
새송이버섯으로 만드는 관자구이!,한식,"새송이버섯,버터,마늘,청양고추,간장,물엿,미림,조리용나이프",15,쉬움,"아침,점심,야식","맑음,비,눈,더위,추위","봄,여름,가을,겨울",7044128,https://www.10000recipe.com/recipe/7044128,,,,8,,
입맛없을 땐 연두부 명란젓찌개,한식,"명란젓,연두부,어슷썬대파,새우젓,고춧가루,마늘,멸치다시마육수",30,쉬움,"점심,저녁","맑음,비,눈,더위,추위","봄,여름,가을,겨울",1883668,https://www.10000recipe.com/recipe/1883668,찌개,,,7,,
별미 바지락수제비,한식,"밀가루,찬물,바지락,양파,당근,대파,물,다시멸치,마른다시마,통마늘,간장,소금",30,쉬움,"점심,저녁","맑음,비,눈,더위,추위","봄,여름,가을,겨울",3941281,https://www.10000recipe.com/recipe/3941281,면/만두,,,7,,
"닭가슴살 볶음탕, 닭가슴살 매운탕으로 얼큰하게 다이어트",한식,"닭가슴살,양파,감자,홍고추,대파,단,포도씨유,고춧가루,고추장,마늘,간장,멸치다시마육수,물엿",30,쉬움,"점심,저녁","맑음,비,눈,더위,추위","봄,여름,가을,겨울",3975588,https://www.10000recipe.com/recipe/3975588,메인반찬,,,7,,
돼지고기 순두부찌개 끓이기,한식,"순두부,돼지고기뒷다리살,계란,대파중간크기,홍고추,양파작은것,물,국멸치,다시마,고춧가루,청주,참기름,간장,마늘,소금,후춧가루",30,쉬움,"점심,저녁","맑음,비,눈,더위,추위","봄,여름,가을,겨울",4168310,https://www.10000recipe.com/recipe/4168310,찌개,,,7,,
구수한 청국장 맛있게 끓이는 법,한식,"두부,김치,포기,무,애호박,팽이버섯,청량고추,양파,마늘,청국장",30,쉬움,"점심,저녁","맑음,비,눈,더위,추위","봄,여름,가을,겨울",4509175,https://www.10000recipe.com/recipe/4509175,찌개,,,7,,
한그릇요리 두부 청경채 덮밥,한식,"따뜻한밥,두부,청경채,홍고추,고추기름또는식용유,마늘,식용유,물,소금,녹말가루,간장,청주,참기름",60,쉬움,저녁,"맑음,비,눈,더위,추위","봄,여름,가을,겨울",5354417,https://www.10000recipe.com/recipe/5354417,밥/죽/떡,,,7,,
꽈리황태채 볶음 만들기,한식,"꽈리고추,황태채,마늘,기름,간장,물,올리고당,고춧가루,참기름,깨,후추가루",15,쉬움,"아침,점심,야식","맑음,비,눈,더위,추위","봄,여름,가을,겨울",5375879,https://www.10000recipe.com/recipe/5375879,,,,7,,
고소하고 부드러운 순두부찌개,한식,"순두부,돼지고기다짐육,애호박,양파,대파,풋고추,마늘,고춧가루,새우젓,식용유",30,쉬움,"점심,저녁","맑음,비,눈,더위,추위","봄,여름,가을,겨울",5397566,https://www.10000recipe.com/recipe/5397566,찌개,,,7,,
버섯 김치 덮밥만들기,한식,"따끈한밥,공기,묵은지,양배추,새송이버섯,대파,식용유,물,맛술,참기름,올리고당,고추장,깨",15,쉬움,"아침,점심,야식","맑음,비,눈,더위,추위","봄,여름,가을,겨울",5775868,https://www.10000recipe.com/recipe/5775868,밥/죽/떡,,,7,,
쫄면 만들기,한식,"쫄면,양배추채,깻잎채,오이채,당근채,통깨,고추장,고춧가루,설탕,식초,마늘,간장,참기름",30,쉬움,"점심,저녁","맑음,비,눈,더위,추위","봄,여름,가을,겨울",5920808,https://www.10000recipe.com/recipe/5920808,면/만두,,,7,,
소고기 등심 찹스테이크 레시피,양식,"소고기등심,양파,파프리카,양송이버섯,고추,케찹,간장,마늘",30,쉬움,"점심,저녁","맑음,비,눈,더위,추위","봄,여름,가을,겨울",6669363,https://www.10000recipe.com/recipe/6669363,양식,,,7,,
김치콩나물국,한식,"김치,콩나물,두부,청량고추,홍고추,대파,김치국물,마늘,간장,소금,멸치다시육수",30,보통,"점심,저녁","맑음,비,눈,더위,추위","봄,여름,가을,겨울",6735849,https://www.10000recipe.com/recipe/6735849,국/탕,,,7,,
어묵 매운탕,한식,"어묵,두부,쑥갓,청양고추,팽이버섯,다시마,고춧가루,간장,가쓰오장국,마늘,후추",30,쉬움,"점심,저녁","맑음,비,눈,더위,추위","봄,여름,가을,겨울",6762609,https://www.10000recipe.com/recipe/6762609,국/탕,,,7,,
어묵강정,한식,"어묵,밀가루,고추장,케찹,올리고당,마늘",30,쉬움,"점심,저녁","맑음,비,눈,더위,추위","봄,여름,가을,겨울",6781834,https://www.10000recipe.com/recipe/6781834,메인반찬,,,7,,
홈메이드 생크림 파스타,양식,"생크림,우유,통마늘,양파,올리브오일볶음용,애느타리버섯,베이컨,파스타삶은물,파마산치즈가루,굵은후춧가루,파슬리가루,끓는물,소금,올리브오일",30,보통,"점심,저녁","맑음,비,눈,더위,추위","봄,여름,가을,겨울",6829140,https://www.10000recipe.com/recipe/6829140,면/만두,,,7,,
연어말이,한식,"연어슬라이스,오이,파프리카,무순,다진양파,마요네즈,꿀,레몬즙,소금",15,쉬움,"아침,점심,야식","맑음,비,눈,더위,추위","봄,여름,가을,겨울",6830864,https://www.10000recipe.com/recipe/6830864,메인반찬,,,7,,
토마토스크램블에그,양식,"토마토,계란,참나물,우유,소금,후추,파슬리가루",15,쉬움,"아침,점심,야식","맑음,비,눈,더위,추위","봄,여름,가을,겨울",6830867,https://www.10000recipe.com/recipe/6830867,양식,,,7,,
야키소바 볶음라면,한식,"양배추,베이컨,양파,마늘,라면사리,계란,설탕,간장,후춧가루",30,쉬움,"점심,저녁","맑음,비,눈,더위,추위","봄,여름,가을,겨울",6833395,https://www.10000recipe.com/recipe/6833395,면/만두,,,7,,
돈까스요리! !김치돈까스나베 만들기~~,일식,"돈까스,양파,김치,계란,고추,간장,마늘,쯔유생략가능",30,쉬움,"점심,저녁","맑음,비,눈,더위,추위","봄,여름,가을,겨울",6836432,https://www.10000recipe.com/recipe/6836432,국/탕,,,7,,
"매콤한 오징어볶음칼국수,!",한식,"오징어,양파,대파,당근,청양고추,고춧가루,참기름,깨소금,물,식용유,고추장,간장,설탕,마늘,후춧가루,생강술",60,쉬움,저녁,"맑음,비,눈,더위,추위","봄,여름,가을,겨울",6838353,https://www.10000recipe.com/recipe/6838353,면/만두,,,7,,
닭가슴살 가지말이,한식,"가지,닭가슴살통조림,피망,무순,양파,마늘,식초,간장,참기름,통깨",15,쉬움,"아침,점심,야식","맑음,비,눈,더위,추위","봄,여름,가을,겨울",6838940,https://www.10000recipe.com/recipe/6838940,메인반찬,,,7,,
햄브로콜리 볶음밥,한식,"햄,브로콜리,계란,간장,통깨,참기름",30,쉬움,"점심,저녁","맑음,비,눈,더위,추위","봄,여름,가을,겨울",6839341,https://www.10000recipe.com/recipe/6839341,밥/죽/떡,,,7,,
간편하게 만드는 다이어트 음식 “오이롤스시”,한식,"오이,밥,게맛살,양파,새싹,마요네즈,식초,설탕,소금,참기름",30,쉬움,"점심,저녁","맑음,비,눈,더위,추위","봄,여름,가을,겨울",6841405,https://www.10000recipe.com/recipe/6841405,밥/죽/떡,,,7,,
참치쌈장 - 고기없이도 맛있는 쌈밥 즐기기,한식,"참치,양파,파,버섯,고추,된장,고추장,고춧가루,마늘",30,쉬움,"점심,저녁","맑음,비,눈,더위,추위","봄,여름,가을,겨울",6843417,https://www.10000recipe.com/recipe/6843417,밥/죽/떡,,,7,,
[오늘뭐먹지] 프랑스가정식 # 뵈프부르기뇽 & 매시트포테이토,양식,"소고기,양파,양송이버섯,올리브유,소금,후추,버터,월계수잎,감자,생크림,파슬리",60,쉬움,저녁,"맑음,비,눈,더위,추위","봄,여름,가을,겨울",6843838,https://www.10000recipe.com/recipe/6843838,양식,,,7,,
시금치두유 닭가슴살리조또,한식,"꼬꼬빌닭가슴살,소이카페,현미밥,파마산치즈,브로콜리,양파",15,쉬움,"아침,점심,야식","맑음,비,눈,더위,추위","봄,여름,가을,겨울",6845096,https://www.10000recipe.com/recipe/6845096,밥/죽/떡,,,7,,
백선생 감자고추장찌개,한식,"감자,돼지고기,느타리버섯,양파,대파,고추,물,참기름,식용유,고추장,고춧가루,간장,멸치액젓,마늘",30,쉬움,"점심,저녁","맑음,비,눈,더위,추위","봄,여름,가을,겨울",6848109,https://www.10000recipe.com/recipe/6848109,찌개,,,7,,
제철 감자요리로 만든 백종원 브런치,양식,"감자,양파,베이컨,계란,소금,후추,식용유,토마토케찹",30,쉬움,"점심,저녁","맑음,비,눈,더위,추위","봄,여름,가을,겨울",6851694,https://www.10000recipe.com/recipe/6851694,양식,,,7,,
진짬뽕으로 매콤 크림 파스타 만들기,양식,"진짬뽕,양파,베이컨,우유,슬라이스치즈",15,쉬움,"아침,점심,야식","맑음,비,눈,더위,추위","봄,여름,가을,겨울",6854307,https://www.10000recipe.com/recipe/6854307,면/만두,,,7,,
온가족이 함께 먹는 들깨순두부,한식,"순두부,양파,감자작은것,표고버섯,마늘,대파,들깨가루,육수다시팩티백,간장,소금",15,쉬움,"아침,점심,야식","맑음,비,눈,더위,추위","봄,여름,가을,겨울",6854780,https://www.10000recipe.com/recipe/6854780,국/탕,,,7,,
스팸볶은김치로 만든 밥버거,한식,"밥,조미김,마일드스팸,치즈,계란,소금,들기름,올리고당,참기름,통깨",90,어려움,저녁,"맑음,비,눈,더위,추위","봄,여름,가을,겨울",6854990,https://www.10000recipe.com/recipe/6854990,밥/죽/떡,,,7,,
꽃게된장찌개 손쉽게 만들어보아요~,한식,"꽃게,감자,대파,마늘,된장",60,쉬움,저녁,"맑음,비,눈,더위,추위","봄,여름,가을,겨울",6857153,https://www.10000recipe.com/recipe/6857153,찌개,,,7,,
소리까지 맛있는 일품요리 해물누룽지탕,한식,"물오징어,대하또는중하,키조개관자,찹쌀누룽지,표고버섯,빨간파프리카,노란파프리카,양파,청경채,식용유,대파,통마늘,편생강,치킨스톡,물녹말,후추가루,물,녹말",60,쉬움,저녁,"맑음,비,눈,더위,추위","봄,여름,가을,겨울",6858676,https://www.10000recipe.com/recipe/6858676,국/탕,,,7,,
고구마치즈스틱 - 남은 만두피로 만들었어요 #아이간식,한식,"만두피,모짜렐라슬라이스치즈,찐고구마,올리고당,식용유",30,쉬움,"점심,저녁","맑음,비,눈,더위,추위","봄,여름,가을,겨울",6859648,https://www.10000recipe.com/recipe/6859648,,,,7,,
'요리' 김치부대찌개,한식,"된장,고춧가루,간장,매실액,생강,마늘,소금,김치,청양고추,베이컨,햄,팽이버섯,멸치,만두,파,체다치즈",30,쉬움,"점심,저녁","맑음,비,눈,더위,추위","봄,여름,가을,겨울",6862334,https://www.10000recipe.com/recipe/6862334,찌개,,,7,,
[간단 자취요리] 닭가슴살 캔으로 굽네치킨 갈비천왕 치밥 만들기,한식,"닭가슴살캔중사이즈g,대파or파채,양파,간장,설탕,마늘,참기름,물",30,쉬움,"점심,저녁","맑음,비,눈,더위,추위","봄,여름,가을,겨울",6864222,https://www.10000recipe.com/recipe/6864222,밥/죽/떡,,,7,,
순두부와 쫄면의 만남+_+쫄순이♥,한식,"순두부g,쫄면g,양파,대파,물,참기름,고춧가루,마늘,간장,새우젓,후추,물만두",30,쉬움,"점심,저녁","맑음,비,눈,더위,추위","봄,여름,가을,겨울",6864947,https://www.10000recipe.com/recipe/6864947,면/만두,,,7,,
[간단 자취요리] 한그릇 뚝딱! 카레볶음밥 만들기,한식,"밥,감자,애호박,당근,카레가루,소금,계란",30,쉬움,"점심,저녁","맑음,비,눈,더위,추위","봄,여름,가을,겨울",6867392,https://www.10000recipe.com/recipe/6867392,밥/죽/떡,,,7,,
봄철나물을 이용한 냉이페스토파스타,양식,"링귀니,면수또는물,마늘,베트남고추,올리브오일파스타면용,소금파스타면용,후추,냉이,견과류,소금",30,쉬움,"점심,저녁","맑음,비,눈,더위,추위","봄,여름,가을,겨울",6868038,https://www.10000recipe.com/recipe/6868038,면/만두,,,7,,
"백종원 떡볶이 ,, 인기 간식 만들기~",한식,"떡볶이떡,납작어묵,물,대파,삶은계란,통깨,고추장,간장,고춧가루,설탕",15,쉬움,"아침,점심,야식","맑음,비,눈,더위,추위","봄,여름,가을,겨울",6869383,https://www.10000recipe.com/recipe/6869383,밥/죽/떡,,,7,,
국물이 시원한 칵테일 새우 맑은 뭇국,한식,"무우,칵테일새우,마른표고,다시마,멸치,마늘,간장,대파",30,쉬움,"점심,저녁","맑음,비,눈,더위,추위","봄,여름,가을,겨울",6870904,https://www.10000recipe.com/recipe/6870904,국/탕,,,7,,
꽃게 된장 찌개 저녁메뉴~,한식,"꽃게냉동,애호박,두부,양파,청양고추,홍고추,대파,마늘,다진생강,쌀뜨물,멸치육수,된장,쌈장,고춧가루,청주,연두",30,쉬움,"점심,저녁","맑음,비,눈,더위,추위","봄,여름,가을,겨울",6871135,https://www.10000recipe.com/recipe/6871135,찌개,,,7,,
[생생정보]김치비빔국수 황금레시피,한식,"소면지름원짜리동전,삶은계란,오이채,다진김치,참기름,깨소금,고추장,일반고추가루,청양고추가루,설탕,간장",30,쉬움,"점심,저녁","맑음,비,눈,더위,추위","봄,여름,가을,겨울",6871770,https://www.10000recipe.com/recipe/6871770,면/만두,,,7,,
안심스테이크굽는법 / 소스 만드는법,양식,"소고기안심,올리브오일,소금,후추,버터,간장,레몬즙,식초,설탕,매실청,마늘,올리브유,다진양파,다진사과,부순깨",60,쉬움,저녁,"맑음,비,눈,더위,추위","봄,여름,가을,겨울",6871862,https://www.10000recipe.com/recipe/6871862,양식,,,7,,
[간단 자취요리] 뼛속까지 시원한 김치말이국수 만들기,한식,"소면,냉면육수,신김치,참기름,설탕,냉면육수에신김치국물",15,쉬움,"아침,점심,야식","맑음,비,눈,더위,추위","봄,여름,가을,겨울",6872708,https://www.10000recipe.com/recipe/6872708,면/만두,,,7,,
특별한 찌개가 필요하다면 차돌 된장찌개,한식,"차돌박이,호박,두부,버섯,대파,쌀뜨물,된장,고추장,간장,간마늘,설탕,참기름",60,보통,저녁,"맑음,비,눈,더위,추위","봄,여름,가을,겨울",6875085,https://www.10000recipe.com/recipe/6875085,찌개,,,7,,
[간단 자취요리] 쫄면이 땡길 때! 새콤 달콤 쫄라면 만들기,한식,"라면사리,오이생략가능,양배추생략가능,고추장,설탕,식초,간장,마늘,참기름",10,쉬움,"아침,점심,야식","맑음,비,눈,더위,추위","봄,여름,가을,겨울",6875594,https://www.10000recipe.com/recipe/6875594,면/만두,,,7,,
호박덮밥 살캉거리는 맛이 좋은 쉬운요리,한식,"조선호박,양파,새송이버섯,간장,참치액,고춧가루,참기름,물,마늘,통깨,송송썬청고추,잣",30,쉬움,"점심,저녁","맑음,비,눈,더위,추위","봄,여름,가을,겨울",6876301,https://www.10000recipe.com/recipe/6876301,밥/죽/떡,,,7,,
"배추만두, 배추롤 만들기(남은 만두소 활용요리)",한식,"돼지고기다짐육,배춧잎,파,뿌리,마늘,소금,생강술,후춧가루,찹쌀가루",30,쉬움,"점심,저녁","맑음,비,눈,더위,추위","봄,여름,가을,겨울",6877523,https://www.10000recipe.com/recipe/6877523,면/만두,,,7,,
너무 간단한거 아이니?? 간단하게 혼밥할 땐 만두짜글이,한식,"만두,채썬양파,송송썬청양고추,송송썬대파,새송이버섯,팽이버섯,사골육수,고춧가루,간장,마늘",30,쉬움,"점심,저녁","맑음,비,눈,더위,추위","봄,여름,가을,겨울",6878109,https://www.10000recipe.com/recipe/6878109,찌개,,,7,,
깐풍만두 만드는 법 간식으로도 좋아요~,한식,"물만두,청피망,홍고추,마늘,대파,생강가루,물,간장,설탕,식초,후추,참기름",30,쉬움,"점심,저녁","맑음,비,눈,더위,추위","봄,여름,가을,겨울",6878128,https://www.10000recipe.com/recipe/6878128,면/만두,,,7,,
호박계란국 간단한 국,한식,"조선호박,계란,물,굵은소금,마늘,송송썬파,디포리or국멸치,다시마",30,쉬움,"점심,저녁","맑음,비,눈,더위,추위","봄,여름,가을,겨울",6879228,https://www.10000recipe.com/recipe/6879228,국/탕,,,7,,
시금치 된장국 초간단편,한식,"시금치,된장,두부,멸치육수,대파,마늘",10,쉬움,"아침,점심,야식","맑음,비,눈,더위,추위","봄,여름,가을,겨울",6879879,https://www.10000recipe.com/recipe/6879879,국/탕,,,7,,
황태 감자국~*,한식,"감자,황태포,대파,다시멸치,소금,마늘",30,쉬움,"점심,저녁","맑음,비,눈,더위,추위","봄,여름,가을,겨울",6880014,https://www.10000recipe.com/recipe/6880014,국/탕,,,7,,
부대찌개 황금레시피 만드는 법 알려드려요,한식,"사골육수,햄과소시지,양파,팽이버섯,홍고추,청양고추,떡또는만두,두부,라면사리,고춧가루,고추장,간장,미림,마늘,액젓,파마산치즈가루,후추",30,보통,"점심,저녁","맑음,비,눈,더위,추위","봄,여름,가을,겨울",6881919,https://www.10000recipe.com/recipe/6881919,찌개,,,7,,
"아침에 후딱 끓이는 굴 계란국, 계란 굴국",한식,"다시마멸치육수,무cm두께,대파,계란,간장,굴",30,보통,"점심,저녁","맑음,비,눈,더위,추위","봄,여름,가을,겨울",6881941,https://www.10000recipe.com/recipe/6881941,국/탕,,,7,,
삼색소보로덮밥,한식,"밥,스팸작은것,계란,신김치g,대파,식용유,참기름,설탕또는올리고당,김치국물",30,쉬움,"점심,저녁","맑음,비,눈,더위,추위","봄,여름,가을,겨울",6883303,https://www.10000recipe.com/recipe/6883303,밥/죽/떡,,,7,,
소고기 찹스테이크 만드는 법 소스도 넘 맛있다 +_+,양식,"소고기등심,미림,생강가루,후춧가루,소금,올리브유,케찹,마늘,올리고당또는물엿,양파,초록색양파,주황색파프리카,슬라이스마늘,버터",30,쉬움,"점심,저녁","맑음,비,눈,더위,추위","봄,여름,가을,겨울",6884052,https://www.10000recipe.com/recipe/6884052,양식,,,7,,
"짜장 우동, 인스턴트 짜장가루로 춘장맛내기 비법",중식,"짜장가루,물,대파,간마늘,간생강,양파개,호박개,가지개,전분물물컵전분가루T,흑설탕,오이채썬,매운고추,고추기름,후추가루",60,쉬움,저녁,"맑음,비,눈,더위,추위","봄,여름,가을,겨울",6884388,https://www.10000recipe.com/recipe/6884388,면/만두,,,7,,
일본식 계란덮밥 텐신항 / 텐진동 만들기,한식,"계란,맛살,파,밥,간장,설탕,맛술,식초,물,전분물",60,쉬움,저녁,"맑음,비,눈,더위,추위","봄,여름,가을,겨울",6885771,https://www.10000recipe.com/recipe/6885771,밥/죽/떡,,,7,,
스팸 부대찌개,한식,"스팸,양파,고춧가루,고추장,간장,대파,김치",15,쉬움,"아침,점심,야식","맑음,비,눈,더위,추위","봄,여름,가을,겨울",6886706,https://www.10000recipe.com/recipe/6886706,찌개,,,7,,
"소고기 양배추국 만드는 법, 요즘 딱 먹기 좋은 양배추로 간단 국물요리 만들기",한식,"소고기,양배추,양파,대파,참기름,물,마늘,간장,소금",60,쉬움,저녁,"맑음,비,눈,더위,추위","봄,여름,가을,겨울",6887143,https://www.10000recipe.com/recipe/6887143,국/탕,,,7,,
감기에 입맛 살리는 윤식당2 대박~ 메뉴 : 닭강정 만들기,한식,"양파,사과또는배,마늘,간장ml,설탕ml,물ml,닭살코기,소금,후춧가루,튀김가루ml,물,땅콩",60,쉬움,저녁,"맑음,비,눈,더위,추위","봄,여름,가을,겨울",6887417,https://www.10000recipe.com/recipe/6887417,메인반찬,,,7,,
크림 새송이 / 오늘도 고생한 나에게#24 [ 심야레시피 ],한식,"새송이버섯,튀김가루,물,마요네즈,설탕,식초",15,쉬움,"아침,점심,야식","맑음,비,눈,더위,추위","봄,여름,가을,겨울",6887489,https://www.10000recipe.com/recipe/6887489,,,,7,,
싼가격으로 보약같은 찌개 만들기 양송이버섯 들깨탕,한식,"양송이버섯팩,감자,물,들깨가루,치킨스톡,소금기호에맞게가감,파",10,쉬움,"아침,점심,야식","맑음,비,눈,더위,추위","봄,여름,가을,겨울",6887498,https://www.10000recipe.com/recipe/6887498,국/탕,,,7,,
부대찌개 황금레시피,한식,"스팸작은사이즈,프랑크소시지,버섯,신김치,떡국떡,콩나물,두부,만두,양파,대파,청고추,홍고추,체다슬라이스치즈,멸치다시마육수,고춧가루,마늘,간장,고추장,설탕,라면",60,쉬움,저녁,"맑음,비,눈,더위,추위","봄,여름,가을,겨울",6887808,https://www.10000recipe.com/recipe/6887808,찌개,,,7,,
"감자어묵국 만들기, 언제 먹어도 맛있다",한식,"어묵,물,감자g,양파g,마늘,간장,매운고추,파,천일염",30,쉬움,"점심,저녁","맑음,비,눈,더위,추위","봄,여름,가을,겨울",6888567,https://www.10000recipe.com/recipe/6888567,국/탕,,,7,,
초간편 럭셔리 혼밥 중화풍 게살덮밥,한식,"홍게살,대파,마늘,다진생강생략가능,팽이버섯,봉지,표고버섯생략가능,계란,식용유,물,간장,치킨스톡,녹말물,녹말가루,참기름,후추가루,쪽파또는실파생략가능",15,쉬움,"아침,점심,야식","맑음,비,눈,더위,추위","봄,여름,가을,겨울",6890482,https://www.10000recipe.com/recipe/6890482,밥/죽/떡,,,7,,
(간단하고 든든한)카레 목살 볶음밥,한식,"돼지목살,양파,당근,무순,파프리카,애호박,파,고추,밥,소금,후추,카레가루,스탠원형쟁반,나무주걱",30,쉬움,"점심,저녁","맑음,비,눈,더위,추위","봄,여름,가을,겨울",6890831,https://www.10000recipe.com/recipe/6890831,밥/죽/떡,,,7,,
보리새우 아우국- 수미네반찬 3회,한식,"아욱,보리새우,된장,채썬양파,풋고추,대파,마늘,고춧가루,다시마,마른표고버섯,밴댕이",15,쉬움,"아침,점심,야식","맑음,비,눈,더위,추위","봄,여름,가을,겨울",6891342,https://www.10000recipe.com/recipe/6891342,국/탕,,,7,,
"떡꼬치 만들기 , 집에서 간단히 만드는 아이간식",한식,"떡개분량,식용유,고추장,고춧가루,마늘,간장,설탕,케첩,올리고당,물",30,쉬움,"점심,저녁","맑음,비,눈,더위,추위","봄,여름,가을,겨울",6892025,https://www.10000recipe.com/recipe/6892025,밥/죽/떡,,,7,,
동글동글 감자 옹심이,한식,"감자,애호박,당근,양파,대파,청양고추,마늘,해물육수,소금,멸치액젓,물",60,쉬움,저녁,"맑음,비,눈,더위,추위","봄,여름,가을,겨울",6892246,https://www.10000recipe.com/recipe/6892246,국/탕,,,7,,
불 없이! 꿀맛 전자렌지 김치찌개 만들기ㅣ100% 성공하는 5가지 방법,한식,"김치,김치국물,식용유,설탕,마늘",10,쉬움,"아침,점심,야식","맑음,비,눈,더위,추위","봄,여름,가을,겨울",6893020,https://www.10000recipe.com/recipe/6893020,찌개,,,7,,
미역냉국- 수미네반찬 9회,한식,"오이채,얼음물,홍고추,청고추,간장,마늘,설탕,소금,물,사과식초,채썬양파,매실액,통깨",15,쉬움,"아침,점심,야식","맑음,비,눈,더위,추위","봄,여름,가을,겨울",6893834,https://www.10000recipe.com/recipe/6893834,국/탕,,,7,,
백종원 양파덮밥-간단 한그릇 요리,한식,"양파,계란,대파,간장,설탕,맛술,물",10,쉬움,"아침,점심,야식","맑음,비,눈,더위,추위","봄,여름,가을,겨울",6894459,https://www.10000recipe.com/recipe/6894459,밥/죽/떡,,,7,,
바쁘면 육수내지않고 미역된장국 후다닥끓이기요~,한식,"미역불렸을때한줌,두부,대파,산들애없으면생략,시판용된장,소금,마늘,고춧가루",15,쉬움,"아침,점심,야식","맑음,비,눈,더위,추위","봄,여름,가을,겨울",6895305,https://www.10000recipe.com/recipe/6895305,국/탕,,,7,,
만두볶이 ★ 만두기싱 여기여기 붙어라~,한식,"냉동물만두,판어묵,양파,대파,양배추,고추장,고춧가루,간장,설탕,마늘",30,쉬움,"점심,저녁","맑음,비,눈,더위,추위","봄,여름,가을,겨울",6896345,https://www.10000recipe.com/recipe/6896345,면/만두,,,7,,
스팸요리 귀요미 예쁜 스팸덮밥,한식,"스팸작은거,밥,계란,케첩",10,쉬움,"아침,점심,야식","맑음,비,눈,더위,추위","봄,여름,가을,겨울",6896928,https://www.10000recipe.com/recipe/6896928,밥/죽/떡,,,7,,
중국당면불닭까르보나라 맛있다해~☆,한식,"불린중국당면,생크림,우유,마늘,양파,비엔나소시지,슬라이스치즈,후추,올리브유",30,보통,"점심,저녁","맑음,비,눈,더위,추위","봄,여름,가을,겨울",6898427,https://www.10000recipe.com/recipe/6898427,면/만두,,,7,,
황태누룽지탕 뜨끈하니 구수한 맛 굿뜨~,한식,"황태크게,수라간현미누룽지,들기름,멸치액젓or국간장,소금,물,대파",15,쉬움,"아침,점심,야식","맑음,비,눈,더위,추위","봄,여름,가을,겨울",6898463,https://www.10000recipe.com/recipe/6898463,국/탕,,,7,,
술안주로 딱! 노브랜드 냉동새우로 감바스 만들기,양식,"냉동새우,마늘,올리브오일,페페론치노,파슬리",30,쉬움,"점심,저녁","맑음,비,눈,더위,추위","봄,여름,가을,겨울",6898891,https://www.10000recipe.com/recipe/6898891,양식,,,7,,
고깃집 된장찌개 끓이기,한식,"된장,쌈장,고춧가루,마늘,파,두부,애호박,양파,표고버섯,대패삼겹살",10,쉬움,"아침,점심,야식","맑음,비,눈,더위,추위","봄,여름,가을,겨울",6899061,https://www.10000recipe.com/recipe/6899061,찌개,,,7,,
소고기무국 끓이는법 국물요리 소고기뭇국,한식,"소고기국거리,무,대파,참기름,간장,소금,후춧가루,물",60,쉬움,저녁,"맑음,비,눈,더위,추위","봄,여름,가을,겨울",6899922,https://www.10000recipe.com/recipe/6899922,국/탕,,,7,,
베트남 여행가면 꼭 먹는 음식! 베트남식 군만두 짜조 만들기,한식,"다진돼지고기,새우,라이스페이퍼,양파,당근,대파,마늘,설탕,계란,소금,후추",30,보통,"점심,저녁","맑음,비,눈,더위,추위","봄,여름,가을,겨울",6900324,https://www.10000recipe.com/recipe/6900324,면/만두,,,7,,
만두밥 만들기 계란말이밥,한식,"냉동만두,계란,찬밥,양배추,애호박",20,쉬움,"점심,저녁","맑음,비,눈,더위,추위","봄,여름,가을,겨울",6901655,https://www.10000recipe.com/recipe/6901655,밥/죽/떡,,,7,,
고추 크래미 전,한식,"풋고추,크래미g,계란,튀김가루,식용유,가는소금,후추",30,쉬움,"점심,저녁","맑음,비,눈,더위,추위","봄,여름,가을,겨울",6903188,https://www.10000recipe.com/recipe/6903188,메인반찬,,,7,,
"타먹고, 발라먹는 전자렌지 귤 마멀레이드 만들기ㅣ진짜 존맛",한식,"귤,설탕",15,쉬움,"아침,점심,야식","맑음,비,눈,더위,추위","봄,여름,가을,겨울",6903197,https://www.10000recipe.com/recipe/6903197,,,,7,,
간단하지만 맛은 간단하지 않은 계란김국 만드는법,한식,"김,계란,대파,마늘,간장,소금,후춧가루,멸치다시마육수",20,쉬움,"점심,저녁","맑음,비,눈,더위,추위","봄,여름,가을,겨울",6903844,https://www.10000recipe.com/recipe/6903844,국/탕,,,7,,
노오븐 홈메이드 간식 '생딸기오믈렛'초간단 레시피,양식,"핫케이크가루,계란,우유,딸기,생크림,슈가파우더",15,쉬움,"아침,점심,야식",맑음,봄,6904722,https://www.10000recipe.com/recipe/6904722,양식,담백함,봄,7,,
된장찌개 맛있게 끓이는 법,한식,"된장,쌀뜨물,무,마늘,설탕,고춧가루,멸치가루,두부,감자작은사이즈,느타리버섯,청양고추,대파,홍고추",90,쉬움,저녁,"맑음,비,눈,더위,추위","봄,여름,가을,겨울",6906084,https://www.10000recipe.com/recipe/6906084,찌개,,,7,,
매운오뎅꼬치 황금레시피:길거리 빨간어묵 바로이맛!,한식,"어묵,대파,다시육수,꼬치,설탕,맛술,간장,고춧가루,다진대파",30,쉬움,"점심,저녁","맑음,비,눈,더위,추위","봄,여름,가을,겨울",6906427,https://www.10000recipe.com/recipe/6906427,국/탕,,,7,,
표고버섯치즈구이와 함께하는 오붓한 오늘♥,양식,"표고버섯,양파,파마산치즈가루,모짜렐라치즈,소금,후추",15,쉬움,"아침,점심,야식","맑음,비,눈,더위,추위","봄,여름,가을,겨울",6906483,https://www.10000recipe.com/recipe/6906483,양식,,,7,,
간단하지만 특별한 양파링전,한식,"양파,부침가루,스팸햄,다진당근,청양고추,홍고추,계란,식용유",10,쉬움,"아침,점심,야식","맑음,비,눈,더위,추위","봄,여름,가을,겨울",6907247,https://www.10000recipe.com/recipe/6907247,메인반찬,,,7,,
가마타마 (냉우동),일식,"우동면,대파,계란,김가루,쯔유,와사비",30,쉬움,"점심,저녁","맑음,비,눈,더위,추위","봄,여름,가을,겨울",6907311,https://www.10000recipe.com/recipe/6907311,면/만두,,,7,,
오징어무국 칼칼하게 끓이기!,한식,"오징어,무,두부,청양고추,대파,간장,고춧가루,마늘,소금,후추,물",30,쉬움,"점심,저녁","맑음,비,눈,더위,추위","봄,여름,가을,겨울",6908370,https://www.10000recipe.com/recipe/6908370,국/탕,,,7,,
푹 익힌 닭에 깊은 양념맛이 좋은 닭볶음탕,한식,"닭볶음용닭,양파,당근,감자,대파,고추장,마늘,맛술,고춧가루,설탕,간장,매실액,물",30,쉬움,"점심,저녁","맑음,비,눈,더위,추위","봄,여름,가을,겨울",6908917,https://www.10000recipe.com/recipe/6908917,국/탕,,,7,,
맥주하면 떠오르는 안주 ★ 감바스 알아히요,양식,"새우,마늘,올리브유,버터,페페론치노,소금,후추",15,쉬움,"아침,점심,야식","맑음,비,눈,더위,추위","봄,여름,가을,겨울",6909707,https://www.10000recipe.com/recipe/6909707,양식,,,7,,
시원하게 막국수,한식,"고춧가루,설탕,식초,고추장,대파,마늘,참기름,참깨,무,시판냉면육수,오이,메밀국수,삶은달걀,소금,계란",60,쉬움,저녁,"맑음,비,눈,더위,추위","봄,여름,가을,겨울",6911719,https://www.10000recipe.com/recipe/6911719,면/만두,,,7,,
아이반찬-얼갈이들깨무침,한식,"얼갈이,소금,대파,들깨가루,마늘,들기름",15,쉬움,"아침,점심,야식","맑음,비,눈,더위,추위","봄,여름,가을,겨울",6912739,https://www.10000recipe.com/recipe/6912739,메인반찬,,,7,,
여름엔 역시 열무국수지!! 열무비빔국수 ★,한식,"소면,오이,삶은달걀,열무김치,통깨,참기름,고추장,설탕,고춧가루,식초,매실액,올리고당,마늘,김칫국물",30,쉬움,"점심,저녁","맑음,비,눈,더위,추위","봄,여름,가을,겨울",6914319,https://www.10000recipe.com/recipe/6914319,면/만두,,,7,,
비빔칼국수 라구 들어보셨남?? ★,한식,"오이,삶은달걀,고추장,간장,고춧가루,마늘,식초,설탕,올리고당,통깨,참기름",30,쉬움,"점심,저녁","맑음,비,눈,더위,추위","봄,여름,가을,겨울",6915534,https://www.10000recipe.com/recipe/6915534,면/만두,,,7,,
"이렇게 쉬워? 감바스 알 하이요, 알리오 올리오 파스타 만들기 레시피",양식,"새우,마늘,방울토마토,표고버섯,페페론치노또는건고추,바게트,스파게티면,후추,소금,파슬리,올리브유",20,쉬움,"점심,저녁","맑음,비,눈,더위,추위","봄,여름,가을,겨울",6915551,https://www.10000recipe.com/recipe/6915551,양식,,,7,,
차슈말고 이젠 삼겹살강정! ★,한식,"삼겹살,전분,대파,고추장,케찹,고춧가루,마늘,설탕,물엿,물",30,쉬움,"점심,저녁","맑음,비,눈,더위,추위","봄,여름,가을,겨울",6915761,https://www.10000recipe.com/recipe/6915761,메인반찬,,,7,,
알토란 애호박 황태국,한식,"애호박,황태채,대파,청양고추,홍고추,물,들기름,설탕,새우젓,마늘",15,쉬움,"아침,점심,야식","맑음,비,눈,더위,추위","봄,여름,가을,겨울",6916576,https://www.10000recipe.com/recipe/6916576,국/탕,,,7,,
암예방레시피 깻잎 새우 삼각밥,한식,"손질한새우,깻잎,밥,공기,다진당근,다진대파,다진청양고추,밀가루,계란,포도씨유,저염맛간장",30,쉬움,"점심,저녁","맑음,비,눈,더위,추위","봄,여름,가을,겨울",6917064,https://www.10000recipe.com/recipe/6917064,밥/죽/떡,,,7,,
고소하고 진한 차돌박이 감자찌개 만들기,한식,"감자,차돌박이,양파,대파,청양고추,멸치육수,참기름,고춧가루,간장,마늘,된장,고추장,후춧가루",30,쉬움,"점심,저녁","맑음,비,눈,더위,추위","봄,여름,가을,겨울",6919300,https://www.10000recipe.com/recipe/6919300,찌개,,,7,,
수미네반찬 스타일로 끓인 된장찌개,한식,"애호박,감자,두부,양파,청양고추,홍고추,파,마늘,된장,쌈장,물,디포리,멸치,다시마",60,쉬움,저녁,"맑음,비,눈,더위,추위","봄,여름,가을,겨울",6919621,https://www.10000recipe.com/recipe/6919621,찌개,,,7,,
수미네반찬 장칼국수 개운한 맛,한식,"양파,감자,청양고추,대파,호박,된장,고추장,마늘,매실액",30,쉬움,"점심,저녁","맑음,비,눈,더위,추위","봄,여름,가을,겨울",6920220,https://www.10000recipe.com/recipe/6920220,면/만두,,,7,,
에어프라이 고르곤졸라피자만들기,양식,"또띠아,마늘,버터,피자치즈,피칸테치즈,파슬리가루,꿀",15,쉬움,"아침,점심,야식","맑음,비,눈,더위,추위","봄,여름,가을,겨울",6920430,https://www.10000recipe.com/recipe/6920430,양식,,,7,,
구수한 맛이 일품인 '백종원 된장라면' 초간단 레시피,한식,"라면,된장,계란,대파",10,쉬움,"아침,점심,야식","맑음,비,눈,더위,추위","봄,여름,가을,겨울",6922697,https://www.10000recipe.com/recipe/6922697,면/만두,,,7,,
오늘 메인은 카레찜닭!!!! 카레를 넣어 잡내를 쏘옥 제거!!!,한식,"닭,감자,당근,양파,대파,청양고추,홍고추,물,카레,설탕,고춧가루,간장,올리고당,맛술",60,쉬움,저녁,"맑음,비,눈,더위,추위","봄,여름,가을,겨울",6923275,https://www.10000recipe.com/recipe/6923275,메인반찬,,,7,,
집에서스테이크굽기 - 크리스마스 파티요리 부채살스테이크,양식,"스테이크용부채살,버터,통마늘,로즈마리,올리브오일,허브솔트",60,쉬움,저녁,"맑음,비,눈,더위,추위","봄,여름,가을,겨울",6923678,https://www.10000recipe.com/recipe/6923678,양식,,,7,,
♥[신혼밥상] 달달 쫄깃 간장떡볶이,한식,"쌀떡볶이,스팸,양파,올리고당,참기름,간장,설탕,맛술,마늘,물",20,쉬움,"점심,저녁","맑음,비,눈,더위,추위","봄,여름,가을,겨울",6925983,https://www.10000recipe.com/recipe/6925983,밥/죽/떡,,,7,,
쫄면 양념장 간이 딱맞아,한식,"쫄면,양배추,오이,당근,깻잎,양파,고추장,고춧가루,간장,식초,설탕,올리고당,마늘,참기름,통깨",30,쉬움,"점심,저녁","맑음,비,눈,더위,추위","봄,여름,가을,겨울",6926339,https://www.10000recipe.com/recipe/6926339,면/만두,,,7,,
"와인과 함께 즐기는 품격있는 한끼, 홍합 토마토 스튜",양식,"홍합,손질오징어,새우,순토마토퓨레,물,양파,마늘,청양고추,올리브오일,소금,이탈리안파슬리,후추",30,쉬움,"점심,저녁","맑음,비,눈,더위,추위","봄,여름,가을,겨울",6926468,https://www.10000recipe.com/recipe/6926468,양식,,,7,,
기름떡볶이ㅣ통인시장 갈 필요 없어요!ㅣ떡볶이의 신세계 [by.집밥한그릇],한식,"떡볶이떡,어묵,파,버터,식용유,참기름,고춧가루,간장,설탕,물엿,맛술",20,쉬움,"점심,저녁","맑음,비,눈,더위,추위","봄,여름,가을,겨울",6927728,https://www.10000recipe.com/recipe/6927728,밥/죽/떡,,,7,,
김치 비빔국수 ♬♪,한식,"국수소면,배추김치,청양고추,고추장,간장,마늘,올리고당,설탕,참기름,매실액,고춧가루,깨",15,쉬움,"아침,점심,야식","맑음,비,눈,더위,추위","봄,여름,가을,겨울",6927783,https://www.10000recipe.com/recipe/6927783,면/만두,,,7,,
시판용 카레로 만드는 간단카레우동! 소고기카레우동 만들기 ★,일식,"쇠고기,우동면,양파,대파,고형카레,멸치다시마육수,맛술,소금,후추",20,쉬움,"점심,저녁","맑음,비,눈,더위,추위","봄,여름,가을,겨울",6929257,https://www.10000recipe.com/recipe/6929257,면/만두,,,7,,
절대 살 안찌는 클린한 다이어트 리조또 만드는 법♥,양식,"현미밥,공기,플레인두유,짜지않은치즈,양파,새송이버섯,살치살,소금,후추,파슬리",20,쉬움,"점심,저녁","맑음,비,눈,더위,추위","봄,여름,가을,겨울",6929518,https://www.10000recipe.com/recipe/6929518,양식,,,7,,
양송이 속을 돼지고기로 채워 만든 에어프라이어 양송이버섯구이 ★,한식,"양송이버섯,다진돼지고기,빵가루,베이컨,식용유,맛술,설탕,마늘,소금,후추",60,쉬움,저녁,"맑음,비,눈,더위,추위","봄,여름,가을,겨울",6929703,https://www.10000recipe.com/recipe/6929703,,,,7,,
대패삼겹살과 황금궁합! 부추무침 ! 삼겹살을 계속 먹을 수 있는 부추무침양념 레시피 ★,한식,"대패삼겹살,부추,양파,간장,설탕,참기름,소금,후추,액젓,고춧가루,올리고당,통깨",30,쉬움,"점심,저녁","맑음,비,눈,더위,추위","봄,여름,가을,겨울",6930505,https://www.10000recipe.com/recipe/6930505,메인반찬,,,7,,
돼지목살 떡조림!! 세상에서 제일 맛있는 떡조림을 소개합니다!! 호불호 없는 단짠을 완벽하게 구현했습니다!,한식,"불린쌀떡,돼지목살,느타리버섯,양파즙,마늘,설탕,간장,미림,물엿,참기름",30,쉬움,"점심,저녁","맑음,비,눈,더위,추위","봄,여름,가을,겨울",6930883,https://www.10000recipe.com/recipe/6930883,메인반찬,,,7,,
입맛 돋우는 김치 비빔국수 만들기 간단요리,한식,"신김치,소면,청양고추,고춧가루,고추장,설탕,올리고당,마늘,식초,참기름,깨소금",10,쉬움,"아침,점심,야식","맑음,비,눈,더위,추위","봄,여름,가을,겨울",6931258,https://www.10000recipe.com/recipe/6931258,면/만두,,,7,,
초등학생도 간편하게! 어버이날 인절미 만들기!,한식,"찹쌀가루,따뜻한물,설탕,소금,콩가루",60,쉬움,저녁,"맑음,비,눈,더위,추위","봄,여름,가을,겨울",6932045,https://www.10000recipe.com/recipe/6932045,밥/죽/떡,,,7,,
어버이날요리/차돌박이 배추전골,한식,"차돌박이,알배추,팽이버섯,느타리버섯,표고버섯,다시팩,청경채,콩나물,부추,청양고추,무,당근,대파,두부,고추장,고춧가루,간장,마늘,맛술,매실청,멸치액젓,후추,소금",30,쉬움,"점심,저녁","맑음,비,눈,더위,추위","봄,여름,가을,겨울",6932214,https://www.10000recipe.com/recipe/6932214,국/탕,,,7,,
면역력 높이는 집콕 레시피! 열무된장면,한식,"열무,돼지고기다짐육,양파,대파,재래식된장,마늘,황설탕,굵은고춧가루,고운고춧가루,고추장,간장,홍고추,청양고추,참기름,깨소금,소면",30,쉬움,"점심,저녁","맑음,비,눈,더위,추위","봄,여름,가을,겨울",6932692,https://www.10000recipe.com/recipe/6932692,면/만두,,,7,,
[사랑파워 블로그][집밥백선생]백종원 감자짜글이 만들기!,한식,"감자,양파,스팸,대파,청양고추,된장,숟갈,고추장,고춧가루,간장,설탕,간마늘,물",30,쉬움,"점심,저녁","맑음,비,눈,더위,추위","봄,여름,가을,겨울",6935118,https://www.10000recipe.com/recipe/6935118,찌개,,,7,,
파맛 첵스 대신! 대파를 가득 넣은 대파파스타!! 간단 오일파스타로 날씨처럼 산뜻하게!,양식,"탈리아텔레,대파,베이컨,버터,올리브유,그라노파다노,후추",20,쉬움,"점심,저녁","맑음,비,눈,더위,추위","봄,여름,가을,겨울",6937001,https://www.10000recipe.com/recipe/6937001,면/만두,,,7,,
면두부 새우오일파스타 다이어트에도 좋아요,양식,"통마늘,새우,올리브오일,소금,후추",20,쉬움,"점심,저녁","맑음,비,눈,더위,추위","봄,여름,가을,겨울",6939082,https://www.10000recipe.com/recipe/6939082,면/만두,짭짤함,미분류,7,,
[집밥]초간단 5분 순두부찌개 #코로나극복,한식,"순두부,대파,건새우,양파,청양고추,식용유,고춧가루,마늘,참치액젓,간장,후추",5,쉬움,"아침,점심,야식","맑음,비,눈,더위,추위","봄,여름,가을,겨울",6941965,https://www.10000recipe.com/recipe/6941965,찌개,,,7,,
★다이어트 도시락★ 새우듬뿍! 샌드위치모양의 두부새우부침~!맛 최고!!!,한식,"두부,새우,전분,당근,양파,소금,후추,계란,파슬리",60,보통,저녁,"맑음,비,눈,더위,추위","봄,여름,가을,겨울",6943129,https://www.10000recipe.com/recipe/6943129,메인반찬,,,7,,
(아가랑 함께 먹는) 고구마치즈호떡,한식,"고구마작은크기,달걀노른자,아기치즈,올리브유",30,쉬움,"점심,저녁","맑음,비,눈,더위,추위","봄,여름,가을,겨울",6943361,https://www.10000recipe.com/recipe/6943361,밥/죽/떡,,,7,,
청양고추X단무지 콜라보_매콤고추주먹밥 레시피,한식,"청양고추,단무지,김,참기름,통깨",10,쉬움,"아침,점심,야식","맑음,비,눈,더위,추위","봄,여름,가을,겨울",6943806,https://www.10000recipe.com/recipe/6943806,밥/죽/떡,,,7,,
무가 맛 있어지는 이 계절에 뜨끈한~맑은 소고기 무국 ?뭇국??,한식,"소고기,무나박썰기로해서,간장,대파,소금,후추,참기름",30,쉬움,"점심,저녁","맑음,비,눈,더위,추위","봄,여름,가을,겨울",6946001,https://www.10000recipe.com/recipe/6946001,국/탕,,,7,,
돼지고기 듬뿍 들어간 된장찌개,한식,"돼지고기뒷다리살,양파,애호박,두부,대파,청양고추,마늘,된장,파는된장,고춧가루",30,쉬움,"점심,저녁","맑음,비,눈,더위,추위","봄,여름,가을,겨울",6948580,https://www.10000recipe.com/recipe/6948580,찌개,,,7,,
"저탄고지 키토제닉, 손님초대음식 소고기요리 고든램지 스테이크 맛있게 굽는법",양식,"스테이크고기,마늘,버터,올리브유,양파,허브",20,쉬움,"점심,저녁","맑음,비,눈,더위,추위","봄,여름,가을,겨울",6951957,https://www.10000recipe.com/recipe/6951957,양식,,,7,,
백종원 순두부찌개 끓이는법 양념까지 저녁메뉴 추천,한식,"순두부,대파,계란,후추,청양고추,고춧가루,참기름,간장,설탕,소금,육수",30,쉬움,"점심,저녁","맑음,비,눈,더위,추위","봄,여름,가을,겨울",6953214,https://www.10000recipe.com/recipe/6953214,찌개,,,7,,
시원 칼칼함이 해장으로도 최고인 김치콩나물국,한식,"멸치육수,콩나물,대파,익은김치,고춧가루,마늘,멸치액젓,소금",30,쉬움,"점심,저녁","맑음,비,눈,더위,추위","봄,여름,가을,겨울",6954173,https://www.10000recipe.com/recipe/6954173,국/탕,,,7,,
시원한 미역 오이냉국 만드는 법,한식,"오이,미역,대파,뿌리,식초,올리고당,매실액,소금,설탕,홍고추,깨",15,쉬움,"아침,점심,야식","맑음,비,눈,더위,추위","봄,여름,가을,겨울",6957180,https://www.10000recipe.com/recipe/6957180,국/탕,,,7,,
시금치돼지고기덮밥 (카오팟무쌈),한식,"돼지고기다짐육,시금치,홍고추,청양고추,대파,마늘,간장,설탕,멸치액젓,후춧가루,계란,식용유",15,보통,"아침,점심,야식","맑음,비,눈,더위,추위","봄,여름,가을,겨울",6957367,https://www.10000recipe.com/recipe/6957367,밥/죽/떡,,,7,,
두부감자국~유아/어린이국!,한식,"감자어린이주먹크기,두부,다시멸치,건다시마작은크기,건표고버섯,대파,청양고추,간장",30,쉬움,"점심,저녁","맑음,비,눈,더위,추위","봄,여름,가을,겨울",6961515,https://www.10000recipe.com/recipe/6961515,국/탕,,,7,,
참치 양배추 덮밥,한식,"채썬양배추,파,참치,양파,밥,계란,간장,고춧가루",15,쉬움,"아침,점심,야식","맑음,비,눈,더위,추위","봄,여름,가을,겨울",6962810,https://www.10000recipe.com/recipe/6962810,밥/죽/떡,,,7,,
다이어트음식 닭가슴살 토마토 계란볶음 저탄고지식단,한식,"토마토,계란,허브솔트,닭가슴살,청양고추,마늘,기버터",15,쉬움,"아침,점심,야식","맑음,비,눈,더위,추위","봄,여름,가을,겨울",6962887,https://www.10000recipe.com/recipe/6962887,메인반찬,,,7,,
돼지고기고추장찌개 만들기,한식,"돼지고기,감자큰거,양파,두부,대파,마늘,청양고추,들기름,고추장,맛술,새우젓,소금,후추,고춧가루,설탕,간장",30,쉬움,"점심,저녁","맑음,비,눈,더위,추위","봄,여름,가을,겨울",6964978,https://www.10000recipe.com/recipe/6964978,찌개,,,7,,
파프리카달걀볶음:초간단 저탄고지 다이어트 단백질식사,한식,"파프리카,계란,양파,현미유,소금,후추,파슬리가루",10,쉬움,"아침,점심,야식","맑음,비,눈,더위,추위","봄,여름,가을,겨울",6966445,https://www.10000recipe.com/recipe/6966445,메인반찬,짭짤함,미분류,7,,
우삼겹된장찌개 레시피,한식,"우삼겹,양파,감자,애호박,두부,대파,움큼,청양고추,홍고추,물,된장,고추장,마늘,설탕",30,쉬움,"점심,저녁","맑음,비,눈,더위,추위","봄,여름,가을,겨울",6986661,https://www.10000recipe.com/recipe/6986661,찌개,,,7,,
순두부조림 순두부가 순식간에 사라지는,한식,"순두부,다진돼지고기,양파,대파,당근,홍고추,참기름,통깨,맛술,고추장,고춧가루,간장,된장,마늘,설탕",15,쉬움,"아침,점심,야식","맑음,비,눈,더위,추위","봄,여름,가을,겨울",6989786,https://www.10000recipe.com/recipe/6989786,,,,7,,
초간단 한그릇요리- 고소한 땅콩버터 볶음우동 만들기,일식,"우동면,간장,땅콩버터,설탕,볶은깨,마늘,고춧가루,면수또는물,식물성오일,대파",10,쉬움,"아침,점심,야식","맑음,비,눈,더위,추위","봄,여름,가을,겨울",6990248,https://www.10000recipe.com/recipe/6990248,면/만두,,,7,,
"찬바람 부는 날씨엔 뜨끈한 국물, 배추말이 전골",한식,"배추,소고기,당근,파프리카,어묵,애호박,부추,팽이버섯,봉지,숙주,물,멸치다시육수팩,간장,참치액,소금,멸치다시마육수,식초,설탕,고추냉이",30,쉬움,"점심,저녁","맑음,비,눈,더위,추위","봄,여름,가을,겨울",6994662,https://www.10000recipe.com/recipe/6994662,국/탕,,,7,,
구운 참치 간장 주먹밥 레시피 / 아이들 입맛 저격! 자취생도 해먹기 좋은 초간단 주먹밥,한식,"햇반개,참치,간장,참기름,깨,후추,위생장갑,뒤집개",10,쉬움,"아침,점심,야식","맑음,비,눈,더위,추위","봄,여름,가을,겨울",7007197,https://www.10000recipe.com/recipe/7007197,밥/죽/떡,고소함,미분류,7,,
시원하고 뜨끈한 황태뭇국 끓이기,한식,"황태포,무,계란,파,간장,참기름,멸치액젓,마늘,물,전자저울,조리용나이프,대접",30,쉬움,"점심,저녁","맑음,비,눈,더위,추위","봄,여름,가을,겨울",7011422,https://www.10000recipe.com/recipe/7011422,국/탕,,,7,,
시금치 계란 볶음 레시피 다이어트 반찬,한식,"시금치,계란,버터,마늘,소금,올리브유",30,쉬움,"점심,저녁","맑음,비,눈,더위,추위","봄,여름,가을,겨울",7017809,https://www.10000recipe.com/recipe/7017809,,,,7,,
대패 제육볶음 레시피 대패삼겹살 돼지 대패 두루치기,한식,"대패삼겹살,대파,양파,설탕,올리고당,참기름,통깨,후추,고춧가루,고추장,간장,마늘,매실액,맛술,조리용나이프",30,쉬움,"점심,저녁","맑음,비,눈,더위,추위","봄,여름,가을,겨울",7030132,https://www.10000recipe.com/recipe/7030132,메인반찬,달콤함,미분류,7,,
푸짐하게 여러가지 먹을 수 있는 버섯칼국수,한식,"애느타리버섯,미나리,청경채,감자큰것,멸치다시마육수,밥,미나리잘게썬,당근잘게썬,대파잘게썬,계란,김가루,참기름,고추장,된장,고춧가루,마늘,MSG큰술",30,쉬움,"점심,저녁","맑음,비,눈,더위,추위","봄,여름,가을,겨울",1932227,https://www.10000recipe.com/recipe/1932227,면/만두,,,6,,
베이컨 김치말이 밥,한식,"밥,김치,포기,베이컨,깻잎,양파",60,쉬움,저녁,"맑음,비,눈,더위,추위","봄,여름,가을,겨울",225141,https://www.10000recipe.com/recipe/225141,밥/죽/떡,,,6,,
콕콕 찍어 먹는 팝콘치킨 만들기,한식,"닭가슴살,튀김가루,빵가루,계란,간장,청주,올리브오일,소금,후추",30,쉬움,"점심,저녁","맑음,비,눈,더위,추위","봄,여름,가을,겨울",3602909,https://www.10000recipe.com/recipe/3602909,메인반찬,,,6,,
달콤 씁쓸 고소한 모카호두머핀,한식,"계란,박력분,베이킹파우더,우유,굵게다진호두,버터,설탕,커피가루",60,쉬움,저녁,"맑음,비,눈,더위,추위","봄,여름,가을,겨울",3919318,https://www.10000recipe.com/recipe/3919318,,,,6,,
계란치즈스크램블,양식,"계란,호박,양파,당근,참치통조림,피자치즈,버터,소금",15,쉬움,"아침,점심,야식","맑음,비,눈,더위,추위","봄,여름,가을,겨울",4031003,https://www.10000recipe.com/recipe/4031003,양식,,,6,,
소세지 스파게티 만들기,한식,"페퍼윈너소시지,스파게티면,양파,올리브유",30,쉬움,"점심,저녁","맑음,비,눈,더위,추위","봄,여름,가을,겨울",4198428,https://www.10000recipe.com/recipe/4198428,면/만두,,,6,,
표고버섯 밥전,한식,"밥,표고버섯,대파,계란,식용유,맛술,통깨,소금",30,쉬움,"점심,저녁","맑음,비,눈,더위,추위","봄,여름,가을,겨울",4291836,https://www.10000recipe.com/recipe/4291836,밥/죽/떡,,,6,,
[황태콩나물국] 술 마신 신랑을 위한 해장국 황태콩나물국 끓이기 [국물요리/해장국물],한식,"황태,콩나물,두부,대파,계란,참기름,마늘,홍고추,간장,소금,후춧가루",30,쉬움,"점심,저녁","맑음,비,눈,더위,추위","봄,여름,가을,겨울",4463522,https://www.10000recipe.com/recipe/4463522,국/탕,,,6,,
부대찌개 끓이는 법,한식,"통조림햄작은크기,소세지,콩나물,파,라면사리,다진소고기,사각어묵,김치,양파,호박생략가능,토막,렌즈콩생략가능,멸치,무,월남고추,간장,고추장,고춧가루,마늘,생강가루,맛술",1,쉬움,"아침,점심,야식","맑음,비,눈,더위,추위","봄,여름,가을,겨울",4521719,https://www.10000recipe.com/recipe/4521719,찌개,,,6,,
매콤새콤쫄깃한 한그릇요리 새송이버섯 고추장파스타만들기,양식,"새송이버섯,양파,대파,올리브유,스파게티면,고추장,올리고당,맛술,참기름,케찹",30,쉬움,"점심,저녁","맑음,비,눈,더위,추위","봄,여름,가을,겨울",5136351,https://www.10000recipe.com/recipe/5136351,면/만두,,,6,,
담백한맛이 좋은 베이컨마늘스파게티,한식,"스파게티면,베이컨,마늘,양파,소금,파슬리가루,파마산치즈가루,올리브유",15,쉬움,"아침,점심,야식","맑음,비,눈,더위,추위","봄,여름,가을,겨울",6654995,https://www.10000recipe.com/recipe/6654995,면/만두,,,6,,
차돌박이 된장찌개,한식,"차돌박이,감자,애호박,양파,청양고추,팽이버섯,두부,된장,고추장",18,쉬움,"점심,저녁","맑음,비,눈,더위,추위","봄,여름,가을,겨울",6685538,https://www.10000recipe.com/recipe/6685538,찌개,,,6,,
다이어트에 좋은 양배추국,한식,"양배추,두부,멸치육수,된장,소금,마늘,고춧가루,대파",30,쉬움,"점심,저녁","맑음,비,눈,더위,추위","봄,여름,가을,겨울",6690620,https://www.10000recipe.com/recipe/6690620,국/탕,,,6,,
오늘 얼큰한 김치수제비 한그릇 어떠세요?,한식,"밀가루,물,디포리육수용,다시마,애호박,양파,신김치,청양고추,대파,뿌리,올리브유,김치국물",30,쉬움,"점심,저녁","맑음,비,눈,더위,추위","봄,여름,가을,겨울",6711646,https://www.10000recipe.com/recipe/6711646,면/만두,,,6,,
들깨 만두전골,한식,"냉동만두개,팽이버섯,봉지,애느타리버섯,채썬양파,마늘,다시마끓인물,간장,들깨가루,곱게어슷썬대파",30,쉬움,"점심,저녁","맑음,비,눈,더위,추위","봄,여름,가을,겨울",6739754,https://www.10000recipe.com/recipe/6739754,국/탕,,,6,,
미역 비빔국수,한식,"국수,불린미역,빨강파프리카,노랑파프리카,달걀삶은것,참기름,통깨,고추장,청양고춧가루,매실액,꿀,식초,마늘",30,쉬움,"점심,저녁","맑음,비,눈,더위,추위","봄,여름,가을,겨울",6800369,https://www.10000recipe.com/recipe/6800369,면/만두,,,6,,
얼큰한 꽃게된장찌개,한식,"꽃게,멸치,다시마,말린표고버섯,버섯,애호박,양파,파,청양고추,된장,고추장,고춧가루",30,보통,"점심,저녁","맑음,비,눈,더위,추위","봄,여름,가을,겨울",6828926,https://www.10000recipe.com/recipe/6828926,찌개,,,6,,
먹을수록 중독되는 풍부한 치즈맛의 맥앤치즈,양식,"마카로니,버터손가락두개크기,우유,양파,슬라이스치즈,피자치즈,후춧가루,소금,파슬리가루",60,쉬움,저녁,"맑음,비,눈,더위,추위","봄,여름,가을,겨울",6829327,https://www.10000recipe.com/recipe/6829327,양식,,,6,,
목살 폭찹스테이크,양식,"돼지고기목살,노란파프리카,빨간파프리카,청피팡,양송이버섯,양파,후추,소금,올리브유,케첩,고추장,올리고당,물,마늘,다진양파",60,보통,저녁,"맑음,비,눈,더위,추위","봄,여름,가을,겨울",6829814,https://www.10000recipe.com/recipe/6829814,양식,,,6,,
심야식당 조개술찜 만들기,한식,"모시조개,양파,당근,마늘,청양고추,버터,간장,화이트와인,오징어,파",15,쉬움,"아침,점심,야식","맑음,비,눈,추위",봄,6832079,https://www.10000recipe.com/recipe/6832079,국/탕,매콤함,봄,6,,
초간단 정창욱 치킨도리아 만들기,한식,"밥,순닭가슴살,모짜렐라치즈,파슬리가루",15,쉬움,"아침,점심,야식","맑음,비,눈,더위,추위","봄,여름,가을,겨울",6832133,https://www.10000recipe.com/recipe/6832133,밥/죽/떡,,,6,,
♡데리야키 소스 오징어 덮밥♡ 온가족 입맛 땡기는 한그릇 요리 ~,한식,"오징어,양파,당근,애호박,부추,간장,올리고당,까놀라유,마늘,통깨,밀가루,청주",15,쉬움,"아침,점심,야식","맑음,비,눈,더위,추위","봄,여름,가을,겨울",6832311,https://www.10000recipe.com/recipe/6832311,밥/죽/떡,,,6,,
만두피의 변신! 만두피수제비,한식,"육수용티백,양파,당근,애호박,파,만두피,계란,간장,마늘,소금,후추",15,쉬움,"아침,점심,야식","맑음,비,눈,더위,추위","봄,여름,가을,겨울",6832393,https://www.10000recipe.com/recipe/6832393,면/만두,,,6,,
밀푀유나베 만들어서 집들이 준비하기,한식,"소고기샤브샤브g,근,숙주나물,깻잎,알배추,느타리버섯,팽이버섯,표고버섯모양내기용,무,양파,대파,다시마,멸치육수용,간장,매실액,식초,마늘",30,쉬움,"점심,저녁","맑음,비,눈,더위,추위","봄,여름,가을,겨울",6833952,https://www.10000recipe.com/recipe/6833952,국/탕,,,6,,
백종원 묵은지 찌개 만들기,한식,"묵은지,포기,멸치,마늘,간장,들기름",15,쉬움,"아침,점심,야식","맑음,비,눈,더위,추위","봄,여름,가을,겨울",6834132,https://www.10000recipe.com/recipe/6834132,찌개,,,6,,
백종원 된장찌개 새우를 넣어 훨씬 더 얼큰해요,한식,"새우,청양고추,양파,당근,무,팽이버섯,된장,쌀뜨물,설탕,마늘,고춧가루",30,쉬움,"점심,저녁","맑음,비,눈,더위,추위","봄,여름,가을,겨울",6834135,https://www.10000recipe.com/recipe/6834135,찌개,,,6,,
대파라면 만들기,한식,"대파,고추,양파,마늘,라면,고춧가루",15,쉬움,"아침,점심,야식","맑음,비,눈,더위,추위","봄,여름,가을,겨울",6834602,https://www.10000recipe.com/recipe/6834602,면/만두,,,6,,
(자취생의 초간단요리) 소고기 호박 된장찌개 만들었어요:),한식,"소고기,애호박,양파,된장,고춧가루,물또는쌀뜬물",15,쉬움,"아침,점심,야식","맑음,비,눈,더위,추위","봄,여름,가을,겨울",6836983,https://www.10000recipe.com/recipe/6836983,찌개,,,6,,
초간단 달걀 파볶음밥 레시피!,한식,"계란,파,버섯생략가능,고춧가루,소금,참기름",10,쉬움,"아침,점심,야식","맑음,비,눈,더위,추위","봄,여름,가을,겨울",6838591,https://www.10000recipe.com/recipe/6838591,밥/죽/떡,,,6,,
새마을식당 7분 김치찌개 만드는 법,한식,"김치,돼지고기,쌀뜨물,대파,청양고추,된장,마늘,고춧가루,간장,새우젓",15,쉬움,"아침,점심,야식","맑음,비,눈,더위,추위","봄,여름,가을,겨울",6838634,https://www.10000recipe.com/recipe/6838634,찌개,,,6,,
[브랜드제품있음] 채끝살 챱스테이크 - 집에서 먹는 패밀리레스토랑요리,양식,"한우채끝살,올리브유,허브솔트,후춧가루,양송이버섯,빨강파프리카,노랑파프리카,당근,양파,마늘,파슬리가루,캐쳡,올리고당,숟갈,미림",30,보통,"점심,저녁","맑음,비,눈,더위,추위","봄,여름,가을,겨울",6838691,https://www.10000recipe.com/recipe/6838691,양식,,,6,,
사과고구마그라탕:사과+고구마+계피+꿀의 맛있는 사중주,양식,"고구마,사과,체다모짜렐라치즈,우유,마요네즈,꿀,계피가루,소금,파슬리가루,버터",30,쉬움,"점심,저녁","맑음,비,눈,더위,추위","봄,여름,가을,겨울",6838886,https://www.10000recipe.com/recipe/6838886,양식,,,6,,
데리야끼소스에 조린 연어스테이크!,양식,"연어스테이크용,영양부추,올리브오일,청주,소금,후춧가루",60,쉬움,저녁,"맑음,비,눈,더위,추위","봄,여름,가을,겨울",6839532,https://www.10000recipe.com/recipe/6839532,양식,,,6,,
허니버터 옥수수 맛탕,한식,"옥수수,밀가루,버터,식용유,꿀",30,쉬움,"점심,저녁","맑음,비,눈,더위,추위","봄,여름,가을,겨울",6840220,https://www.10000recipe.com/recipe/6840220,,,,6,,
"백주부레시피, 집밥백선생 달걀덮밥 / 간단한 달걀덮밥 만들기♪",한식,"계란,파,간장,소주컵,식용류,고춧가루",30,쉬움,"점심,저녁","맑음,비,눈,더위,추위","봄,여름,가을,겨울",6840451,https://www.10000recipe.com/recipe/6840451,밥/죽/떡,,,6,,
"소고기 케첩 덮밥 , 독특한 풍미의 덮밥요리 :)",한식,"소고기부위상관없음,새송이버섯,당근,대파,양파,청양고추,계란,마늘,맛술,토마토케첩,버터,설탕,식용유,소금,후추,파마산치즈가루생략가능,물",15,쉬움,"아침,점심,야식","맑음,비,눈,더위,추위","봄,여름,가을,겨울",6841295,https://www.10000recipe.com/recipe/6841295,밥/죽/떡,,,6,,
오늘뭐먹지 레시피 :: 몽골리안비프.,양식,"소고기,청경채,아스파라거스,청주,간장,마늘,설탕,후추,전분",30,쉬움,"점심,저녁","맑음,비,눈,더위,추위","봄,여름,가을,겨울",6842449,https://www.10000recipe.com/recipe/6842449,양식,,,6,,
[한그릇요리] 연두부 달걀덮밥,한식,"순두부,닭가슴살,표고버섯,양파,대파,계란,마늘,식용유,간장,물,소금,후추",30,쉬움,"점심,저녁","맑음,비,눈,더위,추위","봄,여름,가을,겨울",6842702,https://www.10000recipe.com/recipe/6842702,밥/죽/떡,,,6,,
라이스페이퍼로 베이컨야채만두 만들기♪,한식,"베이컨,라이스페이퍼,빨간파프리카,노란파프리카,애호박,당근,새송이버섯,식용류",60,보통,저녁,"맑음,비,눈,더위,추위","봄,여름,가을,겨울",6842836,https://www.10000recipe.com/recipe/6842836,면/만두,,,6,,
만두전 만들기,한식,"군만두,계란,소금,후추,식용유",10,쉬움,"아침,점심,야식","맑음,비,눈,더위,추위","봄,여름,가을,겨울",6845358,https://www.10000recipe.com/recipe/6845358,면/만두,,,6,,
기름떡볶이 초간단레시피 - 간단한 한끼로 자취요리 추천,한식,"떡볶이떡,대파,계란,냉동만두,고춧가루,설탕,참기름,간장",15,쉬움,"아침,점심,야식","맑음,비,눈,더위,추위","봄,여름,가을,겨울",6846489,https://www.10000recipe.com/recipe/6846489,밥/죽/떡,,,6,,
차돌박이된장찌개 - 구수하게 끓이는법,한식,"차돌박이,무,호박,양파,두부,대파,된장,고추장",30,쉬움,"점심,저녁","맑음,비,눈,더위,추위","봄,여름,가을,겨울",6846983,https://www.10000recipe.com/recipe/6846983,찌개,,,6,,
깻잎참치쌈밥 # 깻잎쌈밥 도시락,한식,"깻잎,참치,양파,당근,후추,밥,된장,고추장,간마늘,참기름,사이다또는설탕물생략가능",15,쉬움,"아침,점심,야식","맑음,비,눈,더위,추위","봄,여름,가을,겨울",6847204,https://www.10000recipe.com/recipe/6847204,밥/죽/떡,,,6,,
들을땐 생소하지만 먹을땐 친숙한 맛!! 이름부터 맛있는 에그인헬,양식,"계란,올리브오일,양파,마늘,소금,소세지,베이컨,양송이,청양고추,후추가루,우유,모짜렐라,바질",30,쉬움,"점심,저녁","맑음,비,눈,더위,추위","봄,여름,가을,겨울",6850413,https://www.10000recipe.com/recipe/6850413,양식,,,6,,
깨끗한 국물이 매력적인 맑은애호박두부탕,한식,"무작은,애호박,두부,표고버섯,청양고추,대파,마늘,간장,새우젓,후추,국물용멸치,다시마cmxcm",30,쉬움,"점심,저녁","맑음,비,눈,더위,추위","봄,여름,가을,겨울",6850593,https://www.10000recipe.com/recipe/6850593,국/탕,,,6,,
여름엔 새우젓을 넣은 콩나물어묵김치국 이열치열 국요리,한식,"콩나물,어묵,신김치,대파,뿌리,마늘,물,다시마,국멸치,간장,새우젓,고춧가루",30,쉬움,"점심,저녁","맑음,비,눈,더위,추위","봄,여름,가을,겨울",6850815,https://www.10000recipe.com/recipe/6850815,국/탕,,,6,,
여름 별미 매콤하게 맛있는 김치비빔국수,한식,"국수,배추김치,삶은계란,간장,설탕,고춧가루,통깨,매실,식용유",30,쉬움,"점심,저녁","맑음,비,눈,더위,추위","봄,여름,가을,겨울",6852046,https://www.10000recipe.com/recipe/6852046,면/만두,,,6,,
#초스피드 구수한 새우젓두부찌개 만들기,한식,"두부,천연조미료육수,마늘,파,홍고추,청양고추,새우젓",15,쉬움,"아침,점심,야식","맑음,비,눈,더위,추위","봄,여름,가을,겨울",6852424,https://www.10000recipe.com/recipe/6852424,찌개,,,6,,
골뱅이고추장찌개 - 칼칼하고 쫄깃한 골뱅이가 재밌다!,한식,"골뱅이,감자,애호박,양파,고추,대파,고추장,고춧가루,마늘,액젓,후추,생수,골뱅이국물",30,쉬움,"점심,저녁","맑음,비,눈,더위,추위","봄,여름,가을,겨울",6854980,https://www.10000recipe.com/recipe/6854980,찌개,,,6,,
"총각김치된장찌개, 청국장을 더해~진하게",한식,"총각김치한대접반,파,양파,멸치육수,된장,마늘,참기름,생청국장",30,쉬움,"점심,저녁","맑음,비,눈,더위,추위","봄,여름,가을,겨울",6856231,https://www.10000recipe.com/recipe/6856231,찌개,,,6,,
특별한날에 알토란 에드워드권 스테이크,양식,"채끝,양송이버섯,브로콜리,방울토마토,소금,후추,버터,마늘,포도씨유식용유,양파,통후추,우유,물",60,쉬움,저녁,"맑음,비,눈,더위,추위","봄,여름,가을,겨울",6858281,https://www.10000recipe.com/recipe/6858281,양식,,,6,,
♡당면이 된장찌개를 만나면~ 대박~~^^,한식,"물,된장수북히,고춧가루,다시멸치,감자중간,두부,호박,버섯,청양고추,양파,당면",30,쉬움,"점심,저녁","맑음,비,눈,더위,추위","봄,여름,가을,겨울",6858700,https://www.10000recipe.com/recipe/6858700,찌개,,,6,,
당면계란국 만들기 부드럽게 아침식사로 좋은 당면달걀국 만드는 방법,한식,"당면,대파,계란,혼다시,간장,소금,후추",5,쉬움,"아침,점심,야식","맑음,비,눈,더위,추위","봄,여름,가을,겨울",6858790,https://www.10000recipe.com/recipe/6858790,국/탕,,,6,,
간단한 부대찌개 만들기,한식,"고춧가루,간장,마늘,청주,매실청,소금,후추,물,만두,떡,소시지,스팸,새송이버섯,대파,라면,김치,두부",30,쉬움,"점심,저녁","맑음,비,눈,더위,추위","봄,여름,가을,겨울",6858900,https://www.10000recipe.com/recipe/6858900,찌개,,,6,,
얼큰한 돼지목살 고추장 찌개,한식,"돼지고기,감자,두부,양파,청양고추,홍고추,대파,마늘,황태만능육수,물,고추장,고춧가루,간장,멸치액젓,소금",30,쉬움,"점심,저녁","맑음,비,눈,더위,추위","봄,여름,가을,겨울",6858940,https://www.10000recipe.com/recipe/6858940,찌개,,,6,,
찬바람불때 소고기순두부찌개,한식,"다진소고기,순두부,쌀뜨물,계란,느타리버섯,대파,양파,청양고추,홍고추,고춧가루,마늘,간장,참기름",60,쉬움,저녁,"맑음,비,눈,더위,추위","봄,여름,가을,겨울",6860830,https://www.10000recipe.com/recipe/6860830,찌개,,,6,,
[간단 자취요리] 케찹 + 라면으로 스파게티를..! / 자취버전 나폴리탄 스파게티 만들기,한식,"라면또는스파게티면인분,계란생략가능,햄,케찹,마늘",30,쉬움,"점심,저녁","맑음,비,눈,더위,추위","봄,여름,가을,겨울",6861489,https://www.10000recipe.com/recipe/6861489,면/만두,,,6,,
"백종원 함박스테이크, 간단한 소스도 굿맛!연말파티메뉴로도 굿!",양식,"다진돼지고기,마늘,케찹,계란,볶은양파,빵가루,버터,후추,소금,다진양파,양파,버섯,간장,설탕,물,우유,삶은감자,계란후라이",60,쉬움,저녁,"맑음,비,눈,더위,추위","봄,여름,가을,겨울",6861613,https://www.10000recipe.com/recipe/6861613,양식,,,6,,
[간단 자취요리] NO생크림! NO베이컨! 자취버전 크림 스파게티 만들기! (크림라파게티),한식,"우유,슬라이스치즈,스팸,라면,소금,후추",15,쉬움,"아침,점심,야식","맑음,비,눈,더위,추위","봄,여름,가을,겨울",6862566,https://www.10000recipe.com/recipe/6862566,면/만두,,,6,,
왕꼬막 넣고 끓인 얼큰 순두부찌개,한식,"순두부,자숙왕꼬막,계란,쌀뜨물,고춧가루,고추장,소고기다시다,마늘,올리브오일,소금,파",15,쉬움,"아침,점심,야식","맑음,비,눈,더위,추위","봄,여름,가을,겨울",6863310,https://www.10000recipe.com/recipe/6863310,찌개,,,6,,
자꾸자꾸 생각나는 꿀맛 '고구마 그라탕',양식,"고구마,양파,파프리카,스위트콘,모짜렐라치즈,체다치즈",30,쉬움,"점심,저녁","맑음,비,눈,더위,추위","봄,여름,가을,겨울",6863805,https://www.10000recipe.com/recipe/6863805,양식,,,6,,
핑거푸드 밥피자 - 자그마한 찬밥피자,한식,"밥,계란,당근,양파,소시지,식용유,피자치즈,소금",15,쉬움,"아침,점심,야식","맑음,비,눈,더위,추위","봄,여름,가을,겨울",6864035,https://www.10000recipe.com/recipe/6864035,밥/죽/떡,,,6,,
얼큰 소고기 무국,한식,"소고기국거리용,대파,무,마늘,들기름,간장,소금",15,보통,"아침,점심,야식","맑음,비,눈,더위,추위","봄,여름,가을,겨울",6865887,https://www.10000recipe.com/recipe/6865887,국/탕,,,6,,
삼겹 된장 신라면,한식,"신라면,삼겹살,마늘,된장,참기름,양파g,물",30,쉬움,"점심,저녁","맑음,비,눈,더위,추위","봄,여름,가을,겨울",6866665,https://www.10000recipe.com/recipe/6866665,면/만두,,,6,,
돈가스 만들기 포인트만 쏙쏙!!,양식,"돼지고기안심,우유,마늘다진거,계란,밀가루,빵가루,식용유",15,쉬움,"아침,점심,야식","맑음,비,눈,더위,추위","봄,여름,가을,겨울",6867659,https://www.10000recipe.com/recipe/6867659,양식,,,6,,
[초간단] 밥도둑 참치감자고추장찌개 너~어!♥,한식,"사조참치,감자,양파,홍고추,물,해표순창궁태양초고추장,해표옹가네국간장,해표통참깨참기름,마늘",15,쉬움,"아침,점심,야식","맑음,비,눈,더위,추위","봄,여름,가을,겨울",6867824,https://www.10000recipe.com/recipe/6867824,찌개,,,6,,
매력 만점 깐.풍.우.동!!!,한식,"우동사리면봉,돼지고기,버섯,양파,마늘,고추기름큰술,간장큰술,물큰술,식초큰술,설탕큰술,다진마늘큰술,전분가루작은술,후추작은술",15,쉬움,"아침,점심,야식","맑음,비,눈,더위,추위","봄,여름,가을,겨울",6868045,https://www.10000recipe.com/recipe/6868045,면/만두,,,6,,
【초간단】미더덕+오만둥이 된장찌개 만들기~,한식,"된장,쌈장,두부,양파,땡초,마늘,고춧가루,오만둥이,호박,대파",15,쉬움,"아침,점심,야식","맑음,비,눈,더위,추위","봄,여름,가을,겨울",6868122,https://www.10000recipe.com/recipe/6868122,찌개,,,6,,
(집에서 즐기는 술안주) 맥앤치즈,양식,"마카로니,우유,모짜렐라치즈,슬라이스치즈,소금,후추,콘옥수수,베이컨,청양고추,파슬리,버터,토막,밀가루",60,쉬움,저녁,"맑음,비,눈,더위,추위","봄,여름,가을,겨울",6868148,https://www.10000recipe.com/recipe/6868148,양식,,,6,,
【밥집김치찌개】밥상단골메뉴 사먹는 맛처럼 따라잡기~,한식,"김치김치국물,돼지고기,양파,대파,땡초,두부,참기름,마늘,사골육수,물,맛술,후추가루,간장,고춧가루",30,쉬움,"점심,저녁","맑음,비,눈,더위,추위","봄,여름,가을,겨울",6869274,https://www.10000recipe.com/recipe/6869274,찌개,,,6,,
오이냉국,한식,"오이,미역,청양고추,얼음,깨,물,소금,설탕,식초",30,쉬움,"점심,저녁","맑음,비,눈,더위,추위","봄,여름,가을,겨울",6870481,https://www.10000recipe.com/recipe/6870481,국/탕,,,6,,
시원한 오징어국 만들어요~,한식,"오징어,무cm,양파,애호박,대파,청양고추,고추장,된장,간장,고춧가루,마늘,청주",15,쉬움,"아침,점심,야식","맑음,비,눈,더위,추위","봄,여름,가을,겨울",6871718,https://www.10000recipe.com/recipe/6871718,국/탕,,,6,,
"닭가슴살 요리, 오므라이스 만드는법",한식,"닭가슴살g,애호박,당근,양파,편마늘,계란,식용유,케찹,후추,청주,소금,양송이버섯,올리고당,물",30,쉬움,"점심,저녁","맑음,비,눈,더위,추위","봄,여름,가을,겨울",6872278,https://www.10000recipe.com/recipe/6872278,밥/죽/떡,,,6,,
간단하게 만드는 알리오올리오~~~,한식,"파스타면,마늘,양파,베이컨,올리브오일,소금,파슬리가루,후추",30,쉬움,"점심,저녁","맑음,비,눈,더위,추위","봄,여름,가을,겨울",6872654,https://www.10000recipe.com/recipe/6872654,면/만두,,,6,,
입맛 확~ 잡아주는 고추장짜글이!,한식,"돼지고기등심,감자,양파,새송이버섯,호박,청양고추,대파,고추장,고춧가루,마늘,맛술,후추가루,설탕,물",30,쉬움,"점심,저녁","맑음,비,눈,더위,추위","봄,여름,가을,겨울",6875411,https://www.10000recipe.com/recipe/6875411,찌개,,,6,,
꿀처 꽁치김치찌개,한식,"김치,꽁치통조림,마늘,대파,고춧가루,다시다,생강가루,후춧가루,소주,물",30,쉬움,"점심,저녁","맑음,비,눈,더위,추위","봄,여름,가을,겨울",6876073,https://www.10000recipe.com/recipe/6876073,찌개,,,6,,
"얼큰한 뚝배기 고추장 파스타(밥까지 말게 되는 마성의 맛, 해장에도 굿~!)",양식,"스파게티면,새우,소세지,양파,새송이버섯,청양고추,토마토,설탕,마늘,고추장,토마토케찹,후춧가루,물,치킨스톡g,생강술,허브소금",30,쉬움,"점심,저녁","맑음,비,눈,더위,추위","봄,여름,가을,겨울",6879900,https://www.10000recipe.com/recipe/6879900,면/만두,,,6,,
몸에좋은 버섯과 채소를 듬뿍 ~ 버섯덮밥,한식,"팽이버섯,양송이,표고버섯,당근,양파,대파,간마늘,달걀흰자,녹말물",15,쉬움,"아침,점심,야식","맑음,비,눈,더위,추위","봄,여름,가을,겨울",6880331,https://www.10000recipe.com/recipe/6880331,밥/죽/떡,,,6,,
저렴하지만 고풍진 음식을 만들고 싶다면? 라면크림파스타♥,양식,"라면,우유,양파,체다치즈,파마산치즈가루,베이컨or소시지개,소금,후추",30,쉬움,"점심,저녁","맑음,비,눈,더위,추위","봄,여름,가을,겨울",6881204,https://www.10000recipe.com/recipe/6881204,면/만두,,,6,,
"아이반찬, 아이간식, 어묵전 만들기~",한식,"사각어묵,양파,대파초록부분,당근,계란,부침가루가루다가능,소금",15,쉬움,"아침,점심,야식","맑음,비,눈,더위,추위","봄,여름,가을,겨울",6882885,https://www.10000recipe.com/recipe/6882885,메인반찬,,,6,,
소고기 찹스테이크 만들기~대박 야들 짐!,양식,"소고기,양파,파프리카주황,파프리카노랑,당근,양배추,대파,올리브유,케첩,올리고당,미림,마늘,소금,굵은후춧가루",60,쉬움,저녁,"맑음,비,눈,더위,추위","봄,여름,가을,겨울",6883222,https://www.10000recipe.com/recipe/6883222,양식,,,6,,
닭안심 야채 밥전~*,한식,"닭안심,애호박,양파,대파,계란,밥인분보다적게,소금,후추,카놀라유",15,쉬움,"아침,점심,야식","맑음,비,눈,더위,추위","봄,여름,가을,겨울",6883242,https://www.10000recipe.com/recipe/6883242,밥/죽/떡,,,6,,
명란 라면 볶음(?)//명란 운동회,한식,"명란,마늘,청양고추,라면사리,버터",15,쉬움,"아침,점심,야식","맑음,비,눈,더위,추위","봄,여름,가을,겨울",6883387,https://www.10000recipe.com/recipe/6883387,면/만두,,,6,,
[간단 자취요리] 참치가 더블!! 더블 참치마요 주먹밥 만들기,한식,"참치캔g,밥,참치,마요네즈,고추장,참기름,참치액,소금",30,쉬움,"점심,저녁","맑음,비,눈,더위,추위","봄,여름,가을,겨울",6883499,https://www.10000recipe.com/recipe/6883499,밥/죽/떡,,,6,,
굴짬뽕 만드는 법 중국집 보다 맛있다,중식,"굴,홍합,가리비또는조개류,배추,버섯,양파,대파,단,식용유,고춧가루,간장,소금,마늘,후추,다시육수",30,보통,"점심,저녁","맑음,비,눈,더위,추위","봄,여름,가을,겨울",6883782,https://www.10000recipe.com/recipe/6883782,면/만두,,,6,,
"버섯 순두부 들깨탕 만드는 법, 고소하고 담백한 국물요리 ♥",한식,"순두부,표고버섯,팽이버섯대략,느타리버섯대략,양파,다진대파,간장,참치액,후추,소금,멸치다시마육수,들깨가루,찹쌀가루,육수",30,쉬움,"점심,저녁","맑음,비,눈,더위,추위","봄,여름,가을,겨울",6885421,https://www.10000recipe.com/recipe/6885421,국/탕,,,6,,
마늘버터 새송이 / 오늘도 고생한 나에게#20 [ 심야레시피 ],한식,"새송이버섯,소금,간마늘,간장",10,쉬움,"아침,점심,야식","맑음,비,눈,더위,추위","봄,여름,가을,겨울",6887130,https://www.10000recipe.com/recipe/6887130,,,,6,,
저칼로리 된장 참치 양배추롤 만들기 w. 한길식품,한식,"양배추,참치,양파,애호박,버섯,대파,된장,고추장,마늘,물",60,쉬움,저녁,"맑음,비,눈,더위,추위","봄,여름,가을,겨울",6887226,https://www.10000recipe.com/recipe/6887226,메인반찬,짭짤함,미분류,6,,
맥주 안주는 감바스 알 하이요,양식,"마늘,새우,청양고추,올리브유,페퍼론치노,바게트빵",15,쉬움,"아침,점심,야식","맑음,비,눈,더위,추위","봄,여름,가을,겨울",6888977,https://www.10000recipe.com/recipe/6888977,양식,,,6,,
저녁메뉴로 강추!!! 30분완성 돼지고기 짜글이 황금레시,한식,"돼지고기사태,느타리버섯,대파,청양고추,양파,물,고추장,고춧가루,마늘,간장,설탕,후추,소금",30,쉬움,"점심,저녁","맑음,비,눈,더위,추위","봄,여름,가을,겨울",6890833,https://www.10000recipe.com/recipe/6890833,찌개,,,6,,
간편하게 한끼 식사 슈림프박스,한식,"자숙새우,마늘,대파,식용유,토마토케첩,간장,설탕,식초,고춧가루,버터,후추가루,물,파슬리가루",15,쉬움,"아침,점심,야식","맑음,비,눈,더위,추위","봄,여름,가을,겨울",6892515,https://www.10000recipe.com/recipe/6892515,밥/죽/떡,,,6,,
콩나물 비빔국수 만드는 방법,한식,"소면,콩나물,상추좋아하는야채ok,삶은계란,고추장,간장,식초,고춧가루,꿀올리고당,설탕,참기름,깨",30,쉬움,"점심,저녁","맑음,비,눈,더위,추위","봄,여름,가을,겨울",6893768,https://www.10000recipe.com/recipe/6893768,면/만두,,,6,,
뢰스티 ♥ 새로움을 원한다면?,양식,"감자,베이컨,밀가루,소금,후추,피자치즈,파슬리가루,계란",30,쉬움,"점심,저녁","맑음,비,눈,더위,추위","봄,여름,가을,겨울",6894332,https://www.10000recipe.com/recipe/6894332,양식,,,6,,
아이들 간식으로 좋은 소고기 간장 떡뽂기,한식,"가래떡,쇠고기,당근,대파,양파,간장,설탕,미림,참기름,통깨,후춧가루,마늘가루",15,쉬움,"아침,점심,야식","맑음,비,눈,더위,추위","봄,여름,가을,겨울",6895677,https://www.10000recipe.com/recipe/6895677,밥/죽/떡,,,6,,
돼지고기 목살 찹스테이크 / 굴소스 베이스,양식,"돼지목살,썰은파,통마늘,허브맛솔트,후추,견과류,꿀",15,쉬움,"아침,점심,야식","맑음,비,눈,더위,추위","봄,여름,가을,겨울",6895882,https://www.10000recipe.com/recipe/6895882,양식,,,6,,
시원한 국물 맛이 일품인 모시조개 된장찌개 레시피,한식,"모시조개,감자,팽이버섯,파,뿌리,매운고추,두부,다시마,물,된장,마늘,소금",30,쉬움,"점심,저녁","맑음,비,눈,더위,추위","봄,여름,가을,겨울",6896039,https://www.10000recipe.com/recipe/6896039,찌개,,,6,,
맥주안주로 딱인 치킨너겟으로 닭강정만들기,한식,"치킨너겟,식용유,깨,올리고당,케찹,고추장,간장,마늘,설탕,물",10,쉬움,"아침,점심,야식","맑음,비,눈,더위,추위","봄,여름,가을,겨울",6896367,https://www.10000recipe.com/recipe/6896367,메인반찬,,,6,,
명란젓으로 주먹밥 만들기.,한식,"명란젓,참기름,간장,김,밥",10,쉬움,"아침,점심,야식","맑음,비,눈,더위,추위","봄,여름,가을,겨울",6897060,https://www.10000recipe.com/recipe/6897060,밥/죽/떡,,,6,,
대충 볶아도 맛있는 고추장마요 떡볶이,한식,"소세지,떡,양파,마늘,마요네즈,허브솔트,고추장,케첩,매실청,올리고당,물,참기름,대파",15,쉬움,"아침,점심,야식","맑음,비,눈,더위,추위","봄,여름,가을,겨울",6897239,https://www.10000recipe.com/recipe/6897239,밥/죽/떡,,,6,,
"5분만에 만드는 혼밥메뉴, 치즈참치비빔밥",한식,"밥,고추참치,고추장,참기름,모짜렐라치즈,파슬리",5,쉬움,"아침,점심,야식","맑음,비,눈,더위,추위","봄,여름,가을,겨울",6898996,https://www.10000recipe.com/recipe/6898996,밥/죽/떡,,,6,,
단짠단짠 일본풍 삼겹살 덮밥,한식,"삼겹살,양파,팽이버섯,밥,계란,간장,물엿,후추,소금",15,쉬움,"아침,점심,야식","맑음,비,눈,더위,추위","봄,여름,가을,겨울",6899024,https://www.10000recipe.com/recipe/6899024,밥/죽/떡,,,6,,
"냉동만두 요리 , 치즈듬뿍 만두그라탕 JMT",양식,"냉동만두,모짜렐라치즈",15,쉬움,"아침,점심,야식","맑음,비,눈,더위,추위","봄,여름,가을,겨울",6899437,https://www.10000recipe.com/recipe/6899437,양식,,,6,,
깐풍 만두 떡볶이 만들기 - 너무 쉽고 맛나서 기절각 주의!,한식,"떡볶이떡,만두,어묵",15,쉬움,"아침,점심,야식","맑음,비,눈,더위,추위","봄,여름,가을,겨울",6899899,https://www.10000recipe.com/recipe/6899899,밥/죽/떡,,,6,,
찬밥활용요리!씹을수록 고소한 백종원 마늘버터볶음밥 초간단 레시피,한식,"찬밥,깐마늘,마늘,식용유,간장,소금,버터",15,쉬움,"아침,점심,야식","맑음,비,눈,더위,추위","봄,여름,가을,겨울",6900075,https://www.10000recipe.com/recipe/6900075,밥/죽/떡,,,6,,
간단 요리 :: 일본식 계란덮밥 / 텐신항 만들어 봤어요!,한식,"밥,계란,크래미,대파,통깨,물,간장,설탕,맛술,식초,전분물물",30,쉬움,"점심,저녁","맑음,비,눈,더위,추위","봄,여름,가을,겨울",6900085,https://www.10000recipe.com/recipe/6900085,밥/죽/떡,,,6,,
김치참치덮밥. 혼밥메뉴. 한그릇요리.,한식,"김치,포기,참치,고추장,설탕,참기름,마늘,대파,양파",30,쉬움,"점심,저녁","맑음,비,눈,더위,추위","봄,여름,가을,겨울",6900701,https://www.10000recipe.com/recipe/6900701,밥/죽/떡,,,6,,
네모 김밥 스팸무스비,한식,"스팸작은거,김밥용김,밥,간장,맛술,물,설탕,생강가루,참기름,소금",60,쉬움,저녁,"맑음,비,눈,더위,추위","봄,여름,가을,겨울",6901025,https://www.10000recipe.com/recipe/6901025,밥/죽/떡,,,6,,
"고추장찌개, 간단한데 얼큰달큰 끝내주는 고추장 찌개",한식,"돼지고기,고추장,표고버섯,양파,호박,감자,새우젓,간장,고춧가루,파,뿌리,간마늘,풋고추,두부,후춧가루",30,쉬움,"점심,저녁","맑음,비,눈,더위,추위","봄,여름,가을,겨울",6901552,https://www.10000recipe.com/recipe/6901552,찌개,,,6,,
간단하게 만드는 전통 까르보나라,한식,"스파게티면,계란,노른자,파마산치즈,후추,베이컨,마늘,파슬리가루,올리브유",30,쉬움,"점심,저녁","맑음,비,눈,더위,추위","봄,여름,가을,겨울",6902447,https://www.10000recipe.com/recipe/6902447,면/만두,,,6,,
치킨카레우동 ☆ 고소한 카레향이 솔솔~,일식,"닭다리살,우동면,카레가루,우유,채썬양파,대파채,소금,후추,올리브유",30,보통,"점심,저녁","맑음,비,눈,더위,추위","봄,여름,가을,겨울",6902545,https://www.10000recipe.com/recipe/6902545,면/만두,,,6,,
간단하게 콩비지찌개 끓여 드세요~,한식,"묵은지,포기,시판콩비지포장팩,돼지고기,마늘,설탕,후추가루,들기름",30,쉬움,"점심,저녁","맑음,비,눈,더위,추위","봄,여름,가을,겨울",6902644,https://www.10000recipe.com/recipe/6902644,찌개,,,6,,
차돌된장찌개 보글보글 진~한 맛이 최고!,한식,"다시물,감자,애호박,양파,차돌박이,두부,대파,청양고추,홍고추,부추,된장,고춧가루,마늘",30,보통,"점심,저녁","맑음,비,눈,더위,추위","봄,여름,가을,겨울",6902821,https://www.10000recipe.com/recipe/6902821,찌개,,,6,,
고추참치파스타로 매콤칼칼하게!,양식,"스파게티,고추참치g,양파Onion,청양고추,마늘Garlic,파슬리가루,올리브유,소금,후추",30,쉬움,"점심,저녁","맑음,비,눈,더위,추위","봄,여름,가을,겨울",6903443,https://www.10000recipe.com/recipe/6903443,면/만두,,,6,,
소고기당면찌개로 따뜻하고 얼큰하게☆,한식,"소고기,불린당면,청양고추,애호박,두부,대파,멸치다시마육수,고춧가루,마늘,간장,새우젓,후추",30,쉬움,"점심,저녁","맑음,비,눈,더위,추위","봄,여름,가을,겨울",6904814,https://www.10000recipe.com/recipe/6904814,찌개,,,6,,
불없이 불고기 참치 덮밥 만들기 레시피ㅣ자취생 전자렌지 요리,한식,"참치,감자,물,간장,마늘,맛술,전분",10,쉬움,"아침,점심,야식","맑음,비,눈,더위,추위","봄,여름,가을,겨울",6905378,https://www.10000recipe.com/recipe/6905378,밥/죽/떡,,,6,,
"또 하나의 초간단 반찬, 베이컨 배추 볶음",한식,"베이컨,배추큰것,양파,마늘,소금,후추",10,쉬움,"아침,점심,야식","맑음,비,눈,더위,추위","봄,여름,가을,겨울",6905459,https://www.10000recipe.com/recipe/6905459,메인반찬,,,6,,
시래기짜글이,한식,"시래기,마늘,고춧가루,된장,멸치가루,다시물",20,쉬움,"점심,저녁","맑음,비,눈,더위,추위","봄,여름,가을,겨울",6906189,https://www.10000recipe.com/recipe/6906189,찌개,,,6,,
동치미국물이 맛을 다했습니다. 동치미 비빔국수,한식,"동치미무,동치미국물,고춧가루,고추장,마늘,소면,참기름,삶은계란,김가루,통깨",15,쉬움,"아침,점심,야식","맑음,비,눈,더위,추위","봄,여름,가을,겨울",6907155,https://www.10000recipe.com/recipe/6907155,면/만두,,,6,,
"감자 계란국 1인분, 간편한 국물요리예요.",한식,"감자,계란,대파,멸치육수,액젓,소금,후추,들기름",15,쉬움,"아침,점심,야식","맑음,비,눈,더위,추위","봄,여름,가을,겨울",6908763,https://www.10000recipe.com/recipe/6908763,국/탕,,,6,,
참치마요 컵 밥/도시락,한식,"계란,참치,마요네즈,오이피클,양파,간장,올리고당",15,쉬움,"아침,점심,야식","맑음,비,눈,더위,추위","봄,여름,가을,겨울",6909751,https://www.10000recipe.com/recipe/6909751,밥/죽/떡,,,6,,
간편 도시락 메뉴로 딱인 감자 계란 샌드위치 만들기,양식,"감자,계란,모닝빵,마요네즈,소금,후추,파슬리",30,쉬움,"점심,저녁","맑음,비,눈,더위,추위","봄,여름,가을,겨울",6909874,https://www.10000recipe.com/recipe/6909874,양식,,,6,,
[아이들반찬] 간장으로 만든 콩불!,한식,"콩나물,대패삼겹살한근,파채,간장,소금,후추가루,맛술,생강가루,설탕,통깨",15,쉬움,"아침,점심,야식","맑음,비,눈,더위,추위","봄,여름,가을,겨울",6910447,https://www.10000recipe.com/recipe/6910447,메인반찬,,,6,,
꽁치김치찌개 요대로만 하면 100% 성공!,한식,"배추김치,포기,꽁치톰조림,양파,물,대파,마늘,설탕,고춧가루,된장",30,쉬움,"점심,저녁","맑음,비,눈,더위,추위","봄,여름,가을,겨울",6910461,https://www.10000recipe.com/recipe/6910461,찌개,,,6,,
한끼식사 양송이버섯 덮밥,한식,"양송이버섯,양배추,양파,물,간장,통깨,마늘,후추,전분가루",15,쉬움,"아침,점심,야식","맑음,비,눈,더위,추위","봄,여름,가을,겨울",6911749,https://www.10000recipe.com/recipe/6911749,밥/죽/떡,,,6,,
상추비빔밥 명란무침올려 2배 맛있게!,한식,"꽃상추,명란젓,밥,계란,대파,참기름,간장,설탕,고춧가루,멸치액젓,깨소금",15,쉬움,"아침,점심,야식","맑음,비,눈,더위,추위","봄,여름,가을,겨울",6912319,https://www.10000recipe.com/recipe/6912319,밥/죽/떡,,,6,,
[가정간편식]꿀맛나는 대구요리,양식,"대구,가지,레몬,올리브유,로즈마리,파슬리찹,소금,후추,마요네즈,설탕,마늘,치즈,꿀,레몬즙",15,쉬움,"아침,점심,야식","맑음,비,눈,더위,추위","봄,여름,가을,겨울",6912957,https://www.10000recipe.com/recipe/6912957,양식,,,6,,
♥[신혼밥상] 10분 소세지강정,한식,"소세지,견과류,케찹,설탕,올리고당,식초,마늘",20,쉬움,"점심,저녁","맑음,비,눈,더위,추위","봄,여름,가을,겨울",6916246,https://www.10000recipe.com/recipe/6916246,메인반찬,,,6,,
골뱅이에는 소면이 빠질수 없지~! 골뱅이비빔국수,한식,"골뱅이,오이,깻잎,양파,소면,고추장,고춧가루,마늘,매실액,설탕,골뱅이육수,참기름,통깨",20,쉬움,"점심,저녁","맑음,비,눈,더위,추위","봄,여름,가을,겨울",6916702,https://www.10000recipe.com/recipe/6916702,면/만두,,,6,,
꿀떡볶이 달콤하고 쫀득한 초간단간식,한식,"떡국떡,식용유,으깬땅콩,파슬리가루,버터,꿀",10,쉬움,"아침,점심,야식","맑음,비,눈,더위,추위","봄,여름,가을,겨울",6917453,https://www.10000recipe.com/recipe/6917453,,,,6,,
한 그릇 국수요리 : 간장 비빔국수 / soy sauce noodles,한식,"양파,당근,대파,마늘,간장,식초,설탕,참기름,통깨,소금,소면",20,쉬움,"점심,저녁","맑음,비,눈,더위,추위","봄,여름,가을,겨울",6917500,https://www.10000recipe.com/recipe/6917500,면/만두,,,6,,
된장찌개 맛있게 끓이는법 버섯 넣은 꿀팁,한식,"멸치다시마육수,새송이버섯,표고버섯,두부,감자,애호박,양파,대파,청양고추,홍고추,된장,고추장,마늘,고춧가루",15,쉬움,"아침,점심,야식","맑음,비,눈,더위,추위","봄,여름,가을,겨울",6919470,https://www.10000recipe.com/recipe/6919470,찌개,,,6,,
계란만두 만들기 당면 넣고 만든 달걀요리,한식,"계란,당면,당근,양파,파,맛술,설탕,소금,기름",30,쉬움,"점심,저녁","맑음,비,눈,더위,추위","봄,여름,가을,겨울",6920563,https://www.10000recipe.com/recipe/6920563,면/만두,,,6,,
소주 안주 닭볶음탕,한식,"닭고기,감자,당근,양파,당면,대파,고추장,고춧가루,간장,마늘,후추,설탕,미림",60,쉬움,저녁,"맑음,비,눈,더위,추위","봄,여름,가을,겨울",6920835,https://www.10000recipe.com/recipe/6920835,국/탕,,,6,,
"구황작물 감자오믈렛, 스페인 tortilla de patatas",한식,"감자,베이컨,올리브유,계란,소금",10,쉬움,"아침,점심,야식","맑음,비,눈,더위,추위","봄,여름,가을,겨울",6921040,https://www.10000recipe.com/recipe/6921040,메인반찬,,,6,,
믿고 먹는 백종원표 볶음라면 레시피,한식,"라면,햄,대파,계란",15,쉬움,"아침,점심,야식","맑음,비,눈,더위,추위","봄,여름,가을,겨울",6922492,https://www.10000recipe.com/recipe/6922492,면/만두,,,6,,
원팬 파스타!! 놉~! 뚝배기파스타 고고 ★,양식,"스파게티,물,양파,양송이버섯,새우,오징어다리,마늘,올리브오일,고추장,고춧가루",15,쉬움,"아침,점심,야식","맑음,비,눈,더위,추위","봄,여름,가을,겨울",6923076,https://www.10000recipe.com/recipe/6923076,면/만두,,,6,,
백종원 함박스테이크 만들기 :: 마리텔레시피 함박스테이크 소스,양식,"갈은소고기,갈은돼지고기,케첩,빵가루,다진양파,다진당근,버터,간장,설탕,마늘,식초,계란,소금,후추,채썬양파,물",30,보통,"점심,저녁","맑음,비,눈,더위,추위","봄,여름,가을,겨울",6923410,https://www.10000recipe.com/recipe/6923410,양식,,,6,,
겨울철 이색별미 굴 연두 파스타★,양식,"스파게티면,굴,마늘,대파,물,소금,연두,면수또는물,올리브유",20,쉬움,"점심,저녁","맑음,비,눈,더위,추위","봄,여름,가을,겨울",6923765,https://www.10000recipe.com/recipe/6923765,면/만두,,,6,,
[아이간식] 치즈떡으로 만든 소떡소떡 (맵지않은 소스레시피),한식,"치즈떡,소세지,대나무꼬치,통깨,식용유,케첩,올리고당,간장",20,쉬움,"점심,저녁","맑음,비,눈,더위,추위","봄,여름,가을,겨울",6923812,https://www.10000recipe.com/recipe/6923812,밥/죽/떡,,,6,,
"돼지 뒷다릿살의 화끈한 변신, 맛남 중화제육면",한식,"식용유,돼지고기다짐육,된장,굵은고춧가루,고운고춧가루,간장,마늘,황설탕,고추장,물,꽃소금,후추,쥬키니호박,양배추,양파,대파,냉동중화면",60,쉬움,저녁,"맑음,비,눈,더위,추위","봄,여름,가을,겨울",6924438,https://www.10000recipe.com/recipe/6924438,면/만두,,,6,,
봄동들깨된장국 : 몸과 마음까지 데워주는 구수한 힐링푸드,한식,"멸치육수,봄동,된장,들깨가루,소금",20,쉬움,"점심,저녁","맑음,비,눈,더위,추위","봄,여름,가을,겨울",6924838,https://www.10000recipe.com/recipe/6924838,국/탕,,,6,,
"고소함 가득, 아망디오 쇼콜라",한식,"실온무염버터,슈가파우더,실온달걀노른자,바닐라익스트랙,박력분,코코아파우더,아몬드슬라이스",90,쉬움,저녁,"맑음,비,눈,더위,추위","봄,여름,가을,겨울",6925559,https://www.10000recipe.com/recipe/6925559,,,,6,,
♥[신혼밥상] 시금치 파스타,양식,"파스타면,시금치,단,통마늘,올리브오일,후춧가루,굵은소금,양파",30,쉬움,"점심,저녁","맑음,비,눈,더위,추위","봄,여름,가을,겨울",6925914,https://www.10000recipe.com/recipe/6925914,면/만두,,,6,,
오일파스타만들기::새우오일파스타 마늘 듬뿍 넣고 감바스처럼 먹어요,양식,"파스타면,칵테일새우,마늘,파슬리,올리브,엑스트라버진올리브유,후춧가루,굵은소금,보드카,간장",60,쉬움,저녁,"맑음,비,눈,더위,추위","봄,여름,가을,겨울",6926733,https://www.10000recipe.com/recipe/6926733,양식,,,6,,
"딸기가 만들어낸 황홀한 비주얼, 딸기티라미수",한식,"딸기,설탕,레몬즙,마스카포네치즈,연유,생크림,애플민트",30,쉬움,"점심,저녁","맑음,비,눈,더위,추위","봄,여름,가을,겨울",6926979,https://www.10000recipe.com/recipe/6926979,,,,6,,
3월 3일 삼겹살데이에 딱 어울리는 간장비빔국수,한식,"옛날국수소면,양파,당근,대파또는부추,통깨,참기름,꿀,마늘",20,쉬움,"점심,저녁","맑음,비,눈,더위,추위","봄,여름,가을,겨울",6927551,https://www.10000recipe.com/recipe/6927551,면/만두,,,6,,
"노오븐,에어프라이어로 만드는 식빵애플파이! 간단한 사과파이",한식,"식빵,사과,설탕,계피가루,레몬즙,버터,계란물",60,쉬움,저녁,"맑음,비,눈,더위,추위","봄,여름,가을,겨울",6928906,https://www.10000recipe.com/recipe/6928906,,,,6,,
[바삭바삭 닭튀김] 홈메이드 후라이드 치킨을 집에서 만들 수 있다!,양식,"생닭,우유,소금,후추,맛술,된장,치킨가루,물,넘게",120,보통,저녁,"맑음,비,눈,더위,추위","봄,여름,가을,겨울",6929657,https://www.10000recipe.com/recipe/6929657,양식,,,6,,
초간단 원팬 다이어트 시금치 프리타타,한식,"계란,시금치,양파,고구마,토마토,소금,마늘",10,쉬움,"아침,점심,야식","맑음,비,눈,더위,추위","봄,여름,가을,겨울",6930102,https://www.10000recipe.com/recipe/6930102,메인반찬,,,6,,
순두부찌개 끓이는법 전문점보다 더 맛있게,한식,"순두부,계란,스팸,호박,양파,대파,홍고추,고춧가루,참치액,육수나생수,식용유,마늘",20,보통,"점심,저녁","맑음,비,눈,더위,추위","봄,여름,가을,겨울",6930532,https://www.10000recipe.com/recipe/6930532,찌개,,,6,,
고소하고 짭조름한 간장버터 파스타 만들기,양식,"파스타면,베이컨,대파,페퍼론치노홀,마늘,버터,간장,올리브오일,소금",15,쉬움,"아침,점심,야식","맑음,비,눈,더위,추위","봄,여름,가을,겨울",6930643,https://www.10000recipe.com/recipe/6930643,양식,,,6,,
아침국으로 딱 좋은 황태 두부국,한식,"북어채,두부,들기름,마늘,간장,새우젓",15,쉬움,"아침,점심,야식","맑음,비,눈,더위,추위","봄,여름,가을,겨울",6930958,https://www.10000recipe.com/recipe/6930958,국/탕,,,6,,
<시금치바지락된장국> 영양많고 담백한 된장국~!,한식,"시금치단,멸치다시마육수,바지락,두부약g,대파,양파,된장,마늘,액젓,소금",60,보통,저녁,"맑음,비,눈,더위,추위","봄,여름,가을,겨울",6931902,https://www.10000recipe.com/recipe/6931902,국/탕,,,6,,
매콤달콤한 갓김치 비빔국수 만들기!,한식,"소면,갓김치,계란,고추장,설탕,매실액,참기름,깨",10,쉬움,"아침,점심,야식","맑음,비,눈,더위,추위","봄,여름,가을,겨울",6931954,https://www.10000recipe.com/recipe/6931954,면/만두,,,6,,
[다이어트] 곤약비빔면,한식,"실곤약,파프리카,오이,깻잎,계란,고추장,설탕,고춧가루,간장,식초,깨,참기름",15,쉬움,"아침,점심,야식","맑음,비,눈,더위,추위","봄,여름,가을,겨울",6932945,https://www.10000recipe.com/recipe/6932945,면/만두,,,6,,
"손님접대에 좋은 간편식 ""로제파스타""",양식,"청정원스파게티면사진참고,마늘,양파,버터,양송이버섯,베이컨,체다치즈,모짜렐라치즈",30,쉬움,"점심,저녁","맑음,비,눈,더위,추위","봄,여름,가을,겨울",6934320,https://www.10000recipe.com/recipe/6934320,양식,,,6,,
전혜빈의 토마토요리 중 하나! 조개술찜에 토마토를 넣어 시원한 토마토바지락술찜 ♥,한식,"바지락,쑥갓,단,토마토,마늘,청주,버터,후추,물",30,쉬움,"점심,저녁","맑음,비,눈,더위,추위","봄,여름,가을,겨울",6934599,https://www.10000recipe.com/recipe/6934599,국/탕,,,6,,
면두부 크림파스타 만들기 | 다이어트 저탄수 식단 추천!,양식,"크림닭가슴살,양파,우유,방울토마토,소금,후추,계란노른자,면두부",30,쉬움,"점심,저녁","맑음,비,눈,더위,추위","봄,여름,가을,겨울",6934620,https://www.10000recipe.com/recipe/6934620,양식,,,6,,
맛남의광장 백종원의 다시마요리! 감칠맛이 좋은 다시마칼국수 ♥,한식,"다시마,멸치가루,애호박,감자,당근,양파,대파,청양고추,간장,꽃소금,후추,깨소금",30,쉬움,"점심,저녁","맑음,비,눈,더위,추위","봄,여름,가을,겨울",6935092,https://www.10000recipe.com/recipe/6935092,면/만두,,,6,,
[초간단] 차돌 된장국수 만들기~ 구수한 된장향이 장난이 아입니다~ 야식으로 호로록~ 고기와 국수랑 정말 잘어울리네,한식,"오뚜기사골육수,물,된장,익은김치,고춧가루,차돌또는등심,국수면,땡초",10,쉬움,"아침,점심,야식","맑음,비,눈,더위,추위","봄,여름,가을,겨울",6936946,https://www.10000recipe.com/recipe/6936946,면/만두,,,6,,
프랑스식 가자미 구이,양식,"가자미,식용유,버터,밀가루옷입히기용으로,소금,후추,파슬리뿌리기용으로,레몬",20,쉬움,"점심,저녁","맑음,비,눈,더위,추위","봄,여름,가을,겨울",6936951,https://www.10000recipe.com/recipe/6936951,양식,,,6,,
참치 덮밥!! 정말 간단한데 맛은 장난 아닌 덮밥을 소개합니다!!,한식,"캔참치작은거,설탕,고추장,미림,간장,참기름,물,마요네즈,김가루,계란",5,쉬움,"아침,점심,야식","맑음,비,눈,더위,추위","봄,여름,가을,겨울",6937505,https://www.10000recipe.com/recipe/6937505,밥/죽/떡,,,6,,
비오는날 따끈한 국물 유부우동만들기,일식,"사누끼우동면,유부,쑥갓,대파,김,국물용디포리,건새우,다시마,쯔유,양파,설탕,통깨,생강,소금",30,쉬움,"점심,저녁","맑음,비,눈,더위,추위","봄,여름,가을,겨울",6937771,https://www.10000recipe.com/recipe/6937771,국/탕,,,6,,
돼지고기 애호박 고추장찌개 레시피 달큰한 맛이 좋은 애호박요리,한식,"애호박,양파,무,감자작은,두부,돼지고기,다시육수,대파,마늘,다진생강,후추,맛술,간장,된장,고추장",60,쉬움,저녁,"맑음,비,눈,더위,추위","봄,여름,가을,겨울",6938034,https://www.10000recipe.com/recipe/6938034,찌개,,,6,,
바지락탕/여름에 속이 시원해지는 국물/manila clam soup,한식,"바지락,다시마,대파,홍고추,물,마늘,소금",30,쉬움,"점심,저녁","맑음,비,눈,더위,추위","봄,여름,가을,겨울",6938067,https://www.10000recipe.com/recipe/6938067,국/탕,,,6,,
참치마요 계란말이 주먹밥 예쁜 도시락 메뉴,한식,"마른김,계란,밥,참기름,참치통조림,마요네즈,소금,후추",20,보통,"점심,저녁","맑음,비,눈,더위,추위","봄,여름,가을,겨울",6938921,https://www.10000recipe.com/recipe/6938921,밥/죽/떡,,,6,,
파프리카 계란볶음,한식,"대파,빨간파프리카,노란파프리카,계란,소금,후춧가루,식용유",20,쉬움,"점심,저녁","맑음,비,눈,더위,추위","봄,여름,가을,겨울",6939691,https://www.10000recipe.com/recipe/6939691,밥/죽/떡,,,6,,
별미다! 별미! 볶은 가지와 소고기를 얹은 가지소고기비빔면,한식,"소면,소고기,가지,오이,달걀노른자,식용유,간장,설탕,청주,마늘,다진대파,참기름,후추",20,쉬움,"점심,저녁","맑음,비,눈,더위,추위","봄,여름,가을,겨울",6940478,https://www.10000recipe.com/recipe/6940478,면/만두,,,6,,
백종원 우유카레,한식,"카레,우유,감자,양파,당근은,고춧가루,통소시지",30,쉬움,"점심,저녁","맑음,비,눈,더위,추위","봄,여름,가을,겨울",6940686,https://www.10000recipe.com/recipe/6940686,메인반찬,,,6,,
채끝살 스테이크 굽기~ 맛있게 미디엄레어 스테이크 굽는법,양식,"버터,채끝살스테이크용,가니쉬채소",30,쉬움,"점심,저녁","맑음,비,눈,더위,추위","봄,여름,가을,겨울",6941020,https://www.10000recipe.com/recipe/6941020,양식,,,6,,
찬바람 불 때 뜨끈한 백종원 닭칼국수! 딱이야~,한식,"볶음용생닭,양파주먹크기,감자,느타리버섯,대파,액젓,소금,마늘,식용유,간장,고춧가루,설탕,참기름",30,쉬움,"점심,저녁","맑음,비,눈,더위,추위","봄,여름,가을,겨울",6943661,https://www.10000recipe.com/recipe/6943661,국/탕,,,6,,
참치 두부찌개 만드는법 쉽고 빠르게 맛있게,한식,"두부모,참치캔작은것,양파,대파,청고추,홍고추,해물육수팩,물,고춧가루,새우젓,마늘,간장,들기름,후추",20,쉬움,"점심,저녁","맑음,비,눈,더위,추위","봄,여름,가을,겨울",6947083,https://www.10000recipe.com/recipe/6947083,찌개,,,6,,
"소고기 콩나물국, 얼큰하게 끓였습니다.",한식,"참기름,식용유,마늘,대파,고춧가루,소고기,간장,콩나물g",30,쉬움,"점심,저녁","맑음,비,눈,더위,추위","봄,여름,가을,겨울",6947540,https://www.10000recipe.com/recipe/6947540,국/탕,,,6,,
냄비 하나로 끝까지! 돼지갈비볶음탕 더욱 맛있게 만드는법,한식,"돼지갈비,양파,감자,당근,대파,파프리카,맛술또는청주,물,설탕,간장,마늘,참기름,후추",60,쉬움,저녁,"맑음,비,눈,더위,추위","봄,여름,가을,겨울",6948043,https://www.10000recipe.com/recipe/6948043,메인반찬,,,6,,
홍합 새우 마늘 올리브유 볶음,한식,"홍합,새우,다진토마토,올리브유,마늘,매운고추,버터,소금,대파",30,쉬움,"점심,저녁","맑음,비,눈,더위,추위","봄,여름,가을,겨울",6951407,https://www.10000recipe.com/recipe/6951407,메인반찬,,,6,,
고깃집 차돌박이 된장찌개 끓이는법.,한식,"차돌박이,애호박,양파,배추속,대파,두부,팽이버섯,표고버섯,멸치액젓,된장,쌈장,고추장",30,쉬움,"점심,저녁","맑음,비,눈,더위,추위","봄,여름,가을,겨울",6951804,https://www.10000recipe.com/recipe/6951804,국/탕,,,6,,
삼겹살 김치찌개 맛있게 끓이는 법,한식,"삼겹살,김치,포기,양파,대파,마늘,두부,물,설탕,간장,고춧가루,소금",30,쉬움,"점심,저녁","맑음,비,눈,더위,추위","봄,여름,가을,겨울",6953838,https://www.10000recipe.com/recipe/6953838,찌개,,,6,,
얼큰하고 깊은 맛의 닭개장 #친정엄마레시피,한식,"닭가슴살,무한토막,대파,청양고추,양파,마늘,물,식용유,고춧가루,간장,소금,후추",60,쉬움,저녁,"맑음,비,눈,더위,추위","봄,여름,가을,겨울",6955447,https://www.10000recipe.com/recipe/6955447,국/탕,,,6,,
두부면 알리오올리오 다이어트요리,한식,"새우,양파,통마늘,페퍼론치노,올리브오일,소금,후추",20,쉬움,"점심,저녁","맑음,비,눈,더위,추위","봄,여름,가을,겨울",6955692,https://www.10000recipe.com/recipe/6955692,면/만두,,,6,,
"[우리품종경기미/참드림] ""홍양갱의 밤 - 굴소스 가지볶음 덮밥""",한식,"가지,파프리카,양파,파,마늘,참기름,고춧가루,설탕,물",20,쉬움,"점심,저녁","맑음,비,눈,더위,추위","봄,여름,가을,겨울",6961145,https://www.10000recipe.com/recipe/6961145,메인반찬,,,6,,
"콩나물국.(해장용, 아기국)",한식,"콩나물,멸치육수,마늘,액젓,맛술,간장,소금",15,쉬움,"아침,점심,야식","맑음,비,눈,더위,추위","봄,여름,가을,겨울",6961158,https://www.10000recipe.com/recipe/6961158,국/탕,,,6,,
바질 페스토 크림 파스타,양식,"스파게티면,베이컨,마늘,매운칠리고추,생크림또는우유,바질페스토,소금,후추",30,쉬움,"점심,저녁","맑음,비,눈,더위,추위","봄,여름,가을,겨울",6962685,https://www.10000recipe.com/recipe/6962685,양식,,,6,,
국수라는 진리 - 간장 비빔 국수,한식,"소면,고춧가루,도시락김,간장,설탕,과일청또는매실액,마늘,통깨,참기름",15,쉬움,"아침,점심,야식","맑음,비,눈,더위,추위","봄,여름,가을,겨울",6962849,https://www.10000recipe.com/recipe/6962849,면/만두,,,6,,
[1분영상](혼자 잠깐 프랑스 다녀오기) 우아한 맛의 연어 파피요트 만들기 1분 레시피 영상 와인안주 추천,양식,"연어,레몬,타임,아스파라거스,방울토마토,양송이버섯,화이트와인,올리브오일,소금,후추,버터",60,쉬움,저녁,"맑음,비,눈,더위,추위","봄,여름,가을,겨울",6964124,https://www.10000recipe.com/recipe/6964124,양식,,,6,,
미역된장국 재빨리 끓여 먹을 수 있는 간단 아침국,한식,"불린미역,두부,다진대파,물,다시마,된장,마늘",30,쉬움,"점심,저녁","맑음,비,눈,더위,추위","봄,여름,가을,겨울",6964808,https://www.10000recipe.com/recipe/6964808,국/탕,,,6,,
편스토랑 류수영 새우미역죽 어남선레시피는 언제나 옳다!!,한식,"미역,새우,햇반,물,참기름or들기름,간장,소금,마늘",30,쉬움,"점심,저녁","맑음,비,눈,더위,추위","봄,여름,가을,겨울",6964819,https://www.10000recipe.com/recipe/6964819,밥/죽/떡,,,6,,
닭가슴살을 활용한 닭고기무국 닭국 끓이기 요즘날씨에 딱!,한식,"닭가슴살큰것,무우,대파,양파,마늘,간장,소금,후추,참기름",60,쉬움,저녁,"맑음,비,눈,더위,추위","봄,여름,가을,겨울",6967229,https://www.10000recipe.com/recipe/6967229,국/탕,,,6,,
"토마토스튜, 소고기 넣고 진하게 끓인 소고기 토마토스튜, 홈파티 메뉴",양식,"소고기등심,토마토,양파,당근,감자,양송이버섯,통마늘,버터,밀가루,청주,케첩,바질가루,월계수잎,파마산치즈,설탕,소금",60,쉬움,저녁,"맑음,비,눈,더위,추위","봄,여름,가을,겨울",6970515,https://www.10000recipe.com/recipe/6970515,양식,,,6,,
애플 파이 만드는법 달달한 사과조림 만들기,한식,"식빵,사과,계란,설탕,레몬즙,계피가루",30,쉬움,"점심,저녁","맑음,비,눈,더위,추위","봄,여름,가을,겨울",6971933,https://www.10000recipe.com/recipe/6971933,,,,6,,
갈비탕 고기는 야들야들 기름기 없이 깔끔하게 끓이기,한식,"소갈비,총총썬대파,당면,무,토막,양파,대파,생강,통마늘,간장,소금,설탕,물,마늘",5,쉬움,"아침,점심,야식","맑음,비,눈,더위,추위","봄,여름,가을,겨울",6972663,https://www.10000recipe.com/recipe/6972663,국/탕,,,6,,
속이 든든한 표고버섯 들깨 미역국 레시피!,한식,"표고버섯,미역,들기름,물,마늘,간장,액젓,들깨가루",20,쉬움,"점심,저녁","맑음,비,눈,더위,추위","봄,여름,가을,겨울",6974051,https://www.10000recipe.com/recipe/6974051,국/탕,,,6,,
"[만개백과] EP.05 시원한 국물과 든든한 국수, 잔치국수",한식,"소면,애호박,당근,양파,계란,멸치,다시마,건새우,물,간장,고춧가루,다진청양고추,마늘,맛술,깨소금,참기름",30,쉬움,"점심,저녁","맑음,비,눈,더위,추위","봄,여름,가을,겨울",6975402,https://www.10000recipe.com/recipe/6975402,면/만두,,,6,,
조인성 부추비빔밥,한식,"부추,계란,고추장,들기름,참기름,깨가루,밥",5,쉬움,"아침,점심,야식","맑음,비,눈,더위,추위","봄,여름,가을,겨울",6982846,https://www.10000recipe.com/recipe/6982846,밥/죽/떡,,,6,,
치킨스튜 닭고기 프리카세(Fricassée) 쉽게 만드는 법,양식,"닭,양파,표고버섯,버터,식용유,기름,맛술,케첩,간장,식초,설탕,소금,밀가루,우유,물,마늘,후추,파슬리가루,로즈마리",30,보통,"점심,저녁","맑음,비,눈,더위,추위","봄,여름,가을,겨울",6983886,https://www.10000recipe.com/recipe/6983886,양식,,,6,,
오징어무국 레시피,한식,"오징어,무,애호박,청양고추,들기름,간장,고춧가루,마늘,액젓",15,쉬움,"아침,점심,야식","맑음,비,눈,더위,추위",여름,6989529,https://www.10000recipe.com/recipe/6989529,국/탕,매콤함,여름,6,,
"5분 컷 세상 간단한 달걀요리, 우유달걀카레",한식,"계란,우유,마늘,양파,버터,물,카레가루,소금",10,쉬움,"아침,점심,야식","맑음,비,눈,추위",겨울,6990828,https://www.10000recipe.com/recipe/6990828,메인반찬,고소함,겨울,6,,
가을 무를 넣어 시원하게 끓인 콩나물무국,한식,"콩나물,절단무,파,참치액젓,물,두부",30,쉬움,"점심,저녁","맑음,비,눈,더위,추위","봄,여름,가을,겨울",6990999,https://www.10000recipe.com/recipe/6990999,국/탕,,,6,,
스팸돈부리 레시피,한식,"스팸,통깨,밥,간장,맛술,설탕,고춧가루,물",10,쉬움,"아침,점심,야식","맑음,비,눈,더위,추위","봄,여름,가을,겨울",6994106,https://www.10000recipe.com/recipe/6994106,밥/죽/떡,,,6,,
청경채 된장 무침으로,한식,"청경채,대파,된장또는쌈장,간마늘,고춧가루,설탕,매실액,들기름,통깨,위생장갑",20,쉬움,"점심,저녁","맑음,비,눈,더위,추위","봄,여름,가을,겨울",7003487,https://www.10000recipe.com/recipe/7003487,,,,6,,
"즉석,오이 부추 무침(백종원양념)",한식,"오이,부추,양파,매운고추선택,고추장,고춧가루,간장,식초,참기름,설탕,올리고당,마늘,통깨,조리용나이프,위생장갑",20,쉬움,"점심,저녁","맑음,비,눈,더위,추위","봄,여름,가을,겨울",7029407,https://www.10000recipe.com/recipe/7029407,,,,6,,
[스팸마요덮밥] 업그레이드 비법소스로 간단히 만드는 한끼식사 | 신혼밥상,한식,"스팸g,계란,김가루,마요네즈,케첩,맛술,물엿,물,간장,조리용나이프",20,쉬움,"점심,저녁","맑음,더위",여름,7040785,https://www.10000recipe.com/recipe/7040785,메인반찬,짭짤함,여름,6,,
<다이어트 건강식> 초간단 양배추 닭가슴살 덮밥,한식,"양배추,닭가슴살,마늘,양파,계란,밥,공기,간장,참치액,올리브유,알룰로스올리고당대체가능,파슬리가루,조리용나이프",5,쉬움,"아침,점심,야식",맑음,봄,7045536,https://www.10000recipe.com/recipe/7045536,밥/죽/떡,짭짤함,봄,6,,
<다이어트 건강식>초간단 순두부 계란찜,한식,"계란,순두부,참기름,참치액,파다진파",10,쉬움,"아침,점심,야식","맑음,비,눈,더위,추위","봄,여름,가을,겨울",7046232,https://www.10000recipe.com/recipe/7046232,메인반찬,담백함,미분류,6,,
된장찌개 끓이기 25년 노하우,한식,"멸치육수,감자큰크기,양파,표고버섯,청양고추,대파,두부,된장듬뿍g,고춧가루",30,쉬움,"점심,저녁","맑음,비,눈,더위,추위","봄,여름,가을,겨울",1147479,https://www.10000recipe.com/recipe/1147479,찌개,,,5,,
다이어트식 간단 콩나물밥,한식,"현미밥,콩나물,양파,고춧가루,간장,마늘,매실청,후추,깨소금,참기름",30,쉬움,"점심,저녁","맑음,비,눈,더위,추위","봄,여름,가을,겨울",1586162,https://www.10000recipe.com/recipe/1586162,밥/죽/떡,,,5,,
마카로니앤치즈 만들기,양식,"마카로니,밀가루,체다치즈,버터,우유,생크림,소금,후추",30,쉬움,"점심,저녁","맑음,비,눈,더위,추위","봄,여름,가을,겨울",1774497,https://www.10000recipe.com/recipe/1774497,양식,,,5,,
참치 버섯 샐러드,한식,"느타리버섯,캔참치작은것,대파,올리브유,통깨,소금",30,쉬움,"점심,저녁","맑음,비,눈,더위,추위","봄,여름,가을,겨울",1794406,https://www.10000recipe.com/recipe/1794406,,,,5,,
저녁을 푸짐하게 양송이 참치덮밥,한식,"밥,양송이,참치캔,양파,마늘,대파,올리브유,간장,물,고춧가루,맛술,후추",15,쉬움,"아침,점심,야식","맑음,비,눈,더위,추위","봄,여름,가을,겨울",1808201,https://www.10000recipe.com/recipe/1808201,밥/죽/떡,,,5,,
감자찌개,한식,"감자,양파,대파,고추,멸치다시육수,소금",30,쉬움,"점심,저녁","맑음,비,눈,더위,추위","봄,여름,가을,겨울",1817515,https://www.10000recipe.com/recipe/1817515,찌개,,,5,,
매운 버섯 칼국수,한식,"멸치다싯물,느타리버섯,팽이버섯,감자,호박,대파,쑥갓,고추장,고춧가루,마늘,간장,후춧가루,맛술",30,쉬움,"점심,저녁","맑음,비,눈,더위,추위","봄,여름,가을,겨울",1860413,https://www.10000recipe.com/recipe/1860413,면/만두,,,5,,
쫀득한 단호박 찰떡,한식,"삶은단호박,찹쌀가루,견과류,식용유,유기농설탕,소금",30,쉬움,"점심,저녁","맑음,비,눈,더위,추위","봄,여름,가을,겨울",1979100,https://www.10000recipe.com/recipe/1979100,밥/죽/떡,,,5,,
참치통조림으로 근사한 매운탕수제비,한식,"감자수제비가루,참치통조림,버섯,호박,양파,감자,대파,고추장,고춧가루,마늘,간장",30,쉬움,"점심,저녁","맑음,비,눈,더위,추위","봄,여름,가을,겨울",2010958,https://www.10000recipe.com/recipe/2010958,면/만두,,,5,,
든든한 한끼 계란덮밥,한식,"계란,파,채썬양파,당근,맛소금,간장",30,쉬움,"점심,저녁","맑음,비,눈,더위,추위","봄,여름,가을,겨울",2848922,https://www.10000recipe.com/recipe/2848922,밥/죽/떡,,,5,,
감자 프리타타 만들기,양식,"감자,계란,다진양파,모짜렐라치즈,슬라이스치즈,소금",10,쉬움,"아침,점심,야식","맑음,비,눈,더위,추위","봄,여름,가을,겨울",3270596,https://www.10000recipe.com/recipe/3270596,양식,,,5,,
블루베리 인절미,한식,"찹쌀가루,블루베리,물,소금,꿀,콩고물",30,쉬움,"점심,저녁","맑음,비,눈,더위,추위","봄,여름,가을,겨울",3920667,https://www.10000recipe.com/recipe/3920667,밥/죽/떡,,,5,,
소시지 도리아,한식,"미니소시지,양파,피망,당근cm,모짜렐라치즈선택사항,케찹,고추장,올리고당,소금",60,쉬움,저녁,"맑음,비,눈,더위,추위","봄,여름,가을,겨울",4012096,https://www.10000recipe.com/recipe/4012096,밥/죽/떡,,,5,,
오징어 스파게티 만들기,한식,"오징어,스파게티,양파,청량고추,파마산치즈가루,올리브오일",60,쉬움,저녁,"맑음,비,눈,더위,추위","봄,여름,가을,겨울",4015284,https://www.10000recipe.com/recipe/4015284,면/만두,,,5,,
아이들이 좋아하는 두부스테이크,양식,"두부작은크기,부추,애느타리버섯,청양고추,홍고추,대파,소금,후춧가루,빵가루,밀가루,카놀라유,간장,물,마른홍고추,레드와인",30,쉬움,"점심,저녁","맑음,비,눈,더위,추위","봄,여름,가을,겨울",4027030,https://www.10000recipe.com/recipe/4027030,메인반찬,,,5,,
소시지크림 파스타,양식,"파스타면,양파,소시지,생크림,우유,파마산치즈가루,날치알선택,소금,후추,파슬리가루,올리브뉴,마늘",30,쉬움,"점심,저녁","맑음,비,눈,더위,추위","봄,여름,가을,겨울",4080008,https://www.10000recipe.com/recipe/4080008,면/만두,,,5,,
순두부찌개 만들기,한식,"참치,김치잎,파,양파,순두부,김칫국물,고춧가루,마늘,설탕,고추장,집간장",30,쉬움,"점심,저녁","맑음,비,눈,더위,추위","봄,여름,가을,겨울",4168957,https://www.10000recipe.com/recipe/4168957,찌개,,,5,,
두부 닭가슴살 조림 만들기,한식,"두부,닭가슴살통조림,애호박,양파,대파,식용유,간장,청주,물,올리고당,마늘,고춧가루,참기름,고추장,후추",30,쉬움,"점심,저녁","맑음,비,눈,더위,추위","봄,여름,가을,겨울",4181058,https://www.10000recipe.com/recipe/4181058,메인반찬,,,5,,
베이컨 김치볶음밥 그라탕,양식,"밥,베이컨,김치,양파,피자치즈,미나리,고추장,설탕,참기름",30,쉬움,"점심,저녁","맑음,비,눈,더위,추위","봄,여름,가을,겨울",4356508,https://www.10000recipe.com/recipe/4356508,양식,,,5,,
봄동된장국 끓이는 법,한식,"봄동,대파,된장,마늘,다시멸치,다시마,물",30,쉬움,"점심,저녁","맑음,비,눈,더위,추위","봄,여름,가을,겨울",4567352,https://www.10000recipe.com/recipe/4567352,국/탕,짭짤함,미분류,5,,
콩비지찌개 맛있게 끓이는법,한식,"시판콩비지,한돈앞다리살,익은배추김치,포기,육수또는생수,새우젓소금으로대체가능",30,쉬움,"점심,저녁","맑음,비,눈,더위,추위","봄,여름,가을,겨울",4933623,https://www.10000recipe.com/recipe/4933623,찌개,,,5,,
쫄면 맛있게 만드는법,한식,"쫄면,계란,양배추,오이,고추장,간장,매실,식초,마늘,통깨",30,쉬움,"점심,저녁","맑음,비,눈,더위,추위","봄,여름,가을,겨울",5016314,https://www.10000recipe.com/recipe/5016314,면/만두,,,5,,
간장 비빔 국수 만들기,한식,"국수,묵은김치,파,마늘,청양고추,삶은달걀,고춧가루,간장,올리고당,식초,참기름,깨",30,쉬움,"점심,저녁","맑음,비,눈,더위,추위","봄,여름,가을,겨울",5240766,https://www.10000recipe.com/recipe/5240766,면/만두,,,5,,
닭가슴살스테이크 - 향긋한 카레가 더해진 부드러운 '닭가슴살스테이크',양식,"닭가슴살,감자,당근,양파,카레",30,쉬움,"점심,저녁","맑음,비,눈,더위,추위","봄,여름,가을,겨울",5252909,https://www.10000recipe.com/recipe/5252909,양식,,,5,,
얼큰하고 국물이 시원한 두부국 만드는법,한식,"두부,대파,무,참기름,고춧가루,다시마,멸치,물",30,쉬움,"점심,저녁","맑음,비,눈,더위,추위","봄,여름,가을,겨울",5950201,https://www.10000recipe.com/recipe/5950201,국/탕,,,5,,
오징어홍합짬뽕 만들기,중식,"오징어,홍합,당면,양파,애호박,당근,대파,식용유,물,다시마,건새우,건멸치,고춧가루,마늘",60,보통,저녁,"맑음,비,눈,더위,추위","봄,여름,가을,겨울",6295855,https://www.10000recipe.com/recipe/6295855,면/만두,,,5,,
버섯개장 만들기,한식,"느타리버섯,숙주나물,대파,양파,다시마,건새우,멸치,고춧가루,간장,마늘,참기름,후추가루",60,쉬움,저녁,"맑음,비,눈,더위,추위","봄,여름,가을,겨울",6490469,https://www.10000recipe.com/recipe/6490469,국/탕,,,5,,
베이컨치즈 주먹밥 만들기,한식,"베이컨,밥,치즈,참기름,소금,후리카케",10,쉬움,"아침,점심,야식","맑음,비,눈,더위,추위","봄,여름,가을,겨울",6595235,https://www.10000recipe.com/recipe/6595235,밥/죽/떡,,,5,,
김치나베돈가스 만들기,양식,"등심돈가스,묵은지,팽이버섯,대파,다시마우린물,쯔유,소금",30,보통,"점심,저녁","맑음,비,눈,더위,추위","봄,여름,가을,겨울",6718897,https://www.10000recipe.com/recipe/6718897,양식,,,5,,
자취생요리 간장 파스타,양식,"파스타면,양파,청양고추,햄,버섯,올리브유,간장,마늘,올리고당",60,쉬움,저녁,"맑음,비,눈,더위,추위","봄,여름,가을,겨울",6762181,https://www.10000recipe.com/recipe/6762181,면/만두,,,5,,
순두부찌개 맛있게 끓이는법,한식,"순두부,호박,양파,청량고추,대파,참기름,고춧가루,청주,간장",30,쉬움,"점심,저녁","맑음,비,눈,더위,추위","봄,여름,가을,겨울",6816414,https://www.10000recipe.com/recipe/6816414,찌개,,,5,,
돼지고기 감자 고추장 찌개,한식,"돼지고기찌개용,감자,애호박,두부,대파,청양고추,홍고추,멸치육수,오일,고추장,고춧가루,간장,미림,마늘,다진생강,깨소금,후춧가루",30,쉬움,"점심,저녁","맑음,비,눈,더위,추위","봄,여름,가을,겨울",6830018,https://www.10000recipe.com/recipe/6830018,찌개,,,5,,
치즈듬뿍 감자그라탕,양식,"감자,피망,양파,옥수수캔,피자치즈",30,쉬움,"점심,저녁","맑음,비,눈,더위,추위","봄,여름,가을,겨울",6830106,https://www.10000recipe.com/recipe/6830106,양식,,,5,,
찹스테이크 레시피,양식,"소고기채끝등심스테이크용,홍피망,파프리카,양파,올리브오일,허브솔트,맛술,케첩,올리고당,청주",60,보통,저녁,"맑음,비,눈,더위,추위","봄,여름,가을,겨울",6830484,https://www.10000recipe.com/recipe/6830484,양식,,,5,,
캠핑요리추천! 돼지고기감자고추장찌개,한식,"돼지고기국거리,감자,호박,양파,맛타리버섯,단,청량고추,두부,고추기름생략가능,고추장,고춧가루,된장,숟갈,간장,마늘,맛술,후춧가루",30,쉬움,"점심,저녁","맑음,비,눈,더위,추위","봄,여름,가을,겨울",6830532,https://www.10000recipe.com/recipe/6830532,찌개,,,5,,
백주부 닭볶음탕,한식,"닭볶음탕용닭,설탕,마늘,생강가루,간장,양파,감자,고춧가루,대파",30,쉬움,"점심,저녁","맑음,비,눈,더위,추위","봄,여름,가을,겨울",6830578,https://www.10000recipe.com/recipe/6830578,국/탕,,,5,,
백주부의 콩나물볶음밥/백주부레시피,한식,"콩나물,당근,파,마늘,계란,고추장,고춧가루,맛술,간장,설탕",30,쉬움,"점심,저녁","맑음,비,눈,더위,추위","봄,여름,가을,겨울",6832944,https://www.10000recipe.com/recipe/6832944,밥/죽/떡,,,5,,
찹스테이크 - 풍미가득한...주말요리.,양식,"소고기안심,파프리카,표고버섯,양파,케찹,설탕,버터,올리브유,소금,후추",30,쉬움,"점심,저녁","맑음,비,눈,더위,추위","봄,여름,가을,겨울",6833046,https://www.10000recipe.com/recipe/6833046,양식,,,5,,
김치돈까스나베,일식,"돈까스,김치,대파,계란,청양고추,양파,소금,후추,설탕,마늘,간장,물",30,쉬움,"점심,저녁","맑음,비,눈,더위,추위","봄,여름,가을,겨울",6833364,https://www.10000recipe.com/recipe/6833364,국/탕,,,5,,
경상도식 소고기무국,한식,"소고기,무,대파,콩나물,고춧가루,마늘,간장,후추,소금",60,쉬움,저녁,"맑음,비,눈,더위,추위","봄,여름,가을,겨울",6833640,https://www.10000recipe.com/recipe/6833640,국/탕,,,5,,
베이컨숙주볶음라면 만들기!,한식,"라면,계란,숙주,베이컨,양파,새송이버섯,마늘,파,식용류,간장,버터,소금,후춧가루",15,쉬움,"아침,점심,야식","맑음,비,눈,더위,추위","봄,여름,가을,겨울",6833904,https://www.10000recipe.com/recipe/6833904,면/만두,,,5,,
된장찌개,한식,"된장,두부,애호박,대파,감자,청양고추,고춧가루,마늘,멸치육수",30,쉬움,"점심,저녁","맑음,비,눈,더위,추위","봄,여름,가을,겨울",6833966,https://www.10000recipe.com/recipe/6833966,찌개,,,5,,
일본식 챠슈라면(미소라면),한식,"삼겹살,홍고추,대파,라면사리,양파,숙주,팽이버섯,청양고추,설탕,마늘,맛술,간장,일본미소된장",60,보통,저녁,"맑음,비,눈,더위,추위","봄,여름,가을,겨울",6834228,https://www.10000recipe.com/recipe/6834228,면/만두,,,5,,
식이섬유 풍부한 미역볶음밥,한식,"밥,불린미역,비엔나소시지,가지,감자,당근,호박,양파,어린잎채소생략가능,계란,통깨",15,쉬움,"아침,점심,야식","맑음,비,눈,더위,추위","봄,여름,가을,겨울",6834452,https://www.10000recipe.com/recipe/6834452,밥/죽/떡,,,5,,
[스카치에그] 메추리알로 스카치에그만들기! 간식&술안주! -양싸,양식,"메추리알,계란,굵은소금,돼지고기갈은것,식용유,계란물,튀김가루,빵가루",15,쉬움,"아침,점심,야식","맑음,더위",여름,6835328,https://www.10000recipe.com/recipe/6835328,양식,담백함,여름,5,,
초간단 데리야끼닭가슴살스테이크 만들기,양식,"닭가슴살,양파,대파,후추,소금혹은허브솔트,맛술",30,쉬움,"점심,저녁","맑음,비,눈,더위,추위","봄,여름,가을,겨울",6835482,https://www.10000recipe.com/recipe/6835482,양식,,,5,,
혼자먹는 점심으로 간단하게 만든 비빔당면,한식,"당면,당근,부추,간장,고춧가루,올리고당,참기름,통깨,쏭쏭썬실파,마늘",30,쉬움,"점심,저녁","맑음,비,눈,더위,추위","봄,여름,가을,겨울",6835729,https://www.10000recipe.com/recipe/6835729,면/만두,,,5,,
"TV레시피, 매콤 참치 리챔 덮밥",한식,"참치,리챔,상추,양파,마늘,대파,참기름,깨소금,고추장,설탕,맛술,간장",15,쉬움,"아침,점심,야식","맑음,비,눈,더위,추위","봄,여름,가을,겨울",6836847,https://www.10000recipe.com/recipe/6836847,밥/죽/떡,,,5,,
"백주부의 집밥레시피, 간단히 만드는 백주부 잔치국수 ♥",한식,"양파,애호박,당근,대파,표고버섯,소면,계란,간장,물,청양고추,파,마늘,고춧가루,설탕,들깨가루,참기름",30,쉬움,"점심,저녁","맑음,비,눈,더위,추위","봄,여름,가을,겨울",6838115,https://www.10000recipe.com/recipe/6838115,면/만두,,,5,,
"""납작비빔만두""♪",한식,"납작만두,적양배추,양파,당근,아몬드슬라이스,고추장듬뿍,매실액기스,간장,식초,마늘,올리고당,깨,참기름",30,쉬움,"점심,저녁","맑음,비,눈,더위,추위","봄,여름,가을,겨울",6838368,https://www.10000recipe.com/recipe/6838368,면/만두,,,5,,
카레우동,일식,"소고기불고기용,우동면g,양파,대파,물,다시마센티,멸치,카레가루,마늘,버터,소금,후추",30,쉬움,"점심,저녁","맑음,비,눈,더위,추위","봄,여름,가을,겨울",6841194,https://www.10000recipe.com/recipe/6841194,면/만두,,,5,,
집밥 백선생 '백종원 김치찌개' 만들기,한식,"돼지고기목살,김치,된장,쌀뜨물,마늘,청양고추,대파,고춧가루,간장,새우젓",30,쉬움,"점심,저녁","맑음,비,눈,더위,추위","봄,여름,가을,겨울",6841462,https://www.10000recipe.com/recipe/6841462,찌개,,,5,,
맛에 건강까지 더한 토마토 카레 떡볶이,한식,"쌀떡볶이떡,구운어묵,비엔나소시지,당근,양파,양배추,방울토마토,마늘,물,포도씨유,분말카레가루,봉지,고운고춧가루,후춧가루",30,쉬움,"점심,저녁","맑음,비,눈,더위,추위","봄,여름,가을,겨울",6842322,https://www.10000recipe.com/recipe/6842322,밥/죽/떡,,,5,,
라구소스&베샤멜소스 라자냐 만들기,양식,"라자냐파스타,모짜렐라치즈,양파,당근작은크기,샐러리,새송이버섯,청양고추,마늘,소고기,올리브유,소금,후추,파프리카파우더,바질가루,버터,밀가루,우유,넛맥가루",90,어려움,저녁,"맑음,비,눈,더위,추위","봄,여름,가을,겨울",6842893,https://www.10000recipe.com/recipe/6842893,양식,,,5,,
주말간식엔 매콤고소한 '만두강정'!,한식,"냉동만두,떡볶이떡,캐슈넛혹은견과류,당근,브로콜리,고추장,케쳡,마늘,고춧가루,소금,꿀or물엿올리고당,청양고추생략가능",15,쉬움,"아침,점심,야식","맑음,비,눈,더위,추위","봄,여름,가을,겨울",6843357,https://www.10000recipe.com/recipe/6843357,면/만두,,,5,,
치킨스테이크 백종원 레시피 느므느므 맛나다,양식,"닭다리살,양파,감자,통마늘,파프리카,느타리버섯,버터,소금,후추,간장,식초,설탕,마늘",30,쉬움,"점심,저녁","맑음,비,눈,더위,추위","봄,여름,가을,겨울",6843884,https://www.10000recipe.com/recipe/6843884,양식,,,5,,
냉이 목살 볶음밥,한식,"밥,냉이,돼지목살,홍고추,대파,청주,소금,후춧가루,식용유,참기름",30,쉬움,"점심,저녁","맑음,비,눈,더위,추위","봄,여름,가을,겨울",6846033,https://www.10000recipe.com/recipe/6846033,밥/죽/떡,,,5,,
군만두가 지겨울땐 비빔만두 만들기 ♩,한식,"만두,양배추,파프리카,깻잎,당근,설탕,고추장,식초,참기름,통깨",30,쉬움,"점심,저녁","맑음,비,눈,더위,추위","봄,여름,가을,겨울",6846335,https://www.10000recipe.com/recipe/6846335,면/만두,,,5,,
< 무염식 저염식 야채 메밀전병 >,한식,"메밀부침가루,물,빨간파프리카,노란파프리카,콜라비,당근,오이,들기름",60,어려움,저녁,"맑음,비,눈,더위,추위","봄,여름,가을,겨울",6848281,https://www.10000recipe.com/recipe/6848281,면/만두,,,5,,
부추달걀국 끓이기,한식,"계란,애호박,당근,양파,부추,청량고추,소금,멸치",15,쉬움,"아침,점심,야식","맑음,비,눈,더위,추위","봄,여름,가을,겨울",6850197,https://www.10000recipe.com/recipe/6850197,국/탕,,,5,,
돼지고기 감자국끓이기,한식,"감자작은거,멸치육수,대파,다진돼지고기,소금,후추",30,쉬움,"점심,저녁","맑음,비,눈,더위,추위","봄,여름,가을,겨울",6851513,https://www.10000recipe.com/recipe/6851513,국/탕,,,5,,
"제철 토마토의 진한 풍미, 치즈 라따뚜이",양식,"토마토,가지,애호박,마늘,다진양파,설탕,소금,후추,올리브유,모짜렐라치즈",60,보통,저녁,"맑음,비,눈,더위,추위","봄,여름,가을,겨울",6852571,https://www.10000recipe.com/recipe/6852571,양식,,,5,,
[간단 자취요리] 모짜렐라 인더버거? NO! 치즈폭풍 모짜렐라 인더감자 만들기,양식,"감자,빵가루,계란,모짜렐라치즈,마요네즈,후추,소금",30,쉬움,"점심,저녁","맑음,비,눈,더위,추위","봄,여름,가을,겨울",6854671,https://www.10000recipe.com/recipe/6854671,양식,,,5,,
어묵볶음밥 - 흔한 재료 알찬 한그릇밥,한식,"어묵,양파,대파,밥,달걀후라이,마늘,맛술,간장,올리고당,참기름",15,쉬움,"아침,점심,야식","맑음,비,눈,더위,추위","봄,여름,가을,겨울",6856391,https://www.10000recipe.com/recipe/6856391,밥/죽/떡,,,5,,
쌀쌀해진 날씨에 딱 어울리는 백종원 부대찌개 황금레시피,한식,"스팸,소세지,오뎅,김치,양파,팽이버섯,새송이버섯,라면사리,베이크드빈,대파,고추,멸치,다시마,무우,토막,고추장,고춧가루,맛술,간장,설탕,마늘,후춧가루",30,쉬움,"점심,저녁","맑음,비,눈,더위,추위","봄,여름,가을,겨울",6856416,https://www.10000recipe.com/recipe/6856416,찌개,,,5,,
고소하고 얼큰한 국물! 차돌박이고추장찌개,한식,"차돌박이,감자작은거,양파,애호박,청양고추,대파,참기름,다시마cmxcm,멸치,고춧가루,고추장,간장,청주,마늘,후추",30,쉬움,"점심,저녁","맑음,비,눈,더위,추위","봄,여름,가을,겨울",6857099,https://www.10000recipe.com/recipe/6857099,찌개,,,5,,
초간단 찹스테이크,양식,"양파,노란피망,빨간피망,케찹,올리고당",15,쉬움,"아침,점심,야식","맑음,비,눈,더위,추위","봄,여름,가을,겨울",6857518,https://www.10000recipe.com/recipe/6857518,양식,,,5,,
만두깐풍기- 만두랑 떡볶이랑 둘의 케미 맵지않게 단짠,한식,"만두,떡볶이떡,양파,당근,완두콩생략가능,간장,올리고당,설탕,물,마늘",30,쉬움,"점심,저녁","맑음,비,눈,더위,추위","봄,여름,가을,겨울",6858191,https://www.10000recipe.com/recipe/6858191,면/만두,,,5,,
"감바스 알 아히요, 새우요리",양식,"새우,마늘,페페론치노,올리브오일,소금,후추,식빵",10,쉬움,"아침,점심,야식","맑음,비,눈,더위,추위","봄,여름,가을,겨울",6858463,https://www.10000recipe.com/recipe/6858463,양식,,,5,,
"잡채활용요리, 달걀만두 ( 계란만두 ) 청양고추넣어 매콤~하게",한식,"잡채,당면,부추,당근,팽이버섯,청양고추,계란,소금,후추,청주,기름",30,쉬움,"점심,저녁","맑음,비,눈,더위,추위","봄,여름,가을,겨울",6859336,https://www.10000recipe.com/recipe/6859336,면/만두,,,5,,
돼지고기고추장찌개- 딸에게#,한식,"돼지고기,호박,감자,양파,청양고추,대파,마늘,두부,고추장,고춧가루,새우젓",10,보통,"아침,점심,야식","맑음,비,눈,더위,추위","봄,여름,가을,겨울",6859487,https://www.10000recipe.com/recipe/6859487,찌개,,,5,,
무청지짐된장찌개.,한식,"삶은무청,사태,양파,된장,마늘,들기름,고춧가루,들깨가루,생수,두부",30,쉬움,"점심,저녁","맑음,비,눈,더위,추위","봄,여름,가을,겨울",6859768,https://www.10000recipe.com/recipe/6859768,찌개,,,5,,
닭으로 얼큰하게 국물 요리했습니다. 닭 매운탕,한식,"손질한닭한마리,참기름,식용유,마늘,대파흰부분,고춧가루,물,간장,감자,양파,소금,후추",60,쉬움,저녁,"맑음,비,눈,더위,추위","봄,여름,가을,겨울",6860061,https://www.10000recipe.com/recipe/6860061,국/탕,,,5,,
백종원 토마토케첩소스 닭다리스테이크만들기,양식,"닭다리북채g,통마늘,양송이버섯,토마토케첩,식초,버터,설탕,물,감자,마요네즈,양파,소금,후춧가루,우유",60,쉬움,저녁,"맑음,비,눈,더위,추위","봄,여름,가을,겨울",6861627,https://www.10000recipe.com/recipe/6861627,양식,,,5,,
"차돌박이 감자찌개, 들큰한 마성의 찌개 !",한식,"차돌박이,양파,감자,대파,청양고추,국물용멸치,다시마x,고춧가루,간장,맛술,된장,고추장,마늘,후춧가루",30,쉬움,"점심,저녁","맑음,비,눈,더위,추위","봄,여름,가을,겨울",6862054,https://www.10000recipe.com/recipe/6862054,찌개,,,5,,
태국식 볶음 쌀국수 [팟타이 Pad Thai],한식,"쌀국수,다진쇠고기,새우,파,마늘,계란,매운고추,올리브유,숙주,실란트로,땅콩,설탕,물,땅콩버터",30,쉬움,"점심,저녁","맑음,비,눈,더위,추위","봄,여름,가을,겨울",6862381,https://www.10000recipe.com/recipe/6862381,면/만두,,,5,,
박나래 감바스 만들기(요똥도 할수있다는 감바스!),양식,"올리브유,칵테일새우,통마늘,소금,후추,바게뜨빵,페퍼로치니",15,쉬움,"아침,점심,야식","맑음,비,눈,더위,추위","봄,여름,가을,겨울",6862420,https://www.10000recipe.com/recipe/6862420,양식,,,5,,
담백고소 연어스테이크 만드는방법,양식,"올리브유,마늘,통후추,레몬생략가능,그린빈스생략가능",30,쉬움,"점심,저녁","맑음,비,눈,더위,추위","봄,여름,가을,겨울",6864399,https://www.10000recipe.com/recipe/6864399,양식,,,5,,
이건 혁명이다. 진짜 핵맛이다..!! 햄치즈가스,한식,"슬라이스햄,체다치즈,밀가루,계란,빵가루",30,쉬움,"점심,저녁","맑음,비,눈,더위,추위","봄,여름,가을,겨울",6865812,https://www.10000recipe.com/recipe/6865812,메인반찬,,,5,,
백종원 고추장찌개 만들기,한식,"감자,양파,두부,대파,참치,청양고추,고추장,참기름,식용유,고춧가루,간마늘,액젓,간장",30,쉬움,"점심,저녁","맑음,비,눈,더위,추위","봄,여름,가을,겨울",6865822,https://www.10000recipe.com/recipe/6865822,찌개,,,5,,
"닭 매운탕, 닭한마리 넣은 국물 매운탕",한식,"닭,물,청경채,콩나물,느타리버섯,대파흰부분,청양고추,당면선택,식용유,마늘,고추가루청양고추가루,맛술,간장,후추,소금",90,쉬움,저녁,"맑음,비,눈,더위,추위","봄,여름,가을,겨울",6866786,https://www.10000recipe.com/recipe/6866786,국/탕,,,5,,
해물떡찜 비법공개,한식,"새우,당근,떡,고춧가루,파,설탕,간장,고추장,마늘,홍합",15,보통,"아침,점심,야식","맑음,비,눈,더위,추위","봄,여름,가을,겨울",6867150,https://www.10000recipe.com/recipe/6867150,메인반찬,,,5,,
버섯들깨크림파스타:진하고 고소한 영양가득 한접시,양식,"스파게티면,굵은소금,버터,올리브오일,양파,마늘,느타리버섯,팽이버섯,생크림,육수,소금,후추,들깨가루,대파,들기름",30,쉬움,"점심,저녁","맑음,비,눈,더위,추위","봄,여름,가을,겨울",6867808,https://www.10000recipe.com/recipe/6867808,면/만두,,,5,,
건강해지는 기분! 두부 김치 소보로덮밥,한식,"밥,베이컨,두부,송송썬김치,양파,청양고추,식용유,대파,간장,후추,통깨,부추생략가능",30,쉬움,"점심,저녁","맑음,비,눈,더위,추위","봄,여름,가을,겨울",6867862,https://www.10000recipe.com/recipe/6867862,밥/죽/떡,,,5,,
뚝딱~ 쉬운~ 비빔국수~~,한식,"소면,깻잎,간장,고추장,고춧가루,참기름,식초,마늘,매실액,통깨",15,쉬움,"아침,점심,야식","맑음,비,눈,더위,추위","봄,여름,가을,겨울",6867893,https://www.10000recipe.com/recipe/6867893,면/만두,,,5,,
자극하라 데리야끼 스팸 스크램블 에그 덮밥,양식,"스팸,계란,햇반일반밥한공기,파,마늘,청양고추,양파,홍고추,간장,물,미림,설탕,생강,소금,마요네즈",30,쉬움,"점심,저녁","맑음,비,눈,더위,추위","봄,여름,가을,겨울",6867916,https://www.10000recipe.com/recipe/6867916,양식,,,5,,
들깨를 넣어 더 구수한 두부 부추 계란탕,한식,"물또는육수,새우가루,멸치가루,계란,두부,부추잘게다진것,들깨가루,소금,멸치액젓,간장",30,쉬움,"점심,저녁","맑음,비,눈,더위,추위","봄,여름,가을,겨울",6868879,https://www.10000recipe.com/recipe/6868879,국/탕,,,5,,
입맛 없을 때 간편하게 먹는 간식! 라면전,한식,"라면,대파cm,꿀",30,쉬움,"점심,저녁","맑음,비,눈,더위,추위","봄,여름,가을,겨울",6869392,https://www.10000recipe.com/recipe/6869392,면/만두,,,5,,
닭볶음탕 레시피 매콤하게,한식,"닭,감자,양파,대파,고추장,고춧가루,설탕,청주,간장,마늘,생강가루,참기름,후추",30,쉬움,"점심,저녁","맑음,비,눈,더위,추위","봄,여름,가을,겨울",6869869,https://www.10000recipe.com/recipe/6869869,국/탕,,,5,,
만들기 쉬운 [표고버섯 쇠고기찜] ; 기본 양념장 만들기,한식,"마른표고버섯,갈은쇠고기,양파,대파,파잘게썬,고추잘게썬,파의,양,설탕,깨소금,마늘,참기름,고춧가루,간장",30,쉬움,"점심,저녁","맑음,비,눈,더위,추위","봄,여름,가을,겨울",6870159,https://www.10000recipe.com/recipe/6870159,메인반찬,,,5,,
소고기와 감자가 들어간 고추장찌개,한식,"소고기,감자,애호박,팽이버섯,두부낮은거,대파,청양고추,마늘,맛술,식용유,멸치다시육수,고추장,고춧가루,된장,간장",10,쉬움,"아침,점심,야식","맑음,비,눈,더위,추위","봄,여름,가을,겨울",6870332,https://www.10000recipe.com/recipe/6870332,찌개,,,5,,
시원한 오이냉국,한식,"물,오이,마른미역,얼음,통깨,소금,간장,설탕,식초",30,쉬움,"점심,저녁","맑음,비,눈,더위,추위","봄,여름,가을,겨울",6870480,https://www.10000recipe.com/recipe/6870480,국/탕,,,5,,
[간단 자취요리] 워머가 필요없는 뚝배기 치즈 퐁듀 만들기!,양식,"전분물,우유,모짜렐라치즈,마늘,체다치즈,물,전분",30,쉬움,"점심,저녁","맑음,비,눈,더위,추위","봄,여름,가을,겨울",6870709,https://www.10000recipe.com/recipe/6870709,양식,,,5,,
"백종원 감자짜글이, 매콤한 밥도둑 반찬",한식,"감자,양파,대파,청양고추,스팸,고추장크게,된장크게,고춧가루크게,설탕크게,간장,물,마늘",30,쉬움,"점심,저녁","맑음,비,눈,더위,추위","봄,여름,가을,겨울",6871778,https://www.10000recipe.com/recipe/6871778,찌개,,,5,,
쫄깃한 식감좋은 쌀면 비빔국수,한식,"쌀면,쌈채소,당근,고추장,매실액,마늘,깨소금,꿀,식초,참기름",10,쉬움,"아침,점심,야식","맑음,비,눈,더위,추위","봄,여름,가을,겨울",6872567,https://www.10000recipe.com/recipe/6872567,면/만두,,,5,,
대학교 앞 맛집 따라잡기! 철판닭볶음밥,한식,"닭가슴살또는다른부위,밥,양배추,김치,양파,피자치즈,김가루,고추장,간장,고춧가루,올리고당,마늘,참기름",60,쉬움,저녁,"맑음,비,눈,더위,추위","봄,여름,가을,겨울",6873745,https://www.10000recipe.com/recipe/6873745,밥/죽/떡,,,5,,
"짜박두부조림, 국물두부조림 만드는 법",한식,"두부,대패삼겹살,다진대파,양파,고춧가루,마늘,간장,올리고당생략가능,멸치액젓,물",30,쉬움,"점심,저녁","맑음,비,눈,더위,추위","봄,여름,가을,겨울",6874475,https://www.10000recipe.com/recipe/6874475,찌개,,,5,,
[간단 자취요리] 전자렌지로 뚝딱! 치즈밥 2탄! 고소~ 짭짤한 하얀 치즈밥 만들기,한식,"밥,양파찹듬뿍,스위트콘듬뿍,참치,버터,간장",5,보통,"아침,점심,야식","맑음,비,눈,더위,추위","봄,여름,가을,겨울",6874513,https://www.10000recipe.com/recipe/6874513,밥/죽/떡,,,5,,
영화속요리 6탄 하와이언레시피 속 롤케베츠,한식,"양배추,다진돼지고기,찬밥,공기,파슬리,양파,고춧가루,소금,후추,밀가루,소시지기호에따라,물,치킨스톡,생크림,플레인요거트",60,쉬움,저녁,"맑음,비,눈,더위,추위","봄,여름,가을,겨울",6876013,https://www.10000recipe.com/recipe/6876013,메인반찬,,,5,,
가을나들이도시락으로 밥버거를 챙겨보자,한식,"밥,단무지,김치,참치,마요네즈,김가루",15,쉬움,"아침,점심,야식","맑음,비,눈,더위,추위","봄,여름,가을,겨울",6877868,https://www.10000recipe.com/recipe/6877868,밥/죽/떡,,,5,,
두부강정 ~~ 손님초대음식에 올려도 손색이 없는 일품요리...,한식,"손두부,고추장,케찹,맛술,마늘,올리고당,설탕,참기름,통깨,물,다진땅콩",10,쉬움,"아침,점심,야식","맑음,비,눈,더위,추위","봄,여름,가을,겨울",6879259,https://www.10000recipe.com/recipe/6879259,메인반찬,,,5,,
프랑스 느낌 제대로!! 라따뚜이,양식,"애호박,가지,토마토,다진양파,소금,후추,파마산치즈가루,올리브유,마늘,파슬리가루,물",30,쉬움,"점심,저녁","맑음,비,눈,더위,추위","봄,여름,가을,겨울",6879653,https://www.10000recipe.com/recipe/6879653,양식,,,5,,
경상도식 얼큰한 소고기국!,한식,"소고기,콩나물작은거,무,대파,참기름,육수낼물,다시마,간장,고춧가루,마늘,멸치액젓,맛술,소금",15,쉬움,"아침,점심,야식","맑음,비,눈,더위,추위","봄,여름,가을,겨울",6882224,https://www.10000recipe.com/recipe/6882224,국/탕,,,5,,
#맛있는녀석들 #들깨순두부탕만들기 #간장양념을 한 표고버섯이 듬뿍 들어간 구수하고 고소한 들깨순두부탕!!!,한식,"순두부,건표고버섯,양송이버섯,마늘,썬파,간장,들깨가루",60,쉬움,저녁,"맑음,비,눈,더위,추위","봄,여름,가을,겨울",6884675,https://www.10000recipe.com/recipe/6884675,국/탕,,,5,,
"봄동 된장국 만드는 법, 건새우 넣어 감칠맛을 더한 봄동요리",한식,"봄동,건새우,느타리버섯,표고버섯,청양고추,홍고추,대파,물,된장,마늘,소금",15,쉬움,"아침,점심,야식","맑음,비,눈,더위,추위","봄,여름,가을,겨울",6884850,https://www.10000recipe.com/recipe/6884850,국/탕,,,5,,
호박두부새우젓국 - 간단하면서도 시원하고 깊은 맛.,한식,"두부,호박,홍고추,새우젓,파,마늘",30,쉬움,"점심,저녁","맑음,비,눈,더위,추위","봄,여름,가을,겨울",6886386,https://www.10000recipe.com/recipe/6886386,국/탕,,,5,,
이건 꼭 먹어야해...! 치즈 떡볶이밥 만들기,한식,"떡,어묵,비엔나소시지,고추장,간장,설탕,물",15,쉬움,"아침,점심,야식","맑음,비,눈,더위,추위","봄,여름,가을,겨울",6886391,https://www.10000recipe.com/recipe/6886391,밥/죽/떡,,,5,,
"10분 이내, 초간단 건강식, 당뇨, 항암, 감기에 좋은 표고버섯 계란국",한식,"생표고버섯썰어서두줌,계란,잔파,대파,간장,육수,간마늘",10,쉬움,"아침,점심,야식","맑음,비,눈,더위,추위","봄,여름,가을,겨울",6887081,https://www.10000recipe.com/recipe/6887081,국/탕,,,5,,
"야식추천메뉴, 매콤한 볶음우동 만들기",일식,"우동면,삼겹살,새우살,양파,통마늘,매운고추,숙주,파,뿌리,양송이버섯,계란,후추,참기름,깨,가쓰오부시,고추장,고춧가루,맛술,마늘,물",30,쉬움,"점심,저녁","맑음,비,눈,더위,추위","봄,여름,가을,겨울",6888040,https://www.10000recipe.com/recipe/6888040,면/만두,,,5,,
언제먹어도 맛있는 소고기무국,한식,"국거리용소고기,나박하게썰은무,마늘,간장,들기름,후추,소금",60,쉬움,저녁,"맑음,비,눈,더위,추위","봄,여름,가을,겨울",6889926,https://www.10000recipe.com/recipe/6889926,국/탕,,,5,,
좋은 사람들과 풍성하게♥육우버섯전골,한식,"소고기불고기,느타리버섯,표고버섯,팽이버섯,배추,쑥갓,청경채,양파,대파,불린당면,멸치다시마육수,간장,설탕,간양파,마늘,후추,참기름",60,쉬움,저녁,"맑음,비,눈,더위,추위","봄,여름,가을,겨울",6890925,https://www.10000recipe.com/recipe/6890925,국/탕,,,5,,
TV요리) 꼬들꼬들 깊은맛♥ 차돌박이된장찌개,한식,"차돌박이,무,대파,청양고추,쌀뜨물,된장,고추장,설탕,마늘",30,쉬움,"점심,저녁","맑음,비,눈,더위,추위","봄,여름,가을,겨울",6891438,https://www.10000recipe.com/recipe/6891438,찌개,,,5,,
육즙 가득 품은 찹스테이크,양식,"소고기,양파,빨간파프리카,노란파프리카,마늘,시금치,버터,후추가루,케찹,올리브유",15,쉬움,"아침,점심,야식","맑음,비,눈,더위,추위","봄,여름,가을,겨울",6891905,https://www.10000recipe.com/recipe/6891905,양식,,,5,,
참치 묵은지김치찌개,한식,"묵은지김치,포기,참치작은거,양파,대파,청양고추,고추장,고춧가루,마늘,쇠고기다시다,들기름",30,쉬움,"점심,저녁","맑음,비,눈,더위,추위","봄,여름,가을,겨울",6893780,https://www.10000recipe.com/recipe/6893780,찌개,,,5,,
집밥백선생 초간단 마늘볶음밥 만들기,한식,"밥,마늘,버터,식용유,간장",10,쉬움,"아침,점심,야식","맑음,비,눈,더위,추위","봄,여름,가을,겨울",6893797,https://www.10000recipe.com/recipe/6893797,밥/죽/떡,,,5,,
매콤한 참치찌개 만들기,한식,"참치캔,감자큰거,양파,대파,청양고추,간장,고춧가루,간마늘,설탕",15,쉬움,"아침,점심,야식","맑음,비,눈,더위,추위","봄,여름,가을,겨울",6894002,https://www.10000recipe.com/recipe/6894002,찌개,,,5,,
6146황금비율로 누구나 실패 없는 오이냉국 만들기!더위에 제격인 시원한 반찬!,한식,"오이,미역,홍고추,통깨,물,소금,설탕,식초",15,쉬움,"아침,점심,야식","맑음,비,눈,더위,추위","봄,여름,가을,겨울",6894088,https://www.10000recipe.com/recipe/6894088,국/탕,,,5,,
감자프리타타 맛있타타 타타타☆,양식,"감자,양파,계란,우유,피자치즈,파슬리가루,버터,소금,후추",30,쉬움,"점심,저녁","맑음,비,눈,더위,추위","봄,여름,가을,겨울",6894488,https://www.10000recipe.com/recipe/6894488,양식,,,5,,
백종원의 차돌박이 된장찌개,한식,"차돌박이,무,호박,양파,감자작은거,버섯,파,청양고추,두부,쌀뜨물,된장,고추장,고춧가루,마늘",30,쉬움,"점심,저녁","맑음,비,눈,더위,추위","봄,여름,가을,겨울",6895478,https://www.10000recipe.com/recipe/6895478,찌개,,,5,,
5분뚝딱 스팸까스 만들기!돈까스처럼 맛있어요,일식,"스팸,계란,밀가루,빵가루,식용유",5,쉬움,"아침,점심,야식","맑음,비,눈,더위,추위","봄,여름,가을,겨울",6896089,https://www.10000recipe.com/recipe/6896089,메인반찬,,,5,,
얼큰한게 땡길때~참치김치찌개~!,한식,"김치,참치작은거,쌀뜨물,양파,파,식용류,고춧가루,간장,설탕,후추",30,쉬움,"점심,저녁","맑음,비,눈,더위,추위","봄,여름,가을,겨울",6896618,https://www.10000recipe.com/recipe/6896618,찌개,,,5,,
목우촌 저녁요리 뚝심 마요덮밥,한식,"목우촌계란,따듯한쌀밥,김가루,뚝심,양파,간장,올리고당,마요네즈",30,쉬움,"점심,저녁","맑음,비,눈,더위,추위","봄,여름,가을,겨울",6896838,https://www.10000recipe.com/recipe/6896838,밥/죽/떡,,,5,,
국물요리 소고기뭇국 끓이기,한식,"소고기양지,무토막,대파,소금,물,까나리액젓,마늘,청주,후춧가루",90,쉬움,저녁,"맑음,비,눈,더위,추위","봄,여름,가을,겨울",6897251,https://www.10000recipe.com/recipe/6897251,국/탕,,,5,,
간장비빔당면 ★ 호로록 한그릇 금방 사라져버림,한식,"불린당면,계란,사각어묵,대파,채썬김,간장,설탕,올리고당,후추,참기름",10,쉬움,"아침,점심,야식","맑음,비,눈,더위,추위","봄,여름,가을,겨울",6897671,https://www.10000recipe.com/recipe/6897671,면/만두,,,5,,
밀푀유나베♡천송이 꽃처럼 예쁜 요리,한식,"쌈배추,소고기불고기,깻잎,표고버섯,팽이버섯,콩나물,육수,밥,계란,주의사항참조",60,보통,저녁,"맑음,비,눈,더위,추위","봄,여름,가을,겨울",6898834,https://www.10000recipe.com/recipe/6898834,국/탕,,,5,,
비빔당면 ☆ 탱글탱글 당면을 비벼비벼!,한식,"당면,시금치,소금,참기름,마늘,통깨,단무지,판어묵,당근,고추장,고춧가루,간장,식초,맛술,매실액,올리고당,청양고추",30,쉬움,"점심,저녁","맑음,비,눈,더위,추위","봄,여름,가을,겨울",6898923,https://www.10000recipe.com/recipe/6898923,면/만두,,,5,,
고소하고 부드러운 빠네파스타만들기,양식,"바게트롤,파스타면,브로컬리,양송이버섯,베이컨,칵테일새우,피망,마늘,슬라이스치즈생략가능,우유,생크림,소금,후추",30,보통,"점심,저녁","맑음,비,눈,더위,추위","봄,여름,가을,겨울",6898957,https://www.10000recipe.com/recipe/6898957,면/만두,,,5,,
버섯소떡소떡 쫄깃쫄깃 버섯까지!,한식,"표고버섯,떡국떡,프랑크소시지,식용유,통깨,검은깨,고추장,고춧가루,케첩,간장,마늘,설탕,물엿,물",30,쉬움,"점심,저녁","맑음,비,눈,더위,추위","봄,여름,가을,겨울",6900394,https://www.10000recipe.com/recipe/6900394,밥/죽/떡,,,5,,
감바스알아히요 ! 페퍼론치노가 없어도 매콤하게!,양식,"칵테일새우,마늘,양파,올리브오일,연두청양초,파슬리가루,바게트빵,화이트와인",30,쉬움,"점심,저녁","맑음,비,눈,더위,추위","봄,여름,가을,겨울",6900880,https://www.10000recipe.com/recipe/6900880,양식,,,5,,
제주은갈치찌개 ☆ 칼칼한 제주의 맛,한식,"토막낸갈치,무,애호박,팽이버섯,양파,청고추,홍고추,두부,쑥갓,다시마육수,고춧가루,된장,마늘,간장,설탕,소금",30,보통,"점심,저녁","맑음,비,눈,더위,추위","봄,여름,가을,겨울",6901167,https://www.10000recipe.com/recipe/6901167,찌개,,,5,,
아이반찬 버섯 밥전 밥먹기 싫어할 때 좋아요,한식,"밥,만가닥버섯,계란,양파,파프리카,소금,후춧가루톡",30,쉬움,"점심,저녁","맑음,비,눈,더위,추위","봄,여름,가을,겨울",6901393,https://www.10000recipe.com/recipe/6901393,메인반찬,,,5,,
베이컨가지그라탕으로 우리아이도 맛있게 가지먹기!,양식,"베이컨,가지,양파,새송이버섯,토마토,모짜렐라치즈,소금,후추,바질가루,파마산치즈가루",30,보통,"점심,저녁","맑음,비,눈,더위,추위","봄,여름,가을,겨울",6901410,https://www.10000recipe.com/recipe/6901410,양식,,,5,,
간단하지만 화려한 참치 김치찌개,한식,"신김치,김치국물,참치,물,올리브오일,마늘",30,쉬움,"점심,저녁","맑음,비,눈,더위,추위","봄,여름,가을,겨울",6901495,https://www.10000recipe.com/recipe/6901495,찌개,,,5,,
남여노소 누구나 좋아하는 골뱅이 무침! 홈파티 메뉴로 어때요?,한식,"골뱅이,오이,양파,소면,고추장,고춧가루,설탕,식초,마늘,참기름",30,쉬움,"점심,저녁","맑음,비,눈,더위,추위","봄,여름,가을,겨울",6901629,https://www.10000recipe.com/recipe/6901629,메인반찬,,,5,,
"단돈 5천원이면 OK! 홈파티 추천 레시피, 토마토 홍합찜 만드는 법",양식,"홍합,양파,마늘,토마토,페퍼론치노,올리브오일,청주,버터,파마산치즈,드라이허브,파비움프라우벨",30,쉬움,"점심,저녁","맑음,비,눈,더위,추위","봄,여름,가을,겨울",6901714,https://www.10000recipe.com/recipe/6901714,양식,,,5,,
백종원 두부참치찌개 - 역시 집밥백선생의 간단한 요리 최고,한식,"두부,참치통조림,양파,대파,청양고추,고춧가루,간장,마늘,새우젓,들기름,후춧가루,멸치다시마육수",15,쉬움,"아침,점심,야식","맑음,비,눈,더위,추위","봄,여름,가을,겨울",6901779,https://www.10000recipe.com/recipe/6901779,찌개,,,5,,
동태찌개 황금레시피 시원하고 칼칼해!,한식,"동태,무,물,다시마,쑥갓,홍고추,청양고추,대파,양파,고춧가루,멸치액젓,마늘,간장,소금",60,보통,저녁,"맑음,비,눈,더위,추위","봄,여름,가을,겨울",6902143,https://www.10000recipe.com/recipe/6902143,찌개,,,5,,
스팸을 넣어 만든 알리오올리오,한식,"스파게티면,스팸,마늘,올리브오일",30,쉬움,"점심,저녁","맑음,비,눈,더위,추위","봄,여름,가을,겨울",6903115,https://www.10000recipe.com/recipe/6903115,면/만두,,,5,,
만두소짜장라면 ☆ 만두소로 만드는 짜장라면,중식,"해동된만두,짜장라면,대파,양파,식용유",10,쉬움,"아침,점심,야식","맑음,비,눈,더위,추위","봄,여름,가을,겨울",6903442,https://www.10000recipe.com/recipe/6903442,면/만두,,,5,,
초간단 컵밥~,한식,"찬밥,피자치즈,파슬리가루,계란",10,쉬움,"아침,점심,야식","맑음,비,눈,더위,추위","봄,여름,가을,겨울",6904658,https://www.10000recipe.com/recipe/6904658,밥/죽/떡,,,5,,
집밥백선생 백종원 북엇국 사골국물 넣으니 더 맛있네,한식,"북어포,계란,사골국물쌀뜨물,물,간마늘,간장,새우젓액젓,소금,청양고추,홍고추,대파,참기름,두부추가",15,쉬움,"아침,점심,야식","맑음,비,눈,더위,추위","봄,여름,가을,겨울",6905451,https://www.10000recipe.com/recipe/6905451,국/탕,,,5,,
온가족이 좋아하는 참치 김치찌개 황금레시피,한식,"배추김치,통조림참치,쌀뜨물,대파,청양고추,두부,참기름또는들기름,설탕,고춧가루,마늘,간장",30,쉬움,"점심,저녁","맑음,비,눈,더위,추위","봄,여름,가을,겨울",6905771,https://www.10000recipe.com/recipe/6905771,찌개,,,5,,
전자레인지로 만든 새콤달콤 '귤잼' 초간단 레시피,한식,"귤알맹이,설탕",15,쉬움,"아침,점심,야식","맑음,비,눈,더위,추위","봄,여름,가을,겨울",6906439,https://www.10000recipe.com/recipe/6906439,,,,5,,
귀찮은 주말아침!영양가득한 5분 완성 '머그컵밥',한식,"밥,계란,우유,베이컨,슬라이스치즈,양파,대파,소금,후추",5,쉬움,"아침,점심,야식","맑음,비,눈,더위,추위","봄,여름,가을,겨울",6906662,https://www.10000recipe.com/recipe/6906662,밥/죽/떡,,,5,,
"귀한 손님을 위한 이북음식, 어복쟁반",한식,"소고기사태,청경채,알배추,쑥갓,느타리버섯,표고버섯,홍고추,두부,계란,양파,대파,생강,통후추,월계수잎,간장",120,보통,저녁,"맑음,비,눈,더위,추위","봄,여름,가을,겨울",6907224,https://www.10000recipe.com/recipe/6907224,국/탕,,,5,,
"초간단 와인 가리비 홍합찜, Steamd Mussels with Scallops, 와인 버터 홍합찜 만드는 법",양식,"홍합팩,가리비팩,버터크게뜸,마늘,다진양파중간사이즈,대파,피망or청고추홍고추,소금,후추,화이트와인,물,레몬즙생략가능,바게트빵",20,쉬움,"점심,저녁","맑음,비,눈,더위,추위","봄,여름,가을,겨울",6907250,https://www.10000recipe.com/recipe/6907250,양식,,,5,,
팽이버섯 베이컨 만드는법 술안주 요리로 추천,한식,"베이컨,팽이버섯,식용유",20,쉬움,"점심,저녁","맑음,비,눈,더위,추위","봄,여름,가을,겨울",6907924,https://www.10000recipe.com/recipe/6907924,메인반찬,,,5,,
얼큰하고 시원한 오징어 무국 끓이는법,한식,"오징어,물,무,고추장,된장,간마늘",20,쉬움,"점심,저녁","맑음,비,눈,더위,추위","봄,여름,가을,겨울",6910516,https://www.10000recipe.com/recipe/6910516,국/탕,,,5,,
참치주먹밥만 아셨다면 이젠 맛살주먹밥 ★,한식,"게맛살,밥,단무지,김가루,마요네즈,참기름,소금,통깨",10,쉬움,"아침,점심,야식","맑음,비,눈,더위,추위","봄,여름,가을,겨울",6910689,https://www.10000recipe.com/recipe/6910689,밥/죽/떡,,,5,,
이젠 실패 말고 연어스테이크 ★,양식,"연어,아스파라거스,방울토마토,양파,올리브오일,바질가루,소금,후추,마요네즈,다진양파,다진피클,레몬즙,설탕",20,쉬움,"점심,저녁","맑음,비,눈,더위,추위","봄,여름,가을,겨울",6912028,https://www.10000recipe.com/recipe/6912028,양식,,,5,,
소고기무국 끓이는방법 참기름으로 볶아 더 맛있는 황금레시피,한식,"무,소고기,들기름,대파,참기름,다시물,간장,소금,후추",60,쉬움,저녁,"맑음,비,눈,더위,추위","봄,여름,가을,겨울",6913439,https://www.10000recipe.com/recipe/6913439,국/탕,,,5,,
수제 당근 수제비 만드는 법,한식,"당근,밀가루,미역,다시육수,후추,소금,계란,대파,청양고추",30,쉬움,"점심,저녁","맑음,비,눈,더위,추위","봄,여름,가을,겨울",6913472,https://www.10000recipe.com/recipe/6913472,면/만두,,,5,,
♥[신혼밥상] 해물누룽지탕,한식,"누룽지,칵테일새우,관자,양송이,청경채,홍피망,애호박,양파,대파,마늘",15,쉬움,"아침,점심,야식","맑음,비,눈,더위,추위","봄,여름,가을,겨울",6913924,https://www.10000recipe.com/recipe/6913924,국/탕,,,5,,
이번엔 까만 유혹~간짜장,중식,"춘장,식용유,다진돼지고기,양파,감자,부추,간장,설탕,전분물,물",15,쉬움,"아침,점심,야식","맑음,비,눈,더위,추위","봄,여름,가을,겨울",6913947,https://www.10000recipe.com/recipe/6913947,면/만두,,,5,,
경상도식 소고기 뭇국,한식,"소고기,대파,무,토막,콩나물,양파,고춧가루,간장,참기름,생강가루,마늘,멸치다시마육수",60,쉬움,저녁,"맑음,비,눈,더위,추위","봄,여름,가을,겨울",6914055,https://www.10000recipe.com/recipe/6914055,국/탕,,,5,,
맛있는건 한입에 넣어야 제 맛 ★ 삼겹살초밥 ★,일식,"삼겹살,깻잎,통마늘,쌈장,밥,참기름,통깨,소금,간장,올리고당,맛술,물",30,쉬움,"점심,저녁","맑음,비,눈,더위,추위","봄,여름,가을,겨울",6914970,https://www.10000recipe.com/recipe/6914970,밥/죽/떡,,,5,,
참치고추장찌개 만드는 법 - 간단 찌개 만들기,한식,"참치,양파,대파,감자,두부,애호박,청양고추,마늘,고추장,고춧가루,액젓,맛술,설탕",30,쉬움,"점심,저녁","맑음,비,눈,더위,추위","봄,여름,가을,겨울",6915707,https://www.10000recipe.com/recipe/6915707,찌개,,,5,,
TV요리) 니가 무라 국수 아님!!!! 니가비비바락국수 ★,한식,"소면,대파,단무지,깨소금,참기름,다진돼지고기,물,다진양파,채썬대파,맛술,설탕,물엿,간장,배,마늘,다진생강,고춧가루,후추",30,쉬움,"점심,저녁","맑음,비,눈,더위,추위","봄,여름,가을,겨울",6915708,https://www.10000recipe.com/recipe/6915708,면/만두,,,5,,
매우면 스트레스 받을땐 토마토닭볶음탕 ★,한식,"닭다리,닭봉,양파,샐러리,마늘,방울토마토,홀토마토,화이트와인,밀가루,로즈마리,파슬리,소금,후추,페퍼론치노,올리브오일",60,쉬움,저녁,"맑음,비,눈,더위,추위","봄,여름,가을,겨울",6916189,https://www.10000recipe.com/recipe/6916189,국/탕,,,5,,
밥에만 얹어 먹었다면 이젠 ! 고추참치치즈밥 ★,한식,"고추참치,밥,옥수수콘,계란,볶은김치,모짜렐라치즈,참기름",10,쉬움,"아침,점심,야식","맑음,비,눈,더위,추위","봄,여름,가을,겨울",6916376,https://www.10000recipe.com/recipe/6916376,밥/죽/떡,,,5,,
암예방레시피 소고기 스튜 헝가리 굴라쉬 건강한 음식!,한식,"소고기,양파,파프리카,마늘,새송이버섯,감자,당근,아스파라거스,버터,밀가루,토마토페이스트,케첩,파프리카가루,소금,설탕,레드와인,물",30,쉬움,"점심,저녁","맑음,비,눈,더위,추위","봄,여름,가을,겨울",6918201,https://www.10000recipe.com/recipe/6918201,찌개,,,5,,
"닭가슴살로 만드는 이탈리아식 오믈렛, 치킨프리타타 만들기",양식,"닭가슴살,대파,양파,계란,파마산치즈,체더치즈,모짜렐라치즈,파슬리,치킨스톡,후추",30,쉬움,"점심,저녁",맑음,봄,6918375,https://www.10000recipe.com/recipe/6918375,양식,담백함,봄,5,,
도토리 인덕션과 보글보글 차돌된장찌개는 넘나 잘어울려 ★,한식,"차돌박이,감자,양파,애호박,청양고추,대파,두부,쌀뜨물,된장,고추장,간장,마늘",10,쉬움,"아침,점심,야식","맑음,비,눈,더위,추위","봄,여름,가을,겨울",6918676,https://www.10000recipe.com/recipe/6918676,찌개,,,5,,
"천기누설, 고혈압 완화에 좋은 숙주 들깨무침",한식,"숙주,간장,들깨가루,마늘,깨소금,참기름,부추",15,쉬움,"아침,점심,야식","맑음,비,눈,더위,추위","봄,여름,가을,겨울",6919791,https://www.10000recipe.com/recipe/6919791,메인반찬,,,5,,
충청도식 애호박국수 살캉하고 고소하고 맛있어요,한식,"소면,애호박,양파,소금,통깨,참기름,물,식용유,고춧가루,마늘,간장,매실청,후추가루",30,쉬움,"점심,저녁","맑음,비,눈,더위,추위","봄,여름,가을,겨울",6919935,https://www.10000recipe.com/recipe/6919935,면/만두,,,5,,
오통통한 낙지와 매콤함은 홀릭~! 낙지덮밥 ★,한식,"낙지,양파,청양고추,대파,참기름,통깨,밥,고추장,고춧가루,간장,설탕,올리고당,마늘,맛술,후추",30,쉬움,"점심,저녁","맑음,비,눈,더위,추위","봄,여름,가을,겨울",6920646,https://www.10000recipe.com/recipe/6920646,밥/죽/떡,,,5,,
#청국장찌개 [초딩들도좋아하는맛],한식,"청국장,두부,김치,고기,애호박,소금,대파",20,쉬움,"점심,저녁","맑음,비,눈,더위,추위","봄,여름,가을,겨울",6920875,https://www.10000recipe.com/recipe/6920875,찌개,,,5,,
"자취생간단요리, 참치 순두부된장찌개, 순두부찌개, 된장찌개",한식,"순두부g,참치캔g,마늘,고춧가루,대파,양파,된장,다시마멸치육수",30,쉬움,"점심,저녁","맑음,비,눈,더위,추위","봄,여름,가을,겨울",6921654,https://www.10000recipe.com/recipe/6921654,찌개,,,5,,
11월11일에 챙겨야할 떡 레시피! 가래떡츄로스,한식,"가래떡,계핏가루,설탕",20,쉬움,"점심,저녁","맑음,비,눈,더위,추위","봄,여름,가을,겨울",6921948,https://www.10000recipe.com/recipe/6921948,,,,5,,
부들부들 야들야들 매콤 차돌박이 파스타 만들기,양식,"설탕,간장,미림,마늘,후추,스파게티,면수또는물,청양고추,표고버섯,땡초,식용유,참기름,베이비순",30,보통,"점심,저녁","맑음,비,눈,더위,추위","봄,여름,가을,겨울",6922090,https://www.10000recipe.com/recipe/6922090,면/만두,,,5,,
초간단 명란파스타 만들기/명란젓 요리/어란파스타 이렇게 하세요~너무 간단한데 맛보면 놀랄껄?,양식,"명란,스파게티면,양파,마늘,우유,버터",30,쉬움,"점심,저녁","맑음,비,눈,더위,추위","봄,여름,가을,겨울",6922310,https://www.10000recipe.com/recipe/6922310,면/만두,,,5,,
경상도식 얼큰~ 소고기 무국,한식,"먹기좋게썰은소고기,무,콩나물,파,쌀뜬물,고춧가루,간장,멸치액젓,소금",60,쉬움,저녁,"맑음,비,눈,더위,추위","봄,여름,가을,겨울",6923546,https://www.10000recipe.com/recipe/6923546,국/탕,,,5,,
아이들이 잘먹는 들깨무국,한식,"무,파,소금,들깨가루,쌀뜨물,들기름,간마늘",30,쉬움,"점심,저녁","맑음,비,눈,더위,추위","봄,여름,가을,겨울",6927118,https://www.10000recipe.com/recipe/6927118,국/탕,,,5,,
"[참치브로콜리주먹밥] 진짜 쉬운 다이어트도시락,건강식단/ 적은재료로 간단하게",한식,"밥,참치,브로콜리,소금,참기름,깨,김",15,쉬움,"아침,점심,야식","맑음,비,눈,더위,추위","봄,여름,가을,겨울",6927414,https://www.10000recipe.com/recipe/6927414,밥/죽/떡,,,5,,
포장마차 그때 그자리에서 먹었던 잔치국수 만들기,한식,"소면,양파,애호박,당근,계란,멸치다시육수팩,무,대파,설탕,고춧가루,간장,물,마늘,참기름",30,쉬움,"점심,저녁","맑음,비,눈,더위,추위","봄,여름,가을,겨울",6927647,https://www.10000recipe.com/recipe/6927647,면/만두,,,5,,
♥[신혼밥상] 삼겹살 고추장찌개,한식,"삼겹살,멸치다시다육수,감자,애호박,양파,두부,대파,청양고추,새우젓,고추장,고춧가루,간장,멸치액젓,마늘,생강가루",30,쉬움,"점심,저녁","맑음,비,눈,더위,추위","봄,여름,가을,겨울",6927754,https://www.10000recipe.com/recipe/6927754,찌개,,,5,,
[노오븐 디저트] 딸기오레오크림치즈케이크,한식,"딸기,오레오쿠키,크림치즈,버터,수건",20,쉬움,"점심,저녁","맑음,비,눈,더위,추위","봄,여름,가을,겨울",6928105,https://www.10000recipe.com/recipe/6928105,,,,5,,
"한그릇요리, 시금치 갈릭 새우 볶음밥",한식,"시금치,새우,밥,식용유,간장,마늘,통깨,소금",10,쉬움,"아침,점심,야식","맑음,비,눈,더위,추위","봄,여름,가을,겨울",6929581,https://www.10000recipe.com/recipe/6929581,밥/죽/떡,,,5,,
수미네반찬 두부밥 맛있어 감탄할 레시피,한식,"두부,대파,전분가루,공기,식용유,간장,고춧가루,마늘,참기름,통깨",15,쉬움,"아침,점심,야식","맑음,비,눈,더위,추위","봄,여름,가을,겨울",6930198,https://www.10000recipe.com/recipe/6930198,밥/죽/떡,,,5,,
얼큰한 보양식 얼갈이 사골국!,양식,"데친얼갈이,소고기국거리,표고버섯,대파,고추,사골육수,들기름,오일,된장,고춧가루,마늘,참기름",60,쉬움,저녁,"맑음,비,눈,더위,추위","봄,여름,가을,겨울",6930576,https://www.10000recipe.com/recipe/6930576,국/탕,,,5,,
만만한 감자국. 구수~하다! 퇴근후에 초간단 국 끓이기 좋아!,한식,"감자,물,다시팩또는멸치,다시마,마늘,소금,참기름,대파,후춧가루",20,쉬움,"점심,저녁","맑음,비,눈,더위,추위","봄,여름,가을,겨울",6930835,https://www.10000recipe.com/recipe/6930835,국/탕,,,5,,
"김치마요우동, 맛깔나게 볶아진 김치와 어우러진 마요네즈의 향연~ 정말 간단하지만 세상 맛있는 비빔우동을 소개 합니다",일식,"우동사리,김치잘게다진,스팸,식용유,마늘,마요네즈,다진청양초,후추가루,물,단무지,김가루",15,쉬움,"아침,점심,야식","맑음,비,눈,더위,추위","봄,여름,가을,겨울",6931940,https://www.10000recipe.com/recipe/6931940,면/만두,,,5,,
< 한그릇요리 > 두부김치덮밥,한식,"두부,김치,계란,간장,설탕,마늘,고춧가루,참기름",5,쉬움,"아침,점심,야식","맑음,비,눈,더위,추위","봄,여름,가을,겨울",6932059,https://www.10000recipe.com/recipe/6932059,밥/죽/떡,,,5,,
다이어트식: 아스파라거스 소고기 말이,한식,"아스파라거스,소고기,소금,후춧가루,버터,발사믹식초,꿀,레드와인",30,쉬움,"점심,저녁","맑음,비,눈,더위,추위","봄,여름,가을,겨울",6932754,https://www.10000recipe.com/recipe/6932754,메인반찬,,,5,,
♥[신혼밥상] 여름철 별미 숙주냉채,한식,"숙주,오이,크래미또는맛살,칵테일새우,후춧가루,연겨자,설탕,소금,마늘,올리고당,레몬즙or식초",20,쉬움,"점심,저녁","맑음,비,눈,더위,추위","봄,여름,가을,겨울",6934142,https://www.10000recipe.com/recipe/6934142,메인반찬,,,5,,
참치김치찌개 맛깔나게 끓이는법,한식,"참치통조림,김치,포기,고춧가루,김치국물,설탕,파",30,쉬움,"점심,저녁","맑음,비,눈,더위,추위","봄,여름,가을,겨울",6934280,https://www.10000recipe.com/recipe/6934280,찌개,,,5,,
아이들 반찬 만들기 참치두부전 만드는 법 부드럽고 맛있어요.,한식,"두부,참치,당근,청양고추,대파,계란,부침가루,소금,후춧가루",30,쉬움,"점심,저녁","맑음,비,눈,더위,추위","봄,여름,가을,겨울",6934464,https://www.10000recipe.com/recipe/6934464,,,,5,,
다이어트식단~파프리카 닭가슴살볶음!,한식,"닭가슴살,빨강파프리카,쪽파썰어준것,계란,올리브유,소금",10,쉬움,"아침,점심,야식","맑음,비,눈,더위,추위","봄,여름,가을,겨울",6935495,https://www.10000recipe.com/recipe/6935495,메인반찬,,,5,,
"[간식요리]줄서서 먹는다는 그 분식집, 애플 하우스의 무침 만두",한식,"냉동만두,식용유,케첩,고춧가루,고추장,간장,올리고당,설탕,마늘,물",30,쉬움,"점심,저녁","맑음,비,눈,더위,추위","봄,여름,가을,겨울",6935686,https://www.10000recipe.com/recipe/6935686,면/만두,,,5,,
냉장고털어 해물토마토파스타 만들기,양식,"스파게티면,오징어,냉동새우,양파,마늘,소금,맛술,통후추",20,쉬움,"점심,저녁","맑음,비,눈,더위,추위","봄,여름,가을,겨울",6935707,https://www.10000recipe.com/recipe/6935707,면/만두,,,5,,
"명란젓 알탕 만들기, 알이 톡톡 감칠맛이 팡팡!",한식,"명란젓,멸치육수,무,애호박,양파,대파,청양고추,고춧가루,맛술",90,쉬움,저녁,"맑음,비,눈,더위,추위","봄,여름,가을,겨울",6935968,https://www.10000recipe.com/recipe/6935968,국/탕,,,5,,
[술안주&집밥] 얼큰한 소고기버섯전골,한식,"소고기,느타리버섯,새송이버섯,청양고추,대파,고추장,간장,고춧가루,된장,마늘,미림,설탕,후추,멸치육수",10,쉬움,"아침,점심,야식","맑음,비,눈,더위,추위","봄,여름,가을,겨울",6936955,https://www.10000recipe.com/recipe/6936955,찌개,,,5,,
야식으로굿!안주로도굿!아이간식으로도굿!두부강정!,한식,"두부한모,전분가루,소금,깨,케찹,고추장,마늘,황설탕",30,보통,"점심,저녁","맑음,비,눈,더위,추위","봄,여름,가을,겨울",6937332,https://www.10000recipe.com/recipe/6937332,메인반찬,,,5,,
닭안심살 미역국 # 진한 국물맛,한식,"미역,닭안심살,멸치액젓,참기름,새우젓,마늘",10,쉬움,"아침,점심,야식","맑음,비,눈,더위,추위","봄,여름,가을,겨울",6938420,https://www.10000recipe.com/recipe/6938420,국/탕,,,5,,
전문점 못지 않은 스팸 땡초 꼬마김밥 도시락으로 굿굿,한식,"김,스팸,청양고추,참기름,간장,물,설탕,마늘",10,쉬움,"아침,점심,야식","맑음,비,눈,더위,추위","봄,여름,가을,겨울",6939582,https://www.10000recipe.com/recipe/6939582,밥/죽/떡,,,5,,
참치김치찌개 실패없이 끓이기 황금레시피,한식,"김치,양파,참기름,설탕,후추,동원참치,파,청양고추",15,쉬움,"아침,점심,야식","맑음,비,눈,더위,추위","봄,여름,가을,겨울",6939950,https://www.10000recipe.com/recipe/6939950,찌개,,,5,,
초간단 간장콩불,한식,"콩나물,대패삼겹살,대파,간장,설탕",5,쉬움,"아침,점심,야식","맑음,비,눈,더위,추위","봄,여름,가을,겨울",6942446,https://www.10000recipe.com/recipe/6942446,메인반찬,,,5,,
김수미 묵은지등갈비찜 수미네반찬 역대급 메뉴!,한식,"등갈비,묵은지,포기,양파,홍고추,청양고추,대파,김칫국물,물,고춧가루,간장,매실액,후추가루,다진생강,마늘",60,쉬움,저녁,"맑음,비,눈,더위,추위","봄,여름,가을,겨울",6942885,https://www.10000recipe.com/recipe/6942885,찌개,,,5,,
프랑스 요리 감자 그라탕 만드는 법 감자 그라탕 만들기,양식,"감자,베이컨,버터,양파,마늘,옥수수,우유,밀가루,소금,후추,모짜렐라치즈",20,쉬움,"점심,저녁","맑음,비,눈,더위,추위","봄,여름,가을,겨울",6945434,https://www.10000recipe.com/recipe/6945434,양식,,,5,,
연두부부추탕 : 차가운 바람이 부는 쌀쌀한 날씨에 어울리는 뜨뜬한 국물요리,한식,"연두부,부추,마늘,대파,건표고버섯,다시마,물,소금,후추,간장,참기름,감자전분",15,쉬움,"아침,점심,야식","맑음,비,눈,더위,추위","봄,여름,가을,겨울",6945454,https://www.10000recipe.com/recipe/6945454,국/탕,,,5,,
참치김치찌개 맛있게 끓이는 법! 양파를 참치기름에 볶으면 보다 더 깊은맛을 낼 수 있어요.,한식,"참치통조림캔,신김치,두부,홍고추,대파,쌀뜬물,새우젓,고춧가루,김치국물,간마늘,설탕",30,쉬움,"점심,저녁","맑음,비,눈,더위,추위","봄,여름,가을,겨울",6946518,https://www.10000recipe.com/recipe/6946518,찌개,,,5,,
언제 먹어도 정겨운 '알배추국',한식,"알배추,대파,양파,청양고추,멸치육수,된장,고춧가루,간마늘,간장",20,쉬움,"점심,저녁","맑음,비,눈,더위,추위","봄,여름,가을,겨울",6946703,https://www.10000recipe.com/recipe/6946703,국/탕,,,5,,
두그릇도 끄떡없는 '돼지고기 청국장찌개',한식,"돼지고기,김치,양파,대파,청양고추,애호박,두부,팽이버섯,청국장,고춧가루,간마늘,새우젓,소금,후추",30,쉬움,"점심,저녁","맑음,비,눈,더위,추위","봄,여름,가을,겨울",6947358,https://www.10000recipe.com/recipe/6947358,찌개,,,5,,
집에 돌아다니는 참치캔이 있나요?! 매콤참치덮밥 만드세요 :),한식,"밥,양배추,참치,대파,양파,달걀노른자,통깨,참기름,고춧가루,고추장,올리고당,간장,후추",30,쉬움,"점심,저녁","맑음,비,눈,더위,추위","봄,여름,가을,겨울",6949373,https://www.10000recipe.com/recipe/6949373,밥/죽/떡,,,5,,
"햄 계란 주먹밥(아기밥,간단메뉴,5분요리)",한식,"비엔나소시지,밥,계란,김가루,마요네즈,깨소금,소금,후추,식용유",15,쉬움,"아침,점심,야식","맑음,비,눈,더위,추위","봄,여름,가을,겨울",6950148,https://www.10000recipe.com/recipe/6950148,밥/죽/떡,,,5,,
"통삼겹살로 만드는 한그릇 요리, 차슈덮밥 만들기",한식,"통삼겹살,밥,간장,맛술,설탕,월계수잎,양파,대파",120,쉬움,저녁,"맑음,비,눈,더위,추위","봄,여름,가을,겨울",6950411,https://www.10000recipe.com/recipe/6950411,밥/죽/떡,,,5,,
경상도소고기얼큰무국,한식,"콩나물,소고기양지,무,대파,참기름,고춧가루,간장,소금,멸치액젓",30,보통,"점심,저녁","맑음,비,눈,더위,추위","봄,여름,가을,겨울",6950886,https://www.10000recipe.com/recipe/6950886,국/탕,,,5,,
"치즈 듬뿍 넣고 이모모찌, 일본식 치즈감자떡 만들기",한식,"감자,감자전분,피자치즈,버터,소금,간장,설탕,맛술,물,식용유",30,쉬움,"점심,저녁","맑음,비,눈,더위,추위","봄,여름,가을,겨울",6951455,https://www.10000recipe.com/recipe/6951455,밥/죽/떡,,,5,,
"문어 겨자초무침, 겨자냉채( 입맛 돋우는 반찬, 술안주!!)",한식,"문어다리,다진청양고추,식초,설탕,소금,마늘,간장,겨자,후추",10,쉬움,"아침,점심,야식","맑음,비,눈,더위,추위","봄,여름,가을,겨울",6952504,https://www.10000recipe.com/recipe/6952504,메인반찬,,,5,,
뽀얀국물의 진한 황태국 #친정엄마 레시피 (다이어트할때 몸보신용으로도 좋아요),한식,"황태채,감자작은것,대파,고추작은것,계란,물,들기름,새우젓,마늘,소금,후추",30,쉬움,"점심,저녁","맑음,비,눈,더위,추위","봄,여름,가을,겨울",6953711,https://www.10000recipe.com/recipe/6953711,국/탕,,,5,,
참나물 비빔국수 / 봄나물,한식,"국수,참나물,고추장,식초,설탕,올리고당,간장,고춧가루,갈은깨,청양고추,마늘,김가루,통깨,참기름,삶은달걀",60,쉬움,저녁,"맑음,비,눈,더위,추위","봄,여름,가을,겨울",6955071,https://www.10000recipe.com/recipe/6955071,면/만두,,,5,,
"백종원스타일 ""바지락 순두부 찌게""",한식,"순두부,양파,대파,바지락,참기름,식용유,마늘,간장,소금",30,쉬움,"점심,저녁","맑음,비,눈,더위,추위","봄,여름,가을,겨울",6955164,https://www.10000recipe.com/recipe/6955164,국/탕,,,5,,
간단하게 맑은 콩나물국 만드는법 # 다이어트,한식,"콩나물,무,중멸치,물,멸치액젓,참기름,마늘",15,쉬움,"아침,점심,야식","맑음,비,눈,더위,추위","봄,여름,가을,겨울",6955664,https://www.10000recipe.com/recipe/6955664,국/탕,,,5,,
새콤달콤한 소스로 만든 두부요리! 두부로 만든 두부깐풍 ♥,한식,"두부,소금,청피망,홍피망,대파,식용유,간장,설탕,물,식초,고추기름",30,쉬움,"점심,저녁","맑음,비,눈,더위,추위","봄,여름,가을,겨울",6956470,https://www.10000recipe.com/recipe/6956470,메인반찬,,,5,,
"박나래의 다이어트 미역국수 미역콩국수, 비빔미역국수",한식,"미역국수,오이,파프리카,삶은계란,토마토,깨,닭가슴살,간장,맛술,양파,대파,통후추,고추장,사과즙,식초,올리고당,두부,견과류,물,소금",60,쉬움,저녁,"맑음,비,눈,더위,추위","봄,여름,가을,겨울",6956754,https://www.10000recipe.com/recipe/6956754,면/만두,,,5,,
"[다이어트요리] 에어프라이어에 맛있게 구운 ""닭가슴살꼬치""♪",한식,"생닭가슴살,양파,파프리카빨강,파프리카노랑,파프리카초록,허브솔트,식용유",30,쉬움,"점심,저녁","맑음,비,눈,더위,추위","봄,여름,가을,겨울",6956954,https://www.10000recipe.com/recipe/6956954,,,,5,,
초간단 묵은지말이김밥 아삭하고 맛있어요,한식,"묵은지,밥,캔참치,깻잎,다진청양고추,마요네즈,소금,통깨,후춧가루,참기름",30,쉬움,"점심,저녁","맑음,비,눈,더위,추위","봄,여름,가을,겨울",6958367,https://www.10000recipe.com/recipe/6958367,밥/죽/떡,,,5,,
기가 막히게 맛있는 감바스 알 아히요 쉽게! 만들기,양식,"냉동새우,통마늘,마늘,페페로치노,소금,후추,액젓,올리브오일,파슬리,양송이버섯,파마산치즈가루,바게트",15,쉬움,"아침,점심,야식","맑음,비,눈,더위,추위","봄,여름,가을,겨울",6958572,https://www.10000recipe.com/recipe/6958572,양식,,,5,,
오늘은 반찬없이 [ 달걀볶음밥 ],한식,"계란,소금,식용유,양파,다진대파,후추가루,참기름,통깨,당근,밥",30,쉬움,"점심,저녁","맑음,비,눈,더위,추위","봄,여름,가을,겨울",6958994,https://www.10000recipe.com/recipe/6958994,밥/죽/떡,,,5,,
베트남떡볶이?! 떡보다 맛있다는 라이스페이퍼떡볶이 ♥,한식,"라이스페이퍼,슬라이스치즈,물,고추장,간장,고운고춧가루,설탕,물엿,마늘,사각어묵,대파",5,쉬움,"아침,점심,야식","맑음,비,눈,더위,추위","봄,여름,가을,겨울",6959603,https://www.10000recipe.com/recipe/6959603,밥/죽/떡,,,5,,
참드림쌀로 든든한 계란말이밥 만들기,한식,"계란,밥,대파,팽이버섯,간장,맛술,소금,후추",15,쉬움,"아침,점심,야식","맑음,비,눈,더위,추위","봄,여름,가을,겨울",6959607,https://www.10000recipe.com/recipe/6959607,밥/죽/떡,,,5,,
한국인 밥상의 기본 중에 기본! 보글보글 된장찌개,한식,"된장,양파,애호박,감자,바지락,두부,대파,청양고추,고춧가루,멸치다시마육수,마늘",20,쉬움,"점심,저녁","맑음,비,눈,더위,추위","봄,여름,가을,겨울",6960207,https://www.10000recipe.com/recipe/6960207,찌개,,,5,,
"10분이면 Ok, 칼로리 걱정 없는 두부 마요네즈 만들기!",한식,"두부,레몬즙,올리브오일,소금",10,쉬움,"아침,점심,야식","맑음,비,눈,더위,추위","봄,여름,가을,겨울",6960619,https://www.10000recipe.com/recipe/6960619,,,,5,,
연어스테이크 만드는 방법,양식,"연어,샐러드채소,각종과일,소금,올리브유,후추,간장,맛술,설탕,올리고당,생강",15,쉬움,"아침,점심,야식","맑음,비,눈,더위,추위","봄,여름,가을,겨울",6961253,https://www.10000recipe.com/recipe/6961253,양식,,,5,,
반질반질하게 조려 구워 낸 감자간식! 단짠감자떡 ♥,한식,"감자,감자전분,파마산치즈가루,소금,간장,설탕,물엿,식용유,김,스트링치즈",30,쉬움,"점심,저녁","맑음,비,눈,더위,추위","봄,여름,가을,겨울",6961318,https://www.10000recipe.com/recipe/6961318,밥/죽/떡,,,5,,
"[소고기무국 ] 간단요리, 맛있는국, 실패없음, 엄마표집밥",한식,"무,소고기,마늘,참기름,굵은소금,간장",30,쉬움,"점심,저녁","맑음,비,눈,더위,추위","봄,여름,가을,겨울",6962419,https://www.10000recipe.com/recipe/6962419,국/탕,,,5,,
"고오급진맛 ! 허니갈릭치킨스테이크, 닭다리스테이크",양식,"닭다리살정육,소금,후추,올리브유,마늘,통마늘,치즈생략가능,레몬즙,홀그레인,꿀",90,쉬움,저녁,"맑음,비,눈,더위,추위","봄,여름,가을,겨울",6964036,https://www.10000recipe.com/recipe/6964036,메인반찬,,,5,,
간단요리 편스토랑 류수영 계란볶음밥 만드는법,한식,"밥,대파,계란,참치액젓,설탕,식용유",5,쉬움,"아침,점심,야식","맑음,비,눈,더위,추위","봄,여름,가을,겨울",6964431,https://www.10000recipe.com/recipe/6964431,밥/죽/떡,,,5,,
매운 양념 닭고기 구이.(매콤달콤 치밥하기 딱 좋은 메뉴~),한식,"닭가슴살,떡,통깨,후추,청주,소금,고추장,고춧가루,간장,물엿,맛술,마늘",30,쉬움,"점심,저녁","맑음,비,눈,더위,추위","봄,여름,가을,겨울",6964867,https://www.10000recipe.com/recipe/6964867,메인반찬,,,5,,
다짐육 넣은 굴소스 가지 덮밥 만드는 법,한식,"돼지고기다짐육,가지,고춧가루,설탕,후추,간장,맛술,마늘,대파",30,쉬움,"점심,저녁","맑음,비,눈,더위,추위","봄,여름,가을,겨울",6965709,https://www.10000recipe.com/recipe/6965709,밥/죽/떡,,,5,,
스팸돈부리 스팸덮밥 레시피 자취생 한그릇요리 5분완성,한식,"스팸,양파,계란,대파,간장,설탕,후추,물",10,쉬움,"아침,점심,야식","맑음,비,눈,더위,추위","봄,여름,가을,겨울",6968086,https://www.10000recipe.com/recipe/6968086,밥/죽/떡,,,5,,
부대찌개 [얼근하고 뜨뜻한 국물요리! / 백종원님 레시피 응용버전!],한식,"스팸,소세지,양파,대파,두부,신김치,떡국떡,콩나물,마늘,고추장,된장,고춧가루,간장,후추",30,쉬움,"점심,저녁","맑음,비,눈,더위,추위","봄,여름,가을,겨울",6968410,https://www.10000recipe.com/recipe/6968410,찌개,,,5,,
파스타에 상큼함을 더했다! 레몬버터파스타,양식,"파스타면,마늘,페페론치노,레몬,버터,파슬리,달걀노른자,올리브오일,파마산치즈,소금,후추",20,쉬움,"점심,저녁","맑음,비,눈,더위,추위","봄,여름,가을,겨울",6968749,https://www.10000recipe.com/recipe/6968749,면/만두,,,5,,
깔끔하고 시원한 국물 초간단 두부 새우젓국,한식,"두부,청양고추,홍고추,대파,계란,새우젓,맛소금,간마늘",15,쉬움,"아침,점심,야식","맑음,비,눈,더위,추위","봄,여름,가을,겨울",6970052,https://www.10000recipe.com/recipe/6970052,국/탕,,,5,,
생토마토 가득 넣은 ‘토마토스파게티’ 만드는 방법~!!소스 황금레시피!면 삶는 시간&방법!,양식,"스파게티면,토마토,베이컨,마늘,올리브유,소금,설탕,바질가루,후추,파마산치즈가루,올리브,물",20,쉬움,"점심,저녁","맑음,비,눈,더위,추위","봄,여름,가을,겨울",6971437,https://www.10000recipe.com/recipe/6971437,양식,,,5,,
영양까지 챙긴 든든한 한끼 훈제오리볶음우동,일식,"우동사리,훈제오리,양배추,부추,대파,고추기름,페페론치노,가쓰오부시,간장,물,맛술,설탕",15,쉬움,"아침,점심,야식","맑음,비,눈,더위,추위","봄,여름,가을,겨울",6972021,https://www.10000recipe.com/recipe/6972021,면/만두,,,5,,
비빔국수 [매콤한 맛이 일품! 백종원 양념장 비법으로 더 맛있게!],한식,"소면,오이,당근,깻잎,상추,빨간파프리카,노란파프리카,피망,고추장,간장,올리고당또는설탕,고춧가루,참기름,깨",30,쉬움,"점심,저녁","맑음,비,눈,더위,추위","봄,여름,가을,겨울",6972895,https://www.10000recipe.com/recipe/6972895,면/만두,,,5,,
떡국을 칼칼하게 장떡만둣국 레시피,한식,"떡국떡,만두,사골육수,양파,감자,계란,고추장,된장,굵은고춧가루,마늘,간장,김가루,대파,통깨",15,쉬움,"아침,점심,야식","맑음,비,눈,더위,추위","봄,여름,가을,겨울",6973175,https://www.10000recipe.com/recipe/6973175,국/탕,,,5,,
육수 없이 진한 밥도둑 돼지고기 앞다리살 김치찌개 맛있게 끓이는 법,한식,"돼지고기찌개용,김치,대파,고추,두부,팽이버섯,들기름,설탕,김치국물,고추장,된장,맛술,간장,마늘,후추",30,쉬움,"점심,저녁","맑음,비,눈,더위,추위","봄,여름,가을,겨울",6974681,https://www.10000recipe.com/recipe/6974681,찌개,,,5,,
소고기무국 끓이는법 _맑은소고기뭇국 진하게 끓이기,한식,"무,소고기양지,간장,소금,대파,물,참기름,마늘",60,쉬움,저녁,"맑음,비,눈,더위,추위","봄,여름,가을,겨울",6982157,https://www.10000recipe.com/recipe/6982157,국/탕,,,5,,
간단하고 맛있게 대파소시지달걀볶음밥 만들기,한식,"대파,소시지,계란,밥,간장,소금,후추,참기름",10,쉬움,"아침,점심,야식",맑음,봄,6984423,https://www.10000recipe.com/recipe/6984423,밥/죽/떡,짭짤함,봄,5,,
"명란크림리조또, 우리집 쌀통을 거덜낼 맛의 치트키",양식,"밥,우유,생크림,명란젓,양송이버섯,양파,마늘,올리브오일,후추,파슬리가루",15,쉬움,"아침,점심,야식","맑음,비,눈,더위,추위","봄,여름,가을,겨울",6987900,https://www.10000recipe.com/recipe/6987900,양식,,,5,,
[식약처] 북어국,한식,"북어채,무,콩나물,참기름,파채,마늘,후춧가루,간장,물,계란",60,보통,저녁,"맑음,비,눈,더위,추위","봄,여름,가을,겨울",6989974,https://www.10000recipe.com/recipe/6989974,국/탕,,,5,,
[국물요리] 10분 완성 김치우동 만들기,일식,"물,우동면,김치,김치국물,어묵,고춧가루,멸치액젓,다시다,마늘,대파,청양고추,후추,깨",10,쉬움,"아침,점심,야식","맑음,비,눈,더위,추위","봄,여름,가을,겨울",6990154,https://www.10000recipe.com/recipe/6990154,면/만두,,,5,,
구운 치킨계의 끝판왕! 매콤 새콤 달콤 류수영의 어향치킨,한식,"닭볶음탕용,소금,대파,통마늘,청양고추,생강,마늘,설탕,물엿,간장,식초,케첩,전분물,식용유",30,쉬움,"점심,저녁","맑음,비,눈,더위,추위","봄,여름,가을,겨울",6990948,https://www.10000recipe.com/recipe/6990948,메인반찬,,,5,,
대박식당처럼 돼지고기김치찌개 맛있게 끓이는방법/김치찌개레시피/김진옥요리가좋다,한식,"배추김치,돼지고기찌개용,김칫국물,멸치다시마육수,대파,양파,두부,마늘,참기름,미림,후춧가루,간장,소금,설탕,고춧가루",30,쉬움,"점심,저녁","맑음,비,눈,더위,추위","봄,여름,가을,겨울",6991389,https://www.10000recipe.com/recipe/6991389,찌개,,,5,,
"맛없으면 이상한 볶음밥, 버터만두볶음밥",한식,"밥,만두,마늘,대파,참기름,버터,후추,식용유,달걀프라이",15,쉬움,"아침,점심,야식","맑음,비,눈,더위,추위","봄,여름,가을,겨울",6992061,https://www.10000recipe.com/recipe/6992061,밥/죽/떡,,,5,,
"내 인생 레시피,친정 엄마표 “파채무침”",한식,"잔파,양파,식초,간장,설탕,고춧가루,참기름,통깨",30,쉬움,"점심,저녁","맑음,비,눈,더위,추위","봄,여름,가을,겨울",6992063,https://www.10000recipe.com/recipe/6992063,,,,5,,
시판 사골육수 목살 김치찌개,한식,"신김치,포기,돼지고기목살,시판사골육수,두부,대파,청양고추,홍고추,마늘,고춧가루,황설탕,김치국물,간장,식용유,맛술,후추",60,쉬움,저녁,"맑음,비,눈,더위,추위","봄,여름,가을,겨울",6992103,https://www.10000recipe.com/recipe/6992103,찌개,,,5,,
보들보들 칼칼한 순두부찌개,한식,"순두부,팽이버섯,애호박,양파,대파,청양고추,멸치다시마육수",30,쉬움,"점심,저녁","맑음,비,눈,더위,추위","봄,여름,가을,겨울",6992168,https://www.10000recipe.com/recipe/6992168,찌개,,,5,,
"훈제오리볶음 오리훈제볶음 양배추볶음 레시피 - 다이어트요리, 술안주",한식,"훈제오리,양배추,파프리카,마늘,다진쪽파,참깨,후추",30,쉬움,"점심,저녁","맑음,비,눈,더위,추위","봄,여름,가을,겨울",6993308,https://www.10000recipe.com/recipe/6993308,메인반찬,,,5,,
두부조림보다 부드러운 매콤 순두부 요리,한식,"순두부,표고버섯,양파,대파,청양고추,참기름,통깨,물,고추장,고춧가루,간장,맛술,설탕,마늘",20,쉬움,"점심,저녁","맑음,비,눈,더위,추위","봄,여름,가을,겨울",6994439,https://www.10000recipe.com/recipe/6994439,메인반찬,,,5,,
"파티에 로스트치킨이 빠질 수 없지, 에어프라이어 카레닭봉구이",한식,"닭봉,우유,카레가루,소금,맛술,물엿,홀그레인머스터드,마늘,올리브유,후추가루",30,쉬움,"점심,저녁","맑음,비,눈,더위,추위","봄,여름,가을,겨울",6994661,https://www.10000recipe.com/recipe/6994661,메인반찬,,,5,,
편스토랑 찬또 이찬원 스팸짜글이 자취생요리 메인찌개 술안주,한식,"스팸,물,감자,양파,두부,대파,청양고추,고춧가루,설탕,마늘,간장,참치액,고추장",20,쉬움,"점심,저녁","맑음,비,눈,더위,추위","봄,여름,가을,겨울",7002170,https://www.10000recipe.com/recipe/7002170,찌개,,,5,,
우삼겹콩나물국 레시피,한식,"우삼겹,콩나물,대파,고춧가루,맛술,간장,액젓,마늘",20,쉬움,"점심,저녁","맑음,비,눈,더위,추위","봄,여름,가을,겨울",7002422,https://www.10000recipe.com/recipe/7002422,국/탕,짭짤함,미분류,5,,
"밀가루 없이 두부도우로 피자만들기, 두부피자",한식,"두부,양파,방울토마토,닭가슴살,모짜렐라치즈,뒤집개",30,쉬움,"점심,저녁","맑음,비,눈,더위,추위","봄,여름,가을,겨울",7004960,https://www.10000recipe.com/recipe/7004960,,,,5,,
계란찜) 쉽게 만드는 계란찜~,한식,"계란,대파,물,코인육수,새우젓,간장,뚝배기",15,쉬움,"아침,점심,야식","맑음,비,눈,더위,추위","봄,여름,가을,겨울",7005544,https://www.10000recipe.com/recipe/7005544,국/탕,,,5,,
애호박새우살볶음 한끼반찬 초스피드요리,한식,"애호박,새우살,참기름,마늘,간장,통깨",10,쉬움,"아침,점심,야식","맑음,비,눈,더위,추위","봄,여름,가을,겨울",7006608,https://www.10000recipe.com/recipe/7006608,,,,5,,
베이컨감자채볶음,한식,"감자,베이컨,대파,통깨,소금,양파,조리용나이프",20,쉬움,"점심,저녁","맑음,비,눈,더위,추위","봄,여름,가을,겨울",7007585,https://www.10000recipe.com/recipe/7007585,,,,5,,
팽이버섯 파 계란국 레시피,한식,"계란,팽이버섯,국물용멸치,파,후추,소금,간장,물,면기",15,쉬움,"아침,점심,야식","맑음,비,눈,더위,추위","봄,여름,가을,겨울",7009401,https://www.10000recipe.com/recipe/7009401,국/탕,,,5,,
전자레인지 간단 신라면 알리오올리오 만들기,한식,"신라면,올리브유,마늘,편마늘,페페론치노,물,후추,파슬리가루,조리용나이프",15,쉬움,"아침,점심,야식","맑음,비,눈,더위,추위","봄,여름,가을,겨울",7015017,https://www.10000recipe.com/recipe/7015017,면/만두,,,5,,
소고기당면전골 레시피,한식,"소고기,느타리버섯,청양고추,콩나물,팽이버섯,당면,고추장,고춧가루,간장,액젓,마늘,후추",30,쉬움,"점심,저녁","맑음,비,눈,더위,추위","봄,여름,가을,겨울",7021205,https://www.10000recipe.com/recipe/7021205,국/탕,매콤함,미분류,5,,
매운빨간콩나물무침 레시피 매일반찬,한식,"콩나물,대파,고춧가루,맛소금,멸치액젓,간장,참기름,통깨,조리용나이프,위생장갑",15,쉬움,"아침,점심,야식","맑음,비,눈,더위,추위","봄,여름,가을,겨울",7025833,https://www.10000recipe.com/recipe/7025833,,,,5,,
토마토 달걀볶음/방울토마토,한식,"계란,방울토마토,대파,마늘,간장,식용유,소금,꼬집,후추,조리용나이프,대접",15,쉬움,"아침,점심,야식","맑음,비,눈,더위,추위","봄,여름,가을,겨울",7025912,https://www.10000recipe.com/recipe/7025912,밥/죽/떡,짭짤함,미분류,5,,
돼지고기 간장불고기/ 간장돼지불고기 레시피/ 돼지고기 간장 불고기 레시피,한식,"돼지목살또는앞다리살,식용유고기지방이적을떄,설탕g,진간장g,맛술g,물엿g,다진마늘g,생강가루g,다진대파g,후추가루,조리용집게",3,쉬움,"아침,점심,야식","맑음,비,눈,더위,추위","봄,여름,가을,겨울",7028339,https://www.10000recipe.com/recipe/7028339,메인반찬,,,5,,
라면보다 쉽게 육수없이 끓이는 [만둣국],한식,"냉동만두,계란,양파,대파,청양고추,김가루,간장,참치액젓,소금,후추,수저,조리용나이프,면기",15,쉬움,"아침,점심,야식","맑음,비,눈,더위,추위","봄,여름,가을,겨울",7031635,https://www.10000recipe.com/recipe/7031635,국/탕,,,5,,
냉동 새우로 맛있는 타코 만들기,양식,"냉동새우,또띠아,양파,파프리카,올리브유,소금,후추,마늘,스리라차,버터,조리용나이프",30,보통,"점심,저녁","맑음,비,눈,더위,추위","봄,여름,가을,겨울",7034047,https://www.10000recipe.com/recipe/7034047,양식,,,5,,
[만만셰] 피로가 싹 풀리는 시원한 애호박명란국 by.식식쟁이,한식,"두부,양파,애호박,청고추,홍고추,명란젓,마늘,참치액젓,니트릴장갑,조리용나이프,조리주걱,대접",30,쉬움,"점심,저녁","맑음,비,눈,더위,추위","봄,여름,가을,겨울",7035222,https://www.10000recipe.com/recipe/7035222,국/탕,,,5,,
가츠동 대신 비비고 만두로 계란 만두 덮밥 만들기,한식,"만두,양파,계란,간장진간장양조간장,미림,설탕,멸치액젓,식용유,조리용나이프",10,쉬움,"아침,점심,야식","맑음,비,눈,더위,추위","봄,여름,가을,겨울",7035725,https://www.10000recipe.com/recipe/7035725,면/만두,달콤함,미분류,5,,
밥 비벼 먹기 좋은 참치 두부조림,한식,"두부,양파,대파,단,참치,간장,설탕,미림,고추장,고춧가루,참치액,마늘,후추,물,조리용나이프",15,쉬움,"아침,점심,야식","맑음,비,눈,더위,추위","봄,여름,가을,겨울",7041518,https://www.10000recipe.com/recipe/7041518,찌개,짭짤함,미분류,5,,
초코 파운드케이크,한식,"박력분,코코아가루,설탕,버터,계란,베이킹파우더,가나슈,초코청크,하겔슈가",60,쉬움,저녁,"맑음,비,눈,더위,추위","봄,여름,가을,겨울",1883916,https://www.10000recipe.com/recipe/1883916,,,,4,,
소고기 스테이크,양식,"한우채끝등심,올리브유,소금,후추,양파,통마늘,설탕,향신즙맛술생강즙,가루바질",60,보통,저녁,"맑음,비,눈,더위,추위","봄,여름,가을,겨울",1937879,https://www.10000recipe.com/recipe/1937879,양식,,,4,5.0,
칼칼한 감자 돼지고기 고추장찌개,한식,"감자,돼지고기,양파,풋고추,홍고추,포도씨유,물,고추장,된장,고춧가루,매실청,마늘,후춧가루,소금",30,쉬움,"점심,저녁","맑음,비,눈,더위,추위","봄,여름,가을,겨울",1978636,https://www.10000recipe.com/recipe/1978636,찌개,,,4,,
오븐없이 돼지고기 등심 갈릭소스 스테이크 만들기,양식,"돼지고기등심두께센티,파인애플링,가지,호박,방울토마토,감자,청주,소금,통후춧가루,올리브유,마늘,화이트와인,우유,물,올리고당,인스턴트커피,버터,파마산치즈,후춧가루,파슬리가루",60,보통,저녁,"맑음,비,눈,더위,추위","봄,여름,가을,겨울",2711477,https://www.10000recipe.com/recipe/2711477,양식,,,4,,
치즈 두부 스테이크 만드는 법,양식,"두부,슬라이스치즈,밀가루,계란,대파,검정깨,간장,다시마물,설탕,생강술,녹말물",10,쉬움,"아침,점심,야식","맑음,비,눈,더위,추위","봄,여름,가을,겨울",3780812,https://www.10000recipe.com/recipe/3780812,메인반찬,,,4,,
대구 스테이크,양식,"대구,허브소금,후추,쌈채소,올리브오일,소금,두부,두유,식초,레몬즙,신선초,견과류",30,쉬움,"점심,저녁","맑음,비,눈,더위,추위","봄,여름,가을,겨울",3814021,https://www.10000recipe.com/recipe/3814021,양식,,,4,,
치즈 떡꼬치,한식,"떡볶이떡,피자치즈,청피망,홍피망,고추장,고춧가루,숟갈,참기름,올리고당,설탕,물",15,쉬움,"아침,점심,야식","맑음,비,눈,더위,추위","봄,여름,가을,겨울",3849788,https://www.10000recipe.com/recipe/3849788,밥/죽/떡,,,4,,
키위로 맛을 낸 막국수,한식,"메밀국수,토마토,닭가슴살통조림,계란,오이,상추,무cm,양파,키위,식초,설탕,고춧가루,참기름,멸치액젓,마늘,깨,연겨자,고추장,생강즙",30,쉬움,"점심,저녁","맑음,비,눈,더위,추위","봄,여름,가을,겨울",3923303,https://www.10000recipe.com/recipe/3923303,면/만두,,,4,,
선물용으로 좋은 블론디,한식,"버터,황설탕,설탕,계란,중력분,베이킹파우더,베이킹소다,소금,호두",60,보통,저녁,"맑음,비,눈,더위,추위","봄,여름,가을,겨울",4014043,https://www.10000recipe.com/recipe/4014043,,,,4,,
참치볶음덮밥,한식,"참치,파,채썬당근,계란,김치잎,양파,밥,간장,청주,설탕,고추장",30,쉬움,"점심,저녁","맑음,비,눈,더위,추위","봄,여름,가을,겨울",4075614,https://www.10000recipe.com/recipe/4075614,밥/죽/떡,,,4,,
구운 명란 오니기리 만들기,한식,"밥,후리가케,참기름,저염명란,마요네즈,파슬리또는대파,청주",60,쉬움,저녁,"맑음,비,눈,더위,추위","봄,여름,가을,겨울",4081689,https://www.10000recipe.com/recipe/4081689,밥/죽/떡,,,4,,
김빠진 콜라를 이용해서 부드러운 콜라닭찜,한식,"닭다리,양파,대파,간장,올리고당,마늘,생강술,콜라,후춧가루,물",10,쉬움,"아침,점심,야식","맑음,비,눈,더위,추위","봄,여름,가을,겨울",4088765,https://www.10000recipe.com/recipe/4088765,메인반찬,,,4,,
[맑은바지락국] 심플해서 더 좋은 맑은 국!,한식,"바지락봉,물,마늘,대파,청홍고추,소금",10,쉬움,"아침,점심,야식","맑음,비,눈,더위,추위","봄,여름,가을,겨울",4165089,https://www.10000recipe.com/recipe/4165089,국/탕,,,4,,
브로콜리주먹밥 만들기,한식,"밥,브로콜리,참기름,계란,기름,굵은소금",30,쉬움,"점심,저녁","맑음,비,눈,더위,추위","봄,여름,가을,겨울",4165359,https://www.10000recipe.com/recipe/4165359,밥/죽/떡,,,4,,
김치잔치국수,한식,"멸치육수,소면,배추김치,김가루,마늘,숟갈,간장,고춧가루,참기름,청양고추",15,쉬움,"아침,점심,야식","맑음,비,눈,더위,추위","봄,여름,가을,겨울",4308601,https://www.10000recipe.com/recipe/4308601,면/만두,,,4,,
얼큰하고 촉촉한 돈까스김치나베만들기,일식,"돈까스,양파,대파,묵은지,계란,참기름,고춧가루,참치맛장",30,쉬움,"점심,저녁","맑음,비,눈,더위,추위","봄,여름,가을,겨울",4343042,https://www.10000recipe.com/recipe/4343042,국/탕,,,4,,
버섯육개장,한식,"소고기국거리,느타리버섯,애호박,양파,청고추,홍고추,대파,고춧가루,마늘,생강즙,생수,소금,참기름",30,쉬움,"점심,저녁","맑음,비,눈,더위,추위","봄,여름,가을,겨울",4380935,https://www.10000recipe.com/recipe/4380935,국/탕,,,4,,
매운 볶음우동 만들기,일식,"콩나물,깻잎,양파,어묵,묵은김치,식용유,맛술,참기름,올리고당,고추장,후춧가루",30,쉬움,"점심,저녁","맑음,비,눈,더위,추위","봄,여름,가을,겨울",4400065,https://www.10000recipe.com/recipe/4400065,면/만두,,,4,,
고구마 찹쌀 케이크,한식,"계란,설탕,우유,찹쌀가루,베이킹파우더,찐고구마,검은깨",60,보통,저녁,"맑음,비,눈,더위,추위","봄,여름,가을,겨울",4549271,https://www.10000recipe.com/recipe/4549271,,,,4,,
고소하게한접시 - 갈릭올리브스파게티,한식,"스파게티,그린올리브,올리브오일,마늘,마른홍고추,소금,후추,파슬리가루",30,쉬움,"점심,저녁","맑음,비,눈,더위,추위","봄,여름,가을,겨울",4763579,https://www.10000recipe.com/recipe/4763579,면/만두,,,4,,
동태찌개,한식,"동태,무,양파,대파,쑥갓,고추장,고춧가루,설탕,마늘,청주,간장,멸치다시마육수",30,보통,"점심,저녁","맑음,비,눈,더위,추위","봄,여름,가을,겨울",4804653,https://www.10000recipe.com/recipe/4804653,찌개,,,4,,
달콤 바삭 촉촉하게 바나나크럼머핀,한식,"버터,계란,설탕,밀가루중력분,베이킹소다,베이킹파우더,소금,바나나g,황설탕,시나몬파우더",15,보통,"아침,점심,야식","맑음,비,눈,더위,추위","봄,여름,가을,겨울",4820035,https://www.10000recipe.com/recipe/4820035,,,,4,,
토마토 스크램블 에그,양식,"토마토,계란,우유,소금,후추,파슬리가루,올리브오일",10,쉬움,"아침,점심,야식","맑음,비,눈,더위,추위","봄,여름,가을,겨울",4827580,https://www.10000recipe.com/recipe/4827580,양식,,,4,,
매운두부찌개 만드는법,한식,"두부,대파,청양고추,홍고추,멸치육수,마늘,고춧가루,간장,들기름,소금",30,쉬움,"점심,저녁","맑음,비,눈,더위,추위","봄,여름,가을,겨울",5210615,https://www.10000recipe.com/recipe/5210615,찌개,,,4,,
햄버그 스테이크,양식,"갈은돼지고기,당근,대파,양배추,양파,소금,마늘,다진생강,후추,설탕,간장,매실원액,미림,물간장이맑게희석될정도,무염버터",30,보통,"점심,저녁","맑음,비,눈,더위,추위","봄,여름,가을,겨울",5598988,https://www.10000recipe.com/recipe/5598988,양식,,,4,,
찬밥의 변신~ 떡갈비 밥피자,한식,"찬밥,시판떡갈비,계란,치즈,맛살,소금",10,쉬움,"아침,점심,야식","맑음,비,눈,더위,추위","봄,여름,가을,겨울",5615243,https://www.10000recipe.com/recipe/5615243,밥/죽/떡,,,4,,
맛있는 함박스테이크 만드는법,양식,"소고기,양파,계란,마늘,소금,후추,빵가루,맛술,우유,버터,케찹,꿀,물",60,쉬움,저녁,"맑음,비,눈,더위,추위","봄,여름,가을,겨울",5923021,https://www.10000recipe.com/recipe/5923021,양식,,,4,,
한국식 코코뱅~닭레드와인조림,양식,"닭가슴살,양송이큰거g,청양고추,통마늘,양파중간크기,간장,소금,설탕,후추,꿀,올리브유",60,보통,저녁,"맑음,비,눈,더위,추위","봄,여름,가을,겨울",6098053,https://www.10000recipe.com/recipe/6098053,양식,,,4,,
피없는만두만들기 :: 아이반찬으로 딱!,한식,"돼지고기다짐육,각종채소,전분가루",5,쉬움,"아침,점심,야식","맑음,비,눈,더위,추위","봄,여름,가을,겨울",6678703,https://www.10000recipe.com/recipe/6678703,면/만두,,,4,,
쌀쌀한 날씨에 제격~시원칼칼한 어묵김칫국,한식,"어묵,유부,김치,멸치육수,대파,청양고추,소금,마늘,고춧가루",30,쉬움,"점심,저녁","맑음,비,눈,더위,추위","봄,여름,가을,겨울",6710787,https://www.10000recipe.com/recipe/6710787,국/탕,,,4,,
얼큰한 순두부찌개,한식,"바지락g,순두부,계란노른자,대파,양파,참타리버섯,청양고추,마늘,고추기름,굵은소금,바지락끓인육수,고춧가루,참기름,간장",30,쉬움,"점심,저녁","맑음,비,눈,더위,추위","봄,여름,가을,겨울",6737980,https://www.10000recipe.com/recipe/6737980,찌개,,,4,,
참치 오믈렛,양식,"계란,참치캔,시금치,슬라이스치즈,포도씨유,소금,참기름,케찹",15,쉬움,"아침,점심,야식","맑음,비,눈,더위,추위","봄,여름,가을,겨울",6768297,https://www.10000recipe.com/recipe/6768297,양식,,,4,,
된장찌개 끓이는법,한식,"된장,두부,애호박,감자,양파,청양고추,마늘,고춧가루",30,쉬움,"점심,저녁","맑음,비,눈,더위,추위","봄,여름,가을,겨울",6799638,https://www.10000recipe.com/recipe/6799638,찌개,,,4,,
베이컨들기름파스타,양식,"파스타면,깻잎,베이컨,통마늘,월남고추,들기름,소금,후추가루,파슬리가루",30,쉬움,"점심,저녁","맑음,비,눈,더위,추위","봄,여름,가을,겨울",6828865,https://www.10000recipe.com/recipe/6828865,면/만두,,,4,,
삼시세끼 꽁치감자고추장찌개,한식,"감자,꽁치통조림,대파,양파,표고버섯,고추장,된장,마늘,물,간장",15,쉬움,"아침,점심,야식","맑음,비,눈,더위,추위","봄,여름,가을,겨울",6829011,https://www.10000recipe.com/recipe/6829011,찌개,,,4,,
일본식 명란젓 파스타 만들기,양식,"스파게티,명란젓껍질발라서g정도,대파,김가루,올리브오일,레몬주스,간장,청주,소금,후추",15,쉬움,"아침,점심,야식","맑음,비,눈,더위,추위","봄,여름,가을,겨울",6829238,https://www.10000recipe.com/recipe/6829238,면/만두,,,4,,
고소한 두유버섯들깨탕,한식,"무첨가두유,감자,생표고버섯,두부,들깨가루,소금",15,쉬움,"아침,점심,야식","맑음,비,눈,더위,추위","봄,여름,가을,겨울",6829283,https://www.10000recipe.com/recipe/6829283,국/탕,,,4,,
새송이버섯덮밥 만들기,한식,"새송이버섯,양파,마늘,고추",30,쉬움,"점심,저녁","맑음,비,눈,더위,추위","봄,여름,가을,겨울",6829328,https://www.10000recipe.com/recipe/6829328,밥/죽/떡,,,4,,
아이들도 반하는 쫄깃한 가지 그라탱(그라땅),양식,"가지,두부소,흑토마토,바질잎,모짜렐라치즈,계란,파르메산치즈가루,소금,후추가루",30,쉬움,"점심,저녁","맑음,비,눈,더위,추위","봄,여름,가을,겨울",6829621,https://www.10000recipe.com/recipe/6829621,양식,,,4,,
오븐없이 가지토마토그라탕 만들기,양식,"가지,토마토,양파,슬라이스햄,매실청,올리브오일,피자치즈",15,쉬움,"아침,점심,야식","맑음,비,눈,더위,추위","봄,여름,가을,겨울",6830394,https://www.10000recipe.com/recipe/6830394,양식,,,4,,
매콤한 오이냉국,한식,"오이,홍고추,마늘,물,얼음,간장,식초,소금,설탕,고운고춧가루,통깨",10,쉬움,"아침,점심,야식","맑음,비,눈,더위,추위","봄,여름,가을,겨울",6830448,https://www.10000recipe.com/recipe/6830448,국/탕,,,4,,
집밥 백종원 비빔국수,한식,"국수,잘익은김치,통깨,고추장,간장,설탕,참기름",15,쉬움,"아침,점심,야식","맑음,비,눈,더위,추위","봄,여름,가을,겨울",6831752,https://www.10000recipe.com/recipe/6831752,면/만두,,,4,,
일본된장으로 끓인 톤지루,한식,"돼지고기부위무관,감자,무우,당근,대파,채소나버섯,포도씨유,미소된장",30,쉬움,"점심,저녁","맑음,비,눈,더위,추위","봄,여름,가을,겨울",6831780,https://www.10000recipe.com/recipe/6831780,국/탕,,,4,,
얼큰한 백종원 콩나물찌개,한식,"식용유소주컵,대파,콩나물,돼지고기간것,물,청양고추,홍고추,고춧가루,새우젓,소금,간장",30,쉬움,"점심,저녁","맑음,비,눈,더위,추위","봄,여름,가을,겨울",6832049,https://www.10000recipe.com/recipe/6832049,찌개,,,4,,
중국식 볶음밥(Chinese-style fried rice),한식,"쌀밥ml계량컵기준,계란,다진양파,다진당근,대파,마늘,청주,고추기름옵션,참기름,해물,후추,간장,설탕,생강가루옵션",10,쉬움,"아침,점심,야식","맑음,비,눈,더위,추위","봄,여름,가을,겨울",6832742,https://www.10000recipe.com/recipe/6832742,밥/죽/떡,,,4,,
초보도 쉽게 만들수 있는 감자국,한식,"감자주먹크기,계란,대파,다시마,건새우,멸치or다시다,새우젓,들기름,소금,후춧가루",30,쉬움,"점심,저녁","맑음,비,눈,더위,추위","봄,여름,가을,겨울",6832887,https://www.10000recipe.com/recipe/6832887,국/탕,,,4,,
달걀덮밥 만들기,한식,"밥,계란,김가루,대파,깨소금,만능간장또는일반간장,소주컵,식용유",30,쉬움,"점심,저녁","맑음,비,눈,더위,추위","봄,여름,가을,겨울",6833522,https://www.10000recipe.com/recipe/6833522,밥/죽/떡,,,4,,
크레미 카레볶음밥 만들기,한식,"크레미,호박,양파,계란,밥,카레가루,참기름,후춧가루",30,쉬움,"점심,저녁","맑음,비,눈,더위,추위","봄,여름,가을,겨울",6833925,https://www.10000recipe.com/recipe/6833925,밥/죽/떡,,,4,,
오징어볶음우동,일식,"우동면,오징어,마늘,양파,양배추,대파,후춧가루,간장,올리고당",15,쉬움,"아침,점심,야식","맑음,비,눈,더위,추위","봄,여름,가을,겨울",6834492,https://www.10000recipe.com/recipe/6834492,면/만두,,,4,,
쫄깃 칼칼 소고기 버섯매운탕,한식,"쇠고기,표고버섯,느타리버섯,팽이버섯,새송이버섯,양파,무,고추,미나리,대파,고춧가루,간장,새우젓or참치액,마늘",30,쉬움,"점심,저녁","맑음,비,눈,더위,추위","봄,여름,가을,겨울",6835017,https://www.10000recipe.com/recipe/6835017,국/탕,,,4,,
[집밥백선생레시피]소고기무국,한식,"나박썰어둔무,소고기불고기,밥,마늘,소주컵,간장,소금,대파,참기름,후추톡톡,생강없으면안넣어도됨",30,쉬움,"점심,저녁","맑음,비,눈,더위,추위","봄,여름,가을,겨울",6835622,https://www.10000recipe.com/recipe/6835622,국/탕,,,4,,
깐풍 만두,한식,"냉동만두,양송이버섯,청양고추,풋고추,마늘,간장,식초,설탕,고춧가루",30,쉬움,"점심,저녁","맑음,비,눈,더위,추위","봄,여름,가을,겨울",6835856,https://www.10000recipe.com/recipe/6835856,면/만두,,,4,,
떡꼬치 소스까지 완벽하게 만들기;) 남녀노소 좋아하는 간식 and 야식,한식,"떡볶이떡or밀떡쌀떡,케첩,고추장,고춧가루,간장,설탕,올리고당,마늘,물",30,쉬움,"점심,저녁","맑음,비,눈,더위,추위","봄,여름,가을,겨울",6836117,https://www.10000recipe.com/recipe/6836117,밥/죽/떡,,,4,,
매콤한 차돌박이 된장찌개,한식,"육수티백,양파,애호박,청양고추,두부,대파,차돌박이,마늘,된장,고춧가루",30,쉬움,"점심,저녁","맑음,비,눈,더위,추위","봄,여름,가을,겨울",6836489,https://www.10000recipe.com/recipe/6836489,찌개,,,4,,
맛있는 주말요리 토마토소스 치즈파스타,양식,"스파게티,양송이버섯,양파,마늘,모짜렐라치즈,올리브오일,건바질,바질잎,소금,후추",30,쉬움,"점심,저녁","맑음,비,눈,더위,추위","봄,여름,가을,겨울",6837242,https://www.10000recipe.com/recipe/6837242,면/만두,,,4,,
일본식 전골요리 [스키야키すきやき],한식,"샤브샤브용소고기,두부,표고버섯,시금치혹은청경채,대파흰부분,실곤약,떡국떡,계란,쯔유,맛술,통후추,가쯔오부시육수ml",30,보통,"점심,저녁","맑음,비,눈,더위,추위","봄,여름,가을,겨울",6837925,https://www.10000recipe.com/recipe/6837925,국/탕,,,4,,
집밥백선생 호텔식 스크램블에그,양식,"달걀왕란,우유,소금,설탕,버터,소주컵",10,쉬움,"아침,점심,야식","맑음,비,눈,더위,추위","봄,여름,가을,겨울",6839200,https://www.10000recipe.com/recipe/6839200,양식,,,4,,
아기반찬 소고기무국 만들기,한식,"소고기,무,마늘,대파,참기름,간장,설탕,소금",30,쉬움,"점심,저녁","맑음,비,눈,더위,추위","봄,여름,가을,겨울",6839252,https://www.10000recipe.com/recipe/6839252,국/탕,,,4,,
백종원 콩나물찌개,한식,"콩나물,식용유,소주컵,버섯,간돼지고기,파,마늘,고춧가루소주,양파",30,쉬움,"점심,저녁","맑음,비,눈,더위,추위","봄,여름,가을,겨울",6839408,https://www.10000recipe.com/recipe/6839408,찌개,,,4,,
얼큰 버섯누룽지탕,한식,"말린표고버섯,팽이버섯,느타리버섯,누룽지,다시마,홍고추,마늘,고추기름,고춧가루,간장,후추",15,쉬움,"아침,점심,야식","맑음,비,눈,더위,추위","봄,여름,가을,겨울",6839627,https://www.10000recipe.com/recipe/6839627,국/탕,,,4,,
집밥백선생 함박스테이크 레시피^^ 연말 홈파티 메뉴로 최고!!!,양식,"다진고기돼지,소고기,양파,빵가루,버섯,버터,계란,케첩,마늘",60,쉬움,저녁,"맑음,비,눈,더위,추위","봄,여름,가을,겨울",6840619,https://www.10000recipe.com/recipe/6840619,양식,,,4,,
"겨울이니까 쫄면도 따뜻하게 , 물쫄면 레시피 :-)",한식,"쫄면,메추리알삶은것,김가루,공기,유부,쑥갓,계란,대파,당근,청양고추,다시마xcm,디포리or멸치,건새우,무,토막,물,간장,소금,마늘,고춧가루,고추장,배식초,설탕,매실액,참기름,깨소금",60,쉬움,저녁,"맑음,비,눈,더위,추위","봄,여름,가을,겨울",6841298,https://www.10000recipe.com/recipe/6841298,면/만두,,,4,,
돼지고기 커리토마토 스튜 !,한식,"돼지고기,양파,감자,당근,토마토,파프리카,양배추,버섯,애호박,카레가루,강황가루,버터,고춧가루,마늘,소금,후추,물,월계수잎",30,쉬움,"점심,저녁","맑음,비,눈,더위,추위","봄,여름,가을,겨울",6841305,https://www.10000recipe.com/recipe/6841305,찌개,,,4,,
스테미너 건강 보양식 “오리부추무침”,양식,"훈제오리,부추,단,마늘,청양고추,양파,간장,고춧가루,식초,설탕,참기름,깨,후춧가루",60,쉬움,저녁,"맑음,비,눈,더위,추위","봄,여름,가을,겨울",6841403,https://www.10000recipe.com/recipe/6841403,메인반찬,,,4,,
스키야키,한식,"소고기샤브샤브용,두부,배춧잎,실곤약,새송이버섯,느타리버섯,표고버섯,대파,쑥갓,다시마육수,청주소고기밑간용,쯔유,설탕,맛술,소금,후춧가루",30,쉬움,"점심,저녁","맑음,비,눈,더위,추위","봄,여름,가을,겨울",6841644,https://www.10000recipe.com/recipe/6841644,국/탕,,,4,,
백종원 콩나물찌개 얼큰한게 맛있네요,한식,"콩나물,돼지고기다짐육물컵,양파,느타리버섯,대파,청양고추,홍고추,마늘,굵은고춧가루,간장,소금,식용유,소주컵,물",30,쉬움,"점심,저녁","맑음,비,눈,더위,추위","봄,여름,가을,겨울",6841681,https://www.10000recipe.com/recipe/6841681,찌개,,,4,,
"달걀 톡~ ""순두부찌개""♪",한식,"순두부g,미니새송이버섯,애호박,계란,물,고춧가루,들기름,마늘,새우젓",30,쉬움,"점심,저녁","맑음,비,눈,더위,추위","봄,여름,가을,겨울",6842224,https://www.10000recipe.com/recipe/6842224,찌개,,,4,,
[국] 애호박 어묵국,한식,"애호박또는감자개,사각어묵,홍고추,된장,고추장,마늘,소금,국물용멸치,다시마xcm,물L",30,쉬움,"점심,저녁","맑음,비,눈,더위,추위","봄,여름,가을,겨울",6842332,https://www.10000recipe.com/recipe/6842332,국/탕,,,4,,
"오늘뭐먹지, 성시경의 고추장찌개*",한식,"돼지고기목살,감자,양파,애호박,당근,작은표고버섯,작은두부,청고추,홍고추,식용류,다시멸치,다시마,고추장,간장,물엿,마늘",30,쉬움,"점심,저녁","맑음,비,눈,더위,추위","봄,여름,가을,겨울",6843154,https://www.10000recipe.com/recipe/6843154,찌개,,,4,,
사과 떡 맛탕,한식,"가래떡,사과,버터,설탕,견과류",10,쉬움,"아침,점심,야식","맑음,비,눈,더위,추위","봄,여름,가을,겨울",6844157,https://www.10000recipe.com/recipe/6844157,,,,4,,
얼큰한 소고기버섯감자국,한식,"소고기불고기용,느타리버섯,감자,양파,청양고추,붉은고추,대파,고추기름,다시멸치,물,후춧가루,다시마xcm,고춧가루,간장,맛술,마늘,소금",30,쉬움,"점심,저녁","맑음,비,눈,더위,추위","봄,여름,가을,겨울",6844926,https://www.10000recipe.com/recipe/6844926,국/탕,,,4,,
[한그릇요리] 휘리릭 볶아내는 양배추새우덮밥,한식,"새우,양배추,당근,양파,대파,청양고추,마늘,간장,후추,청주",30,쉬움,"점심,저녁","맑음,비,눈,더위,추위","봄,여름,가을,겨울",6845306,https://www.10000recipe.com/recipe/6845306,밥/죽/떡,,,4,,
추억 분홍소세지 주먹밥,한식,"분홍소세지,부추,김치,밥,소금,통깨,참기름",10,쉬움,"아침,점심,야식","맑음,비,눈,더위,추위","봄,여름,가을,겨울",6845496,https://www.10000recipe.com/recipe/6845496,밥/죽/떡,,,4,,
시금치프리타타 ~시금치피자^^*,양식,"계란,우유,파마산치즈,소금,올리브유,시금치,양파,소시지,양송이버섯,토마토,모짜렐라치즈",30,쉬움,"점심,저녁","맑음,비,눈,더위,추위","봄,여름,가을,겨울",6847319,https://www.10000recipe.com/recipe/6847319,양식,,,4,,
게살연두부국,한식,"연두부,양파,게맛살작은크기,청양고추,마늘,소금",30,쉬움,"점심,저녁","맑음,비,눈,더위,추위","봄,여름,가을,겨울",6847915,https://www.10000recipe.com/recipe/6847915,국/탕,,,4,,
초간단 닭가슴살 덮밥,한식,"청솔닭가슴살,양파,계란,물,설탕,간장,후춧가루",30,쉬움,"점심,저녁","맑음,비,눈,더위,추위","봄,여름,가을,겨울",6848497,https://www.10000recipe.com/recipe/6848497,밥/죽/떡,,,4,,
스팸두부당면매운찌개,한식,"스팸클래식,대파,당면,쌀뜨물,청양고추,당근,마늘,다진생강,간장,고춧가루,후춧가루,소금,식용유",15,쉬움,"아침,점심,야식","맑음,비,눈,더위,추위","봄,여름,가을,겨울",6850172,https://www.10000recipe.com/recipe/6850172,찌개,,,4,,
달걀요리/시금치 프리타타,양식,"계란,양파,방울토마토,우유,시금치",30,쉬움,"점심,저녁","맑음,비,눈,더위,추위","봄,여름,가을,겨울",6850253,https://www.10000recipe.com/recipe/6850253,양식,,,4,,
찌개용 돼지고기를 이용한 찹스테이크 만들기 ♪,양식,"돼지고기찌개용,소금,후추,버터,마늘,양파,케찹,올리고당",30,쉬움,"점심,저녁","맑음,비,눈,더위,추위","봄,여름,가을,겨울",6850836,https://www.10000recipe.com/recipe/6850836,양식,,,4,,
바쁜 아침 5분이면 뚝딱! 향기로운 미나리 달걀국,한식,"미나리,멸치육수,계란,간장,후추",5,쉬움,"아침,점심,야식","맑음,비,눈,더위,추위","봄,여름,가을,겨울",6851075,https://www.10000recipe.com/recipe/6851075,국/탕,,,4,,
국물까지 맛있는 닭볶음탕!,한식,"닭중간크기,양파,당근,대파,호박고구마작은거,청양고추,마늘,간장,고추장듬뿍,고춧가루,후추,올리고당",60,쉬움,저녁,"맑음,비,눈,더위,추위","봄,여름,가을,겨울",6852359,https://www.10000recipe.com/recipe/6852359,국/탕,,,4,,
생선까스는 타르소스랑 찰떡 궁함! 타르타르소스를 곁들인 생선까스,양식,"냉동동태살,밀가루,계란,빵가루,소금,후춧가루,마늘,청주,삶은달걀,다진양파,다진피클,레몬즙또는식초,마요네즈,어린잎채소,방울토마토,레몬,밥,다진파슬리",10,쉬움,"아침,점심,야식","맑음,비,눈,더위,추위","봄,여름,가을,겨울",6854053,https://www.10000recipe.com/recipe/6854053,양식,,,4,,
골뱅이 쫄면 야식으로 최고죠!!,한식,"쫄면,골뱅이,대파,콩나물,무채,당근,양파,상추,고추장,고춧가루,마늘,간장,매실,설탕,사과식초,참기름,통깨",30,쉬움,"점심,저녁","맑음,비,눈,더위,추위","봄,여름,가을,겨울",6855186,https://www.10000recipe.com/recipe/6855186,면/만두,,,4,,
스팸+ 두부+ 김치 +msg 스팸 묵은지 김치찌게입니다,한식,"묵은지,스팸,두부,청고추,홍고추,대파,들기름,고춧가루",30,쉬움,"점심,저녁","맑음,비,눈,더위,추위","봄,여름,가을,겨울",6856647,https://www.10000recipe.com/recipe/6856647,찌개,,,4,,
컵 오믈렛,양식,"계란,우유,파마산치즈,버터,다진양파,파슬리가루,소금,후춧가루",5,쉬움,"아침,점심,야식","맑음,비,눈,더위,추위","봄,여름,가을,겨울",6856772,https://www.10000recipe.com/recipe/6856772,양식,,,4,,
"볶음 우동, 소고기와 햄, 숙주넣은 짭쪼름달달 볶음우동",일식,"우동면,소고기,햄,숙주,식용유,설탕,마늘,맛소금,후추",30,쉬움,"점심,저녁","맑음,비,눈,더위,추위","봄,여름,가을,겨울",6856915,https://www.10000recipe.com/recipe/6856915,면/만두,,,4,,
<스크램블된장라이스> 된장볶음밥?! 유명레스토랑 레시피,한식,"밥,계란,베이컨,감자,당근,양파,애호박,통마늘,식용유,된장,버터,설탕,생크림,우유,후추,소금",30,어려움,"점심,저녁","맑음,비,눈,더위,추위","봄,여름,가을,겨울",6857863,https://www.10000recipe.com/recipe/6857863,밥/죽/떡,,,4,,
아웃백의 오지치즈후라이를 백선생이 재현했다!,양식,"냉동감자튀김g,소금,후추,다진양파,체다치즈,피자치즈,송송썬쪽파",15,쉬움,"아침,점심,야식","맑음,비,눈,더위,추위","봄,여름,가을,겨울",6858062,https://www.10000recipe.com/recipe/6858062,양식,,,4,,
"우아한 브런치, 크림소스를 곁들인 시금치 롤 (Spinach roll with cream sauce)",양식,"시금치,대파흰부분,버터,소금,후추,식빵,슬라이스치즈,올리브유,양송이버섯,우유,생크림,넛맥,그라나파다노,파슬리",30,보통,"점심,저녁","맑음,비,눈,더위,추위","봄,여름,가을,겨울",6858483,https://www.10000recipe.com/recipe/6858483,양식,,,4,,
간단한 아침국으로 끓였습니다. 햄두부 계란탕,한식,"스팸,두부,계란,허브솔트,참기름,대파,다진김치,멸치다시마육수,간장,후추",30,쉬움,"점심,저녁","맑음,비,눈,더위,추위","봄,여름,가을,겨울",6859250,https://www.10000recipe.com/recipe/6859250,국/탕,,,4,,
주말저녁엔 삽겹살 파스타,양식,"삼겹살,스파게티,샐러드채소,양파,간장,식초,올리브유,설탕,고춧가루,마늘",30,쉬움,"점심,저녁","맑음,비,눈,더위,추위","봄,여름,가을,겨울",6860618,https://www.10000recipe.com/recipe/6860618,면/만두,,,4,,
굴물맛이 얼큰한 돼지고기 감자 두부찌게,한식,"돼지고기삼겹살,두부,감자,양파,청양고추,호박,홍고추,대파,멸치다싯물,올리브유,집간장,고춧가루,마늘,새우젓",30,보통,"점심,저녁","맑음,비,눈,더위,추위","봄,여름,가을,겨울",6862771,https://www.10000recipe.com/recipe/6862771,찌개,,,4,,
"떡피자 - 노오븐,노밀가루,아이간식",한식,"떡,모짜렐라치즈,체다치즈,햄,계란,소금",15,쉬움,"아침,점심,야식","맑음,비,눈,더위,추위","봄,여름,가을,겨울",6862880,https://www.10000recipe.com/recipe/6862880,밥/죽/떡,,,4,,
핑거푸드 초간단 간식 딸기카나페,한식,"딸기,크래커,체다치즈,플레인요거트g,어린잎새싹",30,쉬움,"점심,저녁","맑음,비,눈,더위,추위","봄,여름,가을,겨울",6863091,https://www.10000recipe.com/recipe/6863091,,,,4,,
만개의레시피 마체프 쉐프님이 알려주는 간단 쇠고기스튜♥,한식,"소고기사태,샐러리g,당근g,양파g,소금,후추,버터,토마토케첩,올리브유,머스타드",30,쉬움,"점심,저녁","맑음,비,눈,더위,추위","봄,여름,가을,겨울",6863155,https://www.10000recipe.com/recipe/6863155,찌개,,,4,,
백종원 닭다리스테이크,양식,"닭다리팩,닭봉팩,표고버섯,백만송이버섯,통마늘,버터,케찹,간장,식초,설탕,물",60,쉬움,저녁,"맑음,비,눈,더위,추위","봄,여름,가을,겨울",6863173,https://www.10000recipe.com/recipe/6863173,양식,,,4,,
치즈넣고 치즈넣고 또 치즈넣고♥맥앤치즈,양식,"마카로니,버터,밀가루,우유,체다치즈,옥수수캔,베이컨,후추,피자치즈,파슬리가루",30,쉬움,"점심,저녁","맑음,비,눈,더위,추위","봄,여름,가을,겨울",6863589,https://www.10000recipe.com/recipe/6863589,양식,,,4,,
팽이버섯두부조림덮밥...영양가득한 한그릇음식으로 충분합니다.~,한식,"두부큰거,팽이버섯,대파,깻잎생략가능,식용유,두부밑간소금,물,고춧가루,설탕,간장,맛술,마늘,참기름,부순참깨",30,쉬움,"점심,저녁","맑음,비,눈,더위,추위","봄,여름,가을,겨울",6863593,https://www.10000recipe.com/recipe/6863593,밥/죽/떡,,,4,,
겨울철 눈오고 추운날 맛나게 먹었어요 - 무채 어묵국,한식,"무,사각어묵,대파,양파,계란,집간장,멸치가루,소금",30,쉬움,"점심,저녁","맑음,비,눈,더위,추위","봄,여름,가을,겨울",6864159,https://www.10000recipe.com/recipe/6864159,국/탕,,,4,,
스테이크파스타:평범한 날도 특별하게 만드는..특별한 한 접시,양식,"구이용소고기,스파게티면,그라인드후추,올리브오일,마늘,굵은소금,편마늘,양파,소금,어린잎채소,발사믹크림,파슬리가루",30,보통,"점심,저녁","맑음,비,눈,더위,추위","봄,여름,가을,겨울",6864277,https://www.10000recipe.com/recipe/6864277,면/만두,,,4,,
"스위스 감자전(뢰스티), 색다른 홈브런치",양식,"감자,계란,베이컨",30,쉬움,"점심,저녁","맑음,비,눈,더위,추위","봄,여름,가을,겨울",6864694,https://www.10000recipe.com/recipe/6864694,양식,,,4,,
감자고추장찌개 손쉽게끓이는방법,한식,"감자,양파,청양고추,호박,두부,버섯,대파,고추장,고춧가루,설탕,마늘,소금,후추가루",15,쉬움,"아침,점심,야식","맑음,비,눈,더위,추위","봄,여름,가을,겨울",6864839,https://www.10000recipe.com/recipe/6864839,찌개,,,4,,
입에 넣자마자 겉은 바삭하고 속은 크림처럼 달달하고 부드러워 중독되는 맛 ~~~~.바나나후리터,한식,"바나나중간크기,계란,밀가루,튀김기름,아가베시럽,콘후레이크시리얼",30,보통,"점심,저녁","맑음,비,눈,더위,추위","봄,여름,가을,겨울",6865154,https://www.10000recipe.com/recipe/6865154,,,,4,,
고구마 요리 / 딸기롤 간식만들기,한식,"또띠아,찐고구마,딸기,꿀",10,쉬움,"아침,점심,야식","맑음,비,눈,더위,추위","봄,여름,가을,겨울",6865312,https://www.10000recipe.com/recipe/6865312,,,,4,,
<신혼요리> 맛있고 간편한 쇠고기 편채! 새콤달콤 황금비율소스! 집들이 음식추천!! (소고기요리),한식,"소고기샤브샤브,파프리카,양파,부추,팽이버섯,간장,설탕,마늘,식초,후추,겨자",30,쉬움,"점심,저녁","맑음,비,눈,더위,추위","봄,여름,가을,겨울",6866234,https://www.10000recipe.com/recipe/6866234,메인반찬,,,4,,
스위스 브런치 뢰스티,양식,"감자,토마토,베이컨,계란,소금,후추,부침가루,버터,올리브오일,파마산치즈",30,쉬움,"점심,저녁","맑음,비,눈,더위,추위","봄,여름,가을,겨울",6867215,https://www.10000recipe.com/recipe/6867215,양식,,,4,,
가지랑 닭고기로 담백한 한그릇! 닭안심살 가지볶음밥,한식,"밥,닭안심살,가지,계란,소금,식용유,대파,간장,청주,후추",15,쉬움,"아침,점심,야식","맑음,비,눈,더위,추위","봄,여름,가을,겨울",6867237,https://www.10000recipe.com/recipe/6867237,밥/죽/떡,,,4,,
"감자크림스튜, 한 끼 든든한 알감자요리",한식,"알감자,양파,청양고추,파마산치즈가루,베이컨,파슬리가루,월계수잎,우유,크림,버터,후추",30,보통,"점심,저녁","맑음,비,눈,더위,추위","봄,여름,가을,겨울",6867628,https://www.10000recipe.com/recipe/6867628,찌개,,,4,,
"봄제철요리, 냉이된장찌개끓이기",한식,"냉이,양파,감자,애호박,두부,청양고추,된장,고춧가루,마늘",30,쉬움,"점심,저녁","맑음,비,눈,더위,추위","봄,여름,가을,겨울",6867811,https://www.10000recipe.com/recipe/6867811,찌개,,,4,,
"집밥백선생3, 대패삼겹살 된장찌개 끓이는 법",한식,"대패삼겹살,감자,양파,호박,두부,새송이버섯,대파,마늘,고춧가루,된장,매운고추",15,쉬움,"아침,점심,야식","맑음,비,눈,더위,추위","봄,여름,가을,겨울",6867828,https://www.10000recipe.com/recipe/6867828,찌개,,,4,,
"백종원 불고기전병, 남은 불고기로 보너스 요리",한식,"불고기용소고기,대파,파프리카빨강노랑주황,청양고추,설탕,마늘,까나리액젓,참기름,월남쌈",15,쉬움,"아침,점심,야식","맑음,비,눈,더위,추위","봄,여름,가을,겨울",6869298,https://www.10000recipe.com/recipe/6869298,면/만두,,,4,,
"시금치 토마토소스 프리타타, 바쁠때 간단하게~",양식,"시금치,계란,올리브오일,모짜렐라치즈,소금,후추",15,쉬움,"아침,점심,야식","맑음,비,눈,더위,추위","봄,여름,가을,겨울",6869828,https://www.10000recipe.com/recipe/6869828,양식,,,4,,
초간단 브런치~*,양식,"식빵,베이컨작은,통그릴비엔나소세지,계란,올리브유,소금",10,쉬움,"아침,점심,야식","맑음,비,눈,더위,추위","봄,여름,가을,겨울",6870833,https://www.10000recipe.com/recipe/6870833,양식,,,4,,
진짜 있는 재료로 끓였습니다. 스팸순두부찌개,한식,"스팸,다진김치,양파,대파,참기름,고춧가루,순두부g,다시마멸치육수,간장,소금,후추",30,쉬움,"점심,저녁","맑음,비,눈,더위,추위","봄,여름,가을,겨울",6871005,https://www.10000recipe.com/recipe/6871005,찌개,,,4,,
얼큰하니 맛있는 돼지고기 고추장찌개,한식,"돼지고기,양파,표고버섯,청양고추,새우젓,고추장,대파썰어서,고춧가루,마늘,간장,소금입맛따라",15,쉬움,"아침,점심,야식","맑음,비,눈,더위,추위","봄,여름,가을,겨울",6871019,https://www.10000recipe.com/recipe/6871019,찌개,,,4,,
아가를위한 소고기 오이 주먹밥 한입에 쏘~옥 맛있어요,한식,"소고기,양파,오이,참기름,표고소금,통깨",15,쉬움,"아침,점심,야식","맑음,비,눈,더위,추위","봄,여름,가을,겨울",6871510,https://www.10000recipe.com/recipe/6871510,밥/죽/떡,,,4,,
로즈마리 하나로 특별해진 감자요리,양식,"감자,소금,후추,로즈마리,마늘,올리브유",15,어려움,"아침,점심,야식","맑음,비,눈,더위,추위","봄,여름,가을,겨울",6872131,https://www.10000recipe.com/recipe/6872131,양식,,,4,,
돼지고기 찹스테이크 만들기 목살요리,양식,"돼지고기목살,후추,소금,양파,파프리카,버터,케찹,올리고당,마늘",30,쉬움,"점심,저녁","맑음,비,눈,더위,추위","봄,여름,가을,겨울",6874146,https://www.10000recipe.com/recipe/6874146,양식,,,4,,
"카레향 솔솔~ "" 빨간 카레 당면덮밥 """,한식,"당면,깻잎,밥,스팸,기름,고추장,고춧가루,간장,물엿,마늘,숟갈,설탕,참기름,카레가루,후추",30,쉬움,"점심,저녁","맑음,비,눈,더위,추위","봄,여름,가을,겨울",6874245,https://www.10000recipe.com/recipe/6874245,밥/죽/떡,,,4,,
집밥백선생3 백종원 대패된장찌개로 밥한공기 뚝딱!!,한식,"대패삼겹살,감자,애호박,대파,양파,청양고추,홍고추,물,된장,간마늘,고춧가루",15,쉬움,"아침,점심,야식","맑음,비,눈,더위,추위","봄,여름,가을,겨울",6874512,https://www.10000recipe.com/recipe/6874512,찌개,,,4,,
꿀처 소기기무국,한식,"소고기양지,무우,대파,통마늘,간장,소금,후춧가루,참기름",30,쉬움,"점심,저녁","맑음,비,눈,더위,추위","봄,여름,가을,겨울",6876215,https://www.10000recipe.com/recipe/6876215,국/탕,,,4,,
아스파라거스 요리 : 간의 노화를 막는 슈퍼푸드 아스파라거스토마토오믈렛,양식,"아스파라거스,방울토마토,버터cmcm,계란,소금,숟갈,후추",15,쉬움,"아침,점심,야식","맑음,비,눈,더위,추위","봄,여름,가을,겨울",6876782,https://www.10000recipe.com/recipe/6876782,양식,,,4,,
전자렌지로 만두피 라자냐 만드는 법,양식,"만두피,병,마늘,간돼지고기,피자치즈,양파",60,쉬움,저녁,"맑음,비,눈,더위,추위","봄,여름,가을,겨울",6876885,https://www.10000recipe.com/recipe/6876885,양식,,,4,,
아이국으로 맑은 소고기국~*,한식,"소고기,숙주,대파,무우,간장,소금,마늘,참기름",60,쉬움,저녁,"맑음,비,눈,더위,추위","봄,여름,가을,겨울",6877713,https://www.10000recipe.com/recipe/6877713,국/탕,,,4,,
새마을식당 7분김치찌개 따라 만들어봤어요,한식,"김치,돼지고기찌개용,양파,대파,쌀뜨물,김치국물,간장,고춧가루,마늘,표고버섯가루",30,쉬움,"점심,저녁","맑음,비,눈,더위,추위","봄,여름,가을,겨울",6877743,https://www.10000recipe.com/recipe/6877743,찌개,,,4,,
비오는날에 딱! 김치수제비 만드는 법,한식,"김치잎,감자,애호박,양파,대파,청양고추,간장,마늘,멸치다시육수,밀가루,물,식용유,소금",30,쉬움,"점심,저녁","맑음,비,눈,더위,추위","봄,여름,가을,겨울",6877907,https://www.10000recipe.com/recipe/6877907,면/만두,,,4,,
"간단한 계란요리, 얼큰한 계란탕",한식,"계란,무,양파,대파흰부분,대파초록부분,청양고추,홍고추,간장,참기름,소금,고춧가루,다시마,국물용멸치,물",30,쉬움,"점심,저녁","맑음,비,눈,더위,추위","봄,여름,가을,겨울",6878547,https://www.10000recipe.com/recipe/6878547,국/탕,,,4,,
"단호박 크림파스타 만들기, 할로윈데이에 딱 좋아",양식,"베이컨,스파게티면,양송이버섯,쥬키니호박,단호박,생크림,우유,체다치즈,간마늘,올리브오일,소금,후추,파슬리가루",30,쉬움,"점심,저녁","맑음,비,눈,더위,추위","봄,여름,가을,겨울",6878858,https://www.10000recipe.com/recipe/6878858,면/만두,,,4,,
혼밥족의 한끼로 좋은 백종원의김치볶음우동,일식,"우동면인분기준,대파,베이컨,김치,공기,간장,물",15,쉬움,"아침,점심,야식","맑음,비,눈,더위,추위","봄,여름,가을,겨울",6880342,https://www.10000recipe.com/recipe/6880342,면/만두,,,4,,
스크램블에그 만들기- 호텔 조식처럼 부드럽게 만드는 법,양식,"계란,밀가루,우유,소금,후추",7,보통,"아침,점심,야식","맑음,비,눈,더위,추위","봄,여름,가을,겨울",6880751,https://www.10000recipe.com/recipe/6880751,양식,,,4,,
반찬 필요없는 한그릇 요리/매운 새우덮밥,한식,"새우,당면,삶은브로콜리,당근,대파,고추기름,물,간장,고추장,맛술,고춧가루,케챂,황설탕,올리고당,참기름,깨소금,후추,소금",30,쉬움,"점심,저녁","맑음,비,눈,더위,추위","봄,여름,가을,겨울",6881173,https://www.10000recipe.com/recipe/6881173,밥/죽/떡,,,4,,
<수능대박> 딸기찹쌀떡 만들기,한식,"찹쌀가루,뜨거운물,소금,팥양갱,설탕,전분,딸기",30,쉬움,"점심,저녁","맑음,비,눈,더위,추위","봄,여름,가을,겨울",6882009,https://www.10000recipe.com/recipe/6882009,밥/죽/떡,,,4,,
콩나물찌개 - 콩나물 돼지고기 찌개,한식,"콩나물g,다진돼지고기,새송이버섯,양파,대파,청양고추,물,고춧가루,마늘,고추장,맛술,새우젓,멸치액젓,후춧가루",60,쉬움,저녁,"맑음,비,눈,더위,추위","봄,여름,가을,겨울",6882516,https://www.10000recipe.com/recipe/6882516,찌개,,,4,,
시골 두부찌개,한식,"두부,표고버섯,대파,간장,물,고춧가루,마늘,들기름,통깨,소금",30,쉬움,"점심,저녁","맑음,비,눈,더위,추위","봄,여름,가을,겨울",6882801,https://www.10000recipe.com/recipe/6882801,찌개,,,4,,
시원~한 소고기국 끓이기/소고기 대파국 - 국물요리,한식,"소고기,대파,불린당면,간장,소금,후추,마늘,참기름,청주",30,보통,"점심,저녁","맑음,비,눈,더위,추위","봄,여름,가을,겨울",6882921,https://www.10000recipe.com/recipe/6882921,국/탕,,,4,,
닭가슴살로 돈부리 만들기,한식,"닭가슴살인분,느타리버섯,양파,대파,간장,마늘,허브솔트또는소금,참기름,맛술,물,계란,물계란두개분량",30,쉬움,"점심,저녁","맑음,비,눈,더위,추위","봄,여름,가을,겨울",6883211,https://www.10000recipe.com/recipe/6883211,밥/죽/떡,,,4,,
돼지고기 고추장찌개 황금레시피 이거네~,한식,"돼지고기삼겹살or목살,애호박,양파,대파,멸치육수or물,고추장,고춧가루,마늘,간장,맛술,후추,참기름",30,보통,"점심,저녁","맑음,비,눈,더위,추위","봄,여름,가을,겨울",6883441,https://www.10000recipe.com/recipe/6883441,찌개,,,4,,
참치김치찌개 맛있게 끓이는법,한식,"참치캔,김치,대파,마늘,김칫국물,물,두부,고춧가루선택",30,쉬움,"점심,저녁","맑음,비,눈,더위,추위","봄,여름,가을,겨울",6883967,https://www.10000recipe.com/recipe/6883967,찌개,,,4,,
"냉동만두로 만두그라탕 만들기, 치즈를 듬뿍 넣어 더욱 고소하게 ~",양식,"만두,피자치즈,베이컨,양송이,초록피망,빨간파프리카,주황파프리카,양파,소금,후춧가루,마늘,파슬리가루",30,쉬움,"점심,저녁","맑음,비,눈,더위,추위","봄,여름,가을,겨울",6884228,https://www.10000recipe.com/recipe/6884228,양식,,,4,,
미세먼지! 빠잉^ ^ 맛있게 건강챙기기 ♥ 두부삼겹간장구이!,한식,"두부,삼겹살,감자전분,소금,후추,간장,맛술,올리고당,통마늘",30,쉬움,"점심,저녁","맑음,비,눈,더위,추위","봄,여름,가을,겨울",6884795,https://www.10000recipe.com/recipe/6884795,메인반찬,,,4,,
어묵볶음밥 뚝딱 만드는 한그릇요리,한식,"어묵,밥,파,기름,간장,설탕,통깨,계란후라이",30,쉬움,"점심,저녁","맑음,비,눈,더위,추위","봄,여름,가을,겨울",6884904,https://www.10000recipe.com/recipe/6884904,밥/죽/떡,,,4,,
얼큰수제비 만드는법 미나리 올려 향긋해요,한식,"밀가루반죽,감자,애호박,청양고추,대파,미나리,다시육수,고춧가루,고추장,새우젓,맛술,마늘,간장,후추,소금",30,쉬움,"점심,저녁","맑음,비,눈,더위,추위","봄,여름,가을,겨울",6885179,https://www.10000recipe.com/recipe/6885179,면/만두,,,4,,
[ 초 간단 레시피 ] 냉동새우 활용한 스페인 음식 감바스 알 아히오,양식,"새우,마늘,페페로치노,올리브오일,소금,후추,파슬리,바게트",30,쉬움,"점심,저녁","맑음,비,눈,더위,추위","봄,여름,가을,겨울",6885789,https://www.10000recipe.com/recipe/6885789,양식,,,4,,
해물누룽지탕(소주안주갑!),한식,"홍새우,홍합,오징어,파,양파,애호박,청경채,누룽지,전분가루,간장,소금",30,쉬움,"점심,저녁","맑음,비,눈,더위,추위","봄,여름,가을,겨울",6886115,https://www.10000recipe.com/recipe/6886115,국/탕,,,4,,
"[감자고추장찌개] 얼큰하고 구수한 감자와 돼지고기의 콜라보, 집밥백선생 레시피 따라하기",한식,"감자,돼지고기,양파,대파,간마늘,고추장,팽이버섯,청양고추,고춧가루,참기름,식용유,참치액젓,간장,당근",30,쉬움,"점심,저녁","맑음,비,눈,더위,추위","봄,여름,가을,겨울",6886865,https://www.10000recipe.com/recipe/6886865,찌개,,,4,,
이탈리아식 오믈렛 요리 '프리타타' 만들기,양식,"양파,감자,양송이버섯,브로콜리한주먹,소세지,방울토마토,계란,우유,모짜렐라치즈,소금g,후추g",60,쉬움,저녁,"맑음,비,눈,더위,추위","봄,여름,가을,겨울",6887279,https://www.10000recipe.com/recipe/6887279,양식,,,4,,
시금치된장국 만드는법 구수하게,한식,"시금치,된장,마늘,대파,멸치다시마육수,두부",15,쉬움,"아침,점심,야식","맑음,비,눈,더위,추위","봄,여름,가을,겨울",6887586,https://www.10000recipe.com/recipe/6887586,국/탕,,,4,,
고추기름없이 맛내는 순두부찌개 황금레시피,한식,"순두부,다진소고기,양파,주키니호박,양송이버섯,파,뿌리,물,식용유,참기름,깨,계란,고춧가루,간장,맛술,마늘,후추",30,쉬움,"점심,저녁","맑음,비,눈,더위,추위","봄,여름,가을,겨울",6888108,https://www.10000recipe.com/recipe/6888108,찌개,,,4,,
자신있는 쉬운 국 추가! '배추된장국(배춧국)',한식,"알배추속,마늘,파,멸치다시국물,된장,고춧가루",15,쉬움,"아침,점심,야식","맑음,비,눈,더위,추위","봄,여름,가을,겨울",6888156,https://www.10000recipe.com/recipe/6888156,국/탕,,,4,,
골뱅이소면 양념이 중요,한식,"골뱅이,오이,양파작은거,대파,줄기,고추장,맛술,마늘,간장,올리고당,식초,통깨,캔국물",15,쉬움,"아침,점심,야식","맑음,비,눈,더위,추위","봄,여름,가을,겨울",6889837,https://www.10000recipe.com/recipe/6889837,면/만두,,,4,,
고추장찌개 만드는법 간단하죠,한식,"감자,애호박,양파,대파,돼지고기,쌀뜬물,식용유,고추장,고춧가루,마늘,설탕,간장,후추",30,쉬움,"점심,저녁","맑음,비,눈,더위,추위","봄,여름,가을,겨울",6889915,https://www.10000recipe.com/recipe/6889915,찌개,,,4,,
초간단 자취요리 '치즈밥' 만들기,한식,"양파,베이컨,옥수수콘,햇반,참기름,김가루,모짜렐라치즈,고추장,꿀올리고당,물엿,케첩",30,쉬움,"점심,저녁","맑음,비,눈,더위,추위","봄,여름,가을,겨울",6890100,https://www.10000recipe.com/recipe/6890100,밥/죽/떡,,,4,,
부드러우면서 영양만점! 청경채참치달걀주먹밥,한식,"밥,청경채,계란,참치캔작은거,소금,식용유,마요네즈,후추",30,쉬움,"점심,저녁","맑음,비,눈,더위,추위","봄,여름,가을,겨울",6890832,https://www.10000recipe.com/recipe/6890832,밥/죽/떡,,,4,,
다이어트중이세요?♥두부스크램블에그,양식,"계란,두부,양파,버섯,방울토마토,버터,후추,소금",30,쉬움,"점심,저녁","맑음,비,눈,더위,추위","봄,여름,가을,겨울",6891328,https://www.10000recipe.com/recipe/6891328,양식,,,4,,
TV요리) 얼큰소주안주 ♥ 매운당면찌개,한식,"당면,잡채용돼지고기,시금치,양파,대파,새송이버섯,청양고추,물,새우젓,참기름,마늘,고추장,굵은고춧가루,간장,액젓",30,보통,"점심,저녁","맑음,비,눈,더위,추위","봄,여름,가을,겨울",6891879,https://www.10000recipe.com/recipe/6891879,찌개,,,4,,
【불없이 하는】매콤~새콤~달콤~ 참치마요덮밥 만들기~,한식,"참치,깻잎,청양고추,마요네즈,와사비생략가능,후추가루,설탕,식초,맛소금,김가루",10,쉬움,"아침,점심,야식","맑음,비,눈,더위,추위","봄,여름,가을,겨울",6892068,https://www.10000recipe.com/recipe/6892068,밥/죽/떡,,,4,,
가자미살 생선까스~*,양식,"가자미살,빵가루,밀가루,계란,마요네즈,올리고당,식초,양파,피클",60,쉬움,저녁,"맑음,비,눈,더위,추위","봄,여름,가을,겨울",6892178,https://www.10000recipe.com/recipe/6892178,양식,,,4,,
어묵카레우동,일식,"어묵,우동면,양파,우유or코코넛밀크,물,설탕,고춧가루,후추,간장,올리브유,카레가루",15,쉬움,"아침,점심,야식","맑음,비,눈,더위,추위","봄,여름,가을,겨울",6892505,https://www.10000recipe.com/recipe/6892505,면/만두,,,4,,
"계란감잣국 만드는 법, 햇감자로 만든 부드러운 아침국",한식,"감자중간크기,양파,대파,계란,간장,소금,후춧가루,마늘,디포리또는멸치,다시마,물",15,쉬움,"아침,점심,야식","맑음,비,눈,더위,추위","봄,여름,가을,겨울",6893013,https://www.10000recipe.com/recipe/6893013,국/탕,,,4,,
검은콩국수- 수미네반찬 7회,한식,"검은콩,검은깨,중면,토마토,오이,소금",30,보통,"점심,저녁","맑음,비,눈,더위,추위","봄,여름,가을,겨울",6893128,https://www.10000recipe.com/recipe/6893128,면/만두,,,4,,
김치비빔국수 황금레시피 / 여름제철요리,한식,"국수면,김치,삶은계란,설탕,식초,참기름,물엿,매실청,맛술,고추장",10,쉬움,"아침,점심,야식","맑음,비,눈,더위,추위","봄,여름,가을,겨울",6894254,https://www.10000recipe.com/recipe/6894254,면/만두,,,4,,
떡꼬치,한식,"떡약g,케첩,고추장,설탕,올리고당,마늘",10,쉬움,"아침,점심,야식","맑음,비,눈,더위,추위","봄,여름,가을,겨울",6894256,https://www.10000recipe.com/recipe/6894256,밥/죽/떡,,,4,,
숲속의 버터 아보카도 맛있게 즐기기!'아보카도 베이컨구이'레시피,한식,"베이컨,아보카도",15,쉬움,"아침,점심,야식","맑음,비,눈,더위,추위","봄,여름,가을,겨울",6894454,https://www.10000recipe.com/recipe/6894454,,,,4,,
단호박 김치 볶음밥 제철요리,한식,"미니단호박,밥,모차렐라치즈,배추김치,식용유,설탕,고추장,참기름",60,쉬움,저녁,"맑음,비,눈,더위,추위","봄,여름,가을,겨울",6894616,https://www.10000recipe.com/recipe/6894616,밥/죽/떡,,,4,,
굴소스 소고기파스타 초스피드 레시피 / 요리백과사전,양식,"소고기국거리,통마늘,후추,천일염,올리브오일,꿀,파슬리가루",10,쉬움,"아침,점심,야식","맑음,비,눈,더위,추위","봄,여름,가을,겨울",6895728,https://www.10000recipe.com/recipe/6895728,면/만두,,,4,,
바지락짜글이 밥에 쓱-쓱- 비벼서 앙! 먹고싶다 ㅠㅠ,한식,"깐바지락,애호박,양파,청양고추,식용유,참기름,물,고추장,고춧가루,간장,맛술,마늘,설탕,참치액젓,전분가루",15,쉬움,"아침,점심,야식","맑음,비,눈,더위,추위","봄,여름,가을,겨울",6895813,https://www.10000recipe.com/recipe/6895813,찌개,,,4,,
뚝딱뚝딱 만들어 맛있게 먹을 수 있는 떡볶이 황금레시피,한식,"떡볶이떡,사각어묵,양파,대파,깻잎,물,삶은계란,고추장,간장,설탕,올리고당,고춧가루",15,쉬움,"아침,점심,야식","맑음,비,눈,더위,추위","봄,여름,가을,겨울",6895856,https://www.10000recipe.com/recipe/6895856,밥/죽/떡,,,4,,
참치밥전 맛있게 만들기,한식,"참치캔,밥,계란,각종야채다진것",15,쉬움,"아침,점심,야식","맑음,비,눈,더위,추위","봄,여름,가을,겨울",6896224,https://www.10000recipe.com/recipe/6896224,밥/죽/떡,,,4,,
치킨치즈롤 ☆ 치킨과 치즈의 만남!,양식,"닭가슴살,계란,밀가루,빵가루,슬라이스피자치즈,삶은달걀,다진양파,다진피클,마요네즈,머스타드,레몬즙또는식초,소금,후추",60,보통,저녁,"맑음,비,눈,더위,추위","봄,여름,가을,겨울",6896344,https://www.10000recipe.com/recipe/6896344,양식,,,4,,
한끼 식사로 손색없는 참치 양배추 덮밥,한식,"참치,양배추,파,간장,참기름,매실액,마늘,후추,물",15,쉬움,"아침,점심,야식","맑음,비,눈,더위,추위","봄,여름,가을,겨울",6897914,https://www.10000recipe.com/recipe/6897914,밥/죽/떡,,,4,,
표고버섯 향으로 향긋한 :: 된장찌개,한식,"감자,표고버섯,양파,애호박,두부,대파,풋고추,붉은고추,쑥갓,국물용멸치,다시마x,된장,고추장,마늘",60,쉬움,저녁,"맑음,비,눈,더위,추위","봄,여름,가을,겨울",6897964,https://www.10000recipe.com/recipe/6897964,찌개,,,4,,
매콤 칼칼한 아욱 된장 칼국수,한식,"손질아욱약g,감자,양파,매운고추,대파,마늘,멸치다시육수,된장,고춧가루,간장",30,쉬움,"점심,저녁","맑음,비,눈,더위,추위","봄,여름,가을,겨울",6897981,https://www.10000recipe.com/recipe/6897981,면/만두,,,4,,
맛있고 건강하게 즐기는 닭가슴살 스테이크,양식,"닭가슴살,아스파라거스,올리브유,소금,후추,바질가루,갈릭파우더,맛술,닭가슴살육즙",30,쉬움,"점심,저녁","맑음,비,눈,더위,추위","봄,여름,가을,겨울",6898260,https://www.10000recipe.com/recipe/6898260,양식,,,4,,
"다이어트 요리, 기름기 쫙 뺀 대패삼겹살 채소 찜",한식,"대패삼겹살,숙주,미나리,당근",15,쉬움,"아침,점심,야식","맑음,비,눈,더위,추위","봄,여름,가을,겨울",6899048,https://www.10000recipe.com/recipe/6899048,메인반찬,,,4,,
꽁치김치찌개 끓이는법 백종원 레시피로,한식,"꽁치캔,청양고추,홍고추,김치,들기름,고춧가루,간장,설탕,마늘,된장",30,쉬움,"점심,저녁","맑음,비,눈,더위,추위","봄,여름,가을,겨울",6899269,https://www.10000recipe.com/recipe/6899269,찌개,,,4,,
감바스♡올리브유와 새우와 마늘의 향기로운 조화,양식,"올리브유,통마늘,알새우,청량고추,홍고추,바게뜨",30,쉬움,"점심,저녁","맑음,비,눈,더위,추위","봄,여름,가을,겨울",6900412,https://www.10000recipe.com/recipe/6900412,양식,,,4,,
모듬버섯덮밥으로 올 가을을 즐겨보세요 : ),한식,"밥,새송이버섯,표고버섯,느타리버섯,노란파프리카,빨간파프리카,초록파프리카,양파,포도씨유,연두,통깨,감자전분",30,쉬움,"점심,저녁","맑음,비,눈,더위,추위","봄,여름,가을,겨울",6900590,https://www.10000recipe.com/recipe/6900590,밥/죽/떡,,,4,,
간단한 아침 식사 초간단 두부 스크램블 에그 만드는 법,양식,"계란,두부,식용유,소금",30,쉬움,"점심,저녁","맑음,비,눈,더위,추위","봄,여름,가을,겨울",6900628,https://www.10000recipe.com/recipe/6900628,양식,,,4,,
#뭇국 #새우젓찌개 #무두부새우젓찌개만들기 #새우젓을넣은찌개 #초간단국만들기 #NO고기 #무와두부만있으면끝!!!,한식,"무,두부,참기름,천연조미료육수,마늘,썬파,새우젓",15,쉬움,"아침,점심,야식","맑음,비,눈,더위,추위","봄,여름,가을,겨울",6900657,https://www.10000recipe.com/recipe/6900657,찌개,,,4,,
돼지고기로 맛을 더한 든든한 겨울보양식 '비지찌개',양식,"대파,줄기,식용유,돼지고기찌개용,고춧가루,마늘,신김치,김칫국물,설탕,콩비지,멸치육수,집간장,새우젓",30,쉬움,"점심,저녁","맑음,비,눈,더위,추위","봄,여름,가을,겨울",6901138,https://www.10000recipe.com/recipe/6901138,찌개,,,4,,
돼지고기김치찌개 보글보글 소리만들어도 침샘이...ㄷㄷㄷ,한식,"돼지고기목살,묵은지,포기,김칫국물,쌀뜨물,양파,대파,들기름,설탕,된장,간장,고춧가루,마늘,후추,청양고추,두부",60,보통,저녁,"맑음,비,눈,더위,추위","봄,여름,가을,겨울",6902460,https://www.10000recipe.com/recipe/6902460,찌개,,,4,,
알리오올리오(세상에서 가장 쉬운 ~~),한식,"스파게티면삶은것,햄채썬것,주먹,양파,허브솔트,마늘,올리브유",15,쉬움,"아침,점심,야식","맑음,비,눈,더위,추위","봄,여름,가을,겨울",6903071,https://www.10000recipe.com/recipe/6903071,면/만두,,,4,,
불닭카레떡볶이 편의점재료로 꿀메뉴 만들기!,한식,"불닭떡볶이,카레라면,소세지바,삶은달걀,슬라이스치즈,물",5,쉬움,"아침,점심,야식","맑음,비,눈,더위,추위","봄,여름,가을,겨울",6903217,https://www.10000recipe.com/recipe/6903217,밥/죽/떡,,,4,,
떡국 끓이고 남은 떡으로~ 아이들간식!! 떡그라탕*^^*,양식,"떡국떡,다진양파,식용유,파슬리가루생략가능,피자치즈",10,쉬움,"아침,점심,야식","맑음,비,눈,더위,추위","봄,여름,가을,겨울",6903768,https://www.10000recipe.com/recipe/6903768,양식,,,4,,
다이어트 덮밥/표고버섯 덮밥,한식,"생표고버섯,당면,양파,당근,배추,대파,마늘,기름,물,간장,맛술,참기름,깨,매실청,올리고당,후추",15,쉬움,"아침,점심,야식","맑음,비,눈,더위,추위","봄,여름,가을,겨울",6903798,https://www.10000recipe.com/recipe/6903798,밥/죽/떡,,,4,,
닭가슴살 & 그린빈 / 다이어트 요리+ 일품요리 + 스피드 요리.,한식,"닭가슴살,그린빈,땅콩,정종,콘스타치,간장,물",30,쉬움,"점심,저녁","맑음,비,눈,더위,추위","봄,여름,가을,겨울",6903974,https://www.10000recipe.com/recipe/6903974,메인반찬,,,4,,
아이도 어른도 출출할땐 떡볶이가 최고~~,한식,"떡볶이떡,어묵약g,대파,물,고추장,간장,올리고당,고춧가루",30,쉬움,"점심,저녁","맑음,비,눈,더위,추위","봄,여름,가을,겨울",6905532,https://www.10000recipe.com/recipe/6905532,밥/죽/떡,,,4,,
분식집 인기메뉴 스팸마리김밥 만들기,한식,"밥,스팸,계란,배추김치,김,소금,통깨,참기름,고춧가루,설탕",15,쉬움,"아침,점심,야식","맑음,비,눈,더위,추위","봄,여름,가을,겨울",6906064,https://www.10000recipe.com/recipe/6906064,밥/죽/떡,,,4,,
떡꼬치 만드는법 소시지만 꽂으면 소떡 소스레시피까지,한식,"떡볶이떡,식용유,물엿,마늘,케첩,설탕,고추장,고춧가루,물,간장",30,쉬움,"점심,저녁","맑음,비,눈,더위,추위","봄,여름,가을,겨울",6907380,https://www.10000recipe.com/recipe/6907380,밥/죽/떡,,,4,,
새우볶음밥 레시피,한식,"냉동새우,마늘,양파,다진호박,다진당근,밥,식용유,맛술,허브맛솔트,참기름,통깨,케첩,하이라이스가루,물,후춧가루,계란",60,쉬움,저녁,"맑음,비,눈,더위,추위","봄,여름,가을,겨울",6907501,https://www.10000recipe.com/recipe/6907501,밥/죽/떡,,,4,,
감자토르띠야 ! 든든한 브런치 완성 ♥,양식,"감자,양파,파프리카,계란,파마산치즈,소금,후추,올리브유,치즈",20,쉬움,"점심,저녁","맑음,비,눈,더위,추위","봄,여름,가을,겨울",6907833,https://www.10000recipe.com/recipe/6907833,양식,,,4,,
돈가스 김치나베 김치요리,한식,"돈가스,김치,김치국물,계란,양파,맛술,쯔유,물,대파",20,쉬움,"점심,저녁","맑음,비,눈,더위,추위","봄,여름,가을,겨울",6908746,https://www.10000recipe.com/recipe/6908746,찌개,,,4,,
치즈 달걀밥,한식,"계란,비엔나소시지,밥,공기,다진대파,다진당근,물,모차렐라치즈,연두,참기름",30,쉬움,"점심,저녁","맑음,비,눈,더위,추위","봄,여름,가을,겨울",6910438,https://www.10000recipe.com/recipe/6910438,밥/죽/떡,,,4,,
삼색덮밥,한식,"밥,스팸,계란,신김치,김치국물,올리고당,식용유,참기름",60,쉬움,저녁,"맑음,비,눈,더위,추위","봄,여름,가을,겨울",6911447,https://www.10000recipe.com/recipe/6911447,밥/죽/떡,,,4,,
에어프라이어로 이젠 라따뚜이 까지 ★,양식,"가지,애호박,토마토,피자치즈,파마산치즈가루,올리브오일,마늘,소금,후추",30,쉬움,"점심,저녁","맑음,비,눈,더위,추위","봄,여름,가을,겨울",6912084,https://www.10000recipe.com/recipe/6912084,양식,,,4,,
간장 진미채볶음 만드는법 아이 반찬으로 최고!,한식,"오징어채,마요네즈,간장,설탕,올리고당,마늘,참기름,통깨",30,쉬움,"점심,저녁","맑음,비,눈,더위,추위","봄,여름,가을,겨울",6912420,https://www.10000recipe.com/recipe/6912420,,,,4,,
차돌박이된장찌개 만드는 법 실패 없는 된장찌개 황금레시피,한식,"차돌박이,감자,애호박,표고버섯,대파,두부,양파,청양고추,홍고추,쌀뜨물,된장,고추장,마늘,설탕",30,쉬움,"점심,저녁","맑음,비,눈,더위,추위","봄,여름,가을,겨울",6912841,https://www.10000recipe.com/recipe/6912841,찌개,,,4,,
소시지 카레 볶음밥,한식,"소시지,밥,계란,양파,파프리카,호박,감자,카레가루,간장,케첩,버터,후춧가루",60,쉬움,저녁,"맑음,비,눈,더위,추위","봄,여름,가을,겨울",6913029,https://www.10000recipe.com/recipe/6913029,밥/죽/떡,,,4,,
수미네반찬 애호박찌개 투박하지만 깊은맛! 집에 있는 재료로 쉽게 만들어요.,한식,"목살,애호박,양파,대파,해물육수,마늘,올리고당,후추,고추장,고춧가루,멸치액젓",30,쉬움,"점심,저녁","맑음,비,눈,더위,추위","봄,여름,가을,겨울",6913208,https://www.10000recipe.com/recipe/6913208,찌개,,,4,,
♥[신혼밥상] 10분 소떡소떡,한식,"소세지,떡국떡,양파,케찹,설탕,올리고당,간장,물,마늘",15,쉬움,"아침,점심,야식","맑음,비,눈,더위,추위","봄,여름,가을,겨울",6913758,https://www.10000recipe.com/recipe/6913758,밥/죽/떡,,,4,,
아침에 간단하게 끓이는 된장찌개,한식,"양파,호박,버섯,파,두부,된장,미소된장,물,마늘",15,쉬움,"아침,점심,야식","맑음,비,눈,더위,추위","봄,여름,가을,겨울",6914246,https://www.10000recipe.com/recipe/6914246,찌개,,,4,,
간장에 찍어먹는 만두는 이제 그만 ★ 분식집 양념만두,한식,"냉동물만두,다진땅콩,고추장,고춧가루,물엿,마늘,물,간장,케첩",20,쉬움,"점심,저녁","맑음,비,눈,더위,추위","봄,여름,가을,겨울",6914248,https://www.10000recipe.com/recipe/6914248,면/만두,,,4,,
연두부와 어린새싹,한식,"연두부,어린새싹,간장,올리브유,식초,설탕,레몬즙,참기름,마늘,깨소금",5,쉬움,"아침,점심,야식","맑음,비,눈,더위,추위","봄,여름,가을,겨울",6914310,https://www.10000recipe.com/recipe/6914310,,,,4,,
부대찌개 너란 녀석 ★ 밥도둑 친구들의 총집합 ★,한식,"배추김치,비엔나소시지,통조림햄,두부,시판사골육수,홍고추,대파,청양고추,떡볶이떡,고춧가루,된장,마늘,간장,설탕,물",30,쉬움,"점심,저녁","맑음,비,눈,더위,추위","봄,여름,가을,겨울",6914659,https://www.10000recipe.com/recipe/6914659,찌개,,,4,,
강식당 김치밥이 피오씁니다로 아점해결~,한식,"김치,포기,밥,대파흰부분,식용유,피자치즈,간장,설탕,고춧가루,김가루,통깨",30,쉬움,"점심,저녁","맑음,비,눈,더위,추위","봄,여름,가을,겨울",6915771,https://www.10000recipe.com/recipe/6915771,밥/죽/떡,,,4,,
채소 듬뿍 새콤달콤 메밀 비빔면 만들기 면요리,한식,"메밀면,적채,양파,당근,오이,마늘,고춧가루,고추장,간장,매실액,사이다,사과식초,참기름,깨소금",10,쉬움,"아침,점심,야식","맑음,비,눈,더위,추위","봄,여름,가을,겨울",6916190,https://www.10000recipe.com/recipe/6916190,면/만두,,,4,,
해장할까요? 얼큰콩나물소고기국,한식,"소고기,무,콩나물,대파,물,간마늘,고춧가루,간장,참기름,후추,소금",15,쉬움,"아침,점심,야식","맑음,비,눈,더위,추위","봄,여름,가을,겨울",6916554,https://www.10000recipe.com/recipe/6916554,국/탕,,,4,,
꽃게 된장찌개,한식,"두절꽃게,무,애호박,양파,두부,청양고추,물,된장,고추장,청주,후추",60,쉬움,저녁,"맑음,비,눈,더위,추위","봄,여름,가을,겨울",6916563,https://www.10000recipe.com/recipe/6916563,찌개,,,4,,
비빔국수 만드는 법,한식,"신김치,김치국물,소면,청양고추,상추,참기름,통깨,고춧가루,고추장,간장,매실청,올리고당,사과식초,깨소금",15,쉬움,"아침,점심,야식","맑음,비,눈,더위,추위","봄,여름,가을,겨울",6917259,https://www.10000recipe.com/recipe/6917259,면/만두,,,4,,
감칠맛폭팔! 차돌박이 고추장찌개~,한식,"차돌박이,양파,감자큰것,대파,깻잎,청양고추,건다시마,다시멸치,고추장,된장,마늘,설탕",30,쉬움,"점심,저녁","맑음,비,눈,더위,추위","봄,여름,가을,겨울",6918190,https://www.10000recipe.com/recipe/6918190,찌개,,,4,,
"백종원 요리비책, 냉라면 더 맛있게 먹는 법",한식,"라면,간장,황설탕,식초,오이,청양고추,크래미,대파,단무지,정수물,얼음",15,쉬움,"아침,점심,야식","맑음,비,눈,더위,추위","봄,여름,가을,겨울",6918192,https://www.10000recipe.com/recipe/6918192,면/만두,,,4,,
♥[신혼밥상] 속이 꽉찬 삼겹살 뚱뚱말이,한식,"대패삼겹살,양배추,통,숙주,대파",30,쉬움,"점심,저녁","맑음,비,눈,더위,추위","봄,여름,가을,겨울",6918595,https://www.10000recipe.com/recipe/6918595,메인반찬,,,4,,
맵잘이들도 좋아할 쫄깃쫄깃 간장비빔쫄면 feat. 대패삼겹 ★,한식,"쫄면,마늘,간장,설탕,대패삼겹살,소금,참기름,후추,청주,식초,식용유,부추,고춧가루",20,쉬움,"점심,저녁","맑음,비,눈,더위,추위","봄,여름,가을,겨울",6919591,https://www.10000recipe.com/recipe/6919591,면/만두,,,4,,
간단 한그릇밥 스팸 달걀덮밥~*,한식,"스팸,계란,대파,카놀라유",10,쉬움,"아침,점심,야식","맑음,비,눈,더위,추위","봄,여름,가을,겨울",6920112,https://www.10000recipe.com/recipe/6920112,밥/죽/떡,,,4,,
구황작물 소프트스윗 고구마 프렌치토스트♡,양식,"고구마,식빵,계란,치즈,우유,버터",60,쉬움,저녁,"맑음,비,눈,더위,추위","봄,여름,가을,겨울",6921496,https://www.10000recipe.com/recipe/6921496,양식,,,4,,
소고기 무국 만들기ㅣ진한 국물 맛이 일품인!ㅣ,한식,"소고기,무,파,통후추,소금,간장,마늘,참기름",20,쉬움,"점심,저녁","맑음,비,눈,더위,추위","봄,여름,가을,겨울",6922168,https://www.10000recipe.com/recipe/6922168,국/탕,,,4,,
진짜 간단한데 맛있는 시금치요리 : 시금치덮밥 만들기,한식,"시금치,다진돼지고기,양파,대파,멸치액젓,올리고당,물,맛술,후추",20,쉬움,"점심,저녁","맑음,비,눈,더위,추위","봄,여름,가을,겨울",6922311,https://www.10000recipe.com/recipe/6922311,밥/죽/떡,,,4,,
맛있는 만두요리 비빔만두 만드는 법,한식,"만두,양배추,깻잎,상추,노란파프리카,빨간파프리카,당근,고추장,간장,식초,설탕,고춧가루,마늘,볶은참깨",30,쉬움,"점심,저녁","맑음,비,눈,더위,추위","봄,여름,가을,겨울",6922902,https://www.10000recipe.com/recipe/6922902,면/만두,,,4,,
만두탕수육 만드는법 영양만점 간식 탕수만두,한식,"만두,양파,당근,오이,전분가루,올리고당,식초,간장,물,파슬리가루,케찹,식용류,후르츠",30,쉬움,"점심,저녁","맑음,비,눈,더위,추위","봄,여름,가을,겨울",6923041,https://www.10000recipe.com/recipe/6923041,면/만두,,,4,,
돼지고기청국장 밥한공기 뚝딱!,한식,"청국장,대패삼겹살,김치,고춧가루,양파,대파,청양고추,두부,멸치육수",30,쉬움,"점심,저녁","맑음,비,눈,더위,추위","봄,여름,가을,겨울",6923581,https://www.10000recipe.com/recipe/6923581,찌개,,,4,,
밀푀유나베 폼 나는 크리스마스 전골요리,한식,"배추,샤브샤브용소고기,표고버섯,청경채,팽이버섯,파,마늘,국물용멸치,디포리,다시마,무,양파,대파,통후추,물,간장,맛술,매실청,연겨자,다진양파,다진청양고추",60,쉬움,저녁,"맑음,비,눈,더위,추위","봄,여름,가을,겨울",6923865,https://www.10000recipe.com/recipe/6923865,국/탕,,,4,,
베이컨순두부카레덮밥,한식,"순두부개,양파,통마늘,베이컨,물,카레가루,흑후추가루,소금,참기름",10,쉬움,"아침,점심,야식","맑음,비,눈,더위,추위","봄,여름,가을,겨울",6924434,https://www.10000recipe.com/recipe/6924434,밥/죽/떡,,,4,,
(겨울간식) 매생이굴파스타:떡국에 양보하지 마세요,양식,"매생이,굴,스파게티면,굵은소금,올리브오일,마늘,매운건고추선택,술,액젓,대파,파마산치즈",20,쉬움,"점심,저녁","맑음,비,눈,더위,추위","봄,여름,가을,겨울",6924550,https://www.10000recipe.com/recipe/6924550,면/만두,,,4,,
단짠단짠 입맛 없을때 간장비빔국수,한식,"소면,계란,간장,설탕,참기름,마늘,식초,물",10,쉬움,"아침,점심,야식","맑음,비,눈,더위,추위","봄,여름,가을,겨울",6924779,https://www.10000recipe.com/recipe/6924779,면/만두,,,4,,
굴소스마요라면 l 치킨마요말고 이젠 마요라면! ★,한식,"라면,대파,버터,마요네즈,청양고추",15,쉬움,"아침,점심,야식","맑음,비,눈,더위,추위","봄,여름,가을,겨울",6926969,https://www.10000recipe.com/recipe/6926969,면/만두,,,4,,
"수미네반찬,두부밥♥북한 길거리 음식 방송 보자마자 따라했어요.고소고소고소~~",한식,"두부,전분또는밀가루,식용유,대파,간장,고춧가루,깨소금",15,쉬움,"아침,점심,야식","맑음,비,눈,더위,추위","봄,여름,가을,겨울",6927758,https://www.10000recipe.com/recipe/6927758,밥/죽/떡,,,4,,
클라쓰가 다른 순두부찌개 황금레시피 : 이태원 단밤포차 주력메뉴!,한식,"순두부,대파,양파,느타리버섯,팽이버섯,바지락살,새우살,홍합,멸치다시육수,계란,고춧가루,마늘,간장",30,쉬움,"점심,저녁","맑음,비,눈,더위,추위","봄,여름,가을,겨울",6928172,https://www.10000recipe.com/recipe/6928172,찌개,,,4,,
새콤달콤 맛있는 비빔국수 만들기,한식,"물,소면,양파,오이,청고추,홍고추,설탕,간장,식초,레몬즙,고추장,고춧가루,참기름,통깨,마늘,후춧가루,삶은계란,골뱅이",30,쉬움,"점심,저녁","맑음,비,눈,더위,추위","봄,여름,가을,겨울",6929005,https://www.10000recipe.com/recipe/6929005,면/만두,,,4,,
"햄,감자 고추장찌개~*",한식,"감자,햄,고추장,청양고춧가루,간장,액젓,마늘,다시육수,후추",30,쉬움,"점심,저녁","맑음,비,눈,더위,추위","봄,여름,가을,겨울",6929036,https://www.10000recipe.com/recipe/6929036,찌개,,,4,,
간단하고 호불호 없는 베이컨 간장말이 주먹밥!!,한식,"베이컨,밥,간장,설탕,물엿,후추",10,쉬움,"아침,점심,야식","맑음,비,눈,더위,추위","봄,여름,가을,겨울",6929399,https://www.10000recipe.com/recipe/6929399,밥/죽/떡,,,4,,
우동면 사러가는게 제일 힘들었던 김치나베우동!!,일식,"물,한생원해물육수팩,한생원천연버섯육수팩,김치,어묵모둠,우동면,양파,대파,팽이버섯,간장,고춧가루,마늘,김치국물",30,쉬움,"점심,저녁","맑음,비,눈,더위,추위","봄,여름,가을,겨울",6929701,https://www.10000recipe.com/recipe/6929701,국/탕,,,4,,
"한그릇요리, 미나리 볶음밥 만드는법",한식,"미나리,밥,식용유,마늘,소금,참기름,통깨",10,쉬움,"아침,점심,야식","맑음,비,눈,더위,추위","봄,여름,가을,겨울",6929868,https://www.10000recipe.com/recipe/6929868,밥/죽/떡,,,4,,
원팬 베이컨 청경채 볶음 # 간단한 아침식사,한식,"베이컨,토마토,스파게티면,계란,청경채,대파,소금",10,쉬움,"아침,점심,야식","맑음,비,눈,더위,추위","봄,여름,가을,겨울",6930977,https://www.10000recipe.com/recipe/6930977,면/만두,,,4,,
♥[신혼밥상] 바나나&곡물 쉐이크,한식,"얼린바나나,우유,미숫가루",5,쉬움,"아침,점심,야식","맑음,비,눈,더위,추위","봄,여름,가을,겨울",6931139,https://www.10000recipe.com/recipe/6931139,,,,4,,
신라면 투움바 파스타 아웃백 흉내내기,양식,"신라면,양파,통마늘,베이컨,우유,라면스프,버터,슬라이드치즈,후추",10,쉬움,"아침,점심,야식","맑음,비,눈,더위,추위","봄,여름,가을,겨울",6932371,https://www.10000recipe.com/recipe/6932371,양식,,,4,,
토마토파스타 소스 만들기 쉽고 간단간단 초간단,양식,"토마토,통마늘,양파,케첩,소금,설탕",30,쉬움,"점심,저녁","맑음,비,눈,더위,추위","봄,여름,가을,겨울",6932524,https://www.10000recipe.com/recipe/6932524,양식,,,4,,
햇감자로 만드는 감자계란 샌드위치,양식,"감자,계란,양파,모닝빵,마요네즈,후추",30,쉬움,"점심,저녁","맑음,비,눈,더위,추위","봄,여름,가을,겨울",6932552,https://www.10000recipe.com/recipe/6932552,양식,,,4,,
간단한데 정말 맛있는 크림파스타,양식,"파스타면,우유,생크림,양파,베이컨,소금,마늘",10,쉬움,"아침,점심,야식","맑음,비,눈,더위,추위","봄,여름,가을,겨울",6932624,https://www.10000recipe.com/recipe/6932624,면/만두,,,4,,
간단 새우만두 만들기!,한식,"돼지고기다짐육,새우,대파,만두피,맛술,마늘,소금,후추톡톡",30,보통,"점심,저녁","맑음,비,눈,더위,추위","봄,여름,가을,겨울",6934185,https://www.10000recipe.com/recipe/6934185,면/만두,,,4,,
69레시피 간단한데 고급진 분위기 차돌박이 파스타,양식,"차돌박이,양파,통마늘,깻잎,스파게티면,올리브유,간장,마늘,맛술,후춧가루",10,쉬움,"아침,점심,야식","맑음,비,눈,더위,추위","봄,여름,가을,겨울",6934215,https://www.10000recipe.com/recipe/6934215,면/만두,,,4,,
"쉬림프박스 : 집에서 푸드트럭 느낌 내기, 칠리새우 만들기 한그릇으로 딱!",한식,"새우,대파,양파,올리고당,후추,물,설탕,고춧가루,식초,간장,케찹,마늘",20,쉬움,"점심,저녁","맑음,비,눈,더위,추위","봄,여름,가을,겨울",6934360,https://www.10000recipe.com/recipe/6934360,메인반찬,,,4,,
치즈 듬뿍 한우 수제버거,양식,"한우다짐육,체더치즈,숙성토마토,양파,햄버거빵,양상치,치커리,버터,올리브유,후추,소금,마요네즈,스리라차,머스타드",30,보통,"점심,저녁","맑음,비,눈,더위,추위","봄,여름,가을,겨울",6934924,https://www.10000recipe.com/recipe/6934924,양식,,,4,,
항정살로 끓인 묵은지 김치찌개,한식,"항정살,묵은지김치,대파,양파,홍고추,다시마밑국물,들기름,참치액,맛술,마늘,매실청,고춧가루,간장,생강가루,후추",30,쉬움,"점심,저녁","맑음,비,눈,더위,추위","봄,여름,가을,겨울",6935305,https://www.10000recipe.com/recipe/6935305,찌개,,,4,,
가지의 화려한 변신! 치즈이불 덮은 가지롤그라탕,양식,"베이컨,가지,애호박,양파,양송이버섯,토마토,모짜렐라치즈,소금,후추,바질가루,파마산치즈가루",30,쉬움,"점심,저녁","맑음,비,눈,더위,추위","봄,여름,가을,겨울",6935963,https://www.10000recipe.com/recipe/6935963,양식,,,4,,
네모김밥이랑 찰떡궁합인 해장국같은 시원한 라면! 백종원의 무파라면,한식,"라면,무,청양고추,물,들기름,마늘,새우젓",15,쉬움,"아침,점심,야식","맑음,비,눈,더위,추위","봄,여름,가을,겨울",6936357,https://www.10000recipe.com/recipe/6936357,면/만두,,,4,,
장맛비 내리는 날 야식으로 매콤 따끈 오징어 짬뽕,중식,"오징어,양배추,당근,느타리버섯,양파,대파,냉동모듬해물,식용유,치킨스톡,물,국수또는밥,마늘,고추기름,고춧가루,간장,참치액,맛술,후추",60,쉬움,저녁,"맑음,비,눈,더위,추위","봄,여름,가을,겨울",6937381,https://www.10000recipe.com/recipe/6937381,국/탕,,,4,,
[저탄수화물 식단] 소고기 버섯전골,한식,"소고기,모듬버섯,알배추,청경채,곤약면,두부,숙주,봉지,채소류,간장,마늘,후추,다시팩,대파,무",30,쉬움,"점심,저녁","맑음,비,눈,더위,추위","봄,여름,가을,겨울",6937575,https://www.10000recipe.com/recipe/6937575,찌개,,,4,,
"입맛없을때 딱!! 단짠단짠 간장비빔국수 만들기, feat. 곁들임 김치무침",한식,"국수,간장,설탕,들기름,통깨,식초,후추가루,묵은지",30,쉬움,"점심,저녁","맑음,비,눈,더위,추위","봄,여름,가을,겨울",6937940,https://www.10000recipe.com/recipe/6937940,면/만두,,,4,,
계란국 레시피 부드러운 아침국,한식,"계란,간장,후추,대파,소금,멸치다시마육수",10,쉬움,"아침,점심,야식","맑음,비,눈,더위,추위","봄,여름,가을,겨울",6938710,https://www.10000recipe.com/recipe/6938710,국/탕,,,4,,
진짬뽕투움바파스타 만드는법 !,양식,"진짬뽕,베이컨,체다슬라이스치즈,양파,우유",15,쉬움,"아침,점심,야식","맑음,비,눈,더위,추위","봄,여름,가을,겨울",6939035,https://www.10000recipe.com/recipe/6939035,면/만두,,,4,,
감자새우계란국,한식,"새우,감자개,계란,양파,마늘,대파,청양고추,멸치육수팩,다시마cm,간장,소금,청주,후추",30,쉬움,"점심,저녁","맑음,비,눈,더위,추위","봄,여름,가을,겨울",6939996,https://www.10000recipe.com/recipe/6939996,국/탕,,,4,,
살얼음 동동 시원한 음식 냉우동 나야나~,일식,"물,다시마장,가쓰오부시한공기,간장,쯔유,맛술,설탕,소금,후추,식초,우동면,삶은계란,마른김,오이,깻잎",30,쉬움,"점심,저녁","맑음,비,눈,더위,추위","봄,여름,가을,겨울",6940085,https://www.10000recipe.com/recipe/6940085,면/만두,,,4,,
백종원감자짜글이 맛이 없을수가 없잖아요,한식,"감자,양파,통조림햄,물,된장,고추장,고춧가루,간장,설탕,마늘",5,쉬움,"아침,점심,야식","맑음,비,눈,더위,추위","봄,여름,가을,겨울",6940287,https://www.10000recipe.com/recipe/6940287,찌개,,,4,,
홈브런치 새우감바스 만들기 :),양식,"바게트,흰다리새우,통마늘,블랙올리브,토마토,올리브유,허브소금,베트남고추,로즈마리,그라파다노치즈가루,파슬리가루",30,쉬움,"점심,저녁","맑음,비,눈,더위,추위","봄,여름,가을,겨울",6940780,https://www.10000recipe.com/recipe/6940780,양식,,,4,,
팽이버섯 요리 / 팽이버섯 덮밥,한식,"팽이버섯,대파,밥,참기름,물,간장,맛술,설탕,후춧가루,고춧가루",15,쉬움,"아침,점심,야식","맑음,비,눈,더위,추위","봄,여름,가을,겨울",6941096,https://www.10000recipe.com/recipe/6941096,밥/죽/떡,,,4,,
백종원 순두부찌개+나만의 꿀팁 추가,한식,"파,순두부,애호박,양파,느타리버섯,다짐육,청양고추,고춧가루,마늘,설탕,간장,새우젓,참기름,식용유",30,쉬움,"점심,저녁","맑음,비,눈,더위,추위","봄,여름,가을,겨울",6941358,https://www.10000recipe.com/recipe/6941358,찌개,,,4,,
참치고추장찌개 찐해,한식,"참치,양파,감자작은거,대파,청양고추,두부,물,고추장듬뿍,마늘,간장,맛술,설탕",30,보통,"점심,저녁","맑음,비,눈,더위,추위","봄,여름,가을,겨울",6941408,https://www.10000recipe.com/recipe/6941408,찌개,,,4,,
가지밥롤~~/ 경기미 참드림,한식,"참드림쌀밥,가지,들기름,간장,고춧가루,볶은참깨,부추",30,쉬움,"점심,저녁","맑음,비,눈,더위,추위","봄,여름,가을,겨울",6941975,https://www.10000recipe.com/recipe/6941975,밥/죽/떡,,,4,,
"알토란, 면역력 쑥쑥~초가을 영양밥상 가지구이무침",한식,"가지,양파,간장,식초,마늘,설탕,깨소금,청양고추,식용유,홍고추,부추",30,쉬움,"점심,저녁","맑음,비,눈,더위,추위","봄,여름,가을,겨울",6942180,https://www.10000recipe.com/recipe/6942180,국/탕,,,4,,
새우로제파스타 만들기 로제파스타 새우파스타,양식,"파스타면,새우,양파,양송이,브로콜리,통마늘,페페론치노,후추,파슬리,올리브유,맛술,소금",30,쉬움,"점심,저녁","맑음,비,눈,더위,추위","봄,여름,가을,겨울",6942772,https://www.10000recipe.com/recipe/6942772,양식,,,4,,
★쫀득쫀득 새우어묵★ 새우와 야채만 들어간 새우어묵입니다~,한식,"새우살,당근,매운고추,전분,소금,후추",60,쉬움,저녁,"맑음,비,눈,더위,추위","봄,여름,가을,겨울",6943349,https://www.10000recipe.com/recipe/6943349,메인반찬,,,4,,
달큰한 애호박의 맛이 우러난 돼지고기애호박찌개,한식,"애호박,양파,대파,두부,돼지고기앞다리살,청양고추,홍고추,멸치다시마육수,고추장,고춧가루,마늘,간장,맛술,소금,후추",30,쉬움,"점심,저녁","맑음,비,눈,더위,추위","봄,여름,가을,겨울",6943540,https://www.10000recipe.com/recipe/6943540,찌개,,,4,,
얼큰 칼칼하게~애호박 고추장찌개 밥도둑이 따로 없네요~,한식,"애호박,참치캔,양파,파,버섯,청양고추,홍고추,멸치육수,고추장,고춧가루,설탕,간장,멸치액젓,마늘,후추",30,쉬움,"점심,저녁","맑음,비,눈,더위,추위","봄,여름,가을,겨울",6944431,https://www.10000recipe.com/recipe/6944431,찌개,,,4,,
푸실리 요리 / 푸실리 냉파스타,양식,"샐러드야채,푸실리,올리브오일,발사믹식초,마늘,간장,참기름,홀그레인머스타드,케찹,설탕",20,쉬움,"점심,저녁","맑음,비,눈,더위,추위","봄,여름,가을,겨울",6945092,https://www.10000recipe.com/recipe/6945092,면/만두,,,4,,
할로윈 메뉴 추천! 에어프라이어 초간단 등갈비 바베큐,양식,"등갈비,대파,통후추,통마늘,간장,마늘,설탕,올리고당,맛술,후추톡톡",30,쉬움,"점심,저녁","맑음,비,눈,더위,추위","봄,여름,가을,겨울",6945246,https://www.10000recipe.com/recipe/6945246,양식,,,4,,
[다이어트] 두부 참치마요 주먹밥,한식,"통조림참치g,양배추,깻잎,두부,밥,참기름,마요네즈,후추,김가루",20,쉬움,"점심,저녁","맑음,비,눈,더위,추위","봄,여름,가을,겨울",6945436,https://www.10000recipe.com/recipe/6945436,밥/죽/떡,,,4,,
초간단 제철 꽃게 된장찌개,한식,"꽃게,애호박,양파,무센티,대파,된장,마늘,고추장",30,쉬움,"점심,저녁","맑음,비,눈,더위,추위","봄,여름,가을,겨울",6945598,https://www.10000recipe.com/recipe/6945598,찌개,,,4,,
청정원 파스타소스&스파게티면으로 크림파스타 만들기,양식,"스파게티,양파,베이컨,올리브유",60,보통,저녁,"맑음,비,눈,더위,추위","봄,여름,가을,겨울",6945638,https://www.10000recipe.com/recipe/6945638,양식,,,4,,
따뜻한 쫄면?! 간단한 우동소스로 만든 따뜻한 쫄우동 만들기 ♥,일식,"쫄면,사각어묵,양파,당근,대파,멸치다시마육수,간장,소금,후추,고춧가루,김가루,부순통깨,만개한알",30,쉬움,"점심,저녁","맑음,비,눈,더위,추위","봄,여름,가을,겨울",6945756,https://www.10000recipe.com/recipe/6945756,면/만두,,,4,,
라구소스 만들기,양식,"소고기,돼지고기,양파,당근,와인,육수닭육수또는맑은육수,토마토,홀토마토,소금,후추,월계수,올리브오일",120,쉬움,저녁,"맑음,비,눈,더위,추위","봄,여름,가을,겨울",6946150,https://www.10000recipe.com/recipe/6946150,양식,,,4,,
크리스마스요리 추천 소고기토마토스튜,양식,"소고기,양파,감자,미니파프리카,청양고추,페퍼론치노,월계수잎,치킨스톡,소금,후추,올리브오일",30,쉬움,"점심,저녁","맑음,비,눈,더위,추위","봄,여름,가을,겨울",6947224,https://www.10000recipe.com/recipe/6947224,양식,,,4,,
"국물 없는 달걀스프로 부드러운 덮밥만들기, 달걀스프덮밥 ♥",한식,"다진돼지고기,다진대파,마늘,간장,두반장,맛술,후추,소금,식용유,계란,치킨육수,전분,물",15,쉬움,"아침,점심,야식","맑음,비,눈,더위,추위","봄,여름,가을,겨울",6948357,https://www.10000recipe.com/recipe/6948357,밥/죽/떡,,,4,,
국물떡볶이 레시피 맛있네~,한식,"떡볶이떡,사각어묵,대파,물,설탕,고추장,고춧가루,간장",60,쉬움,저녁,"맑음,비,눈,더위,추위","봄,여름,가을,겨울",6948387,https://www.10000recipe.com/recipe/6948387,밥/죽/떡,,,4,,
콩나물국 끓이는 법 시원하게!,한식,"콩나물,대파,소금,마늘",10,쉬움,"아침,점심,야식","맑음,비,눈,더위,추위","봄,여름,가을,겨울",6948936,https://www.10000recipe.com/recipe/6948936,국/탕,,,4,,
어묵 한장으로 맛있는 볶음밥을 만들어 봤습니다~,한식,"사각어묵,밥,마늘,대파,고춧가루,식용유,고추장,설탕,간장,미림,물엿,후추가루,물",10,쉬움,"아침,점심,야식","맑음,비,눈,더위,추위","봄,여름,가을,겨울",6948988,https://www.10000recipe.com/recipe/6948988,밥/죽/떡,,,4,,
홈파티 음식으로 딱! 풍미 한가득 연어파피요트,양식,"스테이크용연어,아스파라거스,양파,레몬,소금,후추,화이트와인,올리브유,바질가루,로즈마리,플레인요거트,마늘,다진양파,레몬즙,마요네즈",30,쉬움,"점심,저녁","맑음,비,눈,더위,추위","봄,여름,가을,겨울",6949042,https://www.10000recipe.com/recipe/6949042,양식,,,4,,
감자국~,한식,"감자,대파,계란,물,양파,들기름,간장,새우젓,마늘",60,쉬움,저녁,"맑음,비,눈,더위,추위","봄,여름,가을,겨울",6949156,https://www.10000recipe.com/recipe/6949156,국/탕,,,4,,
초간단 알리오올리오 파스타,양식,"스파게티면,마늘,새우,바지락,올리브유,페퍼론치노,소금,후추,파슬리",30,쉬움,"점심,저녁","맑음,비,눈,더위,추위","봄,여름,가을,겨울",6949213,https://www.10000recipe.com/recipe/6949213,양식,,,4,,
12월 겨울제철 국물요리/가리비탕,한식,"홍가리비,청양고추,홍고추,대파,표고버섯,마늘,맛술,참치액,소금,후추",30,쉬움,"점심,저녁","맑음,비,눈,더위,추위","봄,여름,가을,겨울",6949254,https://www.10000recipe.com/recipe/6949254,국/탕,,,4,,
"빈혈예방과 피로회복에 좋은 음식!!! 바지락탕, 바지락술국 만들기 ""꿀팁""",한식,"바지락,홍고추,대파,뿌리,마늘,청양고추,굵은소금,맛술,후추가루",10,쉬움,"아침,점심,야식","맑음,비,눈,더위,추위","봄,여름,가을,겨울",6949564,https://www.10000recipe.com/recipe/6949564,국/탕,,,4,,
만두 요리 / 만두 짜글이,한식,"양파,대파,물,만두,고춧가루,마늘,간장,고추장,맛술",20,쉬움,"점심,저녁","맑음,비,눈,더위,추위","봄,여름,가을,겨울",6949677,https://www.10000recipe.com/recipe/6949677,찌개,,,4,,
백종원 고추장찌개 진한 국물 맛이 최고!,한식,"감자,표고버섯,양파,대파,간장,멸치액젓,마늘,고추,후추,참기름,식용유,고춧가루,고추장",20,쉬움,"점심,저녁","맑음,비,눈,더위,추위","봄,여름,가을,겨울",6949840,https://www.10000recipe.com/recipe/6949840,찌개,,,4,,
돼지고기 비지찌개 고소해,한식,"콩비지,다진김치,다진돼지고기,마늘,김치국물,설탕,고춧가루,간장,참기름",15,쉬움,"아침,점심,야식","맑음,비,눈,더위,추위","봄,여름,가을,겨울",6950465,https://www.10000recipe.com/recipe/6950465,찌개,,,4,,
아이들 간식으로도 좋은 배추전 만드는법,한식,"배추,다짐돼지고기,청양고추,대파,오일,마요네즈,간장,마늘,참기름,맛술,생강가루,후추,밀가루",20,쉬움,"점심,저녁","맑음,비,눈,더위,추위","봄,여름,가을,겨울",6950868,https://www.10000recipe.com/recipe/6950868,면/만두,,,4,,
배추 순두부 계란탕~초스피드 완전 간단해요,한식,"연두부큰거,배추,대파,계란,청양고추,사골육수,마늘,소금,후추가루,물",10,쉬움,"아침,점심,야식","맑음,비,눈,더위,추위","봄,여름,가을,겨울",6951375,https://www.10000recipe.com/recipe/6951375,국/탕,,,4,,
"든든한 한끼 매콤한 ""오징어 덮밥"" 만들기",한식,"손질오징어,양파,당근,대파,고추장,설탕,마늘,간장,매실액,참기름,고춧가루",15,쉬움,"아침,점심,야식","맑음,비,눈,더위,추위","봄,여름,가을,겨울",6951859,https://www.10000recipe.com/recipe/6951859,밥/죽/떡,,,4,,
이탈리아 전통 집밥 레시피 :#7 버섯과 크림이 어우러진 양송이 버섯 크림 파스타 만들기,양식,"양송이버섯,파스타면,파르미자노치즈가루,파슬리,마늘,올리브유,소금,후추",20,쉬움,"점심,저녁","맑음,비,눈,더위,추위","봄,여름,가을,겨울",6952153,https://www.10000recipe.com/recipe/6952153,면/만두,,,4,,
"[1분영상] 레몬 파슬리 파스타 (영화""아메리칸셰프"" 스칼렛요한슨이 반한 파스타)",양식,"스파게티면,이탈리안파슬리,레몬,마늘,엑스트라버진올리브유,버터,소금,후추",20,쉬움,"점심,저녁","맑음,비,눈,더위,추위","봄,여름,가을,겨울",6953604,https://www.10000recipe.com/recipe/6953604,양식,,,4,,
소고기뭇국【아이반찬】,한식,"소양지,무,간마늘,다진대파,참기름,식용유,간장,멸치액젓,물,소금,후추",30,쉬움,"점심,저녁","맑음,비,눈,더위,추위","봄,여름,가을,겨울",6953864,https://www.10000recipe.com/recipe/6953864,국/탕,,,4,,
부대찌개~만원한장이면 요린이도 만들수있어요!,한식,"햄작은것,프랑크소시지,비엔나소세지작은,대파,사골육수,두부,배추김치,팽이버섯작은,베이크드빈스,고춧가루,간장,설탕,마늘,후추가루",30,쉬움,"점심,저녁","맑음,비,눈,더위,추위","봄,여름,가을,겨울",6953894,https://www.10000recipe.com/recipe/6953894,찌개,,,4,,
참치양파덮밥 만들기 명절선물로 들어온 참치캔 맛있게 활용하기,한식,"밥,양파,대파,계란,식용유,후추,설탕,간장,맛술,참기름,물",30,쉬움,"점심,저녁","맑음,비,눈,더위,추위","봄,여름,가을,겨울",6954007,https://www.10000recipe.com/recipe/6954007,밥/죽/떡,,,4,,
[1분영상] 페타 치즈 파스타 해외 틱톡에서 난리난 최신유행 파스타 레시피,양식,"페타치즈블럭,방울토마토,숏파스타아무거나,마늘,올리브오일,오레가노,바질잎,소금,후추",60,쉬움,저녁,"맑음,비,눈,더위,추위","봄,여름,가을,겨울",6954141,https://www.10000recipe.com/recipe/6954141,양식,,,4,,
매콤 느타리버섯덮밥 만드는 법,한식,"밥,느타리버섯,참기름,통깨,계란,식용유,설탕,간장,마늘,맛술,고추장,다진대파",30,쉬움,"점심,저녁","맑음,비,눈,더위,추위","봄,여름,가을,겨울",6954948,https://www.10000recipe.com/recipe/6954948,밥/죽/떡,,,4,,
삼겹살과 먹으면 더 맛있는 쌈장찌개 끓이기! 간단하지만 맛있다!,한식,"양파,애호박,대파,두부,청양고추,물,우렁,쌈장,된장,고춧가루,마늘",20,쉬움,"점심,저녁","맑음,비,눈,더위,추위","봄,여름,가을,겨울",6955518,https://www.10000recipe.com/recipe/6955518,찌개,,,4,,
참치 김치 찌개면 밥 한공기 뚝딱이죠~,한식,"김치,참치,들기름,고춧가루,물,참치액,소금,다시다,대파",30,쉬움,"점심,저녁","맑음,비,눈,더위,추위","봄,여름,가을,겨울",6957273,https://www.10000recipe.com/recipe/6957273,찌개,,,4,,
짜글짜글하게 끓여서 밥에 쓱쓱 비벼먹는 돼지고기 김치찌개 #친정엄마레시피,한식,"김치,김치국물,돼지고기앞다리살,쌀뜨물,대파,간장,고춧가루,마늘,설탕",30,쉬움,"점심,저녁","맑음,비,눈,더위,추위","봄,여름,가을,겨울",6957589,https://www.10000recipe.com/recipe/6957589,찌개,,,4,,
"여름의 시작을 알리는 면요리, 깻잎 간장 비빔국수",한식,"깻잎,양파,마늘,청양고추,홍고추,설탕,간장,식초,물,소면,소금",30,쉬움,"점심,저녁","맑음,비,눈,더위,추위","봄,여름,가을,겨울",6957673,https://www.10000recipe.com/recipe/6957673,면/만두,,,4,,
순두부명란젓국~초간단/초스피드,한식,"순두부작은,명란젓,무,청양고추,대파,다시멸치육수팩,참치액,마늘",15,쉬움,"아침,점심,야식","맑음,비,눈,더위,추위","봄,여름,가을,겨울",6958427,https://www.10000recipe.com/recipe/6958427,국/탕,,,4,,
어묵 콩나물국 끓이는법 국물이 시원 칼칼합니다.,한식,"사각어묵,콩나물,새우젓,마늘,고춧가루,대파,청양고추",30,쉬움,"점심,저녁","맑음,비,눈,더위,추위","봄,여름,가을,겨울",6958526,https://www.10000recipe.com/recipe/6958526,국/탕,,,4,,
매운 두부 무 국,한식,"무,두부,파,참기름,고춧가루,물,마늘,간장,액젓,소금",30,쉬움,"점심,저녁","맑음,비,눈,더위,추위","봄,여름,가을,겨울",6958552,https://www.10000recipe.com/recipe/6958552,국/탕,,,4,,
톡 쏘는 맛이 매력인 새콤달콤 닭고기 냉채 : 더워서 입맛 없을 때 무조건 이 메뉴!,한식,"닭고기,양배추채,파프리카,연겨자,간장,물,식초,매실청,꿀,마늘,통깨",10,쉬움,"아침,점심,야식","맑음,비,눈,더위,추위","봄,여름,가을,겨울",6959420,https://www.10000recipe.com/recipe/6959420,,,,4,,
"스팸을 넣어 만든 감자짜글이, 밥강도!",한식,"감자,양파,대파,청양고추,통조림햄,설탕,고춧가루,고추장,된장,간장,물",30,쉬움,"점심,저녁","맑음,비,눈,더위,추위","봄,여름,가을,겨울",6959435,https://www.10000recipe.com/recipe/6959435,찌개,,,4,,
아이들 간식으로 감자치즈그라탕,양식,"감자,양파,베이컨,버터,마늘,생크림,피자치즈,슬라이드치즈,소금,후추",60,쉬움,저녁,"맑음,비,눈,더위,추위","봄,여름,가을,겨울",6959592,https://www.10000recipe.com/recipe/6959592,양식,,,4,,
국물이 시원한 바지락 시금치 된장국 끓이기,한식,"바지락,시금치,청양고추,홍고추,대파,된장,마늘",30,쉬움,"점심,저녁","맑음,비,눈,더위,추위","봄,여름,가을,겨울",6960078,https://www.10000recipe.com/recipe/6960078,국/탕,,,4,,
기사식당 된장찌개는 감자가 들어가서 너무 맛있어~ 그대로 함 만들어 봅시다~,한식,"돼지고기,된장,쌈장,물,고춧가루,양파,애호박,무,청양고추,감자,두부",30,쉬움,"점심,저녁","맑음,비,눈,더위,추위","봄,여름,가을,겨울",6960261,https://www.10000recipe.com/recipe/6960261,찌개,,,4,,
"우유버터파스타, 풍미의 트리플악셀!",양식,"물,우유,파스타,버터,소금,참치액,마늘,후추,파슬리가루",30,쉬움,"점심,저녁","맑음,비,눈,더위,추위","봄,여름,가을,겨울",6960740,https://www.10000recipe.com/recipe/6960740,양식,,,4,,
차돌박이와 두부가 이렇게 맛있다고??차돌두부찌개 꼭 드세요!,한식,"차돌박이,두부,양파,대파,청양고추,멸치육수,설탕,고춧가루,간장,맛술,마늘,참기름",30,쉬움,"점심,저녁","맑음,비,눈,더위,추위","봄,여름,가을,겨울",6961305,https://www.10000recipe.com/recipe/6961305,찌개,,,4,,
맑은 명란 순두부찌개 국물이 끝내줘요,한식,"순두부,저염명란큰사이즈,애호박,대파,청양고추,멸치육수,고운소금,마늘",20,쉬움,"점심,저녁","맑음,비,눈,더위,추위","봄,여름,가을,겨울",6962217,https://www.10000recipe.com/recipe/6962217,찌개,,,4,,
"[무드앤쿡#.30] 표고버섯 싫어하는 사람도 반해버린 맛, 중화풍 해물덮밥 <표고버섯 새우 덮밥>",한식,"표고버섯,생새우,양파,마늘,대파,미림,밥,물,소금,후춧가루",30,쉬움,"점심,저녁","맑음,비,눈,더위,추위","봄,여름,가을,겨울",6963164,https://www.10000recipe.com/recipe/6963164,밥/죽/떡,,,4,,
계란 당면만두 아이들 반찬으로 좋아요,한식,"계란,당면,당근,양파,대파,청양고추,간장,설탕,참기름",30,쉬움,"점심,저녁","맑음,비,눈,더위,추위","봄,여름,가을,겨울",6965981,https://www.10000recipe.com/recipe/6965981,,,,4,,
고추장찌개 초보자도 맛있게 끓이는 방법(김진옥요리가좋다),한식,"돼지고기전지,감자,양파,애호박,대파,청양고추,무,멸치다시마육수,마늘,참기름,미림,후춧가루,고추장,고춧가루,간장,멸치액젓,올리고당",30,쉬움,"점심,저녁","맑음,비,눈,더위,추위","봄,여름,가을,겨울",6967151,https://www.10000recipe.com/recipe/6967151,찌개,,,4,,
간단 자취요리 레시피 감자짜글이 스팸감자찌개,한식,"감자,스팸,마늘,대파,식용유,간장,고춧가루,후추,쌀뜨물",20,쉬움,"점심,저녁","맑음,비,눈,더위,추위","봄,여름,가을,겨울",6968463,https://www.10000recipe.com/recipe/6968463,찌개,,,4,,
김치는 거들뿐~ 김치 비빔국수!,한식,"국수,김치,오이,당근,무,고추장,고춧가루,설탕,식초,간장,물엿,간마늘,후추가루",20,쉬움,"점심,저녁","맑음,비,눈,더위,추위","봄,여름,가을,겨울",6969024,https://www.10000recipe.com/recipe/6969024,면/만두,,,4,,
닭안심 볶음밥+화이트소스 곁들인 치킨도리아 만들기,한식,"밥,닭안심,양파,브로콜리,마늘,맛술,간장,케첩,소금,피자치즈,버터,밀가루,우유,후추",20,쉬움,"점심,저녁","맑음,비,눈,더위,추위","봄,여름,가을,겨울",6969291,https://www.10000recipe.com/recipe/6969291,밥/죽/떡,,,4,,
돼지고기 김치짜글이,한식,"돼지고기앞다리살,익은김치,양파,대파,청양고추,들기름,식용유,고추장,고춧가루,간장,설탕,새우젓,물,맛술,후추,마늘",60,쉬움,저녁,"맑음,비,눈,더위,추위","봄,여름,가을,겨울",6971307,https://www.10000recipe.com/recipe/6971307,찌개,,,4,,
콩나물 국 진 하고 맛있게 끓이는 노하우를 알려드릴게요,한식,"콩나물,대파,청양고추,만능육수,고춧가루,간장,참치액젓,새우젓,마늘",30,쉬움,"점심,저녁","맑음,비,눈,더위,추위","봄,여름,가을,겨울",6973055,https://www.10000recipe.com/recipe/6973055,국/탕,,,4,,
감자 돼지고기 짜글이[밥도둑],한식,"감자,양파,잔파,돼지고기,마늘,매운고추,간장,액젓,맛술,설탕,고추장,된장,고춧가루,물",60,쉬움,저녁,"맑음,비,눈,더위,추위","봄,여름,가을,겨울",6974282,https://www.10000recipe.com/recipe/6974282,찌개,,,4,,
스팸 고추장찌개 [우리집 밥도둑! 감자 넣고 짜글이 스타일로 만든 고추장찌개! 백종원님 레시피 따라하기!],한식,"스팸,작은감자,양파,대파,청양고추,홍고추,쌀뜨물,고추장,된장,고춧가루,간장,설탕,맛술",30,쉬움,"점심,저녁","맑음,비,눈,더위,추위","봄,여름,가을,겨울",6974569,https://www.10000recipe.com/recipe/6974569,찌개,,,4,,
소갈비살을 넣어 만든 ‘알배기배추된장국’ 황금레시피~~!!넘나 시원하고 구수해요^^배추속대국,한식,"멸치육수,알배기배추,통,소고기갈비살,대파,두부,청양고추,홍고추,된장,간장,마늘,들기름",20,쉬움,"점심,저녁","맑음,비,눈,더위,추위","봄,여름,가을,겨울",6975607,https://www.10000recipe.com/recipe/6975607,국/탕,,,4,,
시원한 김치콩나물국 레시피!,한식,"육수,김치,포기,마늘,김치국물,대파,고춧가루,간장,액젓,새우젓,콩나물",20,쉬움,"점심,저녁","맑음,비,눈,더위,추위","봄,여름,가을,겨울",6975830,https://www.10000recipe.com/recipe/6975830,국/탕,,,4,,
"고등학생 도시락, 스팸무스비, 나들이 도시락으로 추천",한식,"계란,스팸,김밥김,공기밥,간장,맛술,설탕,참기름,소금,통깨",30,쉬움,"점심,저녁","맑음,비,눈,더위,추위","봄,여름,가을,겨울",6977898,https://www.10000recipe.com/recipe/6977898,밥/죽/떡,,,4,,
이 레시피로 장사하면 성공합니다. 아끼던 오삼불고기 레시피 공개합니다.,한식,"대패삼겹살,오징어,양파,애호박,당근,깻잎,부추,설탕,고춧가루,간장,맛술,고추장,마늘,참기름,후추,올리고당",30,쉬움,"점심,저녁","맑음,비,눈,더위,추위","봄,여름,가을,겨울",6979011,https://www.10000recipe.com/recipe/6979011,메인반찬,,,4,,
마늘종 캔참치 볶음밥:마늘쫑 들어가기 전에 많이 먹어줘야죠,한식,"마늘쫑,올리브오일,당근,밥,소금,참치캔,간장,들기름또는참기름,통깨",20,쉬움,"점심,저녁","맑음,비,눈,더위,추위","봄,여름,가을,겨울",6979863,https://www.10000recipe.com/recipe/6979863,밥/죽/떡,,,4,,
고기없어도 고기맛이 나는 호박덮밥 레시피:),한식,"쥬키니호박,양파,밥,올리브유,고추기름,대파,참기름,계란,고추장,고춧가루,간장,마늘,후추,물",10,쉬움,"아침,점심,야식","맑음,비,눈,더위,추위","봄,여름,가을,겨울",6981692,https://www.10000recipe.com/recipe/6981692,밥/죽/떡,,,4,,
아이와 함께 먹기 좋은 달달한 맑은 배춧국,한식,"알배추,양파,두부,마늘,새우젓,대파,육수팩,물",30,쉬움,"점심,저녁","맑음,비,눈,더위,추위","봄,여름,가을,겨울",6981880,https://www.10000recipe.com/recipe/6981880,국/탕,,,4,,
다이어트 식단 브로콜리 두부무침 만드는 법,한식,"브로콜리,두부,마늘,간장,멸치액젓,참기름,깨소금,밀가루,소금,식초",30,쉬움,"점심,저녁","맑음,비,눈,더위,추위","봄,여름,가을,겨울",6981985,https://www.10000recipe.com/recipe/6981985,,,,4,,
"깊은 국물 비법,친정 엄마표 “잔치국수” 식당 보다 더 맛있어요!나의 소울푸드❤️",한식,"다시멸치가루,물,간장,소금,당근,양파,애호박,고춧가루,설탕,참기름,잔파,매운고추,마늘,후춧가루,국수면",20,쉬움,"점심,저녁","맑음,비,눈,더위,추위","봄,여름,가을,겨울",6983355,https://www.10000recipe.com/recipe/6983355,면/만두,,,4,,
저녁메뉴 추천-담백하고 고소한 들깨순두부 만들기,한식,"순두부,느타리버섯,팽이버섯,봉지,양파,애호박,대파,멸치육수,들깨가루,찹쌀가루,참치액젓",20,쉬움,"점심,저녁","맑음,비,눈,더위,추위","봄,여름,가을,겨울",6983718,https://www.10000recipe.com/recipe/6983718,찌개,,,4,,
얼큰 고추장 수제비 든든한 한끼,한식,"밀가루,물,소금,식용유,멸치육수,애호박,감자,양파,대파,고추장,된장,고춧가루,마늘,액젓,후추가루",60,쉬움,저녁,"맑음,비,눈,더위,추위","봄,여름,가을,겨울",6986163,https://www.10000recipe.com/recipe/6986163,면/만두,,,4,,
"명절 남은 잡채, 얼큰한 잡채찌개로!",한식,"잡채,썬김치,멸치육수,대파,청양고추,참기름,고추장,고춧가루,간장,마늘",15,쉬움,"아침,점심,야식","맑음,비,눈,더위,추위","봄,여름,가을,겨울",6987500,https://www.10000recipe.com/recipe/6987500,찌개,,,4,,
간단하게 만들어보는 우렁강된장찌개,한식,"우렁,두부,애호박,양파,대파,된장,쌈장,고추장",30,쉬움,"점심,저녁","맑음,비,눈,더위,추위","봄,여름,가을,겨울",6988498,https://www.10000recipe.com/recipe/6988498,찌개,,,4,,
"소고기미역죽, 아침 메뉴로 아이들 메뉴로 너무 좋아요!",한식,"다진소고기,불린미역,공기,참기름,간장,참치액,밥,물,설탕,맛술,마늘,후추",30,쉬움,"점심,저녁","맑음,비,눈,더위,추위","봄,여름,가을,겨울",6988705,https://www.10000recipe.com/recipe/6988705,밥/죽/떡,,,4,,
차가워도 맛있는 추억의 급식달걀찜,한식,"계란,당근,양파,대파,참치액,맛술,소금,통깨,물",30,쉬움,"점심,저녁","맑음,비,눈,더위,추위","봄,여름,가을,겨울",6988709,https://www.10000recipe.com/recipe/6988709,,,,4,,
다이어트 식단 표에 넣기 좋은 원팬 양파 볶음밥,한식,"양파,슬라이스마늘,밥,올리브오일,간장,후추,깨,계란,닭가슴살",10,쉬움,"아침,점심,야식",맑음,봄,6992944,https://www.10000recipe.com/recipe/6992944,밥/죽/떡,담백함,봄,4,,
[유아식]달콤짭쪼롬 닭봉조림 만들기,한식,"닭봉,대파,마늘,물,간장,올리고당,맛술",90,쉬움,저녁,"맑음,비,눈,더위,추위","봄,여름,가을,겨울",6993259,https://www.10000recipe.com/recipe/6993259,메인반찬,,,4,,
[유아식]새우미역죽 아기새우죽 끓이는 법,한식,"찹쌀,냉동새우,건미역,물또는육수,마늘,참기름,간장",60,쉬움,저녁,"맑음,비,눈,더위,추위","봄,여름,가을,겨울",6994093,https://www.10000recipe.com/recipe/6994093,밥/죽/떡,,,4,,
[밑반찬] 10분 밑반찬 딱딱하지않고 부드러운 오징어채,한식,"오징어채,소주또는맛술,마요네즈,식용유,마늘,고추장,고춧가루,간장,올리고당,설탕,참기름,깨",5,쉬움,"아침,점심,야식","맑음,비,눈,더위,추위","봄,여름,가을,겨울",6994258,https://www.10000recipe.com/recipe/6994258,,,,4,,
느타리버섯두부찌개 끓이기,한식,"두부,느타리버섯,양파,대파,청양고추,멸치다시육수,고춧가루,고추장,새우젓,간장,맛술,황설탕,마늘,들기름",30,쉬움,"점심,저녁","맑음,비,눈,더위,추위","봄,여름,가을,겨울",6996387,https://www.10000recipe.com/recipe/6996387,찌개,,,4,,
"가지덮밥 혈당수치, 체중감소 도움되는 가지 왜‼️ 지금까지 이렇게 안 먹었을까‼️",한식,"가지,양파,밥,버터,참치액젓,간장,설탕,올리고당,마늘,고춧가루,물,계량컵,면기",10,쉬움,"아침,점심,야식","맑음,비,눈,더위,추위","봄,여름,가을,겨울",7004106,https://www.10000recipe.com/recipe/7004106,밥/죽/떡,,,4,,
스팸양배추볶음 스팸양배추덮밥레시피 다이어트레시피 식단관리,한식,"양배추,통,스팸,대파,식용유,간장,올리고당,참기름,통깨",10,쉬움,"아침,점심,야식","맑음,비,눈,더위,추위","봄,여름,가을,겨울",7004934,https://www.10000recipe.com/recipe/7004934,메인반찬,,,4,,
어니언링 만들기 겉은 바삭하고 양파는 촉촉해요!,양식,"양파,계란,튀김가루,빵가루,파슬리가루,식용유,체망,대접,유산지",15,쉬움,"아침,점심,야식","맑음,비,눈,더위,추위","봄,여름,가을,겨울",7005355,https://www.10000recipe.com/recipe/7005355,양식,담백함,미분류,4,,
도토리묵김무침 레시피 아이반찬,한식,"도토리묵,조미김,간장,설탕,참기름,통깨,다진대파",5,쉬움,"아침,점심,야식","맑음,비,눈,더위,추위","봄,여름,가을,겨울",7005830,https://www.10000recipe.com/recipe/7005830,,,,4,,
편스토랑 찬또 이찬원 김치어묵칼국수 만드는 법,한식,"물,멸치,다시마손바닥크기,꼬치어묵,묵은지,양파,당근,애호박,대파,고춧가루,간장,참치액젓,설탕,마늘,후추,면기",30,쉬움,"점심,저녁","맑음,비,눈,더위,추위","봄,여름,가을,겨울",7005875,https://www.10000recipe.com/recipe/7005875,면/만두,,,4,,
스팸요리- 편스토랑 류수영 스팸파스타/ 스햄케찹파스타 만들기,양식,"스파게티면,스팸,양파,마늘,설탕,간장,케첩,식초,식용유,물,통후추",20,쉬움,"점심,저녁","맑음,비,눈,더위,추위","봄,여름,가을,겨울",7006510,https://www.10000recipe.com/recipe/7006510,면/만두,,,4,,
시원한 여름 음식 추천 초계국수 만들기,한식,"닭가슴살,냉면육수,오이,파프리카,양배추잎,소면,소금,통후추,대파,월계수잎,물,간장,식초,연겨자,설탕,통깨,마늘,조리용나이프,거름망,면기",30,쉬움,"점심,저녁","맑음,비,눈,더위,추위","봄,여름,가을,겨울",7007335,https://www.10000recipe.com/recipe/7007335,면/만두,,,4,,
스팸순두부찌개,한식,"스팸,순두부,마늘,청양고추,대파,후춧가루,고춧가루,간장,설탕,조리용나이프",30,쉬움,"점심,저녁","맑음,비,눈,더위,추위","봄,여름,가을,겨울",7008060,https://www.10000recipe.com/recipe/7008060,찌개,짭짤함,미분류,4,,
두부 양배추 들깨 볶음밥,한식,"두부,양배추,마늘,매운고추,대파,깨,들깨가루,간장,참기름,후추,찬기",30,쉬움,"점심,저녁","맑음,비,눈,더위,추위","봄,여름,가을,겨울",7008869,https://www.10000recipe.com/recipe/7008869,밥/죽/떡,,,4,,
매콤오이채무침 레시피 한끼반찬 오이요리,한식,"가시오이,고춧가루,간장,참기름,통깨,주방필러,조리용나이프,위생장갑",10,쉬움,"아침,점심,야식","맑음,비,눈,더위,추위","봄,여름,가을,겨울",7009241,https://www.10000recipe.com/recipe/7009241,,,,4,,
오이고추된장무침 (사계절 먹기좋은 밑반찬 고추무침 5분 레시피),한식,"오이고추,된장,고추장,참기름,올리고당,통깨,조리용나이프",5,쉬움,"아침,점심,야식","맑음,비,눈,더위,추위","봄,여름,가을,겨울",7009944,https://www.10000recipe.com/recipe/7009944,,,,4,,
참치 속 안에 삶은달걀이 통째로?~ ☞참치스카치에그☜,양식,"참치,삶은달걀,튀김기름,계란,밀가루,빵가루,전분가루,소금,후추",60,쉬움,저녁,"맑음,비,눈,더위,추위","봄,여름,가을,겨울",701016,https://www.10000recipe.com/recipe/701016,양식,,,4,,
대패 우유 카레우동 레시피,일식,"우동면,양파,우유,고체카레또는카레가루개,대패삼겹살,조리용나이프,키친타올",20,쉬움,"점심,저녁","맑음,비,눈,추위",겨울,7010409,https://www.10000recipe.com/recipe/7010409,면/만두,고소함,겨울,4,,
새송이버섯볶음 간장버섯조림 어린이 밑반찬,한식,"새송이버섯,대파,식용유,간장,올리고당,마늘,참기름,깨소금,조리용나이프",20,쉬움,"점심,저녁","맑음,비,눈,더위,추위","봄,여름,가을,겨울",7013562,https://www.10000recipe.com/recipe/7013562,,,,4,,
NO밀가루! 감자치즈호떡 아이들 간식으로 딱 좋아요.,한식,"감자,피자치즈,마요네즈,설탕,소금,전분가루,버터,조리용나이프,매셔,뒤집개",15,쉬움,"아침,점심,야식","맑음,비,눈,더위,추위","봄,여름,가을,겨울",7014484,https://www.10000recipe.com/recipe/7014484,,,,4,,
[공모전] 시원하고 뜨끈한 국물요리 대파계란국,한식,"계란,대파,참치액,간장,소금,후춧가루,계량컵,베이비웍",15,쉬움,"아침,점심,야식","맑음,비,눈,더위,추위","봄,여름,가을,겨울",7014736,https://www.10000recipe.com/recipe/7014736,국/탕,,,4,,
다이어트 양배추 참치 덮밥 만들기 낮은 칼로리로 맛있는 한 끼,한식,"통조림참치,현미밥,양배추,양파,당근,간장,맛술,후추,체망,조리용나이프,뒤집개",10,쉬움,"아침,점심,야식","맑음,비,눈,더위,추위","봄,여름,가을,겨울",7015067,https://www.10000recipe.com/recipe/7015067,메인반찬,,,4,,
[만만셰] 시원하고 담백한 닭한마리손수제비 by.집밥새댁,한식,"밀가루중력분,소금,물,식용유,손질닭,마늘,후추,대파,청양고추,애호박,조리용나이프,웍",60,쉬움,저녁,"맑음,비,눈,더위,추위","봄,여름,가을,겨울",7015152,https://www.10000recipe.com/recipe/7015152,국/탕,,,4,,
[만만셰] 두반장 없이 만드는 초간단 마파두부 by.눈크미,한식,"두부,돼지고기다짐육,청양고추,물,참기름,후추,식용유,대파,양파,고춧가루,고추장,된장,맛술,설탕,간장,마늘,전분,조리용나이프",20,쉬움,"점심,저녁","맑음,비,눈,더위,추위","봄,여름,가을,겨울",7017950,https://www.10000recipe.com/recipe/7017950,메인반찬,,,4,,
간장버터 새송이구이,한식,"새송이버섯,대파,버터,올리고당,마늘,간장,참기름,물,조리용나이프",10,쉬움,"아침,점심,야식","맑음,비,눈,더위,추위","봄,여름,가을,겨울",7018465,https://www.10000recipe.com/recipe/7018465,,,,4,,
얼큰만둣국 레시피,한식,"만두,대파,사골육수,고춧가루,마늘,간장,액젓,면기",20,쉬움,"점심,저녁","맑음,비,눈,더위,추위","봄,여름,가을,겨울",7021209,https://www.10000recipe.com/recipe/7021209,국/탕,,,4,,
모짜렐라 치즈 감자채전 만들기 간단한 맥주 안주 감자전,한식,"감자,모짜렐라치즈,청양고추,조리용나이프,뒤집개",30,쉬움,"점심,저녁","맑음,비,눈,더위,추위","봄,여름,가을,겨울",7022304,https://www.10000recipe.com/recipe/7022304,메인반찬,,,4,,
참치 감자 짜글이 만드는 법,한식,"참치캔,감자,대파,양파,홍고추,청양고추,물,설탕,고춧가루,고추장,된장,마늘,간장,조리용나이프",30,쉬움,"점심,저녁","맑음,비,눈,더위,추위","봄,여름,가을,겨울",7022673,https://www.10000recipe.com/recipe/7022673,찌개,,,4,,
양배추 라페 + 양배추 라페 오픈 샌드위치 만드는법,양식,"양배추,올리브오일,레몬즙,홀그레인머스타드,설탕,후추,물,식초,식빵,쨈,조리용나이프,토스터기",15,쉬움,"아침,점심,야식","맑음,비,눈,더위,추위","봄,여름,가을,겨울",7023077,https://www.10000recipe.com/recipe/7023077,양식,,,4,,
고추장 대신 된장소스 곁들인 감칠맛 가득 부추비빔밥,한식,"부추,참치g,계란,밥,된장g,식초g,다진마늘g,청양고추,들기름g,매실청g,조리용나이프,건지기채망,뒤집개,면기",15,쉬움,"아침,점심,야식","맑음,비,눈,더위,추위","봄,여름,가을,겨울",7027008,https://www.10000recipe.com/recipe/7027008,밥/죽/떡,,,4,,
두부찌개 (두부요리),한식,"두부g,멸치다시육수,양파,풋고추,대파,간장,새우젓,마늘,고춧가루,맛술,들기름,조리용나이프",30,쉬움,"점심,저녁","맑음,비,눈,더위,추위","봄,여름,가을,겨울",7028182,https://www.10000recipe.com/recipe/7028182,찌개,,,4,,
감자요리 여름엔 무국 대신 소고기 감자국 레시피로 만들기,한식,"감자,소고기국거리용,대파,청양고추,물,코인육수,멸치액젓,마늘,참기름,후추,소금,조리용나이프,키친타올,대접",30,쉬움,"점심,저녁","맑음,비,눈,더위,추위","봄,여름,가을,겨울",7029415,https://www.10000recipe.com/recipe/7029415,국/탕,,,4,,
30년 대박집 건물세운 사장님::먹어본 국수 중 최고 물비빔국수 레시피,한식,"소면g,냉면육수,대파,간장,설탕,고추장,고춧가루,식초,참기름",10,쉬움,"아침,점심,야식","맑음,비,눈,더위,추위","봄,여름,가을,겨울",7031537,https://www.10000recipe.com/recipe/7031537,면/만두,,,4,,
자꾸 손이 가는 매콤한 밥반찬 배추당면볶음,한식,"알배추,당면,대파,다진돼지고기,홍고추,소금,후추,미림,식용유,전분가루,물,간장,고춧가루,맛술,참치액젓,물엿,마늘,스텐트레이,조리주걱,조리용나이프",10,쉬움,"아침,점심,야식","맑음,비,눈,더위,추위","봄,여름,가을,겨울",7032529,https://www.10000recipe.com/recipe/7032529,메인반찬,,,4,,
햄 감자채볶음 만드는법,한식,"감자큰것,스팸,양파,당근,마늘,소금,후추,통깨,참기름,조리용나이프,조리주걱",20,쉬움,"점심,저녁","맑음,비,눈,더위,추위","봄,여름,가을,겨울",7033948,https://www.10000recipe.com/recipe/7033948,,,,4,,
우삼겹 콩나물 불고기,한식,"우삼겹,콩나물,고추장,간장,맛술,설탕,간마늘,다시다,후추톡톡,트레이,전자저울,조리주걱",20,쉬움,"점심,저녁","맑음,비,눈,더위,추위","봄,여름,가을,겨울",7036904,https://www.10000recipe.com/recipe/7036904,메인반찬,,,4,,
차돌박이떡볶음으로 즐기는 특별한요리,한식,"떡국떡,차돌박이,새송이버섯,대파,청양고추,간장,설탕,조리용나이프",20,쉬움,"점심,저녁","맑음,비,눈,더위,추위","봄,여름,가을,겨울",7039774,https://www.10000recipe.com/recipe/7039774,,,,4,,
삼겹살 제육볶음,한식,"삼겹살,마늘,양파,파,설탕,고춧가루,간장,멸치액젓,식초,조리용나이프,토치",30,보통,"점심,저녁","맑음,비,눈,더위,추위","봄,여름,가을,겨울",7042532,https://www.10000recipe.com/recipe/7042532,메인반찬,,,4,,
라이스페이퍼 양배추만두,한식,"양배추,참치,계란,라이스페이퍼,후추,간장,조리용나이프,찬기,조리주걱",20,쉬움,"점심,저녁","맑음,비,눈,더위,추위","봄,여름,가을,겨울",7045377,https://www.10000recipe.com/recipe/7045377,면/만두,짭짤함,미분류,4,,
간장 우동볶음 만들기,일식,"대파,양파,양배추g,등심잡채용,우동면,식용유,간장,식초,설탕,물g,마요네즈,조리용나이프",20,쉬움,"점심,저녁","맑음,비,눈,더위,추위","봄,여름,가을,겨울",7050704,https://www.10000recipe.com/recipe/7050704,면/만두,,,4,,
가지요리 라이스페이퍼 가지 튀김 / 가지탕수육 만드는 법,한식,"가지,대파,라이스페이퍼,간장,식초,올리고당알룰로스,케첩,물,조리용나이프",30,쉬움,"점심,저녁","맑음,비,눈,더위,추위","봄,여름,가을,겨울",7053823,https://www.10000recipe.com/recipe/7053823,메인반찬,,,4,,
앞다리살감자조림 수십 번 해먹은 인생 레시피 저렴한 앞다리살로 만든 감자조림 맛보장,한식,"감자,앞다리살,대파,청양고추,양파,마늘,물ml,참치액,설탕,간장,맛술,고춧가루,고추장,조리용나이프,필러",20,쉬움,"점심,저녁","맑음,비,눈,더위,추위","봄,여름,가을,겨울",7060108,https://www.10000recipe.com/recipe/7060108,메인반찬,,,4,,
오븐으로 맛있는 간식 만들기 마카로니그라탕,양식,"마카로니,캔옥수수,피자치즈,체다슬라이스치즈,물,굵은소금,설탕,마요네즈,버터,다진양파,밀가루,우유,파마산치즈가루,소금,후춧가루",30,쉬움,"점심,저녁","맑음,비,눈,더위,추위","봄,여름,가을,겨울",950248,https://www.10000recipe.com/recipe/950248,양식,,,4,,
믿을수있는 우리한우로 만든 햄버거 스테이크,양식,"다진쇠고기,다진돼지고기,계란,양파다져서,빵가루,양송이,브로콜리,청파프리카,홍파프리카,맛술,마늘,소금,후추,케찹,레드와인,버터,물",60,쉬움,저녁,"맑음,비,눈,더위,추위","봄,여름,가을,겨울",1567611,https://www.10000recipe.com/recipe/1567611,양식,,,3,,
고기 팍팍 넣고 끓이는 시금치 콩나물 된장국,한식,"시금치,콩나물,국거리,대파,청고추,홍고추,쌀뜬물,된장,고춧가루,마늘,간장",30,쉬움,"점심,저녁","맑음,비,눈,더위,추위","봄,여름,가을,겨울",1809423,https://www.10000recipe.com/recipe/1809423,국/탕,,,3,,
등갈비고추장립+관자파인애플볶음밥,한식,"등갈비,관자싱싱한,파인애플,적양파,파프리카,노랑파프리카,오이,밥,고구마,고추장,케첩,설탕,올리고당,청주,마늘,생강즙,후추,소금,마요네즈,머스타드,플레인요거트",60,쉬움,저녁,"맑음,비,눈,더위,추위","봄,여름,가을,겨울",2306622,https://www.10000recipe.com/recipe/2306622,밥/죽/떡,,,3,,
가지그라탕,양식,"가지,체다슬라이스치즈,피자치즈,오일,파마산치즈가루",30,쉬움,"점심,저녁","맑음,비,눈,더위,추위","봄,여름,가을,겨울",2380373,https://www.10000recipe.com/recipe/2380373,양식,,,3,,
매콤 깔끔한 김치 메밀비빔국수,한식,"메밀면,김장김치,고추장,간장,매실액,올리고당,식초,마늘,통깨,참기름",30,쉬움,"점심,저녁","맑음,비,눈,더위,추위","봄,여름,가을,겨울",2499869,https://www.10000recipe.com/recipe/2499869,면/만두,,,3,,
쫄라 떡볶이 만들기,한식,"멸치,움큼,다시마cm,떡볶이떡,어묵,쫄면,라면,계란,양파,양배추잎,깻잎,파,고추장,고춧가루,마늘,라면스프,물엿,설탕,간장,고추기름,후추가루",30,쉬움,"점심,저녁","맑음,비,눈,더위,추위","봄,여름,가을,겨울",2632605,https://www.10000recipe.com/recipe/2632605,밥/죽/떡,,,3,,
불고기 소스 안심 스테이크,양식,"안심,감자,간장,와인,꿀,흑설탕,마늘,홀그레인머스터드,후추",30,쉬움,"점심,저녁","맑음,비,눈,더위,추위","봄,여름,가을,겨울",2694106,https://www.10000recipe.com/recipe/2694106,양식,,,3,,
콩나물국/매콤콩나물국 만들기,한식,"콩나물,청고추,홍고추,대파,마늘,소금",5,쉬움,"아침,점심,야식","맑음,비,눈,더위,추위","봄,여름,가을,겨울",3438988,https://www.10000recipe.com/recipe/3438988,국/탕,,,3,,
맛있는 시금치프리타타,양식,"계란,시금치약g,햄,양파,스모크치즈,토마토,냉동야채,빵가루,슬라이스치즈,우유,생크림,소금,후춧가루",30,보통,"점심,저녁","맑음,비,눈,더위,추위","봄,여름,가을,겨울",3611202,https://www.10000recipe.com/recipe/3611202,양식,,,3,,
함박스테이크 만들기,양식,"다진쇠고기,양파,대파,마늘,브로콜리,간장,참기름,맛술,설탕,후추가루,빵가루,계란,우유,통조림옥수수,양송이버섯,화이트와인,버터,케첩,물",10,보통,"아침,점심,야식","맑음,비,눈,더위,추위","봄,여름,가을,겨울",3668633,https://www.10000recipe.com/recipe/3668633,양식,,,3,,
레드와인발사믹 소스를 곁들인 안심스테이크,양식,"한우안심,엑스트라버진올리브오일,소금,후춧가루,허브가루,가지,브로콜리,송이,양송이버섯,삶은감자,동물성생크림,우유,단호박,통,올리브오일,토마토페이스트,드라이레드와인,발사믹식초,비정제황설탕,디종머스터드",240,쉬움,저녁,"맑음,비,눈,더위,추위","봄,여름,가을,겨울",3878220,https://www.10000recipe.com/recipe/3878220,양식,,,3,,
소고기 배추된장국,한식,"물,다시마,국물용멸치,배춧잎,무,소고기국거리,홍고추,대파,마늘,간장,고춧가루,시판재래된장",30,쉬움,"점심,저녁","맑음,비,눈,더위,추위","봄,여름,가을,겨울",3971363,https://www.10000recipe.com/recipe/3971363,국/탕,,,3,,
두부카레떡볶이,한식,"두부,떡볶이떡,녹말가루,소금,후추,카레가루,물,설탕,마늘,간장",10,보통,"아침,점심,야식","맑음,비,눈,더위,추위","봄,여름,가을,겨울",4009155,https://www.10000recipe.com/recipe/4009155,밥/죽/떡,,,3,,
봉골레 스파게티,한식,"링귀니,바지락,마늘,화이트와인맥주로대체,올리브오일,페페론치노,소금,후추",30,쉬움,"점심,저녁","맑음,비,눈,더위,추위","봄,여름,가을,겨울",4032055,https://www.10000recipe.com/recipe/4032055,면/만두,,,3,,
돼지고기 버섯 파르시,한식,"표고버섯,돼지고기,마늘,후추,청주,생강즙,현미밥,돼지고기조림장,참기름,간장",60,쉬움,저녁,"맑음,비,눈,더위,추위","봄,여름,가을,겨울",4091288,https://www.10000recipe.com/recipe/4091288,메인반찬,,,3,,
구수한 들깨 된장찌개,한식,"된장,들깨가루,호박,양파,홍고추,청양고추,대파,감자,마늘,두부,다싯멸치,다시마,물",30,쉬움,"점심,저녁","맑음,비,눈,더위,추위","봄,여름,가을,겨울",4270033,https://www.10000recipe.com/recipe/4270033,찌개,,,3,,
오징어고추장찌개,한식,"오징어,두부,호박,무,대파,양파,홍고추,청고추,고추장,소금,마늘,생강즙,청주,후추생략가능",30,쉬움,"점심,저녁","맑음,비,눈,더위,추위","봄,여름,가을,겨울",4281569,https://www.10000recipe.com/recipe/4281569,찌개,,,3,,
우유 마카로니 만들기,양식,"마카로니,우유,새송이버섯,마늘,올리브오일,파르메산치즈가루,소금,후춧가루,파슬리가루",30,쉬움,"점심,저녁","맑음,비,눈,더위,추위","봄,여름,가을,겨울",4305344,https://www.10000recipe.com/recipe/4305344,양식,,,3,,
쌀쌀해지면 생각나는 부드러운 비프 크림스튜,한식,"소고기,감자,당근,양파,양송이버섯,생크림,우유",30,쉬움,"점심,저녁","맑음,비,눈,더위,추위","봄,여름,가을,겨울",4410272,https://www.10000recipe.com/recipe/4410272,찌개,,,3,,
돼지고기김치찌개 끓이는 법,한식,"배추김치,포기,돼지고기,대파,마늘,식용유,물,새우젓,김치국물",30,쉬움,"점심,저녁","맑음,비,눈,더위,추위","봄,여름,가을,겨울",4426115,https://www.10000recipe.com/recipe/4426115,찌개,,,3,,
우유향 솔솔 담백한 연유머핀,한식,"오일,연유,계란,박력분,베이킹파우더,우유",60,보통,저녁,"맑음,비,눈,더위,추위","봄,여름,가을,겨울",4620196,https://www.10000recipe.com/recipe/4620196,,,,3,,
시원칼칼한 동태찌개,한식,"동태,무,배추,콩나물,양파,애호박,대파,두부,고추장,된장,고춧가루,마늘,멸치액젓,멸치육수",30,쉬움,"점심,저녁","맑음,비,눈,더위,추위","봄,여름,가을,겨울",4645856,https://www.10000recipe.com/recipe/4645856,찌개,,,3,,
부추와 참치가 듬뿍 들어가 담백한 '부추만두',한식,"만두피,부추,청량고추,두부,계란,참치,소금,후추,깨소금,참기름,마늘",30,보통,"점심,저녁","맑음,비,눈,더위,추위","봄,여름,가을,겨울",4648460,https://www.10000recipe.com/recipe/4648460,면/만두,,,3,,
아이들이 좋아하는 닭가슴살 카레볶음밥,한식,"현미밥,닭가슴살,계란,양파,카레가루,소금,후추,김",15,쉬움,"아침,점심,야식","맑음,비,눈,더위,추위","봄,여름,가을,겨울",4684909,https://www.10000recipe.com/recipe/4684909,밥/죽/떡,,,3,,
아삭아삭 고소한 삼겹살 야채말이,한식,"삼겹살,깻잎,풋고추,양파,파프리카,팽이버섯",60,보통,저녁,"맑음,비,눈,더위,추위","봄,여름,가을,겨울",4849392,https://www.10000recipe.com/recipe/4849392,메인반찬,,,3,,
고구마 초콜릿칩 머핀,한식,"오일,계란,설탕,고구마쪄서으깬,중력분,베이킹파우더,시나몬파우더,소금,초콜릿칩",60,보통,저녁,"맑음,비,눈,더위,추위","봄,여름,가을,겨울",4907235,https://www.10000recipe.com/recipe/4907235,,,,3,,
향이 좋은 유자머핀,한식,"버터,설탕,계란,박력분,베이킹파우더,유자청,우유",30,보통,"점심,저녁","맑음,비,눈,더위,추위","봄,여름,가을,겨울",4948145,https://www.10000recipe.com/recipe/4948145,,,,3,,
[해피투게더] 페이의 깐풍만두 만들기,한식,"군만두,파프리카,청피망,양파,고추기름,간장,식초,맛술,올리고당,참기름",15,쉬움,"아침,점심,야식","맑음,비,눈,더위,추위","봄,여름,가을,겨울",4952769,https://www.10000recipe.com/recipe/4952769,면/만두,,,3,,
우유로 까르보나라 만들기,한식,"링귀네면,베이컨,양파,통그릴부어스터햄,파프리카,브로콜리,버터,밀가루,우유,소금,후추,계란",7,쉬움,"아침,점심,야식","맑음,비,눈,더위,추위","봄,여름,가을,겨울",5143965,https://www.10000recipe.com/recipe/5143965,면/만두,,,3,,
만두 순두부국 끓이기,한식,"순두부,호박,마늘,파채썬것,청양고추,양파,냉동만두,고춧가루,포도씨유,소금,후추,간장,멸치가루",30,쉬움,"점심,저녁","맑음,비,눈,더위,추위","봄,여름,가을,겨울",5194784,https://www.10000recipe.com/recipe/5194784,국/탕,,,3,,
바지락 맑은 순두부탕,한식,"순두부,바지락,애호박,대파,뿌리,청고추,홍고추,마늘,새우젓또는소금",60,쉬움,저녁,"맑음,비,눈,더위,추위","봄,여름,가을,겨울",5535014,https://www.10000recipe.com/recipe/5535014,국/탕,,,3,,
돼지고기 고추장찌개 만드는 법,한식,"돼지고기찌개용,감자,양파,새송이버섯,고추,파,물,고추장,마늘,고춧가루,간장,매실진액",10,보통,"아침,점심,야식","맑음,비,눈,더위,추위","봄,여름,가을,겨울",5839371,https://www.10000recipe.com/recipe/5839371,찌개,,,3,,
초간단 두부명란젓찌개,한식,"두부,명란,새우젓,물,파,마늘,통깨,참기름",30,보통,"점심,저녁","맑음,비,눈,더위,추위","봄,여름,가을,겨울",5939485,https://www.10000recipe.com/recipe/5939485,찌개,,,3,,
매콤한 해물볶음우동 만들기,일식,"생우동면,생새우살,표고버섯,양파,피망,마른고추,통마늘,대파흰부분,바지락,미림,소금,후춧가루,포도씨유,참기름,두반장,간장,고춧가루",30,보통,"점심,저녁","맑음,비,눈,더위,추위","봄,여름,가을,겨울",6063798,https://www.10000recipe.com/recipe/6063798,면/만두,,,3,,
대하 넣어 끓이는 꽃게찌개,한식,"꽃게,대하,양파,애호박,감자중,두부,대파,느타리버섯,고추장,된장,고춧가루,맛술,마늘,다진생강,멸치육수",90,보통,저녁,"맑음,비,눈,추위",봄,6311522,https://www.10000recipe.com/recipe/6311522,찌개,매콤함,봄,3,,
두부그라탕 만들기,양식,"두부,파팔레or숏파스타,다른것으로도대체가능,모짜렐라치즈,브로콜리,버섯,양파,호박등다진채소,올리브유",30,쉬움,"점심,저녁","맑음,비,눈,더위,추위","봄,여름,가을,겨울",6595446,https://www.10000recipe.com/recipe/6595446,양식,,,3,,
초간단 영양식 두부스크램블에그,양식,"두부,방울토마토,계란,버터,소금,후추,우유",15,쉬움,"아침,점심,야식","맑음,비,눈,더위,추위","봄,여름,가을,겨울",6654935,https://www.10000recipe.com/recipe/6654935,양식,,,3,,
만두피 라자냐 만들기,양식,"만두피,모짜렐라치즈,식용유,애호박,양파,양송이버섯,다진돼지고기다진소고기,묵은배추김치,감자,파슬리,소금,후춧가루,버터",5,쉬움,"아침,점심,야식","맑음,비,눈,더위,추위","봄,여름,가을,겨울",6655294,https://www.10000recipe.com/recipe/6655294,양식,,,3,,
집에서 쉽고 근사하게 - 치즈 햄버그스테이크 (치즈 함박스테이크),양식,"쇠고기다진것,돼지고기다진것,대파,양파,계란,빵가루,우유,피자치즈,청주,카레가루,후춧가루,마늘,양송이버섯,케찹,물엿,물",30,보통,"점심,저녁","맑음,비,눈,더위,추위","봄,여름,가을,겨울",6658614,https://www.10000recipe.com/recipe/6658614,양식,,,3,,
간단한 도시락 메뉴로 시금치 소고기 덮밥,한식,"계란,양파,시금치,소고기,통깨,매실",3,쉬움,"아침,점심,야식","맑음,비,눈,더위,추위","봄,여름,가을,겨울",6708194,https://www.10000recipe.com/recipe/6708194,밥/죽/떡,,,3,,
닭가슴살 스테이크 만들기,양식,"닭가슴살,애호박,버섯,새싹채소,올리브유,소금,후추,파마산치즈가루,파슬리가루",15,쉬움,"아침,점심,야식","맑음,비,눈,더위,추위","봄,여름,가을,겨울",6719230,https://www.10000recipe.com/recipe/6719230,양식,,,3,,
칼칼한 부대찌개 간단 레시피,한식,"햄여러가지,양파,콩나물,사골곰탕,베이크드빈,마늘,당면또는라면사리,두부,고춧가루,대파",30,쉬움,"점심,저녁","맑음,비,눈,더위,추위","봄,여름,가을,겨울",6726842,https://www.10000recipe.com/recipe/6726842,찌개,,,3,,
찹 스테이크 만들기,양식,"스테이크용소고기,소금,후추,바질가루,파프리카,브로콜리,양송이,양파,매실청,케찹",30,쉬움,"점심,저녁","맑음,비,눈,더위,추위","봄,여름,가을,겨울",6740798,https://www.10000recipe.com/recipe/6740798,양식,,,3,,
간단히 폼나게 먹을 수 있는 봉골레 파스타,양식,"파스타면,바지락크게,통마늘,청양고추,홍고추,화이트와인또는청주,물,머그컵,후추,소금",30,쉬움,"점심,저녁","맑음,비,눈,더위,추위","봄,여름,가을,겨울",6768879,https://www.10000recipe.com/recipe/6768879,면/만두,,,3,,
찹스테이크 황금레시피,양식,"파프리카,양파,소고기,후춧가루,올리브유,소금,마늘,케쳡,올리고당",60,쉬움,저녁,"맑음,비,눈,더위,추위","봄,여름,가을,겨울",6778486,https://www.10000recipe.com/recipe/6778486,양식,,,3,,
비빔만두 만들기,한식,"냉동만두,당근,양배추,깻잎,고추장,식초,레몬즙,참깨,올리고당,참기름",30,쉬움,"점심,저녁","맑음,비,눈,더위,추위","봄,여름,가을,겨울",6784310,https://www.10000recipe.com/recipe/6784310,면/만두,,,3,,
바지락된장수제비,한식,"바지락,호박,시금치,감자,청양고추,대파,감자수제비가루,재래식된장,간마늘,간장,굵은고춧가루",30,쉬움,"점심,저녁","맑음,비,눈,더위,추위","봄,여름,가을,겨울",6796929,https://www.10000recipe.com/recipe/6796929,면/만두,,,3,,
올리브쇼 레시피 크림치즈라면,한식,"라면,물,크림치즈,라면스프,봉지",10,쉬움,"아침,점심,야식","맑음,비,눈,더위,추위","봄,여름,가을,겨울",6829158,https://www.10000recipe.com/recipe/6829158,면/만두,,,3,,
차돌박이 된장찌개 맛있게 보글보글,한식,"애호박,감자,양파,마늘,청고추,표고버섯,팽이버섯,새송이버섯,차돌박이,두부,멸치육수용,다시마,된장,고추장",30,쉬움,"점심,저녁","맑음,비,눈,더위,추위","봄,여름,가을,겨울",6829292,https://www.10000recipe.com/recipe/6829292,찌개,,,3,,
백선생 된장찌개 끓이기,한식,"두부,호박,양파,표고버섯,청양고추,홍고추,대파,쌀뜬물,무센티,된장,마늘,고춧가루",30,쉬움,"점심,저녁","맑음,비,눈,더위,추위","봄,여름,가을,겨울",6829390,https://www.10000recipe.com/recipe/6829390,찌개,,,3,,
진짜 딸기가 들어간 홈메이드 딸기아이스바,한식,"냉동딸기,우유,플레인요구르트,올리고당",60,쉬움,저녁,"맑음,비,눈,더위,추위","봄,여름,가을,겨울",6829502,https://www.10000recipe.com/recipe/6829502,,,,3,,
백주부 된장찌개 따라잡기,한식,"쇠고기g,무,된장,고추장,청양초,쌀뜨물,대파,마늘,설탕",30,쉬움,"점심,저녁","맑음,비,눈,더위,추위","봄,여름,가을,겨울",6829594,https://www.10000recipe.com/recipe/6829594,찌개,,,3,,
씹는 맛이 일품인 볶음우동!,일식,"우동면,파프리카,피망,숙주,양파,해물,올리고당,고춧가루",30,보통,"점심,저녁","맑음,비,눈,더위,추위","봄,여름,가을,겨울",6830009,https://www.10000recipe.com/recipe/6830009,면/만두,,,3,,
간단한 아침메뉴 오믈렛,양식,"계란,당근얇게채썬것,양파다진거,베이컨채썬거,소세지잘게썬,케찹,소금",30,쉬움,"점심,저녁","맑음,비,눈,더위,추위","봄,여름,가을,겨울",6830435,https://www.10000recipe.com/recipe/6830435,양식,,,3,,
집밥 백선생의 치킨스테이크 따라잡기,양식,"닭,감자,양파,통마늘,소금,후추가루,버터,간장,설탕,식초,마늘,물",60,보통,저녁,"맑음,비,눈,더위,추위","봄,여름,가을,겨울",6831718,https://www.10000recipe.com/recipe/6831718,양식,,,3,,
백종원 콩나물볶음밥~ 한그릇 굿!!,한식,"밥,콩나물,대파,식용유,당근,김가루,견과류,고추장,설탕,간장,맛술,마늘,고춧가루,후춧가루",30,쉬움,"점심,저녁","맑음,비,눈,더위,추위","봄,여름,가을,겨울",6831799,https://www.10000recipe.com/recipe/6831799,밥/죽/떡,,,3,,
"집밥 백선생, 백종원의 콩나물볶음밥 만들기",한식,"콩나물,햄,당근,대파,간장,설탕,맛술,마늘,고춧가루,고추장",15,쉬움,"아침,점심,야식","맑음,비,눈,더위,추위","봄,여름,가을,겨울",6832023,https://www.10000recipe.com/recipe/6832023,밥/죽/떡,,,3,,
"매콤한 치킨부리또, 집에서 만들어보세요 :)",양식,"닭가슴살,치즈,양배추,당근,할라페뇨,옥수수콘,강낭콩,양파,파프리카,후추,소금,토마토페이스트,마늘,케첩,마요네즈",30,쉬움,"점심,저녁","맑음,비,눈,더위,추위","봄,여름,가을,겨울",6832268,https://www.10000recipe.com/recipe/6832268,양식,,,3,,
넘쳐나는 깻잎의 센스있는 변신! 깻잎페스토 스파게티,한식,"깻잎,마늘,파마산치즈,페페론치노,견과류,올리브오일,소금,후추",15,쉬움,"아침,점심,야식","맑음,비,눈,더위,추위","봄,여름,가을,겨울",6832615,https://www.10000recipe.com/recipe/6832615,면/만두,,,3,,
"냉동만두 활용 레시피 , 만두소스 볶음면 :-)",한식,"냉동만두종류무관,양파슬라이스,대파다진것,슬라이스치즈,마늘,두반장,설탕,참기름,물",15,쉬움,"아침,점심,야식","맑음,비,눈,더위,추위","봄,여름,가을,겨울",6833098,https://www.10000recipe.com/recipe/6833098,면/만두,,,3,,
리챔돈부리,한식,"리챔,양파,계란,버터,간장,설탕,파,파슬리가루",15,쉬움,"아침,점심,야식","맑음,비,눈,더위,추위","봄,여름,가을,겨울",6833811,https://www.10000recipe.com/recipe/6833811,밥/죽/떡,,,3,,
연어찌개,한식,"감자,양파,대파,청양고추,연어통조림,고추장,고춧가루,간장,매실액,마늘",30,보통,"점심,저녁","맑음,비,눈,더위,추위","봄,여름,가을,겨울",6834567,https://www.10000recipe.com/recipe/6834567,찌개,,,3,,
초간단 베이컨 간장국수,한식,"베이컨,소면,간장,참기름,설탕,참깨,마늘",5,쉬움,"아침,점심,야식","맑음,비,눈,더위,추위","봄,여름,가을,겨울",6835079,https://www.10000recipe.com/recipe/6835079,면/만두,,,3,,
사리곰탕면을 이용한 순대라면만들기,한식,"사리곰탕라면,순대,숙주,청양고추,대파,라면스프,들깨가루,새우젓",30,쉬움,"점심,저녁","맑음,비,눈,더위,추위","봄,여름,가을,겨울",6835394,https://www.10000recipe.com/recipe/6835394,면/만두,,,3,,
라면으로 할수있는 요리 또띠아 롤 불닭볶음면,한식,"불닭볶음면,또띠아,소세지,슬라이스치즈",15,쉬움,"아침,점심,야식","맑음,비,눈,더위,추위","봄,여름,가을,겨울",6835939,https://www.10000recipe.com/recipe/6835939,면/만두,,,3,,
신동엽 성시경은 오늘 뭐 먹지?의 고등어파스타,양식,"고등어,마늘,대파,방울토마토,파슬리가루,스파게티면,페페론치노,간장,소금,후추가루,소주,레몬즙",60,쉬움,저녁,"맑음,비,눈,더위,추위","봄,여름,가을,겨울",6836300,https://www.10000recipe.com/recipe/6836300,면/만두,,,3,,
레몬마요새우,한식,"새우,감자전분,계란,빵가루,맛술,레몬즙,소금,후추,마요네즈,연유,꿀",30,쉬움,"점심,저녁","맑음,비,눈,더위,추위","봄,여름,가을,겨울",6836962,https://www.10000recipe.com/recipe/6836962,메인반찬,,,3,,
카레 주먹밥,한식,"따뜻한밥,양파,베이컨,스틱형모짜렐라치즈,카레가루,참기름,계란,김,튀긴파스타면,아몬드슬라이스,파슬리,당근,소금",30,쉬움,"점심,저녁","맑음,비,눈,더위,추위","봄,여름,가을,겨울",6837062,https://www.10000recipe.com/recipe/6837062,밥/죽/떡,,,3,,
얼큰한 돼지고추장찌개,한식,"돼지고기삼겹살또는목살,감자큰걸로,애호박,대파,양파중간크기,청량초,물,마늘,고추장,고춧가루,간장,후추",30,쉬움,"점심,저녁","맑음,비,눈,더위,추위","봄,여름,가을,겨울",6837402,https://www.10000recipe.com/recipe/6837402,찌개,,,3,,
[해외자취Cook.feel通]33. 햄고추장찌개 (스팸고추장찌개),한식,"스팸작은거,양파,애호박,감자,파다진거,다진청양고추,마늘,고춧가루,고추장,간장,다시다",30,쉬움,"점심,저녁","맑음,비,눈,더위,추위","봄,여름,가을,겨울",6837796,https://www.10000recipe.com/recipe/6837796,찌개,,,3,,
토마토 에그스크램블,양식,"토마토,계란,어린잎채소,소금",5,쉬움,"아침,점심,야식","맑음,비,눈,더위,추위","봄,여름,가을,겨울",6839367,https://www.10000recipe.com/recipe/6839367,양식,,,3,,
사골국이 지겨울때 차돌박이 국수 한그릇 :-),한식,"사골국물,소면,차돌박이,공기,당근,호박채썬것,대파,깻잎,팽이버섯생략가능,청양고추,마늘,소금,후추",15,쉬움,"아침,점심,야식","맑음,비,눈,더위,추위","봄,여름,가을,겨울",6840404,https://www.10000recipe.com/recipe/6840404,면/만두,,,3,,
콩나물볶음밥,한식,"콩나물,파,당근,밥,김,계란,간장,설탕,고추장,고춧가루,간마늘,맛술",30,쉬움,"점심,저녁","맑음,비,눈,더위,추위","봄,여름,가을,겨울",6840578,https://www.10000recipe.com/recipe/6840578,밥/죽/떡,,,3,,
추울때 딱 좋은 [차돌박이 고추장찌개],한식,"차돌박이,두부,애호박,건표고버섯,송송썬대파,고추장,된장,육수멸치다시마",30,쉬움,"점심,저녁","맑음,비,눈,더위,추위","봄,여름,가을,겨울",6840774,https://www.10000recipe.com/recipe/6840774,찌개,,,3,,
꼬막비빔국수,한식,"꼬막,소면,깻잎,봄동,통,어린잎채소,깨,간장,고춧가루,고추장,맛술,식초,설탕,올리고당,마늘,참기름,후추",30,쉬움,"점심,저녁","맑음,비,눈,더위,추위","봄,여름,가을,겨울",6841419,https://www.10000recipe.com/recipe/6841419,면/만두,,,3,,
얼큰한 경상도식 소고기무국 만들기(영상 있어요),한식,"소고기,콩나물,무,통,고춧가루,간장,마늘,참기름,소금,후추,파,양파",60,쉬움,저녁,"맑음,비,눈,더위,추위","봄,여름,가을,겨울",6842432,https://www.10000recipe.com/recipe/6842432,국/탕,,,3,,
얼큰 버섯 두부찌개,한식,"두부작은것,애호박,팽이버섯,백일송이버섯,청양고추,파,멸치육수,고추장,고춧가루,간장,마늘,후춧가루,육수",30,쉬움,"점심,저녁","맑음,비,눈,더위,추위","봄,여름,가을,겨울",6843052,https://www.10000recipe.com/recipe/6843052,찌개,,,3,,
규나베 _ 홈 이자카야 _ 따끈한 국물편,한식,"두부,단호박,속배추,버섯,소불고기감,당근,다시마,멸치육수용,일본된장,물,쯔유,레몬즙",30,쉬움,"점심,저녁","맑음,비,눈,더위,추위","봄,여름,가을,겨울",6843204,https://www.10000recipe.com/recipe/6843204,국/탕,,,3,,
불닭크림파스타 - 맛있는 궁합,양식,"닭다리살,우유,파스타면,베이컨,체다치즈,모짜렐라치즈,양송이버섯,마늘,양파,청양고추,파슬리가루,소금,고추장,간장,설탕,올리고당,고운고춧가루,캡사이신생략가능",30,보통,"점심,저녁","맑음,비,눈,더위,추위","봄,여름,가을,겨울",6844845,https://www.10000recipe.com/recipe/6844845,면/만두,,,3,,
토마토에그스크램블,양식,"토마토,계란,어린잎채소,소금",5,쉬움,"아침,점심,야식","맑음,비,눈,더위,추위","봄,여름,가을,겨울",6845572,https://www.10000recipe.com/recipe/6845572,양식,,,3,,
[라따뚜이]프랑스식 야채스튜,양식,"이태리호박,토마토,가지,양파,마늘,파슬리가루,올리브유,파마산치즈가루",60,쉬움,저녁,"맑음,비,눈,더위,추위","봄,여름,가을,겨울",6845953,https://www.10000recipe.com/recipe/6845953,양식,,,3,,
"입맛 돋구는 ""김치비빔국수""♪",한식,"소면,김치,깻잎,양파,오이,고추장,매실액기스,사과식초,설탕,깨,참기름",15,쉬움,"아침,점심,야식","맑음,비,눈,더위,추위","봄,여름,가을,겨울",6846485,https://www.10000recipe.com/recipe/6846485,면/만두,,,3,,
양념이 매력적인 마약만두/깐풍 만두,한식,"냉동만두,양파,콘옥수수,청고추,홍고추,대파,마늘,물,간장,올리고당,식초,참기름,기름",30,쉬움,"점심,저녁","맑음,비,눈,더위,추위","봄,여름,가을,겨울",6846707,https://www.10000recipe.com/recipe/6846707,면/만두,,,3,,
에드워드 권의 '지중해식 연어요리',양식,"연어살g,식빵,체리토마토,레몬,플레인요거트,사과,양파,샬롯,어린잎,미니새순생략가능,로즈마리,소금,후추,올리브오일,식초,끓는물,설탕",30,쉬움,"점심,저녁","맑음,비,눈,더위,추위","봄,여름,가을,겨울",6846802,https://www.10000recipe.com/recipe/6846802,양식,,,3,,
옥수수 또띠아 간식,한식,"또띠아,옥수수,버터,양파,마요네즈,설탕,치즈가루,모짜렐라치즈",30,쉬움,"점심,저녁","맑음,비,눈,더위,추위","봄,여름,가을,겨울",6846898,https://www.10000recipe.com/recipe/6846898,,,,3,,
#고추장 소세지 두부 찌개#,한식,"소세지,양파,두부,파,마늘,소금,후추,고추장,고춧가루,된장",30,쉬움,"점심,저녁","맑음,비,눈,더위,추위","봄,여름,가을,겨울",6849953,https://www.10000recipe.com/recipe/6849953,찌개,,,3,,
백종원 감자 고추장찌개,한식,"감자,돼지고기,참기름,식용유,고추장,고춧가루,마늘,간장,액젓생략가능,물,대파",30,쉬움,"점심,저녁","맑음,비,눈,더위,추위","봄,여름,가을,겨울",6850335,https://www.10000recipe.com/recipe/6850335,찌개,,,3,,
낫또(나또) 쌈밥 만들기,한식,"낫또풀무원나또,파다진파,마늘다진마늘,고추장,매실액기스,고춧가루,깨,된장",10,쉬움,"아침,점심,야식","맑음,비,눈,더위,추위","봄,여름,가을,겨울",6850471,https://www.10000recipe.com/recipe/6850471,밥/죽/떡,,,3,,
소고기 무국,한식,"멸치다시마육수,국거리소고기,무,대파,마늘,간장,맛술,후추,소금",60,쉬움,저녁,"맑음,비,눈,더위,추위","봄,여름,가을,겨울",6850592,https://www.10000recipe.com/recipe/6850592,국/탕,,,3,,
<두부새우젓죽> 천연조미료를 넣어 여름철 입맛살리는요리,한식,"찬밥,두부g,물,송송썰은파,새우젓,참기름,새우가루,표고가루",30,쉬움,"점심,저녁","맑음,비,눈,더위,추위","봄,여름,가을,겨울",6851170,https://www.10000recipe.com/recipe/6851170,밥/죽/떡,,,3,,
[집밥] 백선생 브런치 # 감자브런치,양식,"감자,천일염,후춧가루,양파,햄또는베이컨,소시지,계란",15,쉬움,"아침,점심,야식","맑음,비,눈,더위,추위","봄,여름,가을,겨울",6851471,https://www.10000recipe.com/recipe/6851471,양식,,,3,,
치즈감자그라탕 초간단으로 만들기,양식,"감자,피자치즈,슬라이드치즈,파슬리가루",30,쉬움,"점심,저녁","맑음,비,눈,더위,추위","봄,여름,가을,겨울",6851627,https://www.10000recipe.com/recipe/6851627,양식,,,3,,
백종원 감자 고추장찌개 만들기 ♩ 얼큰해요,한식,"감자,돼지고기,참기름,식용유,고추장,고춧가루,마늘,간장,액젓생략가능,물,대파",30,쉬움,"점심,저녁","맑음,비,눈,더위,추위","봄,여름,가을,겨울",6852220,https://www.10000recipe.com/recipe/6852220,찌개,,,3,,
한돈뒷다리살 양파김치찌개,한식,"한돈뒷다리살,김치,포기,양파,물,대파",5,보통,"아침,점심,야식","맑음,비,눈,더위,추위","봄,여름,가을,겨울",6852484,https://www.10000recipe.com/recipe/6852484,찌개,,,3,,
"간단한 한끼식사, 참치쌈밥 만들기",한식,"참치캔g,양파,파,고추장,된장,참기름,고춧가루,올리고당,마늘,상추,밥",30,쉬움,"점심,저녁","맑음,비,눈,더위,추위","봄,여름,가을,겨울",6852622,https://www.10000recipe.com/recipe/6852622,밥/죽/떡,,,3,,
백종원 치킨난반과 초간단 타르타르소스만들기,양식,"닭가슴살,밀가루,계란,소금,후추가루,식용유,간장,설탕,식초,물,양파,당근,단무지,마요네즈",60,쉬움,저녁,"맑음,비,눈,더위,추위","봄,여름,가을,겨울",6852826,https://www.10000recipe.com/recipe/6852826,양식,,,3,,
집밥 백선생표 알리오올리오 쉽게 만들기,한식,"스파게티면,올리브오일,마늘,태국고추,소금,후추",8,보통,"아침,점심,야식","맑음,비,눈,더위,추위","봄,여름,가을,겨울",6852838,https://www.10000recipe.com/recipe/6852838,면/만두,,,3,,
육즙이 꽉 찬 고기 뭉치 멘치카츠,양식,"다진쇠고기,다진돼지고기,다진양파,다진표고버섯,달걀노른자,계란,밀가루,빵가루,청주,소금,후춧가루,마늘,마요네즈",30,쉬움,"점심,저녁","맑음,비,눈,더위,추위","봄,여름,가을,겨울",6853033,https://www.10000recipe.com/recipe/6853033,양식,,,3,,
골뱅이랑 쫄면이랑 골뱅이쫄면,한식,"골뱅이,양배추,오이,당근,깻잎,양파,데친콩나물,쫄면원크기,참기름,고춧가루,고추장,식초,간장,설탕,간마늘,물",30,쉬움,"점심,저녁","맑음,비,눈,더위,추위","봄,여름,가을,겨울",6853501,https://www.10000recipe.com/recipe/6853501,면/만두,,,3,,
여름엔 역시 시원한 오이냉국 묵사발,한식,"도토리묵,오이,마늘,대파,당근,통깨,물,간장,매실,설탕,사과식초",30,쉬움,"점심,저녁","맑음,비,눈,더위,추위","봄,여름,가을,겨울",6853765,https://www.10000recipe.com/recipe/6853765,국/탕,,,3,,
고추장당면찌개,한식,"당면,감자,양파,애호박,대파,청양고추,버섯,떡국떡,고춧가루,설탕,마늘,고추장",30,쉬움,"점심,저녁","맑음,비,눈,더위,추위","봄,여름,가을,겨울",6853929,https://www.10000recipe.com/recipe/6853929,찌개,,,3,,
[아이반찬] 청경채 된장국끓이기~!,한식,"청경채,두부,된장,소금선택,청양고추선택,쌀뜨물,국물용멸치,다시마",30,쉬움,"점심,저녁","맑음,비,눈,더위,추위","봄,여름,가을,겨울",6854342,https://www.10000recipe.com/recipe/6854342,국/탕,,,3,,
"오징어찌개, 칼칼한 국물요리",한식,"오징어,양파,무,파,붉은고추,풋고추,두부,멸치육수,고추장,고춧가루,청주,간장,마늘,설탕,소금,수제비반죽",30,쉬움,"점심,저녁","맑음,비,눈,더위,추위","봄,여름,가을,겨울",6856949,https://www.10000recipe.com/recipe/6856949,찌개,,,3,,
쌀쌀해진 날씨에 딱~ 부대찌개,한식,"리챔,소세지,양파,애호박,청양고추,대파,팽이버섯,멸치다시육수,배추김치,고춧가루,고추장,간장,맛술,마늘,후추",30,쉬움,"점심,저녁","맑음,비,눈,더위,추위","봄,여름,가을,겨울",6857093,https://www.10000recipe.com/recipe/6857093,찌개,,,3,,
프리타타 만들기 이탈리아 계란찜 요리 계란과 브로콜리의 환상궁합 프리타타 만드는 방법,양식,"브로콜리,계란,우유,파프리카,버섯,베이컨,마늘,버터,파슬리가루,파마산치즈가루,소금,후추",15,쉬움,"아침,점심,야식","맑음,비,눈,더위,추위","봄,여름,가을,겨울",6858656,https://www.10000recipe.com/recipe/6858656,양식,,,3,,
짜작하게 끊인 해물 된장찌게~*,한식,"오징어,새우,홍합,호박,양파,대파,된장,고추장,마늘,고춧가루",30,쉬움,"점심,저녁","맑음,비,눈,더위,추위","봄,여름,가을,겨울",6860347,https://www.10000recipe.com/recipe/6860347,찌개,,,3,,
바게트빵 콕! 찍어먹고 싶은 새콤달콤 토마토홍합스튜♥,한식,"홍합,양파,마늘,청양고추,올리브유,파프리카,방울토마토,화이트와인,후추",30,쉬움,"점심,저녁","맑음,비,눈,더위,추위","봄,여름,가을,겨울",6861493,https://www.10000recipe.com/recipe/6861493,찌개,,,3,,
바지락 콩나물 무국 정말시원해요~,한식,"바지락,콩나물,무,물,마늘,대파,소금",30,쉬움,"점심,저녁","맑음,비,눈,더위,추위","봄,여름,가을,겨울",6861885,https://www.10000recipe.com/recipe/6861885,국/탕,,,3,,
"나래바 추천!!새우로 초간단하게 만드는 술안주, 감바스★",양식,"새우,마늘,소금,후추,카놀라유,페페론치노,바게트빵",10,쉬움,"아침,점심,야식","맑음,비,눈,더위,추위","봄,여름,가을,겨울",6862289,https://www.10000recipe.com/recipe/6862289,양식,,,3,,
[오늘뭐먹지] 에그인헬 나도 만들어 봤다 # 지옥에 빠진 달걀,양식,"소세지,베이컨,청양고추,양송이버섯,마늘,올리브오일,양파,소금양파볶을때,소금나머지채소볶을때,버터,후추,우유,계란,피자치즈,바질잎깻잎",15,쉬움,"아침,점심,야식","맑음,비,눈,더위,추위","봄,여름,가을,겨울",6862466,https://www.10000recipe.com/recipe/6862466,양식,,,3,,
'내맘대로 요리' 베이컨김치떡볶이,한식,"떡볶이떡,김치,베이컨,간장,고추장,고춧가루,올리고당",10,쉬움,"아침,점심,야식","맑음,비,눈,더위,추위","봄,여름,가을,겨울",6863076,https://www.10000recipe.com/recipe/6863076,밥/죽/떡,,,3,,
고소함이 일품인 차돌박이 된장찌게,한식,"차돌박이,두부,청양고추,홍고추,무우,대파,마늘,멸치육수or물,고춧가루,된장",30,쉬움,"점심,저녁","맑음,비,눈,더위,추위","봄,여름,가을,겨울",6863385,https://www.10000recipe.com/recipe/6863385,찌개,,,3,,
추울땐 칼칼한 찌개 [소고기 고추장찌개],한식,"우삼겹,애호박,두부,건표고버섯,멸치다시마육수ml,청양고추,송송썬대파,마늘,고추장듬뿍,된장",30,쉬움,"점심,저녁","맑음,비,눈,더위,추위","봄,여름,가을,겨울",6864019,https://www.10000recipe.com/recipe/6864019,찌개,,,3,,
혼밥메뉴로 강력추천 새싹비빔국수,한식,"국수,어린잎새싹,삶은달걀생략가능,참기름,간장,고춧가루,고추장,매실청생략가능,올리고당,참깨",30,쉬움,"점심,저녁","맑음,비,눈,더위,추위","봄,여름,가을,겨울",6865204,https://www.10000recipe.com/recipe/6865204,면/만두,,,3,,
심플만두 - 냉파요리,한식,"부추,당근,어묵,양파,떡국떡,표고버섯,라이스페이퍼",15,쉬움,"아침,점심,야식","맑음,비,눈,더위,추위","봄,여름,가을,겨울",6865738,https://www.10000recipe.com/recipe/6865738,면/만두,,,3,,
크림소스 치킨스테이크 만들기 베샤멜소스 만드는 방법,양식,"닭정육살,양파,양송이버섯,소금,후추,맛술,버터,밀가루,우유,파마산치즈가루,파슬리가루",30,쉬움,"점심,저녁","맑음,비,눈,더위,추위","봄,여름,가을,겨울",6867616,https://www.10000recipe.com/recipe/6867616,양식,,,3,,
아빠도 할수있는 파프리카 리조또(17개월 유아식),한식,"소고기다진것,양파,브로콜리,칵테일새우,파프리카,우유,올리브유",30,쉬움,"점심,저녁","맑음,비,눈,더위,추위","봄,여름,가을,겨울",6871574,https://www.10000recipe.com/recipe/6871574,밥/죽/떡,,,3,,
먹기 아까울 정도로 귀여운 '토토로 무스비' 만들기,한식,"스팸슬라이스,계란,슬라이스치즈,김밥용김,밥작은,참기름,통깨",30,쉬움,"점심,저녁","맑음,비,눈,더위,추위","봄,여름,가을,겨울",6872268,https://www.10000recipe.com/recipe/6872268,밥/죽/떡,,,3,,
맛이 없을 수 없는 조합! 치즈누룽지주먹밥,한식,"밥,소금,깨,참기름,김가루,식용유,모짜렐라치즈",15,쉬움,"아침,점심,야식","맑음,비,눈,더위,추위","봄,여름,가을,겨울",6872607,https://www.10000recipe.com/recipe/6872607,밥/죽/떡,,,3,,
나는 간편하고 색다른 파스타를 원한다~!!!붓가케 냉파스타,양식,"건스파게티면,계란노른자,가쓰오쯔유,설탕조절,통깨,김,잔파,마늘,아무튀김튀김가루",15,쉬움,"아침,점심,야식","맑음,비,눈,더위,추위","봄,여름,가을,겨울",6872859,https://www.10000recipe.com/recipe/6872859,면/만두,,,3,,
스페인 요리를 집에서! 간단하고 맛있는 감바스 만들기,양식,"새우,마늘,페페론치노큰거,올리브유,소금,후추",15,쉬움,"아침,점심,야식","맑음,비,눈,더위,추위","봄,여름,가을,겨울",6872872,https://www.10000recipe.com/recipe/6872872,양식,,,3,,
대패 된장찌개 - 집밥 백선생 3,한식,"대패삼겹살,양파,대파,두부,감자,청양고추,팽이버섯,애호박,된장,고춧가루",30,쉬움,"점심,저녁","맑음,비,눈,더위,추위","봄,여름,가을,겨울",6873438,https://www.10000recipe.com/recipe/6873438,찌개,,,3,,
"백종원 차돌박이국수, 만능맛간장으로 손쉽게",한식,"간장,맛술,대파,마른표고버섯,다시마,차돌박이,소면,계란,무,만능맛간장,물,마늘,후추,깨,양파,당근,애호박,대파고명,맛간장에있던표고버섯",60,쉬움,저녁,"맑음,비,눈,더위,추위","봄,여름,가을,겨울",6873911,https://www.10000recipe.com/recipe/6873911,면/만두,,,3,,
비오는날은 얼큰한 참치고추장찌개 황금레시피로 따라해보세요:),한식,"애호박,감자,양파,고추,참치,느타리버섯,고추장,물",30,쉬움,"점심,저녁","맑음,비,눈,더위,추위","봄,여름,가을,겨울",6874440,https://www.10000recipe.com/recipe/6874440,찌개,,,3,,
집밥 백선생 백종원 스테이크 만들기,양식,"두꺼운스테이크용소고기,양파,맛소금,후추,올리브유",15,쉬움,"아침,점심,야식","맑음,비,눈,더위,추위","봄,여름,가을,겨울",6875195,https://www.10000recipe.com/recipe/6875195,양식,,,3,,
채식: 가지 된장 덮밥,한식,"가지,파,두부,된장,설탕,고춧가루,전분가루,코코넛오일",10,쉬움,"아침,점심,야식","맑음,비,눈,더위,추위","봄,여름,가을,겨울",6876072,https://www.10000recipe.com/recipe/6876072,밥/죽/떡,,,3,,
통조림햄을 이용한 김치짜글이~! 밥한공기 뚝딱,한식,"통조림햄,새송이버섯,감자,양파,대파,김치,마늘,고추장,고춧가루,멸치액젓,쌀뜨물컵정도",15,쉬움,"아침,점심,야식","맑음,비,눈,더위,추위","봄,여름,가을,겨울",6876396,https://www.10000recipe.com/recipe/6876396,찌개,,,3,,
에그인헬 ( 지옥에서 온 계란 ) 만들기,양식,"자투리채소,비엔나소시지,모짜렐라치즈,바게트빵,계란",15,쉬움,"아침,점심,야식","맑음,비,눈,더위,추위","봄,여름,가을,겨울",6876864,https://www.10000recipe.com/recipe/6876864,양식,,,3,,
오늘 저녁은 맛있는 청국장찌개 끓여보아요 :),한식,"돼지고기,신김치,두부,감자작은것,애호박,양파,대파,청고추,홍고추,청국장,고춧가루,간장,마늘,물세컵",60,쉬움,저녁,"맑음,비,눈,더위,추위","봄,여름,가을,겨울",6876873,https://www.10000recipe.com/recipe/6876873,찌개,,,3,,
"[무드앤쿡 #6] 요리, 세계와 만나다 : 이탈리아 편 - 아란치니",양식,"밥,햄,당근,슬라이스체다치즈,모짜렐라치즈,계란,밀가루,빵가루,버터,소금,후추",30,보통,"점심,저녁","맑음,비,눈,더위,추위","봄,여름,가을,겨울",6877392,https://www.10000recipe.com/recipe/6877392,양식,,,3,,
새우요리 감바스 알 아히요.~ 고소고소~,양식,"새우,베트남고추,레몬,바게트빵,소금,통후추,올리브유,파마산치즈,청경채",30,쉬움,"점심,저녁","맑음,비,눈,더위,추위","봄,여름,가을,겨울",6877862,https://www.10000recipe.com/recipe/6877862,양식,,,3,,
OMG!!! 인생 안주 나왔다 소시지만두피롤,한식,"프랑크소시지,만두피,슬라이스치즈,물,식용유,케첩,머스터드",30,쉬움,"점심,저녁","맑음,비,눈,더위,추위","봄,여름,가을,겨울",6878181,https://www.10000recipe.com/recipe/6878181,면/만두,,,3,,
"부리또보다 맛있는 멕시코요리, 엔칠라다 (Enchilada) 만들기 !",양식,"양파,토마토,파프리카,다진고기,청양고추,키드니빈즈,파,치즈체다치즈,피자치즈,강황가루,고춧가루,토마토페이스트,오레가노가루,소금,후추,양상추",60,쉬움,저녁,"맑음,비,눈,더위,추위","봄,여름,가을,겨울",6878702,https://www.10000recipe.com/recipe/6878702,양식,,,3,,
맛있는 동태찌개 끓이기 : 얼큰하고 시원한 국물요리,한식,"동태,무,콩나물,미나리,홍고추,청양고추,대파,양파,물,멸치,된장가득,고춧가루,마늘,다진생강,소금,액젓",60,쉬움,저녁,"맑음,비,눈,더위,추위","봄,여름,가을,겨울",6878975,https://www.10000recipe.com/recipe/6878975,찌개,,,3,,
우아하게 한입~☆ 양송이 감바스,양식,"양송이버섯,마늘,올리브유,소금,후추,바게트,파마산치즈가루,파슬리가루",30,쉬움,"점심,저녁","맑음,비,눈,더위,추위","봄,여름,가을,겨울",6878997,https://www.10000recipe.com/recipe/6878997,양식,,,3,,
감바스 알 아히오 초간단으로 만들기!,양식,"새우,마늘,올리브유,페페론치니,버터,소금,후추,파슬리가루",15,쉬움,"아침,점심,야식","맑음,비,눈,더위,추위","봄,여름,가을,겨울",6879830,https://www.10000recipe.com/recipe/6879830,양식,,,3,,
갈릭버터/칠리맛 쉬림프박스 - 두가지 버전을 한번에,한식,"칵테일새우큰것,맛술,후추,버터,마늘,설탕,파슬리가루생략가능,청양고추생략가능,케찹,고춧가루",30,쉬움,"점심,저녁","맑음,비,눈,더위,추위","봄,여름,가을,겨울",6880069,https://www.10000recipe.com/recipe/6880069,메인반찬,,,3,,
머스타드참치주먹밥,한식,"옥수수,햇반,참치,김,머스타드,양파",15,쉬움,"아침,점심,야식","맑음,비,눈,더위,추위","봄,여름,가을,겨울",6880562,https://www.10000recipe.com/recipe/6880562,밥/죽/떡,,,3,,
오징어 섞어찌개(추운날씨에 칼칼한 국물이 좋아요),한식,"갑오징어작은크기,애호박,양파,대파,청양고추,당근,돼지고기다짐육,멸치육수,고추장,된장,새우젓,고춧가루,생강술,후춧가루",30,쉬움,"점심,저녁","맑음,비,눈,더위,추위","봄,여름,가을,겨울",6881090,https://www.10000recipe.com/recipe/6881090,찌개,,,3,,
"소고기무국 황금레시피,경상도식으로 얼큰하게~",한식,"소고기국거리,무우,대파,청량고추취향것,콩나물,마늘,간장,고춧가루",30,쉬움,"점심,저녁","맑음,비,눈,더위,추위","봄,여름,가을,겨울",6881243,https://www.10000recipe.com/recipe/6881243,국/탕,,,3,,
겨울에 따뜻한 간식))오직 전자레인지로만 만드는 초간단 맥앤치즈,양식,"슬라이드치즈,우유,마카로니,물,모짜렐라치즈",10,쉬움,"아침,점심,야식","맑음,비,눈,더위,추위","봄,여름,가을,겨울",6881513,https://www.10000recipe.com/recipe/6881513,양식,,,3,,
"맨날 침만 삼키던 에그인헬, 이제 전자레인지로 간단하게!에그인헬",양식,"프랑크소시지,카레가루,소금,계란,피자치즈,바게트,파슬리가루",10,쉬움,"아침,점심,야식","맑음,비,눈,더위,추위","봄,여름,가을,겨울",6882770,https://www.10000recipe.com/recipe/6882770,양식,,,3,,
버섯두부찌개 얼큰 쫀득하네요.~ 두부요리는 언제나 사랑*,한식,"두부,팽이버섯,봉지,만가닥버섯,분량,계란,표고버섯,홍고추,청양고추,대파,참기름,고운고춧가루,마늘,간장,육수,무,파뿌리,표고버섯밑동,멸치,물",30,쉬움,"점심,저녁","맑음,비,눈,더위,추위","봄,여름,가을,겨울",6882905,https://www.10000recipe.com/recipe/6882905,찌개,,,3,,
삼겹살 야끼소바,한식,"삼겹살,스파게티면원동전크기,간장,마늘,대파,양파",10,쉬움,"아침,점심,야식","맑음,비,눈,더위,추위","봄,여름,가을,겨울",6883047,https://www.10000recipe.com/recipe/6883047,면/만두,,,3,,
노릇 노릇 구운 어묵에~새콤달콤 소스 듬뿍 묻혀! 어묵꼬치,한식,"판어묵,식용유,고추장,케찹,설탕,간장,마늘,물",30,쉬움,"점심,저녁","맑음,비,눈,더위,추위","봄,여름,가을,겨울",6883212,https://www.10000recipe.com/recipe/6883212,국/탕,,,3,,
골뱅이 비빔국수~,한식,"골뱅이캔,상추,당근,새싹,대파,오이,소면,시판초고추장,참기름,마늘,올리고당,통깨",15,쉬움,"아침,점심,야식","맑음,비,눈,더위,추위","봄,여름,가을,겨울",6883736,https://www.10000recipe.com/recipe/6883736,면/만두,,,3,,
눈과 입이 즐거운 맛있는 한끼/삼색 파프리카 계란밥구이,한식,"삼색파프리카,흑미밥,계란,깻잎,모짜렐라치즈,맛술,참기름,소금,후추",30,쉬움,"점심,저녁","맑음,비,눈,더위,추위","봄,여름,가을,겨울",6884045,https://www.10000recipe.com/recipe/6884045,밥/죽/떡,,,3,,
소고기 스테이크 소스 고소새콤짭쪼롬 고급진맛~!소고기 타리아타 샐러드 만들기/인기 저녁 메뉴,양식,"아스파라거스,소고기넓적다리살or양지,마늘,블루베리,올리브오일,소금,후추,발사믹식초",30,보통,"점심,저녁","맑음,비,눈,더위,추위","봄,여름,가을,겨울",6884125,https://www.10000recipe.com/recipe/6884125,양식,,,3,,
맛도 모양도 예쁜 - 오이초밥,일식,"고슬고슬한밥,오이,크래미,물,굵은소금,다진양파,마요네즈,식초,설탕,소금",30,쉬움,"점심,저녁","맑음,비,눈,더위,추위","봄,여름,가을,겨울",6884333,https://www.10000recipe.com/recipe/6884333,밥/죽/떡,,,3,,
"만두강정 만들기, 매콤달콤 소스로 더욱 맛있게 ~",한식,"만두,식용유,참기름,통깨,고추장,케찹,올리고당,미림,물,마늘,후추",15,쉬움,"아침,점심,야식","맑음,비,눈,더위,추위","봄,여름,가을,겨울",6884369,https://www.10000recipe.com/recipe/6884369,면/만두,,,3,,
꿀처 간짜장,중식,"돼지고기다짐육,양파,양배추,대파,춘장g,봉지,간마늘,간장,설탕,미원,후춧가루,식용유",30,쉬움,"점심,저녁","맑음,비,눈,더위,추위","봄,여름,가을,겨울",6884954,https://www.10000recipe.com/recipe/6884954,면/만두,,,3,,
인기 메뉴 김치 부대찌개 양념 레시피 만드는법,한식,"배추김치g,포기,햄,줄줄이소시지,라면,대파,청양고추,풋고추,물,된장,간장,고추장,고춧가루,설탕,마늘,소금",30,보통,"점심,저녁","맑음,비,눈,더위,추위","봄,여름,가을,겨울",6885374,https://www.10000recipe.com/recipe/6885374,찌개,,,3,,
"마 활용 건강식, 당뇨 및 고혈압 고지혈증 등에 탁월한, 마 된장찌개",한식,"다시마xcm,말린표고버섯,찬물ml,마작은감자개부피의양,양파작은사이즈개무게,애호박,무,매운고추청양고추등,잔파,대파,두부,간마늘,된장",15,쉬움,"아침,점심,야식","맑음,비,눈,더위,추위","봄,여름,가을,겨울",6885777,https://www.10000recipe.com/recipe/6885777,찌개,,,3,,
#닭안심요리 #닭안심으로 만드는 파닭개장만들기 #재료는 오로지 닭안심과 파뿐!!,한식,"닭안심,통마늘,통후추,통생강,월계수잎,청주,닭육수,대파,고춧가루,마늘,다진생강,고춧기름,간장,후추",90,쉬움,저녁,"맑음,비,눈,더위,추위","봄,여름,가을,겨울",6886161,https://www.10000recipe.com/recipe/6886161,국/탕,,,3,,
닭매운탕 비린내 안나게 맛나게 끓이기,한식,"닭볶음용닭,대파,감자,당근,설탕,청주,쌀뜬물,양파,새송이버섯없어도무관,마늘,간장,고춧가루",60,쉬움,저녁,"맑음,비,눈,더위,추위","봄,여름,가을,겨울",6886304,https://www.10000recipe.com/recipe/6886304,국/탕,,,3,,
신선한 채소와 함께 먹는 볶음닭쌀국수,한식,"닭가슴살g,양파,당근,오이,파프리카,표고버섯,청양고추,쌀국수면,간장,설탕,소금,후추,참기름,연겨자,식초,물",30,쉬움,"점심,저녁","맑음,비,눈,더위,추위","봄,여름,가을,겨울",6886627,https://www.10000recipe.com/recipe/6886627,면/만두,,,3,,
차돌된장찌개 - 못해도 기본은 하지만 잘하면 최고의 맛쉽고 자세히~,한식,"차돌박이,감자,양파,호박,마늘,파,두부,고춧가루,된장,멸치다시육수",30,쉬움,"점심,저녁","맑음,비,눈,더위,추위","봄,여름,가을,겨울",6887236,https://www.10000recipe.com/recipe/6887236,찌개,,,3,,
맑은 소고기무국 개운함이 일품,한식,"소고기,무,대파,두부,참기름,간장,마늘,설탕,소금,후추",30,쉬움,"점심,저녁","맑음,비,눈,더위,추위","봄,여름,가을,겨울",6887336,https://www.10000recipe.com/recipe/6887336,국/탕,,,3,,
취향저격 덮밥요리♪ 매콤어묵당면덮밥,한식,"밥,당면,어묵,양파,고추,고추기름,기름,대파,소금,물,마늘,간장,설탕,후추",30,쉬움,"점심,저녁","맑음,비,눈,더위,추위","봄,여름,가을,겨울",6887713,https://www.10000recipe.com/recipe/6887713,밥/죽/떡,,,3,,
돼지고기 고추장찌개 황금레시피,한식,"돼지고기목살,감자,양파,주키니호박,두부,느타리벗섯,매운고추,소금,후추,식용유,물,고추장,간장,맛술,고춧가루,마늘",30,쉬움,"점심,저녁","맑음,비,눈,더위,추위","봄,여름,가을,겨울",6888041,https://www.10000recipe.com/recipe/6888041,찌개,,,3,,
술을 부르는♥쫄뱅이,한식,"골뱅이,양배추,오이,깻잎,대파,양파,쫄면사리,고추장,간장,설탕,매실액,쌀엿,고춧가루,식초,골뱅이국물",30,쉬움,"점심,저녁","맑음,비,눈,더위,추위","봄,여름,가을,겨울",6888071,https://www.10000recipe.com/recipe/6888071,면/만두,,,3,,
"칼칼한 고추장찌개 황금레시피, 돼지고기 넣어서 푸짐하게 즐겨요 ~",한식,"돼지고기목살,소금,후춧가루,생강가루,미림,감자,양파,애호박,표고버섯,쪽파또는대파,식용유,고춧가루,고추장,물,간장,멸치액젓,설탕,마늘",60,쉬움,저녁,"맑음,비,눈,더위,추위","봄,여름,가을,겨울",6888265,https://www.10000recipe.com/recipe/6888265,찌개,,,3,,
진정한 밥도둑 초스피드 짱맛 백종원 '김치찌개',한식,"쌀뜰물뚝배기반,돼지고기찌개용,된장,신김치,새우젓,마늘,설탕,고춧가루,두부안넣어도됩니다,청양고추,홍고추,파",15,쉬움,"아침,점심,야식","맑음,비,눈,더위,추위","봄,여름,가을,겨울",6888332,https://www.10000recipe.com/recipe/6888332,찌개,,,3,,
신선하게 즐기는♥육우타다끼,한식,"소고기안심,어린잎채소,채썬양파,대파,통깨,허브솔트,후추,올리브유,간장,다시마육수,맛술,와사비,마늘",30,보통,"점심,저녁","맑음,비,눈,더위,추위","봄,여름,가을,겨울",6889376,https://www.10000recipe.com/recipe/6889376,메인반찬,,,3,,
간단하게만드는 고급진 맛♥소고기떡볶이롤,한식,"떡볶이떡,소고기샤브샤브,물,통깨,간장,설탕,물엿,청주,참기름",30,쉬움,"점심,저녁","맑음,비,눈,더위,추위","봄,여름,가을,겨울",6889385,https://www.10000recipe.com/recipe/6889385,면/만두,,,3,,
묵은지 목살 찜 - 수미네반찬 2회,한식,"묵은지,뜨거운물,돼지고기목살,후추,마늘,간장,양파,대파,고춧가루",30,쉬움,"점심,저녁","맑음,비,눈,더위,추위","봄,여름,가을,겨울",6890944,https://www.10000recipe.com/recipe/6890944,메인반찬,,,3,,
입맛까지 살려주는 매콤달콤 열무 비빔 국수,한식,"열무,열무김치국물,공기,국수,고추장,참기름,매실액,설탕",10,쉬움,"아침,점심,야식","맑음,비,눈,더위,추위","봄,여름,가을,겨울",6891736,https://www.10000recipe.com/recipe/6891736,면/만두,,,3,,
김치 불고기 부리또[리큅 듀얼에어프라이어 레시피],양식,"돼지고기다짐육,백미,양상추,체다슬라이스치즈,또띠아,모짜렐라치즈,다진양파,식용유,파프리카빨,노,다진무김치,간장,물,배,양파,마늘다진마늘T,후추,대파흰대,맛술,설탕",30,쉬움,"점심,저녁","맑음,비,눈,더위,추위","봄,여름,가을,겨울",6891872,https://www.10000recipe.com/recipe/6891872,양식,,,3,,
꽃게된장찌개 간단하고 맛있게 끓이기~~,한식,"된장,냉동꽃게,간마늘,애호박,양파,파,물,디포리,다시마",15,쉬움,"아침,점심,야식","맑음,비,눈,더위,추위","봄,여름,가을,겨울",6892013,https://www.10000recipe.com/recipe/6892013,찌개,,,3,,
차돌박이 된장찌개 끓이기,한식,"소고기차돌박이,된장,쌈장,감자,호박,표고버섯,양파,대파,청양고추,멸치,다시마",15,쉬움,"아침,점심,야식","맑음,비,눈,더위,추위","봄,여름,가을,겨울",6892411,https://www.10000recipe.com/recipe/6892411,찌개,,,3,,
집밥백선생 백종원 게살냉라면,한식,"라면,게맛살,양파,청양고추,간장,설탕,식초,미지근한물,얼음,물라면삶기용",10,쉬움,"아침,점심,야식","맑음,비,눈,더위,추위","봄,여름,가을,겨울",6892934,https://www.10000recipe.com/recipe/6892934,면/만두,,,3,,
초간단! 초건강! ♥ 육우버섯찜,한식,"육우차돌박이,숙주,배추,당근,부추,팽이버섯,깻잎,찹쌀가루,소금,후추,맛술,간장,물,식초,설탕,겨자,참기름",30,쉬움,"점심,저녁","맑음,비,눈,더위,추위","봄,여름,가을,겨울",6893047,https://www.10000recipe.com/recipe/6893047,메인반찬,,,3,,
손쉽게 만드는 이탈리아 요리! 치킨 카치아토레 레시피,한식,"닭볶음탕용닭고기,양파,새송이버섯,당근,파프리카,그린빈,치킨육수,소금,후추,건로즈마리,맛술미림",60,쉬움,저녁,"맑음,비,눈,더위,추위","봄,여름,가을,겨울",6893398,https://www.10000recipe.com/recipe/6893398,찌개,,,3,,
전주식 콩나물탕- 수미네반찬 10회,한식,"다시마,멸치,밴댕이,대파뿌리,콩나물,마늘,새우젓,청양고추,통깨,계란,고춧가루",30,쉬움,"점심,저녁","맑음,비,눈,더위,추위","봄,여름,가을,겨울",6893873,https://www.10000recipe.com/recipe/6893873,국/탕,,,3,,
간단 하지만 맛있는 베이컨 당면 덮밥,한식,"불린당면,베이컨,대파,식용유,밥,전분,물,간장,깨소금",15,쉬움,"아침,점심,야식","맑음,비,눈,더위,추위","봄,여름,가을,겨울",6893882,https://www.10000recipe.com/recipe/6893882,밥/죽/떡,,,3,,
고기보다 맛있는 깐풍 표고버섯~,한식,"생표고,청고추,홍고추,대파,통마늘,계란흰자,녹말가루,포도씨유,고추기름,설탕,간장",30,쉬움,"점심,저녁","맑음,비,눈,더위,추위","봄,여름,가을,겨울",6893958,https://www.10000recipe.com/recipe/6893958,메인반찬,,,3,,
캠핑장에서 리챔 감자짜글이,한식,"리챔,감자,양파작은것,대파,청양고추,고추장,고춧가루,된장,설탕,간장,마늘,물",15,쉬움,"아침,점심,야식","맑음,비,눈,더위,추위","봄,여름,가을,겨울",6894218,https://www.10000recipe.com/recipe/6894218,찌개,,,3,,
다른 반찬 필요 없는 참치김치찌개(보글보글 끓이면 완성이에요),한식,"묵은지또는잘익은김치,포기,참치통조림한캔,양파,대파,청양고추,홍고추,고추장,설탕,물",30,쉬움,"점심,저녁","맑음,비,눈,더위,추위","봄,여름,가을,겨울",6895119,https://www.10000recipe.com/recipe/6895119,찌개,,,3,,
쫄깃쫄깃 초코찰떡♡건강까지 챙기는 든든한 간식,한식,"촉촉한찹쌀가루,타먹는초코가루봉,계란,설탕,베이킹파우더,호두분태",60,보통,저녁,"맑음,비,눈,더위,추위","봄,여름,가을,겨울",6895409,https://www.10000recipe.com/recipe/6895409,밥/죽/떡,,,3,,
닭다리살 요리 - 닭다리스테이크,양식,"닭다리살g,소금,후춧가루,아보카도오일,마늘,버터,물,통후춧가루",60,쉬움,저녁,"맑음,비,눈,더위,추위","봄,여름,가을,겨울",6895868,https://www.10000recipe.com/recipe/6895868,양식,,,3,,
소고기무국 황금레시피 깊은맛 내는 비법,한식,"소고기양지g,무,참기름,간장,마늘,소금,후추,대파,두부",60,쉬움,저녁,"맑음,비,눈,더위,추위","봄,여름,가을,겨울",6895956,https://www.10000recipe.com/recipe/6895956,국/탕,,,3,,
귀찮을땐 짜글이,한식,"감자,양파,대파,청양고추,스팸,된장,고추장,고춧가루,간장,맛술,마늘,설탕,물",15,쉬움,"아침,점심,야식","맑음,비,눈,더위,추위","봄,여름,가을,겨울",6896348,https://www.10000recipe.com/recipe/6896348,찌개,,,3,,
브로콜리새우오믈렛 부드럽~게 브런치!,양식,"새우,브로콜리,베이컨,계란,우유,파마산치즈가루,소금,후추",30,보통,"점심,저녁","맑음,비,눈,더위,추위","봄,여름,가을,겨울",6896594,https://www.10000recipe.com/recipe/6896594,양식,,,3,,
예쁜 소풍 도시락으로 강추! 꽃 주먹밥 레시피,한식,"밥,비엔나소시지,계란노른자,당근,대파,소금,케찹",30,쉬움,"점심,저녁","맑음,비,눈,더위,추위","봄,여름,가을,겨울",6897624,https://www.10000recipe.com/recipe/6897624,밥/죽/떡,,,3,,
진짜 핵 맛있음 얌무표 양념누룽밥 만들기ㅣ자취 요리 끝판왕,한식,"밥,양파,조미김,참기름",15,쉬움,"아침,점심,야식","맑음,비,눈,더위,추위","봄,여름,가을,겨울",6897685,https://www.10000recipe.com/recipe/6897685,밥/죽/떡,,,3,,
"국물요리, 들깨감자미역국",한식,"건미역,감자,간장,까나리액젓,마늘,들깨가루,들기름,소금",30,쉬움,"점심,저녁","맑음,비,눈,더위,추위","봄,여름,가을,겨울",6897729,https://www.10000recipe.com/recipe/6897729,국/탕,,,3,,
"첫 눈 오는날! 뜨끈한 국물요리 ""밀푀유나베""만들기",한식,"배춧잎,샤브샤브용소고기cmcm,청경채잎,숙주,흰색백만송이버섯,물ml,육수멸치,마른새우,명태껍질,매운고추,양파,다시마,멸치액젓,간장,소금,후춧가루,육수,레몬즙,꿀,계란노른자선택사항",90,쉬움,저녁,"맑음,비,눈,더위,추위","봄,여름,가을,겨울",6897842,https://www.10000recipe.com/recipe/6897842,국/탕,,,3,,
담백한 가자미 맑은탕,한식,"가자미,무우,팽이버섯,쑥갓,홍고추,소금,액젓,다시마,멸치,마른새우",30,쉬움,"점심,저녁","맑음,비,눈,더위,추위","봄,여름,가을,겨울",6898075,https://www.10000recipe.com/recipe/6898075,국/탕,,,3,,
아이들을 위한 소시지 계란 볶음밥,한식,"양파,소시지,계란,대파,밥,간장,참기름,후추,소금",30,쉬움,"점심,저녁","맑음,비,눈,더위,추위","봄,여름,가을,겨울",6898533,https://www.10000recipe.com/recipe/6898533,밥/죽/떡,,,3,,
(이색 파스타) 삼겹살파스타 / 쌈장파스타 - 대패삼겹살 요리,양식,"파스타면,대패삼겹살,통마늘,올리브유,청양고추,소금,쌈장",60,쉬움,저녁,"맑음,비,눈,더위,추위","봄,여름,가을,겨울",6899211,https://www.10000recipe.com/recipe/6899211,면/만두,,,3,,
담백한 애호박찌개,한식,"애호박,마늘,새우젓,참기름,식용유",10,쉬움,"아침,점심,야식","맑음,비,눈,더위,추위","봄,여름,가을,겨울",6899315,https://www.10000recipe.com/recipe/6899315,찌개,,,3,,
간단하지만 특별한 도시락 밥샌드위치 오니기라즈,한식,"밥,김밥용김,참치g,계란,맛살,깻잎,오이,참기름,통깨,마요네즈",10,쉬움,"아침,점심,야식","맑음,비,눈,더위,추위","봄,여름,가을,겨울",6899465,https://www.10000recipe.com/recipe/6899465,밥/죽/떡,,,3,,
쌀쌀한 날 찌개요리 :: 구수하고 칼칼한 된장찌개 / 기본에 충실,한식,"두부찌개용,육수mlml,애호박,양파,팽이버섯,된장,청양고추,대파,고춧가루",30,쉬움,"점심,저녁","맑음,비,눈,더위,추위","봄,여름,가을,겨울",6899936,https://www.10000recipe.com/recipe/6899936,찌개,,,3,,
고추장찌개 칼칼~하게 끓여먹으면 감기 뚝!,한식,"감자,돼지고기찌개용,or쇠고기,양파,버섯,청양고추,대파,식용유,참기름,고추장,고춧가루,마늘,간장,멸치액젓,물",60,보통,저녁,"맑음,비,눈,더위,추위","봄,여름,가을,겨울",6899968,https://www.10000recipe.com/recipe/6899968,찌개,,,3,,
보들~보들 오믈렛,양식,"밥,계란,김밥용햄,양파,단호박,당근,간장,케찹,소금,후추",30,보통,"점심,저녁","맑음,비,눈,더위,추위","봄,여름,가을,겨울",6900366,https://www.10000recipe.com/recipe/6900366,양식,,,3,,
겨울보양식으로 손색 없는 ~달큼한 소고기 배추국,양식,"소고기국거리,배추,무,콩나물,양파,대파,마늘,다시마우린물,참기름,간장,참치액젓,고춧가루,된장,꽃소금",60,쉬움,저녁,"맑음,비,눈,더위,추위","봄,여름,가을,겨울",6900755,https://www.10000recipe.com/recipe/6900755,국/탕,,,3,,
홈메이드 양고기스테이크 만드는법 - 딸에게#,양식,"프렌치랙스테이크,프렌치랙,양파,아스파라거스,통마늘,허브솔트,통후추,큐민,로즈마리,올리브유",30,보통,"점심,저녁","맑음,비,눈,더위,추위","봄,여름,가을,겨울",6900761,https://www.10000recipe.com/recipe/6900761,양식,,,3,,
카레 볶음밥 아이 밥 메뉴로 좋아요,한식,"감자,당근잘게썰어서,대파잘게썰어서,애호박잘게썰어서,양파,카레가루,계란,밥,소금,후춧가루",15,쉬움,"아침,점심,야식","맑음,비,눈,더위,추위","봄,여름,가을,겨울",6900986,https://www.10000recipe.com/recipe/6900986,밥/죽/떡,,,3,,
냄새는 싫지만 몸에는 좋은 청국장찌개,한식,"물,청국장,양파,두부,호박,마늘혹은다진마늘또는T,고춧가루",60,보통,저녁,"맑음,비,눈,더위,추위","봄,여름,가을,겨울",6901054,https://www.10000recipe.com/recipe/6901054,찌개,,,3,,
"홈파티 요리, 미트로프 만들기, 입에서 녹는 미트로프",양식,"소고기다짐육,계란,빵가루,우유,소금,후추,파슬리가루,황설탕,케찹",90,쉬움,저녁,"맑음,비,눈,더위,추위","봄,여름,가을,겨울",6901386,https://www.10000recipe.com/recipe/6901386,양식,,,3,,
헤어 나올 수 없는 규카츠,양식,"소고기,튀김가루혹은밀가루,빵가루,계란,양배추,와사비,소금,후추,맛술",60,쉬움,저녁,"맑음,비,눈,더위,추위","봄,여름,가을,겨울",6901643,https://www.10000recipe.com/recipe/6901643,양식,,,3,,
살치살버섯볶음으로 건강챙기기 대작전!,한식,"살치살,새송이버섯,표고버섯,양파,대파,소금,후추,마늘,맛술",30,쉬움,"점심,저녁","맑음,비,눈,더위,추위","봄,여름,가을,겨울",6901863,https://www.10000recipe.com/recipe/6901863,메인반찬,,,3,,
짭쪼롬한 만두볶이:D,한식,"냉동만두,식용유,마늘,간장,물엿",15,쉬움,"아침,점심,야식","맑음,비,눈,더위,추위","봄,여름,가을,겨울",6902049,https://www.10000recipe.com/recipe/6902049,면/만두,,,3,,
3분햄버그스테이크와 파인애플 볶음밥으로 레스토랑 분위기연출 해봐요,양식,"분햄버그스테이크,청피망작은것,빨강파프리카,파인애플통조림,즉석밥,식용류,소금",15,쉬움,"아침,점심,야식","맑음,비,눈,더위,추위","봄,여름,가을,겨울",6902424,https://www.10000recipe.com/recipe/6902424,양식,,,3,,
TV요리) 우볶이 / 백주부님의 노하우가 듬-뿍!,한식,"우동면,어묵,양배추,대파,물,고추장,고춧가루,설탕,간장",15,쉬움,"아침,점심,야식","맑음,비,눈,더위,추위","봄,여름,가을,겨울",6902873,https://www.10000recipe.com/recipe/6902873,면/만두,,,3,,
"간단한 설명으로, 빠르게 김치콩나물국 만들기",한식,"콩나물,김치,포기,두부생략가능,청양고추생략가능,김치국물생략가능,고춧가루,마늘,간장,소금,참기름,후춧가루생략가능",30,쉬움,"점심,저녁","맑음,비,눈,더위,추위","봄,여름,가을,겨울",6902887,https://www.10000recipe.com/recipe/6902887,국/탕,,,3,,
5분완성 초간단 해장국으로 맛있는 굴연두부탕,한식,"연두부,굴,쌀뜨물,청양고추,파,간장,마늘,버섯파우더",5,쉬움,"아침,점심,야식","맑음,비,눈,더위,추위","봄,여름,가을,겨울",6904043,https://www.10000recipe.com/recipe/6904043,국/탕,,,3,,
밀푀유나베 만드는법 홈파티 집들이 음식으로 굿,한식,"배추,깻잎,소고기샤브샤브용,청경채,팽이버섯,물,다시마,국물용멸치,양파,파,청양고추,간장,마늘,식초,매실청,연겨자",60,쉬움,저녁,"맑음,비,눈,더위,추위","봄,여름,가을,겨울",6904180,https://www.10000recipe.com/recipe/6904180,국/탕,,,3,,
콩나물 볶음밥 아삭하고 매콤하게,한식,"밥넉넉히,콩나물,봉지,고추장,고춧가루,간장,설탕,맛술,대파,계란,당근,양파,청양고추",15,쉬움,"아침,점심,야식","맑음,비,눈,더위,추위","봄,여름,가을,겨울",6904926,https://www.10000recipe.com/recipe/6904926,밥/죽/떡,,,3,,
아이들이 좋아하는 간식 : 오븐찰떡 간단하게 만들기,한식,"건식찹쌀가루,계란,우유,설탕,베이킹소다,소금,견과류또는건포도",60,쉬움,저녁,"맑음,비,눈,더위,추위","봄,여름,가을,겨울",6904957,https://www.10000recipe.com/recipe/6904957,밥/죽/떡,,,3,,
구수하니 맛있는 들깨두부된장국 아침국으로 최고,한식,"쌈배추크게,두부,대파,표고버섯가루,멸치가루,된장,쌀뜨물,마늘",10,쉬움,"아침,점심,야식","맑음,비,눈,더위,추위","봄,여름,가을,겨울",6905399,https://www.10000recipe.com/recipe/6905399,국/탕,,,3,,
"얼큰한 소고기무국, 경상도식으로 매운 얼큰하게, 소고기국밥",한식,"국거리소고기,무,고춧가루,참기름,콩나물,봉지,양파,대파,물,간장,마늘,설탕,소금,후추",30,쉬움,"점심,저녁","맑음,비,눈,더위,추위","봄,여름,가을,겨울",6905684,https://www.10000recipe.com/recipe/6905684,국/탕,,,3,,
아주 간단한 잠발라야,양식,"닭고기텐더,소시지,새우,치킨스톡,샐러리,양파,피망,토마토,마늘,케이쥰가루,월계수잎,타임,카이엔고추,소금,후추",60,쉬움,저녁,"맑음,비,눈,더위,추위","봄,여름,가을,겨울",6905953,https://www.10000recipe.com/recipe/6905953,양식,,,3,,
"시원하게 밥말아 드세요~ 소고기무국, 백종원",한식,"소고기국거리용,무나박썰기,참기름,간장,소금,마늘,설탕,양파채썸,대파,후추",30,쉬움,"점심,저녁","맑음,비,눈,더위,추위","봄,여름,가을,겨울",6905985,https://www.10000recipe.com/recipe/6905985,국/탕,,,3,,
매콤한찌개의 원조 고추장찌개~,한식,"소고기,새송이버섯,애호박,양파,무,다시멸치,고추장,된장,마늘,생강술,설탕",30,쉬움,"점심,저녁","맑음,비,눈,더위,추위","봄,여름,가을,겨울",6907664,https://www.10000recipe.com/recipe/6907664,찌개,,,3,,
스팸두부조림 만들기,한식,"두부,양파큰것,당근,스팸작은거,육수,계란,고추장,간장,올리고당,고춧가루,설탕,맛술,마늘,후추,물",30,쉬움,"점심,저녁","맑음,비,눈,더위,추위","봄,여름,가을,겨울",6907810,https://www.10000recipe.com/recipe/6907810,찌개,,,3,,
빠네 파스타,양식,"자르지않은덩어리식빵,오뚜기프레스코스파게티면,오뚜기크림스프개,후추,우유,물,양파,버섯",20,보통,"점심,저녁","맑음,비,눈,더위,추위","봄,여름,가을,겨울",6908127,https://www.10000recipe.com/recipe/6908127,면/만두,,,3,,
간단한 에어프라이어 레시피 깐풍만두 만들기,한식,"냉동만두,청고추,홍고추,대파,뿌리,식용유,간장,식초,설탕,마늘,후추,맛술",60,쉬움,저녁,"맑음,비,눈,더위,추위","봄,여름,가을,겨울",6909404,https://www.10000recipe.com/recipe/6909404,면/만두,,,3,,
에어프라이어로 허니버터치즈피자 만들기,양식,"또띠아인치,모짜렐라치즈,콘옥수수,슬라이스치즈,버섯,양파,꿀,버터,마요네즈또는크림치즈,파슬리가루",30,쉬움,"점심,저녁","맑음,비,눈,더위,추위","봄,여름,가을,겨울",6909912,https://www.10000recipe.com/recipe/6909912,양식,,,3,,
야채싫어하는 아이들반찬 고기야채볶음~,양식,"소고기다짐육,돼지고기다짐육,양파,주황파프리카,적색파프리카,대파,간장,설탕,마늘,후추가루,통깨,들기름",30,쉬움,"점심,저녁","맑음,비,눈,더위,추위","봄,여름,가을,겨울",6910823,https://www.10000recipe.com/recipe/6910823,양식,,,3,,
만레'요리교실) 이거 보면 누구나 가능해 (ง •̀_•́)ง 치킨크림스튜 ★,양식,"닭다리살,감자,당근,양파,양송이버섯,배춧잎,시금치,식용유,소금,후추,닭육수,월계수잎,버터,밀가루,우유,생크림",30,쉬움,"점심,저녁","맑음,비,눈,더위,추위","봄,여름,가을,겨울",6910838,https://www.10000recipe.com/recipe/6910838,양식,,,3,,
<미우새김신영> 현미오징어김밥 레시피 맛있는다이어트요리,한식,"현미,흰쌀,오징어,묵은지,김밥김,들기름",10,쉬움,"아침,점심,야식","맑음,비,눈,더위,추위","봄,여름,가을,겨울",6911498,https://www.10000recipe.com/recipe/6911498,밥/죽/떡,,,3,,
메인반찬~소고기마늘쫑야채볶음!,한식,"소고기등심또는목심,양파,빨강파프리카,노랑파프리카,마늘쫑,올리브유,허브솔트,샐러리가루",30,쉬움,"점심,저녁","맑음,비,눈,더위,추위","봄,여름,가을,겨울",6912103,https://www.10000recipe.com/recipe/6912103,메인반찬,,,3,,
통통튀는 새우가 치즈속에 @_@ 새우퐁듀치즈 ★,양식,"새우,소금,후추,마늘,올리브유,페퍼론치노,크림치즈,우유,피자치즈",20,쉬움,"점심,저녁","맑음,비,눈,더위,추위","봄,여름,가을,겨울",6912814,https://www.10000recipe.com/recipe/6912814,양식,,,3,,
[가정간편식] 밥도둑 오징어 짜글이,한식,"오징어,감자,양파,대파,청양고추,홍고추,마늘,후춧가루,멸치다시육수,식용유,고춧가루,고추장,참치액젓,맛술,간장,설탕,생강가루",15,쉬움,"아침,점심,야식","맑음,비,눈,더위,추위","봄,여름,가을,겨울",6913135,https://www.10000recipe.com/recipe/6913135,찌개,,,3,,
만두의 대변신 ★ 로제소스에 만두가 풍덩 ★ 로제만두 ★,한식,"물만두,편마늘,베이컨,양파,생크림,소금,후추,파슬리가루",20,쉬움,"점심,저녁","맑음,비,눈,더위,추위","봄,여름,가을,겨울",6913652,https://www.10000recipe.com/recipe/6913652,면/만두,,,3,,
수요미식회도 인정한 쿠지라이식 라면 꼭 먹어봐야 해요,한식,"라면,라면스프,물,계란,슬라이스치즈,대파",1,보통,"아침,점심,야식","맑음,비,눈,더위,추위","봄,여름,가을,겨울",6913878,https://www.10000recipe.com/recipe/6913878,면/만두,,,3,,
백종원 감자짜글이 자취생도 간단하게,한식,"햄큰통,양파,감자,파,고추,팽이버섯,간장,설탕,마늘,고춧가루,된장,고추장,물",30,쉬움,"점심,저녁","맑음,비,눈,더위,추위","봄,여름,가을,겨울",6914228,https://www.10000recipe.com/recipe/6914228,찌개,,,3,,
박막례 할머니 간장비빔국수/시원한 면요리,한식,"오색소면,당근,애호박,설탕,간장,물,간마늘,식초,참기름,깨소금",20,쉬움,"점심,저녁","맑음,비,눈,더위,추위","봄,여름,가을,겨울",6914288,https://www.10000recipe.com/recipe/6914288,면/만두,,,3,,
여름철 별미 시원한 면 요리!백종원 열무국수 만들기,한식,"소면,열무김치,오이,청양고추,삶은계란,얼음,물,간장,식초,설탕,마늘",20,쉬움,"점심,저녁","맑음,비,눈,더위,추위","봄,여름,가을,겨울",6914348,https://www.10000recipe.com/recipe/6914348,면/만두,,,3,,
돼지고기 고추장찌개 보글보글 끓이기,한식,"돼지고기,감자,양파,대파,청양고추,기름,들기름,고춧가루,고추장,맛술,간마늘,간장,물",15,쉬움,"아침,점심,야식","맑음,비,눈,더위,추위","봄,여름,가을,겨울",6914732,https://www.10000recipe.com/recipe/6914732,찌개,,,3,,
기가 막힌 대패삼겹 짬뽕 만들기,중식,"양파,당근,호박,배추,대파,표고버섯,대패삼겹살,해물믹스,생면국수,마늘,고춧가루,다진생강,간장,맛술,치킨스톡,소금",30,쉬움,"점심,저녁","맑음,비,눈,더위,추위","봄,여름,가을,겨울",6914918,https://www.10000recipe.com/recipe/6914918,면/만두,,,3,,
촉촉한 육즙에 소스까지 완벽해★수제함박스테이크,양식,"소고기,돼지고기,양파,양송이버섯,빵가루,마늘,버터,맛술,밀가루,물,케찹,간장,설탕,물엿",30,쉬움,"점심,저녁","맑음,비,눈,더위,추위","봄,여름,가을,겨울",6915047,https://www.10000recipe.com/recipe/6915047,양식,,,3,,
라면을 이렇게 먹으면 쵝오라지? 베이컨김치볶음면 ★,한식,"라면,김치,양파,편마늘,베이컨,대파,간장,고춧가루,김치국물,참기름,후추",20,쉬움,"점심,저녁","맑음,비,눈,더위,추위","봄,여름,가을,겨울",6915275,https://www.10000recipe.com/recipe/6915275,면/만두,,,3,,
감자황태국만들기#원기회복에 좋아요~ 뽀얀국물이 사골국 못지 않아요.,한식,"황태채,감자,무우,양파,마늘,대파,물,집간장,들기름",60,쉬움,저녁,"맑음,비,눈,더위,추위","봄,여름,가을,겨울",6915510,https://www.10000recipe.com/recipe/6915510,국/탕,,,3,,
퓨전소스두부구이.핵맛남.깔끔,한식,"간돼지고기,파,두부,마늘,된장,고추장,간장,설탕,고춧가루,후추",15,보통,"아침,점심,야식","맑음,비,눈,더위,추위","봄,여름,가을,겨울",6916343,https://www.10000recipe.com/recipe/6916343,메인반찬,,,3,,
TV요리) 이젠 돼지와 크림으로~! 강돼파 ??!! 강호동돼지파스타 ★,양식,"스파게티면,대파,마늘,올리브유,양송이버섯,돼지고기,생크림,우유,달걀노른자,그라나파다노치즈,파슬리가루,소금,후추,고추장,간장,고춧가루,설탕,물",20,쉬움,"점심,저녁","맑음,비,눈,더위,추위","봄,여름,가을,겨울",6916829,https://www.10000recipe.com/recipe/6916829,면/만두,,,3,,
동글동글 꼬소한 병아리콩 튀김 팔라펠,양식,"병아리콩,소금,샐러리,양파,후추,카레가루,마늘",60,쉬움,저녁,"맑음,비,눈,더위,추위","봄,여름,가을,겨울",6917443,https://www.10000recipe.com/recipe/6917443,양식,,,3,,
백종원의 요리비책! 초간단 냉라면,한식,"라면스프건더기포함,콩나물,청양고추,양파,물,간장,식초,설탕,깨소금",15,쉬움,"아침,점심,야식","맑음,비,눈,더위,추위","봄,여름,가을,겨울",6917636,https://www.10000recipe.com/recipe/6917636,면/만두,,,3,,
오지치즈감자 만들기 - 간단 감자 요리,양식,"감자,다진베이컨,다진양파,모짜렐라치즈,체다치즈,식용유",30,쉬움,"점심,저녁","맑음,비,눈,더위,추위","봄,여름,가을,겨울",6917856,https://www.10000recipe.com/recipe/6917856,양식,,,3,,
쫄면 야채 비빔만두 맛있게 만드는법,한식,"쫄면,만두,콩나물,상추,계란,오이,당근,양배추,고추장,고춧가루,간장,설탕,식초,통깨",30,쉬움,"점심,저녁","맑음,비,눈,더위,추위","봄,여름,가을,겨울",6918500,https://www.10000recipe.com/recipe/6918500,면/만두,,,3,,
혼밥으로 나폴리탄 스파게티 간단하고 맛있게 즐기자,한식,"스파게티면,양파,소세지,대파,계란,케첩,설탕,파슬리가루,후추,버터,식용유",15,쉬움,"아침,점심,야식","맑음,비,눈,더위,추위","봄,여름,가을,겨울",6918951,https://www.10000recipe.com/recipe/6918951,면/만두,,,3,,
김없이 싸는 혼밥 도시락 달갈말이 밥,한식,"밥,단무지,스팸햄,크래미,계란,토마토케첩,식용유,참기름,깨소금,고운소금,참치액",30,쉬움,"점심,저녁","맑음,비,눈,더위,추위","봄,여름,가을,겨울",6919530,https://www.10000recipe.com/recipe/6919530,밥/죽/떡,,,3,,
햄 짜글이찌개 햄이듬뿍,한식,"감자,양파,대파,통조림햄,청양고추,설탕,고춧가루,간장,마늘,된장,고추장",60,쉬움,저녁,"맑음,비,눈,더위,추위","봄,여름,가을,겨울",6919613,https://www.10000recipe.com/recipe/6919613,찌개,,,3,,
버섯크림리조또를 제대로 즐기는 법~! l 풍기리조또,양식,"쌀,다진양파,양송이버섯,표고버섯,마늘,버터,생크림,뜨거운물,치킨파우더,올리브유,후추,소금,그라노파다노치즈",30,쉬움,"점심,저녁","맑음,비,눈,더위,추위","봄,여름,가을,겨울",6919819,https://www.10000recipe.com/recipe/6919819,양식,,,3,,
아이돌레시피! EXO백현의 계란간장국수,한식,"국수,계란,소금,참깨,간장,참기름,설탕",15,쉬움,"아침,점심,야식","맑음,비,눈,더위,추위","봄,여름,가을,겨울",6920387,https://www.10000recipe.com/recipe/6920387,면/만두,,,3,,
찹스테이크 만드는 법 찹스테이크 소스 만들기,양식,"스테이크소고기,주황색미니파프리카,빨간색미니파프리카,노란색미니파프리카,마늘,양송이버섯,새송이버섯,양파,올리브오일,소금,후춧가루,케첩,올리고당",30,쉬움,"점심,저녁","맑음,비,눈,더위,추위","봄,여름,가을,겨울",6921036,https://www.10000recipe.com/recipe/6921036,양식,,,3,,
[구황작물]감자고로케. 에어프라이어로 만들었어요,양식,"감자,양파,슈레드치즈,버터,계란,설탕,천일염,오일,밀가루,빵가루,파슬리,트러플오일,통후추",60,쉬움,저녁,"맑음,비,눈,더위,추위","봄,여름,가을,겨울",6921083,https://www.10000recipe.com/recipe/6921083,양식,,,3,,
혼밥 메뉴 추천 연두부 계란덮밥 만드는 법,한식,"계란,연두부,대파,당근,볶은참깨,소금,후춧가루",30,쉬움,"점심,저녁","맑음,비,눈,더위,추위","봄,여름,가을,겨울",6921651,https://www.10000recipe.com/recipe/6921651,밥/죽/떡,,,3,,
김치 고추장 비빔국수,한식,"묵은지,소면,사과,당근,오이,고추장,물엿,참기름,깨소금,김치국물",10,쉬움,"아침,점심,야식","맑음,비,눈,더위,추위","봄,여름,가을,겨울",6921992,https://www.10000recipe.com/recipe/6921992,면/만두,,,3,,
돼지고기 김치찌개 만들기ㅣ깊은 맛의 핵심은?ㅣ,한식,"돼지고기앞다리살,김치,두부,파,청양고추,간장,마늘,통후추,고춧가루,된장",20,쉬움,"점심,저녁","맑음,비,눈,더위,추위","봄,여름,가을,겨울",6922163,https://www.10000recipe.com/recipe/6922163,찌개,,,3,,
[아이반찬] 흰 살 생선 뭇국,한식,"명태살,물,무,새우젓,대파,마늘,디포리,다시마X,대파뿌리,양파껍질",30,쉬움,"점심,저녁","맑음,비,눈,더위,추위","봄,여름,가을,겨울",6922667,https://www.10000recipe.com/recipe/6922667,국/탕,,,3,,
야끼만두! 집에서 간단하게 만들어 먹는 초간단 야끼만두![문주부TV],한식,"당면,대파,청양고추,맛소금,굵은소금,후추,만두피",15,쉬움,"아침,점심,야식","맑음,비,눈,더위,추위","봄,여름,가을,겨울",6923368,https://www.10000recipe.com/recipe/6923368,면/만두,,,3,,
삼겹살매콤소스무침 l 삼겹살을 차갑게 먹는 방법 ???!!!!,한식,"대패삼겹살,부추,양파,물,간장,청주,후추,청양고추,식초,설탕,참기름",20,쉬움,"점심,저녁","맑음,비,눈,더위,추위","봄,여름,가을,겨울",6923701,https://www.10000recipe.com/recipe/6923701,메인반찬,,,3,,
맑은 순두부찌개 칼칼하고 담백한 맛이좋아,한식,"순두부,애호박,표고버섯,고추씨,홍고추,풋고추,마늘,대파,뿌리,새우젓,멸치육수",15,쉬움,"아침,점심,야식","맑음,비,눈,더위,추위","봄,여름,가을,겨울",6923710,https://www.10000recipe.com/recipe/6923710,찌개,,,3,,
허브버터스테이크 : 간단한 허브버터와 육즙 팡팡 스테이크굽기 ♥,양식,"살치살,소금,후추,올리브유,로즈마리,버터,마늘,양파,레몬,타임",20,쉬움,"점심,저녁","맑음,비,눈,더위,추위","봄,여름,가을,겨울",6924030,https://www.10000recipe.com/recipe/6924030,양식,,,3,,
♥[신혼밥상] 웰빙 양배추쌈밥,한식,"밥,양배추,새송이버섯or반봉지,된장,고추장,고춧가루,설탕,대파,양파,마늘,청양고추",20,쉬움,"점심,저녁","맑음,비,눈,더위,추위","봄,여름,가을,겨울",6924122,https://www.10000recipe.com/recipe/6924122,밥/죽/떡,,,3,,
백종원 감자짜글이 꼭 요리해야할 레시피,한식,"감자,양파,통조림햄,청양고추,채썬대파,마늘,된장,고추장,고춧가루,황설탕,간장,물",10,쉬움,"아침,점심,야식","맑음,비,눈,더위,추위","봄,여름,가을,겨울",6924685,https://www.10000recipe.com/recipe/6924685,찌개,,,3,,
설날 특별하게 : 연어 스시볼 Salmon Temari Sushi (手まり寿司),한식,"연어,밥듬뿍,와사비,식초,설탕,소금",30,쉬움,"점심,저녁","맑음,비,눈,더위,추위","봄,여름,가을,겨울",6924980,https://www.10000recipe.com/recipe/6924980,밥/죽/떡,,,3,,
오징어뭇국 깔끔한 매칼함을 느껴보세요.,한식,"물오징어,무,애호박,다시팩,건고추,물,고추장,간장,소금,마늘,고춧가루,대파,청양고추",60,쉬움,저녁,"맑음,비,눈,더위,추위","봄,여름,가을,겨울",6925039,https://www.10000recipe.com/recipe/6925039,국/탕,,,3,,
집밥 백선생 함박스테이크^~^,양식,"소고기,돼지고기,양파,당근,빵가루,버터,표고버섯,계란,케첩,마늘",30,쉬움,"점심,저녁","맑음,비,눈,더위,추위","봄,여름,가을,겨울",6925213,https://www.10000recipe.com/recipe/6925213,양식,,,3,,
닭가슴살 무스비 다이어트 도시락,한식,"닭가슴살,밥,김치다진것,김밥김,깨,참기름",15,쉬움,"아침,점심,야식","맑음,비,눈,더위,추위","봄,여름,가을,겨울",6925327,https://www.10000recipe.com/recipe/6925327,밥/죽/떡,,,3,,
10분뚝딱 김치 비빔국수 만드는법 입맛헌터 초간단 면요리,한식,"김치,포기,고추장,고춧가루,설탕,통깨,참기름,상추,계란,소면",20,쉬움,"점심,저녁","맑음,비,눈,더위,추위","봄,여름,가을,겨울",6926458,https://www.10000recipe.com/recipe/6926458,면/만두,,,3,,
♥[신혼밥상] 윤블리네 팟타이,한식,"쌀국수면,숙주크게,청경채,대파,양파,새우,계란,마늘,다진땅콩,올리고당,땅콩버터,청양고추,레몬즙,간장,설탕,물",30,쉬움,"점심,저녁","맑음,비,눈,더위,추위","봄,여름,가을,겨울",6926572,https://www.10000recipe.com/recipe/6926572,면/만두,,,3,,
"부추를 곁들인 발사믹 꿀오리 만드는 법, 완전 건강하고 정말 쉬운 레시피예요!!",한식,"오리슬라이스,부추,발사믹식초,꿀",30,쉬움,"점심,저녁","맑음,비,눈,더위,추위","봄,여름,가을,겨울",6927040,https://www.10000recipe.com/recipe/6927040,메인반찬,,,3,,
이영자가 공개하고 싶지 않았던! 그 레시피! 명란떡국 ★,한식,"떡국떡,명란젓,계란,멸치다시마육수,대파,애호박,청양고추,홍고추,간장,만두,만개한알",30,쉬움,"점심,저녁","맑음,비,눈,더위,추위","봄,여름,가을,겨울",6927090,https://www.10000recipe.com/recipe/6927090,국/탕,,,3,,
대패 삼겹살 순두부 짜글이,한식,"순두부,대패삼겹살,양파,대파,청양고추,홍고추,마늘,생강,멸치다시육수,고춧가루,고추장,간장,맛술,설탕,참기름,후춧가루",20,쉬움,"점심,저녁","맑음,비,눈,더위,추위","봄,여름,가을,겨울",6927266,https://www.10000recipe.com/recipe/6927266,찌개,,,3,,
아직도 짬뽕을 시켜 드시나요?? ㅎㅎㅎ,중식,"양파,양배추양파분량정도,청경채,대파,마늘,생강,건고추,오징어,새우,홍합,중화면,목이버섯,고춧가루,고추기름,참기름,간장,후추,맛술,치킨스톡",30,쉬움,"점심,저녁","맑음,비,눈,더위,추위","봄,여름,가을,겨울",6927640,https://www.10000recipe.com/recipe/6927640,국/탕,,,3,,
"돼지 뒷다리살의 고급진 변신, 토마토돼지스튜",양식,"돼지고기뒷다리살,버터,마늘,양파,샐러리,큐민가루,바질,넛맥,후추가루,황설탕,파프리카파우더,고운고춧가루,토마토,홀토마토,당근,감자,물,월계수잎,소금,케첩,사워크림,타임",60,쉬움,저녁,"맑음,비,눈,더위,추위","봄,여름,가을,겨울",6927866,https://www.10000recipe.com/recipe/6927866,양식,,,3,,
자극적이지 않고 부드러운 순두부계란탕,한식,"순두부,계란,대파,마늘,새우젓,소금,물,다시멸치,다시마,무,양파",60,쉬움,저녁,"맑음,비,눈,더위,추위","봄,여름,가을,겨울",6928400,https://www.10000recipe.com/recipe/6928400,국/탕,,,3,,
아보카도 매콤 비빔국수,한식,"소면,아보카도,알배추잎,양상추,간장,매실청,고춧가루,고추장,식초,마늘,설탕,연겨자,들기름,깨,후추",30,쉬움,"점심,저녁","맑음,비,눈,더위,추위","봄,여름,가을,겨울",6928444,https://www.10000recipe.com/recipe/6928444,면/만두,,,3,,
진한 리얼 치즈 쿠키 ! 치즈좋아하면 강추,한식,"무염버터,설탕,계란,박력분,파마산치즈가루",60,쉬움,저녁,"맑음,비,눈,더위,추위","봄,여름,가을,겨울",6928509,https://www.10000recipe.com/recipe/6928509,,,,3,,
초간단 한끼식사 나시고랭 볶음밥,한식,"밥,대파,해산물새우or낙지,계란,숙주,간장,설탕,맛술",10,쉬움,"아침,점심,야식","맑음,비,눈,더위,추위","봄,여름,가을,겨울",6928945,https://www.10000recipe.com/recipe/6928945,밥/죽/떡,,,3,,
앵규리크림쫄면 따라하기 ! 이경규의 편스토랑 우승작!,한식,"쫄면,베이컨,느타리버섯,양파,우유,생크림,버터,마늘,페페론치노",30,쉬움,"점심,저녁","맑음,비,눈,더위,추위","봄,여름,가을,겨울",6930907,https://www.10000recipe.com/recipe/6930907,면/만두,,,3,,
면역력 증강! 고구마 생채 비빔밥,한식,"고구마,대파,멸치액젓,마늘,굵은고춧가루,고운고춧가루,황설탕,식초,꽃소금,참깨,참기름,밥,고추장,물",20,쉬움,"점심,저녁","맑음,비,눈,더위,추위","봄,여름,가을,겨울",6931453,https://www.10000recipe.com/recipe/6931453,밥/죽/떡,,,3,,
"초간단 다이어트 요리!! 양배추 계란 덮밥 만들기 (단백질 40.89kcal, 지방 8.29g, 탄수화물 35g)",한식,"현미밥,계란,닭가슴살소세지,양배추,칵테일새우,파슬리,참기름",20,쉬움,"점심,저녁","맑음,비,눈,더위,추위","봄,여름,가을,겨울",6932039,https://www.10000recipe.com/recipe/6932039,밥/죽/떡,,,3,,
최애반찬 고기집 된장찌개 이런비밀이.... 개꿀이네...,한식,"애호박,양파,두부,청양고추,대파,모듬버섯,간장,고춧가루,된장,물",10,쉬움,"아침,점심,야식","맑음,비,눈,더위,추위","봄,여름,가을,겨울",6933238,https://www.10000recipe.com/recipe/6933238,찌개,,,3,,
건강식단~시원하게먹는 머위대들깨국!,한식,"머위대,홍고추,청양고추,소금,마늘,간장,들기름,다시마육수,들깨가루",30,쉬움,"점심,저녁","맑음,비,눈,더위,추위","봄,여름,가을,겨울",6934408,https://www.10000recipe.com/recipe/6934408,국/탕,,,3,,
♥[신혼밥상] 닭가슴살 그라탕 한그릇,한식,"밥,닭가슴살,양파,대파,마늘,모짜렐라치즈,체다슬라이스치즈",20,쉬움,"점심,저녁","맑음,비,눈,더위,추위","봄,여름,가을,겨울",6934433,https://www.10000recipe.com/recipe/6934433,밥/죽/떡,,,3,,
크레페 만들기,양식,"밀가루,우유,버터,계란,소금,바닐라익스트랙",60,쉬움,저녁,"맑음,비,눈,더위,추위","봄,여름,가을,겨울",6934895,https://www.10000recipe.com/recipe/6934895,양식,,,3,,
초간단 야식☆ 물만두 강정,한식,"물만두,설탕,마늘,고추장,케찹,물,통깨",10,쉬움,"아침,점심,야식","맑음,비,눈,더위,추위","봄,여름,가을,겨울",6935121,https://www.10000recipe.com/recipe/6935121,면/만두,,,3,,
치즈돈까스만들기 연돈치즈돈까스 집에서도,양식,"돼지등심,통모짜렐라치즈,후추,소금,계란,튀김가루,빵가루,버터,케찹,올리고당,물",60,쉬움,저녁,"맑음,비,눈,더위,추위","봄,여름,가을,겨울",6935570,https://www.10000recipe.com/recipe/6935570,양식,,,3,,
"초간단 레시피, 슴슴한 국물이 일품인 감자국 만들기",한식,"감자,양파,계란,간장,마늘,소금,참기름",30,쉬움,"점심,저녁","맑음,비,눈,더위,추위","봄,여름,가을,겨울",6935697,https://www.10000recipe.com/recipe/6935697,국/탕,,,3,,
감바스 알 아히요,양식,"생새우,통마늘,올리브오일,파슬리,오레가노,페페론치노,소금,후추",15,쉬움,"아침,점심,야식","맑음,비,눈,더위,추위","봄,여름,가을,겨울",6936275,https://www.10000recipe.com/recipe/6936275,양식,,,3,,
야식으로 딱 좋은 나가사끼짬뽕탕 간단하게 끓이기,중식,"사골곰탕,물,오징어,칵테일새우,조개,미향또는맛술,베트남고추,소금,간장",20,쉬움,"점심,저녁","맑음,비,눈,더위,추위","봄,여름,가을,겨울",6936293,https://www.10000recipe.com/recipe/6936293,국/탕,,,3,,
백종원 오이냉국 만들기 비율만 알면 쉽죠!,한식,"오이,양파,청양고추or홍고추,마늘,생수,소금,숟갈,간장,설탕,식초",15,쉬움,"아침,점심,야식","맑음,비,눈,더위,추위","봄,여름,가을,겨울",6936688,https://www.10000recipe.com/recipe/6936688,국/탕,,,3,,
"쉬운 미슐랭 3스타 레시피, 부드러운 감자 퓨레",양식,"감자,우유혹은두유,좋은버터,소금물리터당g,물",30,쉬움,"점심,저녁","맑음,비,눈,더위,추위","봄,여름,가을,겨울",6936904,https://www.10000recipe.com/recipe/6936904,양식,,,3,,
우리집 야식은 오징어쫄면~,한식,"오징어,양배추,양파,당근,부추,대파,쫄면,무쌈용무,오이,청량고추,고추장,고춧가루,식초,설탕,후추,간마늘,간장,매실청,참기름,통깨,간생강",20,쉬움,"점심,저녁","맑음,비,눈,더위,추위","봄,여름,가을,겨울",6937590,https://www.10000recipe.com/recipe/6937590,면/만두,,,3,,
맛있게 된장찌개 끓이기,한식,"된장,감자,애호박,양파,청양고추,느타리버섯,두부,마늘,멸치육수",20,쉬움,"점심,저녁","맑음,비,눈,더위,추위","봄,여름,가을,겨울",6937615,https://www.10000recipe.com/recipe/6937615,찌개,,,3,,
"비오는 날,아삭한 소고기 마늘 꼬치구이",한식,"소고기부채살,마늘,꼬치,식용유,간장,맛술,올리고당,깨",30,쉬움,"점심,저녁","맑음,비,눈,더위,추위","봄,여름,가을,겨울",6938622,https://www.10000recipe.com/recipe/6938622,메인반찬,,,3,,
[토마토 파스타] 가지 토마토 스파게티 Ver.1,양식,"스파게티,가지,양송이버섯,양파,마늘,버터,올리브유,화이트와인,치킨스톡,바질,파마산치즈가루,파슬리,소금,후추",10,쉬움,"아침,점심,야식","맑음,비,눈,더위,추위","봄,여름,가을,겨울",6938674,https://www.10000recipe.com/recipe/6938674,양식,,,3,,
비오는 날 먹기 좋은 돼지고기 고추장찌개 맛있게 만들기 (+양념레시피),한식,"돼지고기앞다리살,대파,감자,양파,돼지호박,느타리버섯,쌀뜨물,고추장,고춧가루,간장,맛술,설탕,마늘,들기름",60,쉬움,저녁,"맑음,비,눈,더위,추위","봄,여름,가을,겨울",6938813,https://www.10000recipe.com/recipe/6938813,찌개,,,3,,
칠리 콘 카르네 chili con carne,양식,"다진소고기,양파,마늘,파프리카,홀토마토,강낭콩,올리브오일,큐민,파프리카파우더,카이엔페퍼,칠리파우더,소금,후추",30,쉬움,"점심,저녁","맑음,비,눈,더위,추위","봄,여름,가을,겨울",6939018,https://www.10000recipe.com/recipe/6939018,양식,,,3,,
소고기뭇국 맛있게 끓이기,한식,"소고기국거리,무,간장,마늘,참기름,대파,소금,후추",30,쉬움,"점심,저녁","맑음,비,눈,더위,추위","봄,여름,가을,겨울",6939224,https://www.10000recipe.com/recipe/6939224,국/탕,,,3,,
사리곰탕 아세요? 사리 곰탕도 얼큰해도 괜찮겠죠? 국물이 아주 끝내 줘버리는군!!,한식,"사리곰탕,간마늘,대파,새우젓,고춧가루,식용유,후추",20,쉬움,"점심,저녁","맑음,비,눈,더위,추위","봄,여름,가을,겨울",6939800,https://www.10000recipe.com/recipe/6939800,면/만두,,,3,,
새우크림파스타 ~ 평범한 날의 특별한 요리 ^^,양식,"새우,브로콜리,양파,통마늘,파스타면,생크림,우유,파르마산치즈가루,청주,소금,후춧가루",20,쉬움,"점심,저녁","맑음,비,눈,더위,추위","봄,여름,가을,겨울",6939947,https://www.10000recipe.com/recipe/6939947,면/만두,,,3,,
"다이어트 식단 새송이버섯 요리, 새송이떡갈비 만들기",한식,"다진소고기,다진돼지고기,새송이버섯기둥,마늘",30,쉬움,"점심,저녁","맑음,비,눈,더위,추위","봄,여름,가을,겨울",6940061,https://www.10000recipe.com/recipe/6940061,메인반찬,,,3,,
고추참치 볶음밥,한식,"고추참치,양파,밥,모차렐라치즈,고추장,고춧가루,설탕,케첩",60,쉬움,저녁,"맑음,비,눈,더위,추위","봄,여름,가을,겨울",6940872,https://www.10000recipe.com/recipe/6940872,밥/죽/떡,,,3,,
콩나물 두부 찜,한식,"두부,양파,대파,콩나물,고춧가루,간장,설탕,마늘,참기름,참깨",60,쉬움,저녁,"맑음,비,눈,더위,추위","봄,여름,가을,겨울",6941287,https://www.10000recipe.com/recipe/6941287,찌개,,,3,,
먹다 남은 오이로 만든 오이 미역 냉국,한식,"불린미역,오이,청양고추,마늘,통깨,물,소금,설탕,식초",20,쉬움,"점심,저녁","맑음,비,눈,더위,추위","봄,여름,가을,겨울",6941301,https://www.10000recipe.com/recipe/6941301,국/탕,,,3,,
이대로 따라만하면 '아는 그 맛' 집밥의 정석! 완전기본! - 된장찌개,한식,"된장,고추장,두부,감자,호박,양파,마늘,멸치,다시마육수",30,쉬움,"점심,저녁","맑음,비,눈,더위,추위","봄,여름,가을,겨울",6941432,https://www.10000recipe.com/recipe/6941432,찌개,,,3,,
맛과 감성 모두 잡았다... 자취생도 만드는 로제푸실리파스타!,양식,"푸실리면,우유,양파,베이컨,통마늘,페페론치노,소금,후추,올리브유,파마산치즈가루,파슬리가루",30,쉬움,"점심,저녁","맑음,비,눈,더위,추위","봄,여름,가을,겨울",6942020,https://www.10000recipe.com/recipe/6942020,양식,,,3,,
중독성 강한 충무김밥 :)경기미 가와지1호,한식,"김밥용김,경기미가와지호쌀밥,오징어,사각어묵,소금,참기름,참깨,고춧가루,간장,맛술,마늘,올리고당또는설탕",15,쉬움,"아침,점심,야식","맑음,비,눈,더위,추위","봄,여름,가을,겨울",6942025,https://www.10000recipe.com/recipe/6942025,밥/죽/떡,,,3,,
감자국수?! 진짜 감자로 만든 리얼감자국수 ♥,한식,"감자,감자전분,계란,다진소고기,대파,식용유,소금,후추,간장,설탕,고춧가루,마늘",30,쉬움,"점심,저녁","맑음,비,눈,더위,추위","봄,여름,가을,겨울",6942160,https://www.10000recipe.com/recipe/6942160,면/만두,,,3,,
가을엔 얼큰한 버섯전골,한식,"느타리버섯,표고버섯,팽이버섯,봉지,두부,대파,애호박,양파,청양고추,고춧가루,고추장,된장,맛술,간장,마늘,후추",30,쉬움,"점심,저녁","맑음,비,눈,더위,추위","봄,여름,가을,겨울",6942548,https://www.10000recipe.com/recipe/6942548,찌개,,,3,,
순두부콩나물국 시원하게 후루룩 마셔볼까요? [코로나극복],한식,"순두부,손질콩나물,멸치다시마육수,맑은국간장,청양고추,홍고추,대파,소금",60,쉬움,저녁,"맑음,비,눈,더위,추위","봄,여름,가을,겨울",6942633,https://www.10000recipe.com/recipe/6942633,국/탕,,,3,,
모닝빵으로 간단 햄버거 만들기,양식,"모닝빵,고기산적,푸른잎채소,계란,슬라이스치즈,케첩,마요네즈",10,쉬움,"아침,점심,야식","맑음,비,눈,더위,추위","봄,여름,가을,겨울",6942826,https://www.10000recipe.com/recipe/6942826,양식,,,3,,
스파이시 투움바 파스타 만들기!!♡,양식,"링귀니파스타면,새우,우유,양파,청양고추,고춧가루,마늘,간장",15,쉬움,"아침,점심,야식","맑음,비,눈,더위,추위","봄,여름,가을,겨울",6943034,https://www.10000recipe.com/recipe/6943034,양식,,,3,,
[추석요리]쌀쌀한 날에는~~ 소고기 무국,한식,"소고기,무,잔파,마늘,참기름,간장,액젓,설탕,소금",60,쉬움,저녁,"맑음,비,눈,더위,추위","봄,여름,가을,겨울",6943101,https://www.10000recipe.com/recipe/6943101,국/탕,,,3,,
콩나물불고기 레시피,한식,"대패삼겹살,콩나물,양파,새송이버섯,대파,청양고추,고춧가루,고추장,간장,설탕,마늘,맛술",60,쉬움,저녁,"맑음,비,눈,더위,추위","봄,여름,가을,겨울",6944255,https://www.10000recipe.com/recipe/6944255,메인반찬,,,3,,
시금치 양파 치즈 스크램블에그,양식,"계란,시금치,우유,양파,치즈좋아하는걸로,소금,후추,올리브오일",5,쉬움,"아침,점심,야식","맑음,비,눈,더위,추위","봄,여름,가을,겨울",6944305,https://www.10000recipe.com/recipe/6944305,양식,,,3,,
김치찌개 (백종원레시피따라해보기),한식,"김치,돼지고기,물,새우젓,대파,청고추또는청양고추,마늘,고춧가루,간장",30,쉬움,"점심,저녁","맑음,비,눈,더위,추위","봄,여름,가을,겨울",6944445,https://www.10000recipe.com/recipe/6944445,찌개,,,3,,
백파더 참치동그랑땡 촉촉해라,한식,"참치캔g,계란,부침가루,마늘,양파,당근,대파,청양고추",15,쉬움,"아침,점심,야식","맑음,비,눈,더위,추위","봄,여름,가을,겨울",6945399,https://www.10000recipe.com/recipe/6945399,메인반찬,,,3,,
서양식 계란찜! 오믈렛 대신 프리타타,양식,"베이컨,방울토마토,양파,시금치,느타리버섯,체다치즈,파마산치즈,계란,우유,소금,후추,파슬리가루",30,쉬움,"점심,저녁","맑음,비,눈,더위,추위","봄,여름,가을,겨울",6945561,https://www.10000recipe.com/recipe/6945561,양식,,,3,,
돼지고기 간장떡볶이~유아/어린이들이 먹기좋아요,한식,"떡국떡,돼지고기다짐육,납작오뎅,대파,조림간장,올리고당,설탕,올리브유,후추가루,물",15,쉬움,"아침,점심,야식","맑음,비,눈,더위,추위","봄,여름,가을,겨울",6945682,https://www.10000recipe.com/recipe/6945682,밥/죽/떡,,,3,,
소스가 맛있는 만두강정 만들기,한식,"만두,식용유,고추장,케첩,간장,물,올리고당,미림,마늘,견과류",15,쉬움,"아침,점심,야식","맑음,비,눈,더위,추위","봄,여름,가을,겨울",6945828,https://www.10000recipe.com/recipe/6945828,면/만두,,,3,,
초간단 차돌된장찌개 만드는법,한식,"멸치다시육수팩,양파,차돌박이,된장,고추장,고추,고춧가루,마늘",30,쉬움,"점심,저녁","맑음,비,눈,더위,추위","봄,여름,가을,겨울",6946620,https://www.10000recipe.com/recipe/6946620,국/탕,,,3,,
[아기 어묵국] 간단한 유아식 국 만들기.,한식,"무,어묵,멸치육수,마늘,간장",15,쉬움,"아침,점심,야식","맑음,비,눈,더위,추위","봄,여름,가을,겨울",6946693,https://www.10000recipe.com/recipe/6946693,국/탕,,,3,,
분식집 떡볶이 100%성공하기,한식,"밀떡,어묵,대파,뿌리,물,고운고추가루,백설탕,다시다,물엿,미원,후추,소주잔,소금",30,보통,"점심,저녁","맑음,비,눈,더위,추위","봄,여름,가을,겨울",6946818,https://www.10000recipe.com/recipe/6946818,밥/죽/떡,,,3,,
꽁치김치찌개,한식,"통조림꽁치,김치,포기,양파작은거,청양고추,대파,물,참기름,마늘,된장,설탕,고춧가루",15,쉬움,"아침,점심,야식","맑음,비,눈,더위,추위","봄,여름,가을,겨울",6946943,https://www.10000recipe.com/recipe/6946943,찌개,,,3,,
쉽게 해먹은 참치캔 애호박 찌개,한식,"애호박,감자,양파,참치캔,대파,홍고추,쌀뜬물,된장,고추장",30,쉬움,"점심,저녁","맑음,비,눈,더위,추위","봄,여름,가을,겨울",6947624,https://www.10000recipe.com/recipe/6947624,찌개,,,3,,
"집에서 만드는 프랑스식 디저트, 햄우유키쉬",양식,"통조림햄,통,양송이버섯,양파,계란,우유,생크림,만두피,모짜렐라치즈,소금,후추",30,쉬움,"점심,저녁","맑음,비,눈,더위,추위","봄,여름,가을,겨울",6948907,https://www.10000recipe.com/recipe/6948907,양식,,,3,,
소고기무들깨탕~어린이국/건강식단,한식,"소고기,무,들깨가루,후추가루,마늘,소금",30,쉬움,"점심,저녁","맑음,비,눈,더위,추위","봄,여름,가을,겨울",6949191,https://www.10000recipe.com/recipe/6949191,국/탕,,,3,,
초간단 참치김치찌개,한식,"익은배추김치,참치캔큰것,대파,물,간장,마늘,설탕,후추가루,해바라기유",15,쉬움,"아침,점심,야식","맑음,비,눈,더위,추위","봄,여름,가을,겨울",6949982,https://www.10000recipe.com/recipe/6949982,찌개,,,3,,
참치 스테이크 반찬 없을때 뚝딱 만들기,양식,"참치,당근,양파,후추,소금,계란,밀가루,올리고당,케찹,머스타드",30,쉬움,"점심,저녁","맑음,비,눈,더위,추위","봄,여름,가을,겨울",6950540,https://www.10000recipe.com/recipe/6950540,메인반찬,,,3,,
"백종원 파개장(대파국), 한우국거리로 담백하게 끓여보기",한식,"대파,국거리소고기,마늘,액젓,간장,소금,당면,식용유,참기름",60,쉬움,저녁,"맑음,비,눈,더위,추위","봄,여름,가을,겨울",6950712,https://www.10000recipe.com/recipe/6950712,국/탕,,,3,,
호로록하면 맛의 꽃길! 넓은당면 까르보나라,양식,"오뚜기넓은당면,양파,통마늘,소금,후추,파슬리가루",20,쉬움,"점심,저녁","맑음,비,눈,더위,추위","봄,여름,가을,겨울",6951078,https://www.10000recipe.com/recipe/6951078,양식,,,3,,
간단하게 한끼해결 김치비빔국수,한식,"소면,배추김치,포기,오이작은것,고추장,설탕,매실액,식초,대파,뿌리,김가루,깨,참기름,맛소금",30,쉬움,"점심,저녁","맑음,비,눈,더위,추위","봄,여름,가을,겨울",6951547,https://www.10000recipe.com/recipe/6951547,면/만두,,,3,,
금새 만드는 퀘사디아! 홍석천의 금세디아 만들기,양식,"냉동만두,모짜렐라치즈,또띠아",15,쉬움,"아침,점심,야식","맑음,비,눈,더위,추위","봄,여름,가을,겨울",6952749,https://www.10000recipe.com/recipe/6952749,양식,,,3,,
올리브유 대신 들기름으로 한식풍 들기름파스타 만들기 ♥,양식,"스파게티면,청양고추,표고버섯,깻잎,굵은소금,들기름,대파,마늘,간장,소금,후추",15,쉬움,"아침,점심,야식","맑음,비,눈,더위,추위","봄,여름,가을,겨울",6953957,https://www.10000recipe.com/recipe/6953957,면/만두,,,3,,
(초간단 유아식) 소고기 팽이버섯 볶음밥,한식,"소고기,팽이버섯,밥,아기간장,참기름",10,쉬움,"아침,점심,야식","맑음,비,눈,더위,추위","봄,여름,가을,겨울",6954297,https://www.10000recipe.com/recipe/6954297,밥/죽/떡,,,3,,
한국의 대표찌개요리! 돼지고기김치찌개 끓이는 법 !!,한식,"돼지고기뒷다리살,묵은지,새우젓,양파,대파,간장,소금,마늘,고춧가루,라면사리,물",60,쉬움,저녁,"맑음,비,눈,더위,추위","봄,여름,가을,겨울",6954588,https://www.10000recipe.com/recipe/6954588,찌개,,,3,,
골뱅이 넣은 매콤하고 달콤한 납작 비빔만두,한식,"당면,부추,다진소고기,만두피,골뱅이통조림,대파,오이,적채,파프리카,새싹채소,소금,참기름,후추,깨,간장,올리고당,맛술,마늘,고추장,고춧가루,식초,설탕,사과즙",90,쉬움,저녁,"맑음,비,눈,더위,추위","봄,여름,가을,겨울",6955052,https://www.10000recipe.com/recipe/6955052,면/만두,,,3,,
돌나물 냉국 강추!!/ 봄나물도 시원하게 후루룩,한식,"돌나물,채썬당근,사과,양파,청양고추,빨간고추,통깨,물,소금,설탕,사과식초",30,쉬움,"점심,저녁","맑음,비,눈,더위,추위","봄,여름,가을,겨울",6955119,https://www.10000recipe.com/recipe/6955119,국/탕,,,3,,
크림없는 전통 까르보나라 전자레인지로 만들기!,한식,"스파게티면,베이컨,물,소금,식용유,달걀노른자,파마산치즈가루,후추",10,쉬움,"아침,점심,야식","맑음,비,눈,더위,추위","봄,여름,가을,겨울",6955198,https://www.10000recipe.com/recipe/6955198,면/만두,,,3,,
치킨 너겟을 아직 그냥 구워드세요? 양념 바르면 10배는 맛있어요~,한식,"치킨너겟,설탕,간마늘,간장,미림,짜장가루,후추가루,물",20,쉬움,"점심,저녁","맑음,비,눈,더위,추위","봄,여름,가을,겨울",6955568,https://www.10000recipe.com/recipe/6955568,메인반찬,,,3,,
김치비빔국수 황금레시피. 입맛 사로잡는 새콤달콤 비빔국수 양념장 이것 하나로 더 맛있게 드세요.,한식,"김치,소면,오이,계란,설탕,통깨,참기름,매실청,식초,간장,고춧가루,고추장,요구르트",15,쉬움,"아침,점심,야식","맑음,비,눈,더위,추위","봄,여름,가을,겨울",6955825,https://www.10000recipe.com/recipe/6955825,면/만두,,,3,,
봄향기 가득한 제철요리 바지락 쑥국 #제철음식레시피,한식,"쑥,바지락,대파,마늘,된장,고춧가루,멸치,다시마,말린표고버섯,쌀뜨물",60,쉬움,저녁,"맑음,비,눈,더위,추위","봄,여름,가을,겨울",6956028,https://www.10000recipe.com/recipe/6956028,국/탕,,,3,,
중국집 칠리새우 뺨을 한번 때려 보겠습니다!! 튀김옷은 없어요~ 튀기면 힘들잖아요~,한식,"새우,청양고추,파프리카,양파,식용유,마늘,대파,미림,맛소금,고춧가루,설탕,양조식초,케찹,후추,물엿",30,쉬움,"점심,저녁","맑음,비,눈,더위,추위","봄,여름,가을,겨울",6956588,https://www.10000recipe.com/recipe/6956588,메인반찬,,,3,,
구수하고 식감이 살아있는 애호박 두부된장찌개,한식,"애호박,두부,청량고추,팽이버섯,된장,마늘,고춧가루,해물육수팩멸치또는다시마,꿀",30,쉬움,"점심,저녁","맑음,비,눈,더위,추위","봄,여름,가을,겨울",6957103,https://www.10000recipe.com/recipe/6957103,찌개,,,3,,
진짜 쉬운 한그릇 국수요리! 들기름막국수 ♥,한식,"메밀면,김,깨,들기름,마늘,간장",10,쉬움,"아침,점심,야식","맑음,비,눈,더위,추위","봄,여름,가을,겨울",6957350,https://www.10000recipe.com/recipe/6957350,면/만두,,,3,,
김말이 맛잇게 먹기~ 당면 김말이 간장만 찍어 드시기 지겹죠~ 맛있게 즐겨 봅시다~,한식,"김말이,양파,당근,파프리카,마늘,고춧가루,설탕,간장,미림,고추장,케찹,물엿,후추가루",30,쉬움,"점심,저녁","맑음,비,눈,더위,추위","봄,여름,가을,겨울",6957738,https://www.10000recipe.com/recipe/6957738,메인반찬,,,3,,
[면 요리]비빔국수 맛있게 만드는법/비빔국수 양념장 만드는법/소면 맛있게 삶는법♪,한식,"소면,오이,파프리카,당근,상추,삶은계란,고추장듬뿍,고춧가루,마늘,설탕,간장,사과식초,참기름,깨",20,쉬움,"점심,저녁","맑음,비,눈,더위,추위","봄,여름,가을,겨울",6957816,https://www.10000recipe.com/recipe/6957816,면/만두,,,3,,
초간단 두부찌개,한식,"두부,파,간장,고춧가루,마늘,다시다,식용유",15,쉬움,"아침,점심,야식","맑음,비,눈,더위,추위","봄,여름,가을,겨울",6958517,https://www.10000recipe.com/recipe/6958517,찌개,,,3,,
투움바파스타맛 라면! 너무 쉽고 맛있어서 온몸이 투움바투움바~,양식,"라면,물,대파,청양고추,우유",20,쉬움,"점심,저녁","맑음,비,눈,더위,추위","봄,여름,가을,겨울",6959773,https://www.10000recipe.com/recipe/6959773,면/만두,,,3,,
밥 맛 좋은 참드림쌀 경기미로 만든 데리야끼 배추쌈밥,한식,"밥,소고기다짐육,배추잎,두부,부추,대파,홍고추,계란,간장,마늘,생강,설탕,맛술,참기름,후추,물,소금",60,쉬움,저녁,"맑음,비,눈,더위,추위","봄,여름,가을,겨울",6959800,https://www.10000recipe.com/recipe/6959800,밥/죽/떡,,,3,,
간단한 국요리 계란감자국 끓이는 법 재료도 간단해요.,한식,"감자,계란,대파,다시멸치팩,물,간장,마늘,소금",30,쉬움,"점심,저녁","맑음,비,눈,더위,추위","봄,여름,가을,겨울",6960795,https://www.10000recipe.com/recipe/6960795,국/탕,,,3,,
칼칼한 낙지 맑은탕,한식,"낙지,천일염,무,알배추,청양고추,홍고추,대파,다시마국물,마늘,참치액,볶은소금,후추",30,쉬움,"점심,저녁","맑음,비,눈,더위,추위","봄,여름,가을,겨울",6960810,https://www.10000recipe.com/recipe/6960810,국/탕,,,3,,
고추참치 하나면 맛있는 파스타가 됩니다.,양식,"파스타면,고추참치,마늘,소금,간장",30,쉬움,"점심,저녁","맑음,비,눈,더위,추위","봄,여름,가을,겨울",6961309,https://www.10000recipe.com/recipe/6961309,면/만두,짭짤함,미분류,3,,
김치콩나물국 끓이는법 간단한 아침해장국 묵은지 국물요리,한식,"콩나물,김치,포기,고춧가루,소금,간마늘,청양고추,대파,육수",20,쉬움,"점심,저녁","맑음,비,눈,더위,추위","봄,여름,가을,겨울",6961423,https://www.10000recipe.com/recipe/6961423,국/탕,,,3,,
물만두로 초간단 간식 만들기! 허니버터팝만두,한식,"물만두,올리브유,버터,꿀,설탕,파슬리가루",30,쉬움,"점심,저녁","맑음,비,눈,더위,추위","봄,여름,가을,겨울",6961682,https://www.10000recipe.com/recipe/6961682,면/만두,,,3,,
여름엔 잡채도 시원하게 먹기! 여름냉잡채,한식,"당면,빨간파프리카,노란파프리카,부추,불린표고버섯,식용유,간장,설탕,참기름,깨,식초,맛술,연겨자,잣가루",20,쉬움,"점심,저녁","맑음,비,눈,더위,추위","봄,여름,가을,겨울",6961981,https://www.10000recipe.com/recipe/6961981,면/만두,,,3,,
[다이어트요리] 새싹 두부 비빔밥 만드는 법,한식,"두부,새싹채소,현미밥,공기,고추장,꿀,마늘,참기름,참깨,매실액",15,쉬움,"아침,점심,야식","맑음,비,눈,더위,추위","봄,여름,가을,겨울",6962486,https://www.10000recipe.com/recipe/6962486,밥/죽/떡,달콤함,미분류,3,,
[토마토 해물파스타 황금 레시피]/많은 파스타 중에 오늘은 토마토 해물파스타를 소개해 보려고 해요~,양식,"파스타면,새우,오징어,홍합,양배추,양파,마늘,불고추or페퍼론치노,올리브오일,소금,후추,면수또는물",60,쉬움,저녁,"맑음,비,눈,더위,추위","봄,여름,가을,겨울",6963936,https://www.10000recipe.com/recipe/6963936,양식,,,3,,
대패삼겹살 김치찌개,한식,"대패삼겹살,김치,포기,양파,청양고추,멸치다시팩,파,고춧가루,마늘,소금",30,쉬움,"점심,저녁","맑음,비,눈,더위,추위","봄,여름,가을,겨울",6964483,https://www.10000recipe.com/recipe/6964483,찌개,,,3,,
쉽고 간단한 순두부찌개,한식,"순두부,양파,대파,마늘,다시마육수,식용유,들기름,계란,고춧가루,참치액,고운소금",30,쉬움,"점심,저녁","맑음,비,눈,더위,추위","봄,여름,가을,겨울",6964496,https://www.10000recipe.com/recipe/6964496,찌개,,,3,,
"바쁜 아침, 뚝딱요리! 감자계란국",한식,"감자,계란,청양초,육수,멸치액젓",15,쉬움,"아침,점심,야식","맑음,비,눈,더위,추위","봄,여름,가을,겨울",6964563,https://www.10000recipe.com/recipe/6964563,국/탕,,,3,,
단짠단짠한 치킨 데리야끼 덮밥요리 닭다리살로 부드럽게 ~ 한그릇 요리,한식,"닭다리살,간장,맛술,물,계란,식용유,어린채소",20,쉬움,"점심,저녁","맑음,비,눈,더위,추위","봄,여름,가을,겨울",6968168,https://www.10000recipe.com/recipe/6968168,밥/죽/떡,,,3,,
크래미달걀국,한식,"계란,크래미,대파,양파,홍고추,다시마cm,물,참치액,소금",15,쉬움,"아침,점심,야식","맑음,비,눈,더위,추위","봄,여름,가을,겨울",6968212,https://www.10000recipe.com/recipe/6968212,국/탕,,,3,,
초간단 삼겹살덮밥만들기 간장베이스라 아이도잘먹어요,한식,"돼지고기,양파,간장,맛술,물,설탕,올리고당,마늘,후추가루",15,쉬움,"아침,점심,야식","맑음,비,눈,더위,추위","봄,여름,가을,겨울",6969154,https://www.10000recipe.com/recipe/6969154,메인반찬,,,3,,
어묵김치찌개 만들기-민경장군 레시피^^,한식,"김치,두부,어묵,팽이버섯,자른대파,고춧가루,간장,마늘,참기름",15,쉬움,"아침,점심,야식","맑음,비,눈,더위,추위","봄,여름,가을,겨울",6969327,https://www.10000recipe.com/recipe/6969327,찌개,,,3,,
"굴감바스, 제철 굴요리 더욱 안전하게 먹는 방법!",양식,"굴,새우,양송이버섯,통마늘,페페론치노,올리브유,소금,후추,파슬리가루,바게트빵",30,쉬움,"점심,저녁","맑음,비,눈,더위,추위","봄,여름,가을,겨울",6969334,https://www.10000recipe.com/recipe/6969334,양식,,,3,,
"알리오올리오 파스타, 별다른 재료 없이 휘리릭 만들어 먹기 넘 좋아요.",양식,"파스타면,통마늘,페페론치노,베이컨,올리브오일,마늘,소금,바질가루,파마산치즈토핑용",20,쉬움,"점심,저녁","맑음,비,눈,더위,추위","봄,여름,가을,겨울",6970363,https://www.10000recipe.com/recipe/6970363,양식,,,3,,
집에서도 만들어 먹을 수 있는 간장삼겹살덮밥,한식,"삼겹살,양파큰것,간장,갈색설탕,맛술,생강가루,고운소금,후추,물,생와사비",15,쉬움,"아침,점심,야식","맑음,비,눈,더위,추위","봄,여름,가을,겨울",6970581,https://www.10000recipe.com/recipe/6970581,밥/죽/떡,,,3,,
"‘닭가슴살냉채’만드는 방법~!삶는 방법, 겨자소스 황금레시피!초대요리, 연말크리스마스홈파티, 집들이음식^^",한식,"닭가슴살,양파,오이,맛살,냉동새우,빨강파프리카,노랑파프리카,물,소금,청주,연겨자,설탕,간장,식초,레몬즙,마늘,들기름",30,쉬움,"점심,저녁","맑음,비,눈,더위,추위","봄,여름,가을,겨울",6970817,https://www.10000recipe.com/recipe/6970817,메인반찬,,,3,,
고추장찌개 끓일때 그냥 끓이지 말고 볶아서 끓이면 더 맛있어요~,한식,"양파,무우,감자작은거,애호박,두부,돼지고기,마늘,고춧가루,식용유,물,고추장,된장,간장,미림,청양고추,후추가루",60,쉬움,저녁,"맑음,비,눈,더위,추위","봄,여름,가을,겨울",6971003,https://www.10000recipe.com/recipe/6971003,찌개,,,3,,
참치 김치찌개 끓이는법,한식,"참치캔,김치,두부,대파,양파,청양고추,홍고추,고춧가루,마늘,김치국물,참기름,간장,설탕,멸치다시마육수",30,쉬움,"점심,저녁","맑음,비,눈,더위,추위","봄,여름,가을,겨울",6971505,https://www.10000recipe.com/recipe/6971505,찌개,,,3,,
고깃집스타일 야채된장찌개 끓이기,한식,"된장,쌈장,고추장,멸치육수,감자큰거,애호박,두부,양파,대파,청양고추,마늘",60,쉬움,저녁,"맑음,비,눈,더위,추위","봄,여름,가을,겨울",6971762,https://www.10000recipe.com/recipe/6971762,찌개,,,3,,
쌀쌀한 날씨엔 얼큰한 김치우동,일식,"우동면,김치,어묵,유부채,대파,청양고추,고춧가루,간장,설탕,마늘,치킨스톡또는다시다,물,팽이버섯,홍고추,쑥갓",15,쉬움,"아침,점심,야식","맑음,비,눈,더위,추위","봄,여름,가을,겨울",6972199,https://www.10000recipe.com/recipe/6972199,면/만두,,,3,,
포근포근한 ‘감자달걀국’만드는 방법~!계란국 황금레시피!!,한식,"멸치육수,감자,대파,멸치액젓,계란,들기름,소금",20,쉬움,"점심,저녁","맑음,비,눈,더위,추위","봄,여름,가을,겨울",6972248,https://www.10000recipe.com/recipe/6972248,국/탕,,,3,,
매운 어묵탕!,한식,"사각어묵,떡볶이떡,콩나물,팽이버섯,대파,청양고추,홍고추,액젓,간장,마늘,맛술,고추장,고춧가루,설탕,후추가루",30,쉬움,"점심,저녁","맑음,비,눈,더위,추위","봄,여름,가을,겨울",6972496,https://www.10000recipe.com/recipe/6972496,국/탕,,,3,,
맛있는 바지락 볶음을 흰밥에 올리면~ 바지락덮밥,한식,"바지락살,마늘,양파,대파,청주,고춧가루,간장,설탕,맛술,식용유,참기름,소금,후추",10,쉬움,"아침,점심,야식","맑음,비,눈,더위,추위","봄,여름,가을,겨울",6973203,https://www.10000recipe.com/recipe/6973203,밥/죽/떡,,,3,,
천원대 캔으로 레스토랑에서 먹는 맛 편스토랑 초간단 토마토버터파스타,양식,"홀토마토캔,파스타면,버터,간장,소금,설탕,마늘,후춧가루,파슬리가루",15,쉬움,"아침,점심,야식","맑음,비,눈,더위,추위","봄,여름,가을,겨울",6973231,https://www.10000recipe.com/recipe/6973231,양식,,,3,,
[버섯볶음두부면] 고소~하고 맛있는 다이어트,한식,"두부면,기름,버섯,간장,계란,김가루,깨",10,쉬움,"아침,점심,야식","맑음,비,눈,더위,추위","봄,여름,가을,겨울",6973460,https://www.10000recipe.com/recipe/6973460,면/만두,,,3,,
김치어묵국 [김치와 어묵의 칼칼한 만남! 콩나물 넣어서 더 시원한 국물맛이 일품!],한식,"신김치,사각어묵,콩나물,대파,멸치육수,간장,소금,새우젓",30,쉬움,"점심,저녁","맑음,비,눈,더위,추위","봄,여름,가을,겨울",6974471,https://www.10000recipe.com/recipe/6974471,국/탕,,,3,,
고추가루가 들어간 간장국수 레시피!,한식,"국수,간장,설탕,고춧가루,참기름,소금,통깨",15,쉬움,"아침,점심,야식","맑음,비,눈,더위,추위","봄,여름,가을,겨울",6975695,https://www.10000recipe.com/recipe/6975695,면/만두,,,3,,
초간단 나폴리탄 스파게티,한식,"스파게티면,양파,피망,소세지,올리브오일,마늘,케찹,꿀,버터",20,쉬움,"점심,저녁","맑음,비,눈,더위,추위","봄,여름,가을,겨울",6975817,https://www.10000recipe.com/recipe/6975817,면/만두,,,3,,
떡꼬치 만들기 양념 맛있게 아이들 간식 만들기,한식,"떡볶이떡,기름,고추장,케첩,올리고당,마늘,간장,땅콩,파슬리가루",30,쉬움,"점심,저녁","맑음,비,눈,더위,추위","봄,여름,가을,겨울",6976035,https://www.10000recipe.com/recipe/6976035,밥/죽/떡,,,3,,
"크림없이 간단하고 만드는 정통까르보나라 만들기, 계란노른자활용 레시피",양식,"스파게티면,베이컨,물,꽃소금,계란노른자,파마산치즈가루,후추,파슬리가루",15,쉬움,"아침,점심,야식","맑음,비,눈,더위,추위","봄,여름,가을,겨울",6976720,https://www.10000recipe.com/recipe/6976720,양식,,,3,,
"[아기식단/아기국] ""홍양갱의 밤 - 초간단 감자계란국""",한식,"감자,계란,파,양파,멸치다시마육수,깨소금,아기간장",15,쉬움,"아침,점심,야식","맑음,비,눈,더위,추위","봄,여름,가을,겨울",6976969,https://www.10000recipe.com/recipe/6976969,국/탕,,,3,,
집에서 라면으로 울면 만들기,한식,"물,해물믹스,양파,당근,부추,배춧잎,목이버섯,계란,전분물,참기름",15,쉬움,"아침,점심,야식","맑음,비,눈,더위,추위","봄,여름,가을,겨울",6977389,https://www.10000recipe.com/recipe/6977389,면/만두,,,3,,
아보카도 과카몰리 스팸 계란덮밥 만드는 법 - 도시락으로 참 좋은 초간단 삼색덮밥,한식,"아보카도,스팸,계란,양파,밥,꿀,소금,맛술,우유,참기름,설탕,레몬즙,후추",30,쉬움,"점심,저녁","맑음,비,눈,더위,추위","봄,여름,가을,겨울",6977474,https://www.10000recipe.com/recipe/6977474,밥/죽/떡,,,3,,
"아기 반찬, 카레두부구이 레시피!",한식,"두부,밀가루,카레가루,식용유",15,쉬움,"아침,점심,야식","맑음,비,눈,더위,추위","봄,여름,가을,겨울",6977514,https://www.10000recipe.com/recipe/6977514,,,,3,,
"삼치조림 [전분 묻혀 구운 삼치에 간장양념으로 감칠맛 더한 조림요리! 밥반찬, 술안주 다 잘 어울려요!]",한식,"삼치,대파,홍고추,청고추,마늘,전분가루,간장,맛술,설탕,참기름,깨,물",30,쉬움,"점심,저녁","맑음,비,눈,더위,추위","봄,여름,가을,겨울",6977567,https://www.10000recipe.com/recipe/6977567,메인반찬,,,3,,
"[아기식단/아기반찬] ""홍양갱의 밤 - 우리아기 밥도둑 애호박 느타리버섯볶음""",한식,"느타리버섯,애호박,양파,참기름,깨소금",10,쉬움,"아침,점심,야식","맑음,비,눈,더위,추위","봄,여름,가을,겨울",6978052,https://www.10000recipe.com/recipe/6978052,,,,3,,
라볶이 기본에 가장 충실한 맛,한식,"라면,떡볶이떡,어묵,대파,고추장,고춧가루,간장,설탕,올리고당,라면스프,물",10,쉬움,"아침,점심,야식","맑음,비,눈,더위,추위","봄,여름,가을,겨울",6978346,https://www.10000recipe.com/recipe/6978346,밥/죽/떡,,,3,,
슥슥 비벼먹는 일본식 비빔면 ‘마제소바’,한식,"돼지고기다짐육,부추,대파,마늘,우동면,김가루,산초가루,달걀노른자,간장,맛술,다시마,설탕,가쓰오부시,고추기름,두반장,후추,식초",30,쉬움,"점심,저녁","맑음,비,눈,더위,추위","봄,여름,가을,겨울",6978476,https://www.10000recipe.com/recipe/6978476,면/만두,,,3,,
영유아반찬 고소하고 담백한 겉바속촉 새우두부전!!! 어른 반찬으로도 취향 저격!,한식,"두부,새우,새송이버섯,당근,애호박,양파,밀가루,계란",30,쉬움,"점심,저녁","맑음,비,눈,더위,추위","봄,여름,가을,겨울",6979997,https://www.10000recipe.com/recipe/6979997,메인반찬,,,3,,
푸실리 파스타 | 어린잎채소 | 푸실리 샐러드 스파게티,양식,"푸실리,양파,고추장,케첩,소금,황설탕,마늘,물,어린잎채소,후추,올리브유",30,쉬움,"점심,저녁","맑음,비,눈,더위,추위","봄,여름,가을,겨울",6982235,https://www.10000recipe.com/recipe/6982235,면/만두,,,3,,
체다치즈 계란후라이 덮밥 레시피!,한식,"공기밥,체다치즈,간장,통깨,계란,식용유,후추",15,쉬움,"아침,점심,야식","맑음,비,눈,더위,추위","봄,여름,가을,겨울",6982555,https://www.10000recipe.com/recipe/6982555,밥/죽/떡,,,3,,
여름 요리로 제격인 토마토 바질 부라타치즈 냉파스타 만들기,양식,"양파,방울토마토,엔젤헤어면,부라타치즈,물,소금,발사믹,레몬즙,설탕,화이트와인,올리브오일,바질페스토",30,쉬움,"점심,저녁","맑음,비,눈,더위,추위","봄,여름,가을,겨울",6982958,https://www.10000recipe.com/recipe/6982958,양식,,,3,,
다이어트식단 라이스페이퍼 새우부추달걀롤 만드는 법,한식,"부추,계란,냉동새우,라이스페이퍼,전분,소금,설탕,후추,미지근한물,식용유,마늘,케첩,물엿,간장,식초,고춧가루,맛술",20,쉬움,"점심,저녁","맑음,비,눈,더위,추위","봄,여름,가을,겨울",6983575,https://www.10000recipe.com/recipe/6983575,메인반찬,,,3,,
레스토랑 토마토 파스타 버터 넣고 고급스런 맛 나는 파스타 만드는법,양식,"파스타면,토마토,물,버터,마늘,간장,소금,설탕,파마산치즈가루,후추,파슬리가루",30,쉬움,"점심,저녁","맑음,비,눈,더위,추위","봄,여름,가을,겨울",6984105,https://www.10000recipe.com/recipe/6984105,양식,,,3,,
[유아식]당면을 넣어 만든 달걀만두,한식,"당면,양파,애호박,당근,팽이버섯,계란,아기간장,참기름,소금,현미유",60,쉬움,저녁,"맑음,비,눈,더위,추위","봄,여름,가을,겨울",6984865,https://www.10000recipe.com/recipe/6984865,메인반찬,,,3,,
[유아식]고소한 깻잎두부무침,한식,"두부,깻잎,아기간장,참기름",30,쉬움,"점심,저녁","맑음,비,눈,더위,추위","봄,여름,가을,겨울",6985149,https://www.10000recipe.com/recipe/6985149,,,,3,,
시원한 여름음식 오이냉국,한식,"미역,양파,오이,고추,깨,물,소금,설탕,식초",10,쉬움,"아침,점심,야식","맑음,비,눈,더위,추위","봄,여름,가을,겨울",6985182,https://www.10000recipe.com/recipe/6985182,국/탕,,,3,,
밥 두공기도 뚝딱 맛있는 꽁치통조림 김치찌개,한식,"꽁치통조림,김치,포기,양파,청양고추,대파,후추,쌀뜨물,들기름또는참기름,된장,설탕,고춧가루,마늘",30,쉬움,"점심,저녁","맑음,비,눈,더위,추위","봄,여름,가을,겨울",6985258,https://www.10000recipe.com/recipe/6985258,찌개,,,3,,
갈릭라이스 마늘 돼지고기 볶음밥 만드는 법,한식,"밥,돼지고기다짐육,통마늘,양파,마늘,당근,맛술,설탕,후추,대파,참기름,깨소금",10,쉬움,"아침,점심,야식","맑음,비,눈,더위,추위","봄,여름,가을,겨울",6986156,https://www.10000recipe.com/recipe/6986156,밥/죽/떡,,,3,,
깔끔한 맛이 좋은 애호박 두부명란찌개 만들기,한식,"애호박,두부,명란,청양고추,물,육수팩,대파,마늘,간장,참치액",30,쉬움,"점심,저녁","맑음,비,눈,더위,추위","봄,여름,가을,겨울",6986573,https://www.10000recipe.com/recipe/6986573,국/탕,,,3,,
간단하지만 맛있는 한끼 식사! 달콤짭짤한 가지덮밥,한식,"가지,밥,식용유,간장,올리고당,고춧가루,후추,물",10,쉬움,"아침,점심,야식","맑음,비,눈,더위,추위","봄,여름,가을,겨울",6987715,https://www.10000recipe.com/recipe/6987715,밥/죽/떡,,,3,,
[식약처] 감자미역국,한식,"건미역,감자,마늘,참기름,간장,물",60,보통,저녁,"맑음,비,눈,더위,추위","봄,여름,가을,겨울",6988800,https://www.10000recipe.com/recipe/6988800,국/탕,,,3,,
맛없을 수 없는 초간단 전자레인지 치즈밥,한식,"밥,고추장,케찹,설탕,참기름,스팸,작은캔,옥수수콘,모짜렐라치즈,계란,파슬리가루",5,쉬움,"아침,점심,야식","맑음,비,눈,더위,추위","봄,여름,가을,겨울",6992225,https://www.10000recipe.com/recipe/6992225,밥/죽/떡,,,3,,
무조건 맛있는 백종원쌤레시피 감자짜글이,한식,"감자,양파,청양고추,대파,스팸,설탕,고춧가루,고추장,마늘,된장,간장,물",20,쉬움,"점심,저녁","맑음,비,눈,더위,추위","봄,여름,가을,겨울",6993367,https://www.10000recipe.com/recipe/6993367,찌개,,,3,,
카레에 라이스? 우동? 그 다음은 파스타! 크림카레파스타,양식,"생크림,우유,편마늘,베이컨,양파,스파게티면,브로콜리,소금,후추,파슬리가루,카레가루",30,쉬움,"점심,저녁","맑음,비,눈,더위,추위","봄,여름,가을,겨울",6993697,https://www.10000recipe.com/recipe/6993697,면/만두,,,3,,
쌀쌀해진 날씨에 딱 <스팸두부짜글이> : 남녀노소 누구나 좋아할만한 거부할 수 없는 맛!,한식,"두부,스팸,감자,양파,물,간장,고춧가루,고추장,맛술,멸치액젓,마늘,후추,대파,청양고추,코인육수",30,쉬움,"점심,저녁","맑음,비,눈,더위,추위",여름,6994920,https://www.10000recipe.com/recipe/6994920,찌개,매콤함,여름,3,,
대파는 구우면 훨씬 달아요! 국물이 끝내주는 구운대파닭우동,일식,"닭다리살,대파,우동면,식용유,미림,설탕,소금,후추,물,멸치,다시마,가쓰오부시,쯔유또는맛간장",15,쉬움,"아침,점심,야식","맑음,비,눈,더위,추위","봄,여름,가을,겨울",6994975,https://www.10000recipe.com/recipe/6994975,면/만두,,,3,,
백종원 맑은 오징어무국 끓이기,한식,"손질오징어,무,토막,대파,청양고추,마늘,간장,액젓,들기름,물",30,쉬움,"점심,저녁","맑음,비,눈,더위,추위","봄,여름,가을,겨울",6995719,https://www.10000recipe.com/recipe/6995719,국/탕,,,3,,
손님초대음식으로 딱 <레몬크림버터치킨스테이크> : 버터의 풍미에 빠져보아요!,양식,"닭정육,소금,후추,시금치,버터,마늘,양파,생크림,레몬즙,치킨스톡,화이트와인",60,보통,저녁,"맑음,비,눈,더위,추위","봄,여름,가을,겨울",6997127,https://www.10000recipe.com/recipe/6997127,양식,,,3,,
"황태국(황태무국, 황태계란국, 황태해장국) 뜨끈하고 시원해요",한식,"황태,무,계란,멸치다시마육수,들기름,마늘,간장,소금,대파,계량컵,국대접",30,쉬움,"점심,저녁","맑음,비,눈,더위,추위","봄,여름,가을,겨울",6998429,https://www.10000recipe.com/recipe/6998429,국/탕,,,3,,
밥도둑 스팸 두부 짜글이,한식,"두부,스팸,대파,양파,고춧가루,간장,알룰로스,들기름,멸치액젓,마늘",30,쉬움,"점심,저녁","맑음,비,눈,더위,추위","봄,여름,가을,겨울",6998713,https://www.10000recipe.com/recipe/6998713,찌개,,,3,,
"[TV요리] 어남선생의 오징어볶음 황금레시피 칼국수면이랑 꼭 같이 드세요, 오징어볶음칼국수",한식,"오징어,대파,양파,마늘,청양고추,국수면,간장,고춧가루,설탕,고추장,식용유,참기름,통깨,조리용나이프,지라프시그니처,면기",30,쉬움,"점심,저녁","맑음,비,눈,더위,추위","봄,여름,가을,겨울",6999142,https://www.10000recipe.com/recipe/6999142,면/만두,,,3,,
다이어터를 위한 저칼로리 쌀국수 (feat. 천사채 당면화),한식,"천사채,차돌박이,양파,숙주,고수,베트남고추,간장,멸치액젓,베이킹소다,물,계량컵",30,쉬움,"점심,저녁","맑음,비,눈,더위,추위","봄,여름,가을,겨울",6999391,https://www.10000recipe.com/recipe/6999391,면/만두,,,3,,
감자스팸짜글이,한식,"스팸,감자,대파,양파,홍고추,간장,맛술,마늘,고춧가루,고추장,설탕,찬기",30,쉬움,"점심,저녁","맑음,비,눈,더위,추위","봄,여름,가을,겨울",7000019,https://www.10000recipe.com/recipe/7000019,찌개,,,3,,
새콤달콤매콤한 만두강정 레시피,한식,"만두,견과류,깨,케찹,고추장,간장,올리고당,식용유,에어프라이어",20,쉬움,"점심,저녁","맑음,비,눈,더위,추위","봄,여름,가을,겨울",7000636,https://www.10000recipe.com/recipe/7000636,면/만두,,,3,,
속이 편하고 든든한 두부달걀국 만들기,한식,"두부,계란,대파,다시마,물,간장,소금,면기",20,쉬움,"점심,저녁","맑음,비,눈,더위,추위","봄,여름,가을,겨울",7001026,https://www.10000recipe.com/recipe/7001026,국/탕,,,3,,
쫄깃한 식감과 버터의 풍미가 느껴지는 닭고기스테이크,양식,"닭다리살정육,소금,후추,바질가루,버터,올리브유,감자,아스파라거스,간장,올리고당,케찹,밧드트레이,주방집게",30,쉬움,"점심,저녁","맑음,더위",여름,7002443,https://www.10000recipe.com/recipe/7002443,양식,짭짤함,여름,3,,
마지막 묵은지 털어 끓인 김치 콩나물국..,한식,"묵은지,포기,콩나물,청양고추,대파,멸치다시마티백,간장,참치액,소금,고춧가루,다시다,뚝배기",30,쉬움,"점심,저녁","맑음,비,눈,더위,추위","봄,여름,가을,겨울",7003388,https://www.10000recipe.com/recipe/7003388,국/탕,짭짤함,미분류,3,,
감자 뇨끼 만들기,양식,"감자,밀가루,계란노른자,파마산치즈,파슬리가루,체망,종이호일",120,쉬움,저녁,"맑음,비,눈,더위,추위","봄,여름,가을,겨울",7003892,https://www.10000recipe.com/recipe/7003892,양식,,,3,,
매콤한 다이어트 닭가슴살양배추덮밥 만들기,한식,"닭가슴살,양배추,대파,양파,당근,청양고추,마늘,숟갈,간장,고춧가루,밥,후추,식용유",15,쉬움,"아침,점심,야식","맑음,비,눈,더위,추위","봄,여름,가을,겨울",7004348,https://www.10000recipe.com/recipe/7004348,밥/죽/떡,,,3,,
매콤새콤 입맛을 확 잡아주는 차돌박이부추무침,한식,"차돌박이,부추,양파,홍고추,통깨,소금,후추,고춧가루,간장,식초,매실액,들기름,키친타올,위생장갑",15,쉬움,"아침,점심,야식","맑음,비,눈,더위,추위","봄,여름,가을,겨울",7004654,https://www.10000recipe.com/recipe/7004654,메인반찬,,,3,,
소고기감자국,한식,"소고기양지,감자,참기름,대파,마늘,간장,소금,맛술,위생장갑,웍",30,쉬움,"점심,저녁","맑음,비,눈,더위,추위","봄,여름,가을,겨울",7004667,https://www.10000recipe.com/recipe/7004667,국/탕,,,3,,
고깃집 된장찌개,한식,"애호박,감자,양파,두부,대파,청양고추,팽이버섯,식용유,된장,쌈장,고추장,물,멸치다시다,뚝배기",30,쉬움,"점심,저녁","맑음,비,눈,더위,추위","봄,여름,가을,겨울",7005236,https://www.10000recipe.com/recipe/7005236,국/탕,,,3,,
목살 김치찌개 만드는법 식당에서 끓이는 레시피,한식,"김치,목살,대파,청양고추,참기름,식용유,마늘,맛술,생수,간장,올리고당,고춧가루,조리용나이프",20,쉬움,"점심,저녁","맑음,비,눈,더위,추위","봄,여름,가을,겨울",7007715,https://www.10000recipe.com/recipe/7007715,찌개,,,3,,
베이컨 떡말이 어린이 간식 간단 술안주,한식,"떡볶이떡,베이컨,파슬리,머스타드,조리용나이프,유산지",20,쉬움,"점심,저녁","맑음,비,눈,더위,추위","봄,여름,가을,겨울",7011685,https://www.10000recipe.com/recipe/7011685,,,,3,,
"파기름, 굴소스를 이용한 중국식 계란볶음밥 레시피 + 액젓사용 꿀팁",한식,"밥,계란,대파,카놀라유,멸치액젓,참기름,통깨,조리용나이프,주걱",10,쉬움,"아침,점심,야식","맑음,비,눈,더위,추위","봄,여름,가을,겨울",7012183,https://www.10000recipe.com/recipe/7012183,밥/죽/떡,,,3,,
소불고기 버섯전골 소불고기전골 불고기전골 버섯소불고기전골,한식,"소고기불고기용,당면,표고버섯불린거,느타리버섯,팽이버섯,당근,배추,대파,멸치다시마육수,마늘,생강,설탕,간장,참기름,후춧가루,키친타올,조리용나이프",20,쉬움,"점심,저녁","맑음,비,눈,더위,추위","봄,여름,가을,겨울",7012560,https://www.10000recipe.com/recipe/7012560,국/탕,,,3,,
"10분컷, 아보카도 간장와사비 계란밥",한식,"밥공기,아보카도,계란,간장,와사비,조리용나이프,뒤집개",10,쉬움,"아침,점심,야식","맑음,더위",여름,7014608,https://www.10000recipe.com/recipe/7014608,밥/죽/떡,짭짤함,여름,3,,
국물까지 맛있는 계란두부조림레시피 저녁메뉴추천 뜨끈한 두부찌개 레시피,한식,"두부,대파,양파,통깨,계란,고춧가루,물,간장,설탕,마늘,조리용나이프",15,쉬움,"아침,점심,야식","맑음,비,눈,더위,추위","봄,여름,가을,겨울",7015045,https://www.10000recipe.com/recipe/7015045,메인반찬,,,3,,
돼지고기 김치찌개 맛있게 끓이는법 맛보장,한식,"돼지고기앞디리살,신김치,포기,양파,고추장,된장,간장,고춧가루,마늘,파,식용유,다시마육수,조리용나이프",30,쉬움,"점심,저녁","맑음,비,눈,더위,추위","봄,여름,가을,겨울",7017372,https://www.10000recipe.com/recipe/7017372,찌개,,,3,,
다이어트식으로 딱 알배추 두부말이구이,한식,"알배추,두부,간장,고춧가루,마늘,청양고추,설탕,참기름,조리주걱,조리용나이프",15,쉬움,"아침,점심,야식","맑음,비,눈,더위,추위","봄,여름,가을,겨울",7017649,https://www.10000recipe.com/recipe/7017649,,,,3,,
두부 계란국 끓이는 법,한식,"계란,두부,대파,양파,표고버섯,물,간장,멸치액젓,마늘,소금,조리용나이프,대접",20,쉬움,"점심,저녁","맑음,비,눈,더위,추위","봄,여름,가을,겨울",7018309,https://www.10000recipe.com/recipe/7018309,국/탕,,,3,,
"구운마늘 좋아하는 사람은 만들어보세요, 돼지고기마늘조림",한식,"돼지목살,통마늘줌,맛술g,소금,후추,페페론치노,다진마늘g,참기름,물g,조리용나이프",30,쉬움,"점심,저녁","맑음,비,눈,더위,추위","봄,여름,가을,겨울",7020842,https://www.10000recipe.com/recipe/7020842,메인반찬,,,3,,
쉽고 맛있게 해물 순두부 찌개 끓이는 법,한식,"순두부,물or멸치육수,대파,양파,냉동새우,애호박,바지락,마늘,고춧가루,간장,계란,후추,뚝배기,계량컵,조리용나이프",15,쉬움,"아침,점심,야식","맑음,비,눈,더위,추위","봄,여름,가을,겨울",7021869,https://www.10000recipe.com/recipe/7021869,찌개,,,3,,
김치 삼겹살,한식,"삼겹살,양파,대파,김치,고추장,마늘,설탕,고춧가루,간장,조리용나이프,면기",15,쉬움,"아침,점심,야식","맑음,비,눈,더위,추위","봄,여름,가을,겨울",7022752,https://www.10000recipe.com/recipe/7022752,메인반찬,,,3,,
시금치무침 (시금치데치는 방법 시금치나물요리 나물반찬 반찬레시피),한식,"시금치,소금,물,마늘,참치액,참기름,깨소금,조리용나이프,찬기",10,쉬움,"아침,점심,야식","맑음,비,눈,더위,추위","봄,여름,가을,겨울",7022775,https://www.10000recipe.com/recipe/7022775,,,,3,,
매콤크림파스타 만들기 크림짬뽕 우유로 투움바 파스타 레시피,양식,"링귀니,새우,맛술,마늘,베이컨,우유,버터,참치액,치킨스톡,고운청양고춧가루,체다치즈,파르지미아노레지아노치즈,후추,조리용나이프",30,쉬움,"점심,저녁","맑음,비,눈,더위,추위","봄,여름,가을,겨울",7023306,https://www.10000recipe.com/recipe/7023306,양식,,,3,,
김치찌개 맛있게 끓이는법 돼지고기 삼겹살 김치찌개 레시피 돼지 김치찌개,한식,"돼지고기삼겹살,신김치,두부,대파,양파,청양고추개,마늘,고춧가루,간장,참기름,소금,물,조리용나이프",30,쉬움,"점심,저녁","맑음,비,눈,더위,추위","봄,여름,가을,겨울",7025066,https://www.10000recipe.com/recipe/7025066,찌개,,,3,,
토마토 김치찌개 드셔보셨어요? 얼마나 맛있게요~~ 만드는 법,한식,"배추김치,포기,토마토,양파,다시팩,고춧가루,식용유,들기름,간장,설탕,조리용나이프",30,보통,"점심,저녁","맑음,비,눈,더위,추위","봄,여름,가을,겨울",7026299,https://www.10000recipe.com/recipe/7026299,찌개,,,3,,
원팬 크림파스타 생크림없는 우유파스타 집에 있는 재료로 라면만큼 간단하게 만들기,양식,"스파게티면,스팸베이컨소시지대체,냉동새우생략가능,양파,올리브유,마늘,우유,물,슬라이스치즈,치킨스톡큐브액상,소금,후추,조리용나이프",20,쉬움,"점심,저녁","맑음,비,눈,더위,추위","봄,여름,가을,겨울",7026699,https://www.10000recipe.com/recipe/7026699,양식,,,3,,
순대볶음 레시피 순대요리,한식,"팩순대g,양배추,당근,양파,대파,깻잎,들깨가루,들기름,식초,식용유,고추장,고춧가루,간장,마늘,설탕,맛술,물,조리용나이프,계량컵",30,쉬움,"점심,저녁","맑음,비,눈,더위,추위","봄,여름,가을,겨울",7027628,https://www.10000recipe.com/recipe/7027628,메인반찬,,,3,,
특별하게 넣은것 없는데 맛있는 표고버섯볶음 레시피,한식,"표고버섯손질후g,마늘,식용유,물,참기름또는들기름,대파,갈은깨,소금,니트릴장갑,조리용나이프",5,쉬움,"아침,점심,야식","맑음,비,눈,더위,추위","봄,여름,가을,겨울",7027944,https://www.10000recipe.com/recipe/7027944,,,,3,,
두부감자조림 감자 두부 2가지 이거 왜 진작 안 만들어 봤을까요?,한식,"두부g,감자,대파,청양고추,간장,참치액,참기름,고춧가루,고추장,설탕,마늘,올리고당,조리용나이프,스텐트레이",15,쉬움,"아침,점심,야식","맑음,비,눈,더위,추위","봄,여름,가을,겨울",7029150,https://www.10000recipe.com/recipe/7029150,메인반찬,,,3,,
휴가지에서 끓이면 칭찬받을 고추장찌개 돼지고기 짜글이 레시피,한식,"돼지고기앞다리살,감자g,애호박,대파,양파,청양고추,멸치다시마육수,고추장,고춧가루,간장,멸치액젓,올리고당,후춧가루,미림,마늘,식용유,키친타올,조리용나이프,니트릴장갑",5,쉬움,"아침,점심,야식","맑음,비,눈,더위,추위","봄,여름,가을,겨울",7030323,https://www.10000recipe.com/recipe/7030323,찌개,,,3,,
시금치 오일 파스타 레시피,양식,"시금치,단,새우중,방울토마토,통마늘,파스타면원동전크기,소금,후추,참치액,올리브유,키친타올,조리용나이프",30,쉬움,"점심,저녁","맑음,비,눈,추위",겨울,7042590,https://www.10000recipe.com/recipe/7042590,양식,짭짤함,겨울,3,,
애호박전 꽃보다 예쁘게 만드는 레시피,한식,"애호박,계란,홍고추,소금,참치액젓,부침가루,식용유,조리용나이프,니트릴장갑,키친타올",20,쉬움,"점심,저녁","맑음,비,눈,더위,추위","봄,여름,가을,겨울",7042593,https://www.10000recipe.com/recipe/7042593,메인반찬,,,3,,
초간단 시원한 된장 배춧국 레시피,한식,"알배추,육수코인,다시팩육수가능,된장,마늘,고춧가루,청양고추홍,청고추개씩,대파,고운소금마지막간보며넣기,계량컵,조리용나이프",20,쉬움,"점심,저녁","맑음,비,눈,더위,추위","봄,여름,가을,겨울",7042695,https://www.10000recipe.com/recipe/7042695,국/탕,,,3,,
스팸마요 주먹밥 구운주먹밥 만들기,한식,"스팸,밥,마요네즈,맛소금,참기름,후추,간장,설탕,조리용나이프,키친타올,트레이,삼각김밥틀,뒤집개",20,쉬움,"점심,저녁","맑음,비,눈,더위,추위","봄,여름,가을,겨울",7043778,https://www.10000recipe.com/recipe/7043778,밥/죽/떡,,,3,,
버터 갈릭 굴소스 파스타 초스피드 야식으로도 최고!,양식,"올리브유,마늘편마늘다진마늘,파스타,간장,버터,페퍼론치노,치킨스톡,후추,치즈뿌려먹을,조리용나이프",15,쉬움,"아침,점심,야식","맑음,비,눈,더위,추위","봄,여름,가을,겨울",7044870,https://www.10000recipe.com/recipe/7044870,면/만두,,,3,,
꽈리고추소고기볶음,한식,"소고기불고기용,꽈리고추,통깨,간장,마늘,미림,물엿,후추,키친타올,조리주걱",30,쉬움,"점심,저녁","맑음,비,눈,더위,추위","봄,여름,가을,겨울",7045801,https://www.10000recipe.com/recipe/7045801,,,,3,,
냉이콩나물국 냉이국,한식,"콩나물,냉이줌,멸치액젓,코인육수,물,간마늘,조리용나이프",15,쉬움,"아침,점심,야식","맑음,비,눈,더위,추위","봄,여름,가을,겨울",7045892,https://www.10000recipe.com/recipe/7045892,국/탕,,,3,,
굴소스 느타리버섯볶음 만드는 법 버섯볶음 레시피,한식,"느타리버섯손질후,양파,당근,대파,마늘,식용유,물,소금,후추,통깨,조리용나이프",10,쉬움,"아침,점심,야식","맑음,비,눈,더위,추위","봄,여름,가을,겨울",7045900,https://www.10000recipe.com/recipe/7045900,,,,3,,
<다이어트 건강식>초간단 두부 치즈 그라탕!!,양식,"두부,모짜렐라치즈,양파,면기,포크,조리용나이프",10,쉬움,"아침,점심,야식","맑음,비,눈,더위,추위","봄,여름,가을,겨울",7046139,https://www.10000recipe.com/recipe/7046139,양식,담백함,미분류,3,,
닭곰탕,한식,"생닭,물닭이잠길만큼,무,대파,마늘,소금,참치액,조리용나이프",60,쉬움,저녁,"맑음,비,눈,더위,추위","봄,여름,가을,겨울",7050403,https://www.10000recipe.com/recipe/7050403,국/탕,,,3,,
새우젓 맑은 콩나물국 만들기,한식,"콩나물,무,대파,홍고추,물,새우젓새우만수북하게,멸치액젓,마늘,소금,조리용나이프,면기",20,쉬움,"점심,저녁","맑음,비,눈,더위,추위","봄,여름,가을,겨울",7050713,https://www.10000recipe.com/recipe/7050713,국/탕,,,3,,
토마토간장샐러드 진짜 별거없는데 미치도록 맛있어요 7분 완성 초간단 샐러드,한식,"토마토,상추,소금,간장,매실액,참기름,식초,마늘,대파송송썬,으깬통깨,조리용나이프",10,쉬움,"아침,점심,야식","맑음,비,눈,더위,추위","봄,여름,가을,겨울",7052761,https://www.10000recipe.com/recipe/7052761,,,,3,,
땅콩버터 두부쉐이크,한식,"바나나,두부,땅콩버터,우유,소금,알룰로스,땅콩분태,키친타올,조리용나이프",15,쉬움,"아침,점심,야식","맑음,비,눈,더위,추위","봄,여름,가을,겨울",7054093,https://www.10000recipe.com/recipe/7054093,,,,3,,
[두부계란덮밥] 두부를 이용한 건강한 다이어트 밥상,한식,"두부,계란,스테비아,간장,물,청양고추,들기름,깨,조리용나이프,키친타올,웍",30,쉬움,"점심,저녁","맑음,더위",여름,7054279,https://www.10000recipe.com/recipe/7054279,밥/죽/떡,짭짤함,여름,3,,
전자레인지로 간단하게! 버터간장계란밥,한식,"밥g,계란,간장,버터g",5,쉬움,"아침,점심,야식","맑음,비,눈,더위,추위","봄,여름,가을,겨울",7069384,https://www.10000recipe.com/recipe/7069384,밥/죽/떡,,,3,,
"속 편하고 든든한 한 그릇, 들깨 두부전골 정착 레시피!",한식,"팽이버섯,양파,두부,참치액젓,간장,들깨가루",20,쉬움,"점심,저녁","맑음,비,눈,더위,추위","봄,여름,가을,겨울",7069470,https://www.10000recipe.com/recipe/7069470,국/탕,,,3,,
차승원님 얼큰닭곰탕 레시피,한식,"닭,양파,대파,마늘,청양고추,통후추선택,통마늘선택,간장,고춧가루",30,쉬움,"점심,저녁","맑음,비,눈,더위,추위","봄,여름,가을,겨울",7070057,https://www.10000recipe.com/recipe/7070057,국/탕,,,3,,
청포묵 무침 만드는 법,한식,"청포묵,김가루,가는소금,통깨,참기름",15,쉬움,"아침,점심,야식","맑음,비,눈,더위,추위","봄,여름,가을,겨울",7070554,https://www.10000recipe.com/recipe/7070554,,,,3,,
아이들에게 짱짱 햄버거스테이크,양식,"쇠고기다진것목심or우둔,청주,맛술,마늘,후춧가루,생강즙이나가루,대파,다진양파,다진당근,소금,설탕,간장,계란,빵가루,양파중,양송이버섯,버터,카레가루,물,케첩,물엿,우유",60,쉬움,저녁,"맑음,비,눈,더위,추위","봄,여름,가을,겨울",1259449,https://www.10000recipe.com/recipe/1259449,양식,,,2,,
펜네 아라비아따 - 딸에게#,양식,"펜네양파다짐,마늘,매운고추,올리브유",13,보통,"아침,점심,야식","맑음,비,눈,더위,추위","봄,여름,가을,겨울",1615760,https://www.10000recipe.com/recipe/1615760,양식,,,2,,
새우 카레 스파게티,한식,"스파게티소금,카레,마늘,새우,감자,양파,청고추,우유,물,후추",30,쉬움,"점심,저녁","맑음,비,눈,더위,추위","봄,여름,가을,겨울",1641345,https://www.10000recipe.com/recipe/1641345,면/만두,,,2,,
소고기 찹스테이크,양식,"소고기스테이크용,올리브유오일,빨간파프리카,피망,버섯,양파,버터,소금,후추,케찹,머스터드,후춧가루",30,쉬움,"점심,저녁","맑음,비,눈,더위,추위","봄,여름,가을,겨울",1652071,https://www.10000recipe.com/recipe/1652071,양식,,,2,,
새송이버섯 햄 주먹밥,한식,"밥,공기,통조림햄,새송이버섯,감자,당근,풋고추,데친미나리줄기,통깨,참기름,소금",30,쉬움,"점심,저녁","맑음,비,눈,더위,추위","봄,여름,가을,겨울",2013467,https://www.10000recipe.com/recipe/2013467,밥/죽/떡,,,2,,
고구마 프리타타,양식,"계란,양파,홍피망,게맛살,고구마,모짜렐라치즈,소금",30,쉬움,"점심,저녁","맑음,비,눈,더위,추위","봄,여름,가을,겨울",2508006,https://www.10000recipe.com/recipe/2508006,양식,,,2,,
비프 스트로가노프,양식,"소고기등심윗등심g,버터,밀가루,케첩,육수,월계수잎생략가능,소금,후춧가루,버터약g,양파,마늘or다진마늘,양송이버섯,허브솔트or소금후추,오일,생크림,레몬즙",30,보통,"점심,저녁","맑음,비,눈,더위,추위","봄,여름,가을,겨울",2569711,https://www.10000recipe.com/recipe/2569711,양식,,,2,,
두부햄 덮밥,한식,"두부,햄,밥,대파,검은깨,소금,기름",30,쉬움,"점심,저녁","맑음,비,눈,더위,추위","봄,여름,가을,겨울",2697716,https://www.10000recipe.com/recipe/2697716,밥/죽/떡,,,2,,
칼국수 면발의 색다른 별미~ 오리엔탈 샐러드 칼국수,한식,"양파,당근,오이,계란,소금,전분,간장,설탕,마늘,배식초,참기름혹은올리브유,깨",60,쉬움,저녁,"맑음,비,눈,더위,추위","봄,여름,가을,겨울",2855273,https://www.10000recipe.com/recipe/2855273,면/만두,,,2,,
부드러운 순두부된장국,한식,"순두부,뒤포리육수,애호박,양파,청양고추,홍고추,마늘,된장",15,쉬움,"아침,점심,야식","맑음,비,눈,더위,추위","봄,여름,가을,겨울",2891973,https://www.10000recipe.com/recipe/2891973,국/탕,,,2,,
양파볶음소스 치킨스테이크,양식,"닭다리살,양파,간장,매실액,물엿,물,후추",60,쉬움,저녁,"맑음,비,눈,더위,추위","봄,여름,가을,겨울",3125088,https://www.10000recipe.com/recipe/3125088,양식,,,2,,
아이들 입맛에 꼭맞춘 불고기통깨주먹밥,한식,"소고기불고기용,밥,통깨,검은깨,간장,마늘,설탕,청주,참기름,깨소금,생강가루,후춧가루",30,보통,"점심,저녁","맑음,비,눈,더위,추위","봄,여름,가을,겨울",3603009,https://www.10000recipe.com/recipe/3603009,밥/죽/떡,,,2,,
팔락 파니르커리 (인도 시금치카레),양식,"인델리커리,시금치g,양파,토마토g,돼지고기안심,생크림,물,후춧가루,식용유,모짜렐라치즈생략가능",3,보통,"아침,점심,야식","맑음,비,눈,더위,추위","봄,여름,가을,겨울",3678931,https://www.10000recipe.com/recipe/3678931,양식,,,2,,
불고기치즈 김밥,한식,"밥,김밥용김,깻잎,소고기불고기용,슬라이스치즈,간장,설탕,청주,마늘,참기름,깨소금,후춧가루",60,쉬움,저녁,"맑음,비,눈,더위,추위","봄,여름,가을,겨울",3794431,https://www.10000recipe.com/recipe/3794431,밥/죽/떡,,,2,,
돼지고기 사태고추장찌개 만들기,한식,"돼지고기사태,감자,호박,양파,마른표고,파,마늘,청양고추,고추장,새우젓,간장",10,쉬움,"아침,점심,야식","맑음,비,눈,더위,추위","봄,여름,가을,겨울",3836943,https://www.10000recipe.com/recipe/3836943,찌개,,,2,,
칼비빔국수,한식,"오이,당근,토막,양파,상추잎,양배추잎,고추장,고춧가루,매실액,올리고당,간장,마늘,참기름,깨소금",30,쉬움,"점심,저녁","맑음,비,눈,더위,추위","봄,여름,가을,겨울",3973499,https://www.10000recipe.com/recipe/3973499,면/만두,,,2,,
소시지 뚝배기밥,한식,"수제소시지,주황파프리카,초록파프리카,양파,대파,들기름,집고추장,부추,간장,맛술,팽이버섯,깨소금",30,쉬움,"점심,저녁","맑음,비,눈,더위,추위","봄,여름,가을,겨울",3977058,https://www.10000recipe.com/recipe/3977058,밥/죽/떡,,,2,,
고소하고 쫄깃한 베이컨버섯말이,한식,"베이컨,팽이버섯,꽈리고추,찹쌀가루,식용유,간장,와사비,통깨",30,쉬움,"점심,저녁","맑음,비,눈,더위,추위","봄,여름,가을,겨울",4077002,https://www.10000recipe.com/recipe/4077002,메인반찬,,,2,,
간단한끼식사 김치소시지덮밥,한식,"소시지,밥,묵은지,들기름,양파,설탕이나꿀,통깨,소금",15,쉬움,"아침,점심,야식","맑음,비,눈,더위,추위","봄,여름,가을,겨울",4101045,https://www.10000recipe.com/recipe/4101045,밥/죽/떡,,,2,,
매콤 칼칼한 닭볶음탕 만드는 법,한식,"닭,양파,대파,감자,물,간장,설탕,마늘,고춧가루,후춧가루,통깨",60,쉬움,저녁,"맑음,비,눈,더위,추위","봄,여름,가을,겨울",4129773,https://www.10000recipe.com/recipe/4129773,국/탕,,,2,,
쇠고기 달걀 덮밥,한식,"소고기불고기감,양파주먹크기,대파,계란,팽이버섯,다시마x,물,간장,생강술,맛술,설탕",30,쉬움,"점심,저녁","맑음,비,눈,더위,추위","봄,여름,가을,겨울",4195367,https://www.10000recipe.com/recipe/4195367,밥/죽/떡,,,2,,
"버섯밥 - 가을영양은 버섯이 책임지기~[영양밥,버섯요리,만가닥버섯]",한식,"불린쌀,만가닥버섯,당근,생수,간장,맛술,물,참기름,마늘,설탕,다진부추,깨소금",30,쉬움,"점심,저녁",맑음,가을,4232522,https://www.10000recipe.com/recipe/4232522,밥/죽/떡,고소함,가을,2,,
참치볼 만들기,한식,"참치,양파,빵가루,녹말가루,계란,당근,애호박,대파,소금,후추,마늘,케첩,고추장,올리고당,참기름,물",60,쉬움,저녁,"맑음,비,눈,더위,추위","봄,여름,가을,겨울",4259171,https://www.10000recipe.com/recipe/4259171,메인반찬,,,2,,
삼겹 콩나물 무우국,한식,"삼겹살분량추가가능,무,콩나물,대파,마늘,국멸치,다시마x,물,고춧가루,참기름,간장,후춧가루,소금",30,쉬움,"점심,저녁","맑음,비,눈,더위,추위","봄,여름,가을,겨울",4272162,https://www.10000recipe.com/recipe/4272162,국/탕,,,2,,
제철꽃게된장찌개 맛있게 끓이는 법,한식,"꽃게,멸치육수,두부,양파,청양고추,애호박,감자,고춧가루,된장",30,쉬움,"점심,저녁","맑음,비,눈,더위,추위","봄,여름,가을,겨울",4368779,https://www.10000recipe.com/recipe/4368779,찌개,,,2,,
부대찌개 맛있게 끓이는 법,한식,"후랑크소세지,네모난햄,대파,김치,느타리버섯,팽이버섯,라면사리,다시마멸치육수,고춧가루,고추장,어간장,마늘,설탕가감",30,쉬움,"점심,저녁","맑음,비,눈,더위,추위","봄,여름,가을,겨울",4591706,https://www.10000recipe.com/recipe/4591706,찌개,,,2,,
봄동 돼지고기고추장찌개,한식,"봄동,돼지목살,양파,대파,홍고추,청양고추,쌀뜨물,소금,후추,마늘,숟갈,고춧가루,간장,매실청,고추장",30,쉬움,"점심,저녁","맑음,비,눈,더위,추위","봄,여름,가을,겨울",4605270,https://www.10000recipe.com/recipe/4605270,찌개,,,2,,
초간단 화끈하게 매운맛 '치즈불닭',한식,"닭안심살,모짜렐라치즈,땅콩분태,고추장,고춧가루,간장,꿀,맛술,참기름,마늘,양파,청양고추,사과즙,카레,후추",90,쉬움,저녁,"맑음,비,눈,더위,추위","봄,여름,가을,겨울",4810471,https://www.10000recipe.com/recipe/4810471,메인반찬,,,2,,
"호박과 두부가 잔뜩, 구수한 된장찌개",한식,"뒤포리육수,집된장수북히,쥬키니호박,두부,양파,감자작은거,마늘,생수,버섯가루",30,쉬움,"점심,저녁","맑음,비,눈,더위,추위","봄,여름,가을,겨울",5049166,https://www.10000recipe.com/recipe/5049166,찌개,,,2,,
맥주 안주로 딱! 깐풍만두 만들기,한식,"군만두,파프리카,마늘,간장,올리고당,식초,고추기름,맛술",15,쉬움,"아침,점심,야식","맑음,비,눈,더위,추위","봄,여름,가을,겨울",5167286,https://www.10000recipe.com/recipe/5167286,면/만두,,,2,,
햇감자를 이용한 감자미역찌개,한식,"햇감자,불린미역,멸치다시마육수,청양고추,마늘,고추장,된장,고춧가루",60,보통,저녁,"맑음,비,눈,더위,추위","봄,여름,가을,겨울",5361280,https://www.10000recipe.com/recipe/5361280,찌개,,,2,,
저수분 해물파스타,양식,"스파게티면,홍합,오징어,양파,마늘,페페론치노,우유,파르메산치즈가루,소금,후춧가루",45,쉬움,저녁,"맑음,비,눈,더위,추위","봄,여름,가을,겨울",5496553,https://www.10000recipe.com/recipe/5496553,면/만두,,,2,,
보들보들 수란 김 두부탕,한식,"돌김,두부,다시마cmcm,건새우,청양고추,대파,양파,물,마늘,새우젓,함초소금",60,보통,저녁,"맑음,비,눈,더위,추위","봄,여름,가을,겨울",5537124,https://www.10000recipe.com/recipe/5537124,국/탕,,,2,,
새우젓으로 맛낸 동태찌개,한식,"동태,바지락,곤이,콩나물,무,두부,대파,고추,간장,고춧가루,새우젓갈,마늘,후추,육수",60,쉬움,저녁,"맑음,비,눈,더위,추위","봄,여름,가을,겨울",5544673,https://www.10000recipe.com/recipe/5544673,찌개,,,2,,
어묵 김치 콩나물국,한식,"어묵,김치,콩나물,잔파,마늘,생수,김치국물또는소금",15,쉬움,"아침,점심,야식","맑음,비,눈,더위,추위","봄,여름,가을,겨울",5552069,https://www.10000recipe.com/recipe/5552069,국/탕,,,2,,
김치 비빔국수 만들기,한식,"김치,소면,고추장,설탕,식초,참기름,마늘",15,쉬움,"아침,점심,야식","맑음,비,눈,더위,추위","봄,여름,가을,겨울",5555426,https://www.10000recipe.com/recipe/5555426,면/만두,,,2,,
깐풍만두 만드는 법,한식,"만두,양파,홍고추,간장,식초,꿀,물",15,쉬움,"아침,점심,야식","맑음,비,눈,더위,추위","봄,여름,가을,겨울",5714649,https://www.10000recipe.com/recipe/5714649,면/만두,,,2,,
불고기볶음우동 만들기,일식,"생우동,대파,간장,참기름,깨소금",30,쉬움,"점심,저녁","맑음,비,눈,더위,추위","봄,여름,가을,겨울",5920663,https://www.10000recipe.com/recipe/5920663,면/만두,,,2,,
고추장찌개 만드는 법,한식,"햇감자중간크기,애호박,양파,대파,홍고추,건다시마,멸치,물,고추장,쌈장,마늘,간장",30,쉬움,"점심,저녁","맑음,비,눈,더위,추위","봄,여름,가을,겨울",6063776,https://www.10000recipe.com/recipe/6063776,찌개,,,2,,
현미김치볶음밥 그라탱,양식,"현미밥,김치,소시지,양파,피자치즈,슬라이스치즈,허브가루",2,쉬움,"아침,점심,야식","맑음,비,눈,더위,추위","봄,여름,가을,겨울",6237101,https://www.10000recipe.com/recipe/6237101,양식,,,2,,
치즈오븐 파스타,양식,"스파게티면,마늘,양파,올리브유,모짜렐라치즈,소금,후추,바질,파슬리가루",60,쉬움,저녁,"맑음,비,눈,더위,추위","봄,여름,가을,겨울",6357028,https://www.10000recipe.com/recipe/6357028,면/만두,,,2,,
새콤달콤매콤 미친 맛의 비빔만두 레시피,한식,"만두,양배추,적채,오이,파프리카,오이고추,깻잎,고추장,고춧가루,간장,매실청,올리고당,설탕,식초,마늘,통깨",10,쉬움,"아침,점심,야식","맑음,비,눈,더위,추위","봄,여름,가을,겨울",6402467,https://www.10000recipe.com/recipe/6402467,면/만두,,,2,,
만두피가 없는 초간단 계란 만두,한식,"계란,당면,양파,파,당근,고추장,마늘,설탕,간장",60,쉬움,저녁,"맑음,비,눈,더위,추위","봄,여름,가을,겨울",6504791,https://www.10000recipe.com/recipe/6504791,면/만두,,,2,,
집에서 맛있는 찹스테이크만들기 !!,양식,"채끝등심,양파,파프리카,케찹,올리고당,마늘",60,보통,저녁,"맑음,비,눈,더위,추위","봄,여름,가을,겨울",6662855,https://www.10000recipe.com/recipe/6662855,양식,,,2,,
토마토 스크램블,양식,"토마토,계란,우유",15,쉬움,"아침,점심,야식","맑음,비,눈,더위,추위","봄,여름,가을,겨울",6675995,https://www.10000recipe.com/recipe/6675995,양식,,,2,,
나들이 도시락으로 좋은 식빵소세지롤 만들기,양식,"닭가슴살소세지,식빵,계란",15,쉬움,"아침,점심,야식","맑음,비,눈,더위,추위","봄,여름,가을,겨울",6695781,https://www.10000recipe.com/recipe/6695781,양식,,,2,,
건강탕 버섯들깨탕,한식,"팽이버섯,표고버섯,들깨,소금",30,보통,"점심,저녁","맑음,비,눈,더위,추위","봄,여름,가을,겨울",6705815,https://www.10000recipe.com/recipe/6705815,국/탕,,,2,,
국물에 향긋한 굴순두부찌개,한식,"순두부,굴,양파,대파,계란,멸치다시마우린물,고춧가루,참기름,마늘,간장",5,쉬움,"아침,점심,야식","맑음,비,눈,더위,추위","봄,여름,가을,겨울",6709384,https://www.10000recipe.com/recipe/6709384,찌개,,,2,,
목살 스테이크와 목살 김치볶음밥,양식,"목살,김치,양파,새송이버섯,옥수수통조림,파인애플통조림,어린잎,계란,소금,후추,간장,고추장,매실액,올리고당,마늘",30,쉬움,"점심,저녁","맑음,비,눈,더위,추위","봄,여름,가을,겨울",6723164,https://www.10000recipe.com/recipe/6723164,양식,,,2,,
초간단 스크램블 에그,양식,"계란,방울토마토,오렌지,버터,소금,파슬리,통후추,우유or생크림",10,쉬움,"아침,점심,야식","맑음,비,눈,더위,추위","봄,여름,가을,겨울",6731338,https://www.10000recipe.com/recipe/6731338,양식,,,2,,
채끝살 스테이크,양식,"채끝살,마늘,양송이,소금,버터",60,쉬움,저녁,"맑음,비,눈,더위,추위","봄,여름,가을,겨울",6757029,https://www.10000recipe.com/recipe/6757029,양식,,,2,,
돼지고기 찹스테이크,양식,"돼지고기안심,양파,옥수수통조림,떡볶이떡,당근,케찹,설탕,물",30,쉬움,"점심,저녁","맑음,비,눈,더위,추위","봄,여름,가을,겨울",6760137,https://www.10000recipe.com/recipe/6760137,양식,,,2,,
보글보글 얼큰한 돼지고기 고추장찌개 만들기,한식,"돼지고기국거리,감자,애호박,양파,말린표고버섯,청량고추,두부,마늘,맛술,후추,고추장,고춧가루,된장,숟갈,간장,연두",30,쉬움,"점심,저녁","맑음,비,눈,더위,추위","봄,여름,가을,겨울",6785237,https://www.10000recipe.com/recipe/6785237,찌개,,,2,,
연어야채밥전,한식,"연어통살캔,밥,양파,청피망,당근,청양고추,계란,밀가루,빵가루,소금,후춧가루,오일",30,쉬움,"점심,저녁","맑음,비,눈,더위,추위","봄,여름,가을,겨울",6786513,https://www.10000recipe.com/recipe/6786513,밥/죽/떡,,,2,,
가래떡을 이용한 닭떡꼬치,한식,"가래떡개,닭가슴살,풋고추,깨소금,참기름,파,고추장,올리고당,토마토케첩,마늘",30,쉬움,"점심,저녁","맑음,비,눈,더위,추위","봄,여름,가을,겨울",6789179,https://www.10000recipe.com/recipe/6789179,밥/죽/떡,,,2,,
히야시추카 만들기,한식,"메밀면,오이,계란,맛살,숙주,토마토,삶은고기,어묵,다시물,간장,설탕,식초,참기름,연겨자",60,보통,저녁,"맑음,비,눈,더위,추위","봄,여름,가을,겨울",6803637,https://www.10000recipe.com/recipe/6803637,면/만두,,,2,,
새우젓으로 넣어 끓인 순두부찌개,한식,"순두부,파,계란,새우젓",10,쉬움,"아침,점심,야식","맑음,비,눈,더위,추위","봄,여름,가을,겨울",6810691,https://www.10000recipe.com/recipe/6810691,찌개,,,2,,
참치미역국,한식,"참치캔,미역,간장,물,참기름",30,쉬움,"점심,저녁","맑음,비,눈,더위,추위","봄,여름,가을,겨울",6823346,https://www.10000recipe.com/recipe/6823346,국/탕,,,2,,
매콤 비빔국수,한식,"국수,고추장,고춧가루,간장,식초,설탕,물엿,다진대파,마늘,깨소금,사이다,참기름",30,쉬움,"점심,저녁","맑음,비,눈,더위,추위","봄,여름,가을,겨울",6828811,https://www.10000recipe.com/recipe/6828811,면/만두,,,2,,
여름에 제격인 시원한 오이냉국 만드는법,한식,"오이,생수,식초,설탕,매실액,소금,통깨,간장",10,쉬움,"아침,점심,야식","맑음,비,눈,더위,추위",여름,6828940,https://www.10000recipe.com/recipe/6828940,국/탕,짭짤함,여름,2,,
국물 진한 백종원 김치찌개,한식,"김치,돼지고기,쌀뜨물,간마늘,파,고추,고춧가루,간장,새우젓,된장선택",30,쉬움,"점심,저녁","맑음,비,눈,더위,추위","봄,여름,가을,겨울",6829543,https://www.10000recipe.com/recipe/6829543,찌개,,,2,,
고추장찌개 끓이기,한식,"돼지고기,감자,두부,양파,애호박,청양고추,대파,식용유,소주,고추장,새우젓,고춧가루,마늘,국간장또는소금",30,쉬움,"점심,저녁","맑음,비,눈,더위,추위","봄,여름,가을,겨울",6830978,https://www.10000recipe.com/recipe/6830978,찌개,,,2,,
감칠맛 좋은 조선호박찌개,한식,"조선호박큰거,청고추,홍고추,물,새우젓,마늘",30,쉬움,"점심,저녁","맑음,비,눈,더위,추위","봄,여름,가을,겨울",6831003,https://www.10000recipe.com/recipe/6831003,찌개,,,2,,
보글보글 시원한 바지락 된장찌개,한식,"바지락,무,애호박,양파,애기느타리버섯,청양고추,홍고추,대파,두부,된장,마늘,고춧가루",60,쉬움,저녁,"맑음,비,눈,더위,추위","봄,여름,가을,겨울",6831125,https://www.10000recipe.com/recipe/6831125,찌개,,,2,,
김치품은 유부주머니 [유부김치만두],한식,"사각유부,김치,두부,다진돼지고기,부추,양파,당면,계란,마늘,대파,참기름,간장,소금,후추",120,보통,저녁,"맑음,비,눈,더위,추위","봄,여름,가을,겨울",6832092,https://www.10000recipe.com/recipe/6832092,면/만두,,,2,,
구수한 들깨미역채소죽,한식,"찬밥,양파,대파,딩근,호박,앵배추,팽이버섯,불린미역,들깨가루,소금,간장",15,쉬움,"아침,점심,야식","맑음,비,눈,더위,추위","봄,여름,가을,겨울",6832303,https://www.10000recipe.com/recipe/6832303,밥/죽/떡,,,2,,
새우 더한 백종원 볶음라면,한식,"라면,파,포도씨유,새우,라면스프,건더기스프",10,쉬움,"아침,점심,야식","맑음,비,눈,더위,추위","봄,여름,가을,겨울",6832512,https://www.10000recipe.com/recipe/6832512,면/만두,,,2,,
먹다 남은 광어회로 만든 생선까스,양식,"먹다남은광어회,튀김옷달걀,밀가루,빵가루,소금,후추,맛술,다진양파,삶은달걀,오이피클,마요네즈,식초,올리고당,파슬리가루",30,쉬움,"점심,저녁","맑음,비,눈,더위,추위","봄,여름,가을,겨울",6832704,https://www.10000recipe.com/recipe/6832704,양식,,,2,,
소고기미역국 끓이는 법,한식,"미역,소고기국거리,물,디포리,다시마,간장,소금,마늘",30,쉬움,"점심,저녁","맑음,비,눈,더위,추위","봄,여름,가을,겨울",6832808,https://www.10000recipe.com/recipe/6832808,국/탕,,,2,,
"부채살맛있게먹기,무쌈,부추무침,양파마늘볶음",양식,"부채살,양파,통마늘,송이버섯,부추,단,무쌈,간장,고춧가루,매실,미림,식초,마늘,통깨",30,보통,"점심,저녁","맑음,비,눈,더위,추위","봄,여름,가을,겨울",6833246,https://www.10000recipe.com/recipe/6833246,양식,,,2,,
입맛을 돋우는 저염식 두유 파스타,양식,"통밀스파게티면,양파,마늘,베이컨,버섯,브로콜리,청양고추,두유,파마산치즈,후추,매실액",30,쉬움,"점심,저녁","맑음,비,눈,더위,추위","봄,여름,가을,겨울",6833257,https://www.10000recipe.com/recipe/6833257,면/만두,,,2,,
소고기 부추밥전,한식,"다진소고기,파프리카,당근,호박,부추,계란,밀가루,소금",30,쉬움,"점심,저녁","맑음,비,눈,더위,추위","봄,여름,가을,겨울",6833404,https://www.10000recipe.com/recipe/6833404,밥/죽/떡,,,2,,
고구마그라탕 간단하게 만들기.,양식,"고구마삶거나구운,우유,꿀,모짜렐라치즈",5,쉬움,"아침,점심,야식","맑음,비,눈,더위,추위","봄,여름,가을,겨울",6833648,https://www.10000recipe.com/recipe/6833648,양식,,,2,,
집밥 백선생 백종원의 콩나물찌개,한식,"콩나물,돼지고기갈은것,새송이버섯,양파,대파,마늘,고춧가루,청양고추,홍고추,새우젓,식용유",30,쉬움,"점심,저녁","맑음,비,눈,더위,추위","봄,여름,가을,겨울",6834586,https://www.10000recipe.com/recipe/6834586,찌개,,,2,,
"햄버그스테이크, 웨지감자",양식,"돼지고기다짐육,레드와인,양파,당근,마늘,소금,후추,파슬리가루,빵가루,계란,감자,올리브오일,버터,케찹,물엿",30,쉬움,"점심,저녁","맑음,비,눈,더위,추위","봄,여름,가을,겨울",6834813,https://www.10000recipe.com/recipe/6834813,양식,,,2,,
닭가슴살 스테이크,양식,"닭가슴살,방울토마토,어린잎,간장,맛술,양파즙,매실액,올리브오일,식초,소금",30,쉬움,"점심,저녁","맑음,비,눈,더위,추위","봄,여름,가을,겨울",6835005,https://www.10000recipe.com/recipe/6835005,양식,,,2,,
홈메이드 버팔로윙 만들기~,양식,"버팔로윙,간장,설탕,맛술,마늘",60,쉬움,저녁,"맑음,비,눈,더위,추위","봄,여름,가을,겨울",6836171,https://www.10000recipe.com/recipe/6836171,양식,,,2,,
심플해서 더 맛있는 파스타~ [알리오올리오 페페론치노],양식,"스파게티면,통마늘,페페론치노,그라나파다노치즈,올리브오일,천일염,통후추,파슬리",15,쉬움,"아침,점심,야식","맑음,비,눈,더위,추위","봄,여름,가을,겨울",6836975,https://www.10000recipe.com/recipe/6836975,양식,,,2,,
치즈가 쭉쭉 늘어나는 닭가슴살 우동 볶음 레시피 :),일식,"닭가슴살,우동사리,당근,양파,양배추,청양고추,모짜렐라치즈,마늘,고추기름,고추장,두반장생략가능,물엿,설탕,고춧가루,케첩,맛술,소금,후추",30,쉬움,"점심,저녁","맑음,비,눈,더위,추위","봄,여름,가을,겨울",6837611,https://www.10000recipe.com/recipe/6837611,면/만두,,,2,,
백종원/백주부의 뜨끈한 얼큰소고기무국♥,한식,"무,소고기불고기또는양지,대파,간마늘,간장,소주컵,참기름,소금,설탕,후추,고춧가루",60,쉬움,저녁,"맑음,비,눈,더위,추위","봄,여름,가을,겨울",6837757,https://www.10000recipe.com/recipe/6837757,국/탕,,,2,,
프랑스 가정식 아쉬 빠멍티에(hachis parmentier),양식,"감자,갈은소고기,토마토생략가능,양파큰거,치즈에멘탈체다모짜렐라,버터식용유,소금,후추,마늘가루,바질가루대체가능,밀가루",15,쉬움,"아침,점심,야식","맑음,비,눈,더위,추위","봄,여름,가을,겨울",6837908,https://www.10000recipe.com/recipe/6837908,양식,,,2,,
"왕만두로 만든 만두랑땡, 고소하고 맛나요~",한식,"왕만두,신김치,계란,식용유",5,쉬움,"아침,점심,야식","맑음,비,눈,더위,추위","봄,여름,가을,겨울",6838292,https://www.10000recipe.com/recipe/6838292,면/만두,,,2,,
관자 그라탱,양식,"관자,양파,마늘,브로콜리,콜리플라워,파슬리가루,올리브유,소금,후추,버터,밀가루,우유,모차렐라치즈,체더치즈",30,보통,"점심,저녁","맑음,비,눈,더위,추위","봄,여름,가을,겨울",6838688,https://www.10000recipe.com/recipe/6838688,양식,,,2,,
초간단 오징어찌개,한식,"물오징어,무,다시마,청양고추,홍고추,마늘,대파,간장,소금,고춧가루",30,쉬움,"점심,저녁","맑음,비,눈,더위,추위","봄,여름,가을,겨울",6838997,https://www.10000recipe.com/recipe/6838997,찌개,,,2,,
집밥 백선생과 같은듯 다른 나만의 김치찌개,한식,"김장김치,돼지고기목살,양파,대파,두부,청양고추,홍고추,김치국물,쌀뜨물또는물,참기름,마늘,간장,고춧가루,후추",60,쉬움,저녁,"맑음,비,눈,더위,추위","봄,여름,가을,겨울",6839170,https://www.10000recipe.com/recipe/6839170,찌개,,,2,,
맛 보장@ 얼큰 담백 '오징어돼지짬뽕' 만들기,중식,"돼지고기,해물,양배추,양파,알배추,당근,청양고추,파,생강,마늘,고춧가루,간장,소금,후추",30,쉬움,"점심,저녁","맑음,비,눈,더위,추위","봄,여름,가을,겨울",6839459,https://www.10000recipe.com/recipe/6839459,면/만두,,,2,,
집밥 백선생 순두부 찌개 끓이기,한식,"순두부,청양고추,대파,줄기,계란,바지락,식용유,참기름,다진양파,고춧가루,새우젓,설탕,간장,돼지고기간것",30,쉬움,"점심,저녁","맑음,비,눈,더위,추위","봄,여름,가을,겨울",6839744,https://www.10000recipe.com/recipe/6839744,찌개,,,2,,
집밥백선생 어묵전골^^ 요즘같이 쌀쌀한 날씨에는 집밥백선생 어묵전골 레시피로 어묵전골 만들어보아요!!!,한식,"각종어묵,우동사리,쑥갓,파,청양고추,멸치육수용,무육수용,대파육수용,양파육수용,청양고추육수용,다시마육수용,간장리터기준,마늘,설탕,맛술",60,쉬움,저녁,"맑음,비,눈,더위,추위","봄,여름,가을,겨울",6840424,https://www.10000recipe.com/recipe/6840424,국/탕,,,2,,
연말에 꼭 해먹어야 할 푸근한 닭요리 '꼬꼬뱅' 만드는 법,양식,"닭고기볶음용,레드와인,베이컨,셜롯,마늘,치킨스탁,토마토퓨레,타임,로즈마리,줄기,월계수잎,파슬리작은,양송이버섯,올리브오일,밀가루,버터",120,보통,저녁,"맑음,비,눈,더위,추위","봄,여름,가을,겨울",6840434,https://www.10000recipe.com/recipe/6840434,양식,,,2,,
얼큰칼칼~달큰한 돼지고기 고추장찌개~!,한식,"돼지고기,감자,호박,건표고버섯,양파,파,청양고추,다시마,멸치,고추장,된장,간장,마늘,설탕,후추,참기름,고춧가루",30,쉬움,"점심,저녁","맑음,비,눈,더위,추위","봄,여름,가을,겨울",6840602,https://www.10000recipe.com/recipe/6840602,찌개,,,2,,
건강한 다이어트에 좋은 “새송이 버섯 덮밥”,한식,"새송이버섯,당근,양파,피망,당면,밥,올리브유,마늘,간장,전분가루,후춧가루,물",30,쉬움,"점심,저녁","맑음,비,눈,더위,추위","봄,여름,가을,겨울",6841397,https://www.10000recipe.com/recipe/6841397,밥/죽/떡,,,2,,
버섯 들깨 매운탕,한식,"국거리용소고기,미나리,대파,감자,느타리버섯,표고버섯,멸치다시육수ml,참기름,된장,고춧가루,간장,들깻가루,후춧가루,맛술,마늘",30,쉬움,"점심,저녁","맑음,비,눈,더위,추위","봄,여름,가을,겨울",6841915,https://www.10000recipe.com/recipe/6841915,국/탕,,,2,,
쉽고 간단한 하트 소세지 만들기,한식,"프랑크소세지,계란,기름",5,쉬움,"아침,점심,야식","맑음,비,눈,더위,추위","봄,여름,가을,겨울",6842130,https://www.10000recipe.com/recipe/6842130,메인반찬,,,2,,
피쉬앤 칩스,양식,"냉동생선살,튀김가루,맥주,카레가루,칠리파우더생략가능,소금,후추,식용유,감자튀김,마요네즈,다진피클,피클쥬스,설탕,다진양파,레몬즙",30,쉬움,"점심,저녁","맑음,비,눈,더위,추위","봄,여름,가을,겨울",6842770,https://www.10000recipe.com/recipe/6842770,양식,,,2,,
새우요리 이렇게 좋아요 감바스 알 아히요,양식,"새우타이거새우or중새우,마늘,땡초,홍고추,올리브유,소금,후추,파슬리,말린표고버섯,레몬즙선택",10,보통,"아침,점심,야식","맑음,비,눈,더위,추위","봄,여름,가을,겨울",6843794,https://www.10000recipe.com/recipe/6843794,양식,,,2,,
오늘뭐먹지 레시피 몽골리안 비프 스테이크,양식,"소고기,양파,파프리카,청경채,당근,간장,설탕,미림,참기름,마늘,후추,소금,전분물",15,쉬움,"아침,점심,야식","맑음,비,눈,더위,추위","봄,여름,가을,겨울",6843824,https://www.10000recipe.com/recipe/6843824,양식,,,2,,
간단하지만 폼나는 소고기 찹스테이크,양식,"소고기,양파,새송이버섯,애호박한토막,올리브유,빨간파프리카,노란파프리카,케첩,레드와인,올리고당",30,쉬움,"점심,저녁","맑음,비,눈,더위,추위","봄,여름,가을,겨울",6844176,https://www.10000recipe.com/recipe/6844176,양식,,,2,,
베이컨새우젓파스타,양식,"파스타면,동원두툼베이컨,새우젓,면수또는물,통마늘,청양고추,대파작은사이즈",15,쉬움,"아침,점심,야식","맑음,비,눈,더위,추위","봄,여름,가을,겨울",6844346,https://www.10000recipe.com/recipe/6844346,면/만두,,,2,,
"신혼집들이 메인찌개, 부대찌개 황금레시피 추천",한식,"멸치,다시마육수,콩나물,양파,두부,스팸햄,비엔나소시지,오뎅,신김치,버섯,대파,땡초,쑥갓,소금,고춧가루,고추장,간장,매실청,마늘",30,쉬움,"점심,저녁","맑음,비,눈,더위,추위","봄,여름,가을,겨울",6844407,https://www.10000recipe.com/recipe/6844407,찌개,,,2,,
프렌치 토스트와 소시지 브런치,양식,"소시지,계란,식빵,쌈채소or샐러드용채소,견과류,설탕,우유,발사믹식초,올리고당",10,쉬움,"아침,점심,야식","맑음,비,눈,더위,추위","봄,여름,가을,겨울",6844659,https://www.10000recipe.com/recipe/6844659,양식,,,2,,
무청된장찌개,한식,"두부,호박,멸치,새우,된장,고추장,마늘,고춧가루,들기름,청양고추,대파",30,쉬움,"점심,저녁","맑음,비,눈,더위,추위","봄,여름,가을,겨울",6845350,https://www.10000recipe.com/recipe/6845350,찌개,,,2,,
돼지고기 고추장 찌개,한식,"돼지고기목살,감자,애호박,양파,대파,청양고추,팽이버섯,멸치다시육수ml,식용유,고추장,된장,고춧가루,간장,맛술,마늘,후춧가루",60,쉬움,저녁,"맑음,비,눈,더위,추위","봄,여름,가을,겨울",6845718,https://www.10000recipe.com/recipe/6845718,찌개,,,2,,
콩나물 비빔국수,한식,"콩나물,중면,삶은달걀,깻잎,당근,양파,고추장,마늘,설탕,간장,매실청,식초",30,쉬움,"점심,저녁","맑음,비,눈,더위,추위","봄,여름,가을,겨울",6846458,https://www.10000recipe.com/recipe/6846458,면/만두,,,2,,
쫄면 맛있게만들기,한식,"쫄면,계란,오이,양배추,당근,들깻잎,콩나물,배식초,고추장,간장,설탕,마늘,대파,참기름,깨,메실청",60,쉬움,저녁,"맑음,비,눈,더위,추위","봄,여름,가을,겨울",6846727,https://www.10000recipe.com/recipe/6846727,면/만두,,,2,,
"""2tv 저녁 생생정보 (생생정보통) (7월 31일, 목) ""비빔국수 요리레시피"" 정보",한식,"물,소면,고추장,고춧가루,간마늘,설탕,물엿,식초,사과,사이다,파인애플,통조림국물,소금,김치,포기,참기름,양배추,당근,쑥갓,김,깨",30,쉬움,"점심,저녁","맑음,비,눈,더위,추위","봄,여름,가을,겨울",6847368,https://www.10000recipe.com/recipe/6847368,면/만두,,,2,,
볶음밥이 그라탕으로! 요리는 한끝차이! 한끝 요리 볶음밥그라탕,양식,"양파,부추,베이컨,슈레드모짜렐라치즈,슬라이스체다치즈,통조림옥수수,식용유,버터,마늘,고춧가루,밥,소금,후춧가루",60,쉬움,저녁,"맑음,비,눈,더위,추위","봄,여름,가을,겨울",6847802,https://www.10000recipe.com/recipe/6847802,양식,,,2,,
고구마요리 :: 사과 고구마 그라탕 만들기,양식,"우유,모짜렐라치즈,고구마큰거,사과,버터",60,쉬움,저녁,"맑음,비,눈,더위,추위","봄,여름,가을,겨울",6847909,https://www.10000recipe.com/recipe/6847909,양식,,,2,,
시원한 유부김칫국,한식,"송송썬김치,유부,송송썬대파,마늘,소금,다시마cmxcm,멸치",30,쉬움,"점심,저녁","맑음,비,눈,더위,추위","봄,여름,가을,겨울",6848112,https://www.10000recipe.com/recipe/6848112,국/탕,,,2,,
지중해 요리 - 감바스 알 아히요,양식,"새우,바지락,바게트빵,버터,붉은고추,이태리파슬리,소금,올리브오일ml",30,쉬움,"점심,저녁","맑음,비,눈,더위,추위","봄,여름,가을,겨울",6848221,https://www.10000recipe.com/recipe/6848221,양식,,,2,,
백종원 드라이카레를 이용한 초간단 카레순두부찌개,한식,"순두부,계란,청양고추,대파,후추가루,드라이카레,마늘,간장,고춧가루",15,쉬움,"아침,점심,야식","맑음,비,눈,더위,추위","봄,여름,가을,겨울",6848673,https://www.10000recipe.com/recipe/6848673,찌개,,,2,,
[바지락우동볶음만들기],일식,"고추기름,간장,물엿,참기름,소금",30,쉬움,"점심,저녁","맑음,비,눈,더위,추위","봄,여름,가을,겨울",6849894,https://www.10000recipe.com/recipe/6849894,면/만두,,,2,,
얼큰 칼칼 돼지고기감자찌개,한식,"감자,양파,돼지고기,청주,대파,후추,고춧가루,마늘,소금,간장,맛술",60,쉬움,저녁,"맑음,비,눈,더위,추위","봄,여름,가을,겨울",6850073,https://www.10000recipe.com/recipe/6850073,찌개,,,2,,
"저칼로리, ""비빔우무묵/우무묵 비빔국수""♪",한식,"우무묵,양상추,깻잎,당근,오이,고추장,매실액기스,사과식초,간장,사과즙,참기름,깨",10,쉬움,"아침,점심,야식","맑음,비,눈,더위,추위","봄,여름,가을,겨울",6850348,https://www.10000recipe.com/recipe/6850348,면/만두,,,2,,
샐러드 파스타 레시피,양식,"스파게티면or생면,소면,양상추,방울토마토,견과류,간장,올리브유,식초,올리고당or꿀,설탕,매실청,레몬즙,후추",15,쉬움,"아침,점심,야식","맑음,비,눈,더위,추위","봄,여름,가을,겨울",6850650,https://www.10000recipe.com/recipe/6850650,면/만두,,,2,,
진한국물맛~ 순두부찌개,한식,"순두부,손질된바지락,계란,고춧가루,고추장,소고기다시다,마늘,올리브오일,파",15,쉬움,"아침,점심,야식","맑음,비,눈,더위,추위","봄,여름,가을,겨울",6850737,https://www.10000recipe.com/recipe/6850737,찌개,,,2,,
"캠핑요리,해장으로도 좋은 어묵 오징어찌개/오징어 섞어찌개",한식,"오징어,어묵,양파,쥬키니호박,대파,청양고추,깻잎,팽이버섯,국물멸치,고추장,고춧가루,맛술,마늘,간장,소금,후추",60,쉬움,저녁,"맑음,비,눈,더위,추위","봄,여름,가을,겨울",6851246,https://www.10000recipe.com/recipe/6851246,찌개,,,2,,
[별미]더운여름 입맛없을때 골뱅이소면말이,한식,"골뱅이통조림,오이,당근,파,뿌리,미나리,깻잎,고춧가루,고추장,마늘,간장,올리고당,식초,매실액,통깨,참기름",30,쉬움,"점심,저녁","맑음,비,눈,더위,추위","봄,여름,가을,겨울",6851531,https://www.10000recipe.com/recipe/6851531,면/만두,,,2,,
간단한 식빵요리 식빵그라탕 만들기,양식,"식빵,우유,계란,모짜렐라치즈,파슬리가루",10,쉬움,"아침,점심,야식","맑음,비,눈,더위,추위","봄,여름,가을,겨울",6852297,https://www.10000recipe.com/recipe/6852297,양식,,,2,,
집에 있는 재료로 감자 듬뿍 고추장 연어 캔 찌개 만들었어요,한식,"감자,양파,건느타리버섯,청양고추,연어통조림,물,느타리버섯우린물,고추장,고춧가루,참기름,올리브유,통마늘,설탕",15,쉬움,"아침,점심,야식","맑음,비,눈,더위,추위","봄,여름,가을,겨울",6852537,https://www.10000recipe.com/recipe/6852537,찌개,,,2,,
집밥백선생 함박스테이크... 일년만에 다시 만들어봤어요 ⓔ 비쥬얼 짱~♥,양식,"돼지고기,소고기,빵가루,케찹,간장,설탕,후추,마늘,매실액,조청,버터,양파,당근,부추,식초,물",90,쉬움,저녁,"맑음,비,눈,더위,추위","봄,여름,가을,겨울",6853053,https://www.10000recipe.com/recipe/6853053,양식,,,2,,
"소고기감자애호박찌개, 얼큰 칼칼!",한식,"소고기,감자대,애호박,두부,청양고추,홍고추,대파,참기름,마늘,멸치육수,국간장또는소금",60,쉬움,저녁,"맑음,비,눈,더위,추위","봄,여름,가을,겨울",6854555,https://www.10000recipe.com/recipe/6854555,찌개,,,2,,
[해외자취Cook.feel通]270. 우유스파게티 레시피,한식,"스파게티면,우유,버터,캡사이신또는고춧가루,후추,스팸다진것,브로콜리,마늘,계란,땅콩가루",60,쉬움,저녁,"맑음,비,눈,더위,추위","봄,여름,가을,겨울",6854847,https://www.10000recipe.com/recipe/6854847,면/만두,,,2,,
가지도 롤 처럼 이쁘게 말아서~ 가지롤,양식,"가지,무순,파프리카빨강,파프리카노랑,밥,소금,참기름,통깨,쪽파g,마늘,고춧가루,청양고추,설탕,간장",15,쉬움,"아침,점심,야식","맑음,비,눈,더위,추위","봄,여름,가을,겨울",6855092,https://www.10000recipe.com/recipe/6855092,양식,,,2,,
참치양파찌개! (국물요리),한식,"참치캔g,양파,감자,청양고추,홍고추,대파,참치액,참기름,다시마육수,고춧가루,마늘,청주,간장,후춧가루",60,쉬움,저녁,"맑음,비,눈,더위,추위","봄,여름,가을,겨울",6855368,https://www.10000recipe.com/recipe/6855368,찌개,,,2,,
스카치에그 만들기 쉬워요,양식,"메추리알,계란,다진돼지고기,밀가루,빵가루,후추,소금",30,쉬움,"점심,저녁","맑음,비,눈,더위,추위","봄,여름,가을,겨울",6855608,https://www.10000recipe.com/recipe/6855608,양식,,,2,,
내맘대로요리 @ 파마산 김치 스파게티,한식,"마늘,송송썰은김치,파마산치즈,모짜렐라치즈,파슬리가루,소세지",15,쉬움,"아침,점심,야식","맑음,비,눈,더위,추위","봄,여름,가을,겨울",6856192,https://www.10000recipe.com/recipe/6856192,면/만두,,,2,,
"짜투리 채소를 이용한 간단한 저녁반찬, 찹스테이크 만들기 (파프리카요리/돼지고기 요리)",양식,"돼지고기목살,피망,파프리카,양파,버터,마늘,청양고추,설탕,후추",15,쉬움,"아침,점심,야식","맑음,비,눈,더위,추위","봄,여름,가을,겨울",6856377,https://www.10000recipe.com/recipe/6856377,양식,,,2,,
간단한 감자 고추장찌개 만들기♩,한식,"감자,애호박,깻잎,양파,대파,고추장,고춧가루,마늘,다시마,물",30,쉬움,"점심,저녁","맑음,비,눈,더위,추위","봄,여름,가을,겨울",6857220,https://www.10000recipe.com/recipe/6857220,찌개,,,2,,
얼큰한 콩나물찌개 - 아침저녁으로 쌀쌀하니 국물요리 생각나,한식,"콩나물,다짐육,양파,버섯,대파,청양고추,마늘,고춧가루,식용유,소주컵,간장,참치액,소금",5,보통,"아침,점심,야식","맑음,비,눈,더위,추위","봄,여름,가을,겨울",6857221,https://www.10000recipe.com/recipe/6857221,찌개,,,2,,
"초코비스코티:노버터,노오일,노밀크,노휴지(休止)...노실패!",한식,"계란,설탕,밀가루,소금,베이킹파우더,무가당코코아가루,견과류",30,쉬움,"점심,저녁","맑음,비,눈,더위,추위","봄,여름,가을,겨울",6857432,https://www.10000recipe.com/recipe/6857432,,,,2,,
찬밥을부탁해!부리또,양식,"밥,또띠아,연어,베이컨,양파,피망,당근,피자치즈,케찹,소금,후추",15,쉬움,"아침,점심,야식","맑음,비,눈,더위,추위","봄,여름,가을,겨울",6857500,https://www.10000recipe.com/recipe/6857500,양식,,,2,,
오징어 두부덮밥 - 한끼식사로 좋은 담백하고 맛있는 메뉴!!,한식,"두부,오징어,호박,양파,파,물,간장,참기름,후추,마늘,전분가루,깨소금",30,쉬움,"점심,저녁","맑음,비,눈,더위,추위","봄,여름,가을,겨울",6857867,https://www.10000recipe.com/recipe/6857867,밥/죽/떡,,,2,,
연어스테이크와 채소구이,양식,"연어구이용,모둠채소,Plain코코넛오일,소금,굵은후춧가루,레몬즙과,간장,올리고당",60,보통,저녁,"맑음,비,눈,더위,추위","봄,여름,가을,겨울",6857912,https://www.10000recipe.com/recipe/6857912,양식,,,2,,
무청된장찌개 - 푹 끓여주면 정겨운맛을 느낄수 있죠,한식,"무청,두부,멸치육수,대파,붉은고추,청양고추,된장,고추장,마늘,고춧가루,들기름",30,쉬움,"점심,저녁","맑음,비,눈,더위,추위","봄,여름,가을,겨울",6858120,https://www.10000recipe.com/recipe/6858120,찌개,,,2,,
얼큰황태국 - 시원하게 콩나물도 넣고 무도 넣고 꺄~~조오타,한식,"황태채,무,콩나물,멸치육수,고춧가루,마늘,참기름,참치액,대파",30,쉬움,"점심,저녁","맑음,비,눈,더위,추위","봄,여름,가을,겨울",6858378,https://www.10000recipe.com/recipe/6858378,국/탕,,,2,,
큼직한 새우가 들어간 볶음가락국수 굴소스로 간단하게,한식,"우동사리,오징어,새우,베이컨,양배추,야채,숙주,홍파프리카,통마늘,간장,고춧가루,물엿,청주,올리브유,후추",30,쉬움,"점심,저녁","맑음,비,눈,더위,추위","봄,여름,가을,겨울",6858581,https://www.10000recipe.com/recipe/6858581,면/만두,,,2,,
고구마치즈그라탕 아이들간식으로 딱좋아요 :],양식,"고구마,우유,호두,아몬드슬라이스,초코칩,양파,치즈",30,쉬움,"점심,저녁","맑음,비,눈,더위,추위","봄,여름,가을,겨울",6859228,https://www.10000recipe.com/recipe/6859228,양식,,,2,,
딸기 초콜릿 퐁듀~,양식,"딸기,화이트코팅초콜릿,다크코팅초콜릿,초코펜,스프링클",15,쉬움,"아침,점심,야식","맑음,비,눈,더위,추위","봄,여름,가을,겨울",6862101,https://www.10000recipe.com/recipe/6862101,양식,,,2,,
"찬밥 활용요리/오징어링 밥전, 카레밥전",한식,"오징어,찬밥,계란,대파,양파,당근,카레가루,소금,참기름,후추,부침유,전분",60,쉬움,저녁,"맑음,비,눈,더위,추위","봄,여름,가을,겨울",6862999,https://www.10000recipe.com/recipe/6862999,밥/죽/떡,,,2,,
겨울에 먹으면 더 맛있는 소고기무국,한식,"소고기국거리,무,참기름,대파,마늘,다시마,물",60,쉬움,저녁,"맑음,비,눈,더위,추위","봄,여름,가을,겨울",6863222,https://www.10000recipe.com/recipe/6863222,국/탕,,,2,,
샥슈카:에그인헬이라고도 하지요,양식,"올리브오일,마늘,양파,감자,파프리카,햄,모짜렐라치즈,체다치즈,병,우유또는물,계란,파슬리가루",30,쉬움,"점심,저녁","맑음,비,눈,더위,추위","봄,여름,가을,겨울",6863796,https://www.10000recipe.com/recipe/6863796,양식,,,2,,
명절음식의 재탄생 - 동태전을 이용한 생선까스 만들기~~~,양식,"동태전,계란,밀가루,빵가루,쌈채소,케찹,마요네즈",30,쉬움,"점심,저녁","맑음,비,눈,더위,추위","봄,여름,가을,겨울",6864585,https://www.10000recipe.com/recipe/6864585,양식,,,2,,
동그랑땡 떡볶이 그라탕,양식,"고추장,고춧가루,설탕,올리고당,후추,케찹,물,동그랑땡,떡볶이떡,버섯,당근,대파,양파,파프리카",30,쉬움,"점심,저녁","맑음,비,눈,더위,추위","봄,여름,가을,겨울",6865185,https://www.10000recipe.com/recipe/6865185,양식,,,2,,
"가래떡그라탕 -#가래떡요리,떡국떡",양식,"떡국떡,버터,양파,파프리카,피자치즈,체다치즈,치즈,케찹,물엿,맛술,물,마늘,후춧가루",30,쉬움,"점심,저녁","맑음,비,눈,더위,추위","봄,여름,가을,겨울",6865216,https://www.10000recipe.com/recipe/6865216,양식,,,2,,
발사믹소스 찹스테이크와 볶음밥:발사믹식초로 스테이크소스 만들기,양식,"스테이크용소고기,마늘,감자,양파,시금치,파슬리가루,후추,올리브오일,청주,마늘소금,발사믹식초,간장,꿀,맛술",30,쉬움,"점심,저녁","맑음,비,눈,더위,추위","봄,여름,가을,겨울",6865585,https://www.10000recipe.com/recipe/6865585,양식,,,2,,
(집에서 즐기는 술안주) 양념 어묵,한식,"어묵,콩나물,대파,곤약,부추,청양고추,다시마,국물용멸치,마늘,간장,고추장,고춧가루,맛술,올리고당,설탕,카레가루,후춧가루",30,쉬움,"점심,저녁","맑음,비,눈,더위,추위","봄,여름,가을,겨울",6865784,https://www.10000recipe.com/recipe/6865784,찌개,,,2,,
"2500원으로만드는 애호박군만두 만들기 <비건레시피,애호박만두>",한식,"만두피,애호박,소금,식용유",10,쉬움,"아침,점심,야식","맑음,비,눈,더위,추위","봄,여름,가을,겨울",6866221,https://www.10000recipe.com/recipe/6866221,면/만두,,,2,,
백종원 프리타타 이렇게 쉽다니,양식,"계란,햄,버섯,맛살,소금,파,후추가루",15,보통,"아침,점심,야식","맑음,비,눈,더위,추위","봄,여름,가을,겨울",6866696,https://www.10000recipe.com/recipe/6866696,양식,,,2,,
간단한간식 만두그라탕 만들기♡,양식,"만두,피자치즈,체다치즈",30,쉬움,"점심,저녁","맑음,비,눈,더위,추위","봄,여름,가을,겨울",6866740,https://www.10000recipe.com/recipe/6866740,양식,,,2,,
참치 냉이지짐만두,한식,"동원참치g,냉이,양파,만두피,마늘,깨소금,소금,후추,식용유",30,쉬움,"점심,저녁","맑음,비,눈,더위,추위","봄,여름,가을,겨울",6867288,https://www.10000recipe.com/recipe/6867288,면/만두,,,2,,
에그인헬 만들기 쉬워요,양식,"계란,햄,베이컨,파프리카,양파,마늘,올리브유,모짜렐라치즈,굵은후추,소금,고춧가루,물,파슬리가루",30,쉬움,"점심,저녁","맑음,비,눈,더위,추위","봄,여름,가을,겨울",6867457,https://www.10000recipe.com/recipe/6867457,양식,,,2,,
감바스 알 아히요. 새우요리. 뚝배기에 담아 동서양의 합작이라 우겨보기.,양식,"올리브유,냉동칵테일새우,페페론치노,방울토마토,양송이버섯,월계수잎,마늘,파슬리가루,후추,소금",30,쉬움,"점심,저녁","맑음,비,눈,더위,추위","봄,여름,가을,겨울",6867634,https://www.10000recipe.com/recipe/6867634,양식,,,2,,
백종원의 맛있는 땅빠면~(땅콩빠다로 만든 라면),한식,"라면,파,기름,고춧가루,땅콩버터",10,쉬움,"아침,점심,야식","맑음,비,눈,더위,추위","봄,여름,가을,겨울",6868006,https://www.10000recipe.com/recipe/6868006,면/만두,,,2,,
부드러운 맛이 매력적인 양송이버섯 부추 달걀덮밥,한식,"밥,양송이버섯,계란,부추,마늘,양파,청양고추,소금,식용유,간장,물,후추",15,쉬움,"아침,점심,야식","맑음,비,눈,더위,추위","봄,여름,가을,겨울",6868200,https://www.10000recipe.com/recipe/6868200,밥/죽/떡,,,2,,
순두부요리.순두부바지락찜.,한식,"바지락,순두부,대파,참기름,흑임자,새우젓,간장,고춧가루,미림,마늘",15,쉬움,"아침,점심,야식","맑음,비,눈,더위,추위","봄,여름,가을,겨울",6868213,https://www.10000recipe.com/recipe/6868213,국/탕,,,2,,
너무 쉬운 돼지고기 콩비지찌개 맛은 굿~,한식,"콩비지g,쌀뜨물,돼지고기,김치,소고기다시다,마늘,파,소금",30,보통,"점심,저녁","맑음,비,눈,더위,추위","봄,여름,가을,겨울",6869243,https://www.10000recipe.com/recipe/6869243,찌개,,,2,,
"찹스테이크 만들기, 수제소스와 함께 황금 레시피 <",양식,"소고기살치,등심,채끝,노란파프리카,빨강파프리카,양파,당근,버터,허브솔트소금후추,미림맛술,올리브유,올리고당,케찹,설탕,맛술,후추,간장,마늘",15,쉬움,"아침,점심,야식","맑음,비,눈,더위,추위","봄,여름,가을,겨울",6869522,https://www.10000recipe.com/recipe/6869522,양식,,,2,,
절대 취하지 않아욧! 비어포크,양식,"돼지고기앞다리,양파,대파cm,흑맥주,월계수잎,소금,후추,바질가루,참나물샐러드채소,간장,레몬즙,올리고당,홀그레인머스타드,참기름",60,쉬움,저녁,"맑음,비,눈,더위,추위","봄,여름,가을,겨울",6869658,https://www.10000recipe.com/recipe/6869658,양식,,,2,,
[참 쉬운 한우요리] 한우 차돌박이 아스파라거스 말이,한식,"한우차돌박이,아스파라거스,전분,소금,후추,아몬드슬라이스",10,쉬움,"아침,점심,야식","맑음,비,눈,더위,추위","봄,여름,가을,겨울",6869677,https://www.10000recipe.com/recipe/6869677,메인반찬,,,2,,
소고기무국 황금레시피 밥 두공기 뚝딱,한식,"국거리소고기양지머리,무,대파,참기름,간장,마늘,설탕,소금,후추",30,쉬움,"점심,저녁","맑음,비,눈,더위,추위","봄,여름,가을,겨울",6869982,https://www.10000recipe.com/recipe/6869982,국/탕,,,2,,
오이만두 - 별미만두 오이요리,한식,"오이,계란,만두피,대파,소금,오이절임용소금",30,쉬움,"점심,저녁","맑음,비,눈,더위,추위","봄,여름,가을,겨울",6870086,https://www.10000recipe.com/recipe/6870086,면/만두,,,2,,
함박스테이크라 쓰고 햄버거스테이크라 읽는다,양식,"쇠고기,소금,청주,후추,케찹,계란,빵가루,양파,파슬리가루,설탕",30,쉬움,"점심,저녁","맑음,비,눈,더위,추위","봄,여름,가을,겨울",6870245,https://www.10000recipe.com/recipe/6870245,양식,,,2,,
<신혼요리> 쉽고 맛있는 함박스테이크 만들기/ 아이들반찬,양식,"다짐육,당근,양파,마늘,계란,케첩,빵가루",30,쉬움,"점심,저녁","맑음,비,눈,더위,추위","봄,여름,가을,겨울",6871151,https://www.10000recipe.com/recipe/6871151,양식,,,2,,
캠핑에서 즐기는 얼큰 시원 돼.콩 찌개(돼지 콩나물찌개),한식,"돼지고기,콩나물,대파,마늘,고춧가루,간장,멸치액젓,양파,참기름,소금,후추,물",30,쉬움,"점심,저녁","맑음,비,눈,더위,추위","봄,여름,가을,겨울",6871289,https://www.10000recipe.com/recipe/6871289,찌개,,,2,,
백선생 감자짜글이 밥도둑이네,한식,"감자,통조림햄,고추장,된장,고춧가루,설탕,간장,간마늘,청양고추,양파,대파,물",30,쉬움,"점심,저녁","맑음,비,눈,더위,추위","봄,여름,가을,겨울",6871663,https://www.10000recipe.com/recipe/6871663,찌개,,,2,,
미트볼그라탕 토마토소스 미트볼 그라탕 만드는법,양식,"양파,마늘,청양고추,모짜렐라치즈,토마토페이스트,올리브오일,후추,건바질,물",30,쉬움,"점심,저녁","맑음,비,눈,더위,추위","봄,여름,가을,겨울",6872373,https://www.10000recipe.com/recipe/6872373,양식,,,2,,
사먹는 것보다 맛있는 부대찌개 끓이기,한식,"인스턴트사골곰탕,돼지고기,팽이버섯,김치,양파,스팸,콩나물,베이크빈,파,청양고추,베이컨생략가능,체다치즈,라면사리,고추장,고춧가루,간장,설탕,마늘,다진생강,맛술,후추",30,쉬움,"점심,저녁","맑음,비,눈,더위,추위","봄,여름,가을,겨울",6872408,https://www.10000recipe.com/recipe/6872408,찌개,,,2,,
엄마의 노하우가 담긴 친정 엄마표 닭볶음탕 레시피,한식,"손질된닭호닭볶음탕용,감자,양파,대파,인삼생략가능,고추장,고춧가루,간장,마늘,들기름,미림,설탕",90,보통,저녁,"맑음,비,눈,더위,추위","봄,여름,가을,겨울",6872484,https://www.10000recipe.com/recipe/6872484,국/탕,,,2,,
부드러운 안심스테이크 만들기!,양식,"스테이크용소안심,양파,가지작,껍질콩,올리브오일,소금,후춧가루,버터,다진양파,케찹,레드와인,설탕",90,쉬움,저녁,"맑음,비,눈,더위,추위","봄,여름,가을,겨울",6872560,https://www.10000recipe.com/recipe/6872560,양식,,,2,,
쫀득쫀득 치즈 감자 모찌,한식,"감자,버터,허브솔트,후추,녹말,베이컨,크림치즈",10,쉬움,"아침,점심,야식","맑음,비,눈,더위,추위","봄,여름,가을,겨울",6873286,https://www.10000recipe.com/recipe/6873286,밥/죽/떡,,,2,,
[간단 자취요리] 감자 쫄깃! 참치 쫄깃! 참치덮밥 만들기,한식,"참치g,감자,양파,고추장,케찹,마늘,설탕,물,감자전분",15,쉬움,"아침,점심,야식","맑음,비,눈,더위,추위","봄,여름,가을,겨울",6873937,https://www.10000recipe.com/recipe/6873937,밥/죽/떡,,,2,,
<신혼요리> 차돌박이된장찌개 맛있게 끓이는 법!!!,한식,"양파,애호박,마늘,차돌박이,청양고추,대파,다시마육수,된장,고춧가루",30,쉬움,"점심,저녁","맑음,비,눈,더위,추위","봄,여름,가을,겨울",6874067,https://www.10000recipe.com/recipe/6874067,찌개,,,2,,
한끼 식사로 든든해요! 베이컨 시금치 키쉬 만들기,양식,"박력분,강력분,아몬드가루,실온버터,물,소금,계란노른자,계란,생크림,베이컨,파마산치즈,시금치,단,양파,후추",120,쉬움,저녁,"맑음,비,눈,더위,추위","봄,여름,가을,겨울",6874942,https://www.10000recipe.com/recipe/6874942,양식,,,2,,
가지라자냐 만들기,양식,"가지,소시지,표고버섯,양파,당근,파프리카,모차렐라치즈,케첩,간장,설탕,식초,마늘",30,쉬움,"점심,저녁","맑음,비,눈,더위,추위","봄,여름,가을,겨울",6875117,https://www.10000recipe.com/recipe/6875117,양식,,,2,,
청경채덮밥(밑반찬으로도 좋아요),한식,"청경채,새우,양파중간크기,빨간파프리카,생강술,간장,후춧가루",15,쉬움,"아침,점심,야식","맑음,비,눈,더위,추위","봄,여름,가을,겨울",6875295,https://www.10000recipe.com/recipe/6875295,밥/죽/떡,,,2,,
돼지고추장찌개,한식,"돼지고기앞다리살,두부,양파,파,포도씨유,소금,후추,고추장,고춧가루",15,쉬움,"아침,점심,야식","맑음,비,눈,더위,추위","봄,여름,가을,겨울",6875384,https://www.10000recipe.com/recipe/6875384,찌개,,,2,,
바닥까지 싹 긁어먹는 감바스 알 아히요 만들기,양식,"새우,말린표고버섯,마늘,홍고추또는페퍼론치노,타임,올리브유,소금,후추,레몬즙",10,보통,"아침,점심,야식","맑음,비,눈,더위,추위","봄,여름,가을,겨울",6875595,https://www.10000recipe.com/recipe/6875595,양식,,,2,,
대패된장찌개 끓이는 방법 너무 쉽네! 맛은 Good!,한식,"대패삼겹살,감자,양파,애호박,된장,간마늘",60,쉬움,저녁,"맑음,비,눈,더위,추위","봄,여름,가을,겨울",6876187,https://www.10000recipe.com/recipe/6876187,찌개,,,2,,
스테이크에 포도의 달콤함을 더했다! 포도소스 스테이크,양식,"소안심,소금,후추,로즈마리,버터,통마늘,포도즙포도g,포도,어린잎채소",30,쉬움,"점심,저녁","맑음,비,눈,더위,추위","봄,여름,가을,겨울",6876717,https://www.10000recipe.com/recipe/6876717,양식,,,2,,
쫀득한 찰꿀빵 만들기 : 추석 베이킹으로 딱!,한식,"계란,흑설탕,꿀,오일,건식찹쌀가루,우유,시나몬가루또는,베이킹파우더,커피엑기스,소금,피칸장식용",30,쉬움,"점심,저녁","맑음,비,눈,더위,추위","봄,여름,가을,겨울",6877126,https://www.10000recipe.com/recipe/6877126,,,,2,,
있는 재료만 뚝딱 활용해서 끓인 느타리버섯 감자고추장찌개,한식,"감자,양파,느타리버섯,물,치킨스톡,고추장,청양고추,대파,단,마늘",30,쉬움,"점심,저녁","맑음,비,눈,더위,추위","봄,여름,가을,겨울",6877224,https://www.10000recipe.com/recipe/6877224,찌개,,,2,,
꿀처 해물된장찌개,한식,"꽃게,해물믹스,미더덕,호박,감자,양파,대파,청양고추,두부,된장,고추장,마늘,후춧가루",30,쉬움,"점심,저녁","맑음,비,눈,더위,추위","봄,여름,가을,겨울",6877655,https://www.10000recipe.com/recipe/6877655,찌개,,,2,,
돼지고기 고추장찌개 칼칼하니 좋아요~,한식,"돼지고기앞다리살,감자중간크기,양파,호박,대파,노루궁댕이버섯생략가능,청고추,홍고추,고추장,간장,고춧가루",60,쉬움,저녁,"맑음,비,눈,더위,추위","봄,여름,가을,겨울",6877795,https://www.10000recipe.com/recipe/6877795,찌개,,,2,,
쥬키니호박 두부크림 펜네파스타,양식,"두부,무첨가두유,쥬키니호박,게맛살,양파,팽이버섯,후추,소금,파슬리가루",30,쉬움,"점심,저녁","맑음,비,눈,더위,추위","봄,여름,가을,겨울",6877820,https://www.10000recipe.com/recipe/6877820,면/만두,,,2,,
제철해산물 대하를 활용한 감바스 알 아히오 간단하게 만드는 황금레시피(feat. 오일파스타),양식,"편마늘,청양고추,올리브유,소금,허브맛솔트,대하,스파기티면원동전크기,물,면수또는물,양파",30,쉬움,"점심,저녁","맑음,비,눈,더위,추위","봄,여름,가을,겨울",6878131,https://www.10000recipe.com/recipe/6878131,양식,,,2,,
"소세지 떡꼬치(간식, 밑반찬, 도시락 메뉴, 안주 모두 다 어울려요)",한식,"소세지,모짜렐라치즈떡,cm꼬지,케찹,고추장,설탕,물엿,물",15,쉬움,"아침,점심,야식","맑음,비,눈,더위,추위","봄,여름,가을,겨울",6878377,https://www.10000recipe.com/recipe/6878377,밥/죽/떡,,,2,,
"들깨칼국수맛집따라잡기 , 두유를 넣어보세요",한식,"감자,양파,호박,토막,당근,멸치,다시마,두유,들깨가루",30,쉬움,"점심,저녁","맑음,비,눈,더위,추위","봄,여름,가을,겨울",6878633,https://www.10000recipe.com/recipe/6878633,면/만두,,,2,,
미트볼 레토르트 제품으로 로제파스타 만들기,양식,"스파게티면원동전크기,양파,올리브유,마늘,우유반컵정도,체다치즈,후추,소금",10,쉬움,"아침,점심,야식","맑음,비,눈,더위,추위","봄,여름,가을,겨울",6878660,https://www.10000recipe.com/recipe/6878660,면/만두,,,2,,
애호박 참치찌개~*,한식,"애호박,참치캔,청량초,대파,양파,두부,다시멸치,다시마,대파뿌리,고추장,고춧가루,간장,마늘,천연조미료",60,쉬움,저녁,"맑음,비,눈,더위,추위","봄,여름,가을,겨울",6878682,https://www.10000recipe.com/recipe/6878682,찌개,,,2,,
간편한 한그릇 요리! 닭고기배추덮밥♪,한식,"닭안심살,배추,양파,대파,마늘편썬것,기름,간장,고춧가루,올리고당,청양고추,후추,소금,들기름,청주",15,쉬움,"아침,점심,야식","맑음,비,눈,더위,추위","봄,여름,가을,겨울",6878933,https://www.10000recipe.com/recipe/6878933,밥/죽/떡,,,2,,
"부드럽고 든든한 한끼 ,두부국수 ( 온소바 )",한식,"소면,멸치,다시마,무,김치잘게썬,계란",30,쉬움,"점심,저녁","맑음,비,눈,더위,추위","봄,여름,가을,겨울",6878987,https://www.10000recipe.com/recipe/6878987,면/만두,,,2,,
"간장파스타 만들기, 매콤하고 짭조름한 맛!",양식,"스파게티또는다른파스타,베이컨,양파,청경채,포토벨로버섯또는다른버섯,마늘,올리브유,식용유,소금,간장,참기름,설탕",30,쉬움,"점심,저녁","맑음,비,눈,더위,추위","봄,여름,가을,겨울",6879230,https://www.10000recipe.com/recipe/6879230,면/만두,,,2,,
백종원 돼지갈비볶음탕,한식,"돼지갈비,양파,당든,간장,맛술,마늘,설탕",60,보통,저녁,"맑음,비,눈,더위,추위","봄,여름,가을,겨울",6880600,https://www.10000recipe.com/recipe/6880600,국/탕,,,2,,
맛있고 간단한 밥도둑 부대찌개!,한식,"햄or소세지,돼지고기,김치,파,양파,청양고추,고추장,고춧가루,간장,설탕,간마늘",15,쉬움,"아침,점심,야식","맑음,비,눈,더위,추위","봄,여름,가을,겨울",6880618,https://www.10000recipe.com/recipe/6880618,찌개,,,2,,
찹스테이크 - 딸에게# / 백종원 찹스테이크 소스,양식,"등심,빨강파프리카,노란파프리카,아삭이고추,마늘슬라이스,소금,후추,버터",2,보통,"아침,점심,야식","맑음,비,눈,더위,추위","봄,여름,가을,겨울",6880671,https://www.10000recipe.com/recipe/6880671,양식,,,2,,
인기메뉴 닭볶음탕 황금레시피.,한식,"닭볶음탕용kg,감자,양파,당근,대파,청양고추,불린당면,고추장,고춧가루,간장,매실청,올리고당,청주,마늘,다진생강,참기름,후추",60,쉬움,저녁,"맑음,비,눈,더위,추위","봄,여름,가을,겨울",6880796,https://www.10000recipe.com/recipe/6880796,국/탕,,,2,,
수요미식회 황교익선생님의 김치버터굴밥,한식,"밥,김치,굴조절,버터",2,보통,"아침,점심,야식","맑음,비,눈,더위,추위","봄,여름,가을,겨울",6880846,https://www.10000recipe.com/recipe/6880846,밥/죽/떡,,,2,,
매생이파스타 -겨울 제철 매생이로 비주얼 갑 파스타 만들기,양식,"매생이,새우중새우혹은소새우마리,마늘,청양고추다진것,페퍼론치노,소금,멸치혹은까나리액젓,올리브오일",15,쉬움,"아침,점심,야식","맑음,비,눈,더위,추위","봄,여름,가을,겨울",6880984,https://www.10000recipe.com/recipe/6880984,면/만두,,,2,,
연말엔 집에서 홈파티하는게 쵴오♥ 치킨라따뚜이&감바스 알 아히요,양식,"닭안심,파프리카,양파,쥬키니호박,양송이버섯,파마산치즈,허브솔트,새우,새송이버섯,브로콜리,마늘,월남고추,로즈마리,올리브오일,펜네,페퍼시즈닝",60,쉬움,저녁,"맑음,비,눈,더위,추위","봄,여름,가을,겨울",6881160,https://www.10000recipe.com/recipe/6881160,양식,,,2,,
독일의 농부들이 먹던 요리! '바우언톱프 Bauerntopf' 레시피 *,양식,"감자중소사이즈,당근,다진고기,파프리카,홀토마토캔,토마토페이스트,소금,후추,야채가루,방울토마토",60,쉬움,저녁,"맑음,비,눈,더위,추위","봄,여름,가을,겨울",6881279,https://www.10000recipe.com/recipe/6881279,양식,,,2,,
스~웩이 넘쳐 흐르는 따끈따끈 이 맛!불고기 그라탱♥,양식,"불고기용소고기,밥,양파,당근,대파cm,피자치즈,간장,설탕,마늘,맛술,참기름,후추",30,쉬움,"점심,저녁","맑음,비,눈,더위,추위","봄,여름,가을,겨울",6881652,https://www.10000recipe.com/recipe/6881652,양식,,,2,,
통조림햄과 감자의 만남! 집밥백선생 감자짜글이,한식,"통조림햄,물,감자작은거,양파,고추장,된장,고춧가루,간장,간마늘,설탕,청양고추,대파",30,쉬움,"점심,저녁","맑음,비,눈,더위,추위","봄,여름,가을,겨울",6882914,https://www.10000recipe.com/recipe/6882914,찌개,,,2,,
감바스 감빠스 깨쟁이요리 아이&어른고급간식,양식,"손질한새우,슬라이스마늘,베트남고추,오일,소금,후추,치킨스톡,파슬리가루",10,쉬움,"아침,점심,야식","맑음,비,눈,더위,추위","봄,여름,가을,겨울",6882932,https://www.10000recipe.com/recipe/6882932,양식,,,2,,
파채 비빔만두 - 야식만들기,한식,"군만두,대파,식용유,고추장,고춧가루,식초,맛술,올리고당,마늘,참기름,통깨",30,쉬움,"점심,저녁","맑음,비,눈,더위,추위","봄,여름,가을,겨울",6882996,https://www.10000recipe.com/recipe/6882996,면/만두,,,2,,
깨쟁이요리 비빔국수 야식만들기,한식,"면,양파,김치,깻잎,고추장,간장,고춧가루,설탕,매실액기스,식초,올리고당,참기름",10,쉬움,"아침,점심,야식","맑음,비,눈,더위,추위","봄,여름,가을,겨울",6883001,https://www.10000recipe.com/recipe/6883001,면/만두,,,2,,
육즙이 팡팡!★집에서도 돈스파이크 고기 못지 않은 고오급 스테이크!시그니쳐스테이크,양식,"소고기,적양파,아스파라거스,미니새송이버섯,방울토마토,파프리카,버터,허브솔트,올리브유",30,쉬움,"점심,저녁","맑음,비,눈,더위,추위","봄,여름,가을,겨울",6883011,https://www.10000recipe.com/recipe/6883011,양식,,,2,,
"[무드앤쿡#20.] 봄을 기다리며, 상큼한 레몬향을 그대로 담아낸 <레몬 치킨 파스타>",양식,"파스타면동전크기,레몬제스트,파마산치즈,닭다리살,마늘,버터,소금,후추",30,쉬움,"점심,저녁","맑음,비,눈,더위,추위","봄,여름,가을,겨울",6883358,https://www.10000recipe.com/recipe/6883358,면/만두,,,2,,
깍두기볶음라면,한식,"라면,버터,깍두기큰술",5,쉬움,"아침,점심,야식","맑음,비,눈,더위,추위","봄,여름,가을,겨울",6883469,https://www.10000recipe.com/recipe/6883469,면/만두,,,2,,
쇠고기 된장찌개 쉽고 간편하게 뚝딱하기 !,한식,"쇠고기,애호박,양파,대파,청양고추,된장,두부,쌀뜨물,고춧가루",15,쉬움,"아침,점심,야식","맑음,비,눈,더위,추위","봄,여름,가을,겨울",6883635,https://www.10000recipe.com/recipe/6883635,찌개,,,2,,
차돌박이 된장찌개 구수하니~ 맛이 없을수가 없죠 !,한식,"차돌박이듬뿍,양파작은것,애호박,새송이버섯,멸치다시마육수,대파,된장,고춧가루",30,쉬움,"점심,저녁","맑음,비,눈,더위,추위","봄,여름,가을,겨울",6883648,https://www.10000recipe.com/recipe/6883648,찌개,,,2,,
뚝딱 만드는 꽁치 두부 짜글이,한식,"꽁치캔,손두부,양파,대파,청양홍고추,마늘,간생강,멸치다시마육수꽁치캔기준,고춧가루,맛술,멸치액젓",15,쉬움,"아침,점심,야식","맑음,비,눈,더위,추위","봄,여름,가을,겨울",6883876,https://www.10000recipe.com/recipe/6883876,찌개,,,2,,
"당면으로 쫄면 만들기(새콤달콤한 비빔당면, 비빔쫄면)",한식,"당면,상추,깻잎,양배추,통크기,당근작은사이즈,오이,노란파프리카,고추장,케찹,식초,설탕,통깨",30,쉬움,"점심,저녁","맑음,비,눈,더위,추위","봄,여름,가을,겨울",6885340,https://www.10000recipe.com/recipe/6885340,면/만두,,,2,,
토마토 치킨 야채스튜(굴라쉬) 만들기 만드는 법,양식,"볶음탕용닭kg,빨간파프리카,노란파프리카,샐러리cm,당근g,양파g,양송이버섯,마늘,페퍼론치노,올리브유,소금,통후추간것,땡초생략가능,고춧가루",60,보통,저녁,"맑음,비,눈,더위,추위","봄,여름,가을,겨울",6885435,https://www.10000recipe.com/recipe/6885435,양식,,,2,,
자취 혼밥족 손! 간단하게 때우는♥김버라,한식,"물,라면,김치잘게썬,버터,김가루",30,쉬움,"점심,저녁","맑음,비,눈,더위,추위","봄,여름,가을,겨울",6885508,https://www.10000recipe.com/recipe/6885508,면/만두,,,2,,
파프리카 달걀 그라탕,양식,"계란,파프리카,양파기호성야채,소금,허니머스타드,설탕,파슬리후레이크,모짜렐라치즈",30,쉬움,"점심,저녁","맑음,비,눈,더위,추위","봄,여름,가을,겨울",6885626,https://www.10000recipe.com/recipe/6885626,양식,,,2,,
매콤달콤 귀요미♥치즈떡꼬치,한식,"치즈떡개분량,올리고당,물",2,보통,"아침,점심,야식","맑음,비,눈,더위,추위","봄,여름,가을,겨울",6886316,https://www.10000recipe.com/recipe/6886316,밥/죽/떡,,,2,,
맛있게 찹찹! 찹스테이크,양식,"쇠고기,양파,파프리카,오이고추,마늘,양송이버섯,허브솔트,올리브유,밀가루,케찹,설탕,버터볶을때",30,쉬움,"점심,저녁","맑음,비,눈,더위,추위","봄,여름,가을,겨울",6886945,https://www.10000recipe.com/recipe/6886945,양식,,,2,,
(아이국거리) 구수하고 시원한 바지락시금치된장국,한식,"시금치,단,대파,청양고추,바지락살가득,멸치다시마육수,간장,된장,고춧가루,마늘,액젓",30,쉬움,"점심,저녁","맑음,비,눈,더위,추위","봄,여름,가을,겨울",6887245,https://www.10000recipe.com/recipe/6887245,국/탕,,,2,,
오징어고추장찌개 - 딸에게#,한식,"오징어,감자,양파,호박,대파,청양고추,마늘,간장,고추장,고춧가루",5,어려움,"아침,점심,야식","맑음,비,눈,더위,추위","봄,여름,가을,겨울",6887362,https://www.10000recipe.com/recipe/6887362,찌개,,,2,,
육즙이 크으 - ♥찹스테이크,양식,"육우,소금,후추,올리브유,마늘,양파,노란파프리카,빨간파프리카,데친브로콜리,방울토마토,양송이버섯,버터,홀그레인머스타드,설탕",30,보통,"점심,저녁","맑음,비,눈,더위,추위","봄,여름,가을,겨울",6887451,https://www.10000recipe.com/recipe/6887451,양식,,,2,,
"감칠맛나게 맛있는, 새우된장찌개 레시피",한식,"손질새우,된장,양파,주키니호박,고추,느타리버섯,두부,파,뿌리,고춧가루,물,마늘",30,쉬움,"점심,저녁","맑음,비,눈,더위,추위","봄,여름,가을,겨울",6888064,https://www.10000recipe.com/recipe/6888064,찌개,,,2,,
맛깔스러운 차돌박이 된장찌개,한식,"차돌박이슬라이스,된장,물,양파,주키니호박,감자,부추,팽이버섯,매운고추,마늘,두부,고춧가루,멸치다시백멸치마리,다시마xcm",30,쉬움,"점심,저녁","맑음,비,눈,더위,추위","봄,여름,가을,겨울",6888136,https://www.10000recipe.com/recipe/6888136,찌개,,,2,,
오동통통 새우 볶음우동,일식,"냉동새우,어묵,숙주먹을만큼,당근,양파,대파,양배추,팽이버섯,마늘,우동면",30,쉬움,"점심,저녁","맑음,비,눈,더위,추위","봄,여름,가을,겨울",6888750,https://www.10000recipe.com/recipe/6888750,면/만두,,,2,,
얼큰한 오징어 고추장 찌개~~♥,한식,"큰오징어,양파,청양고추,애호박,무우,대파,멸치다시마육수,청주,마늘,고추장,고춧가루,후추,액젓,간장,소금",30,쉬움,"점심,저녁","맑음,비,눈,더위,추위","봄,여름,가을,겨울",6888921,https://www.10000recipe.com/recipe/6888921,찌개,,,2,,
아이들 간식 또는 야식엔 학교앞 추억의 달콤떡꼬치,한식,"떡볶이떡,고추장,케챂,올리고당,설탕,마늘",15,쉬움,"아침,점심,야식","맑음,비,눈,더위,추위","봄,여름,가을,겨울",6889301,https://www.10000recipe.com/recipe/6889301,밥/죽/떡,,,2,,
배가 고파 잠 안올땐 야식 : 파절임간장국수 : 5분레시피,한식,"국수중면원동전크기,대파,간장,고춧가루,식초,들기름",5,쉬움,"아침,점심,야식","맑음,비,눈,더위,추위","봄,여름,가을,겨울",6889369,https://www.10000recipe.com/recipe/6889369,면/만두,,,2,,
가리비로 만들어본 감바스~~,양식,"가리비,양송이버섯,마늘,페페론치노,미니바게트,올리브유,스테이크시즈닝,바질가루",30,쉬움,"점심,저녁","맑음,비,눈,더위,추위","봄,여름,가을,겨울",6890424,https://www.10000recipe.com/recipe/6890424,양식,,,2,,
새우 대파(파)스타,한식,"새우,파스타면,대파,단,마늘,올리브오일,페페론치노없으면건고추,청양고추,후추,소금,파마산치즈",15,쉬움,"아침,점심,야식","맑음,비,눈,더위,추위","봄,여름,가을,겨울",6890545,https://www.10000recipe.com/recipe/6890545,면/만두,,,2,,
백종원 짜박두부,한식,"두부,양파,대파,고춧가루,간장,매실,설탕,마늘,후추",30,쉬움,"점심,저녁","맑음,비,눈,더위,추위","봄,여름,가을,겨울",6890746,https://www.10000recipe.com/recipe/6890746,찌개,,,2,,
"햄 고추장찌개 만드는 법, 얼큰한 국물요리가 생각나는 날 먹기 좋아요",한식,"스팸작은거통,감자,애호박,양파,두부,표고버섯,대파,다시마육수,다시마가로세로cm,물,들기름,고춧가루,고추장,설탕,미림,마늘,후춧가루,새우젓",30,쉬움,"점심,저녁","맑음,비,눈,더위,추위","봄,여름,가을,겨울",6890762,https://www.10000recipe.com/recipe/6890762,찌개,,,2,,
"애호박 새우젓찌개, 자박자박 칼칼한 국물요리",한식,"애호박,두부,양파,청양고추,홍고추,다진쪽파또는대파,물,고춧가루,마늘,새우젓,미림,설탕,후춧가루,다시마육수,다시마가로세로cm",30,쉬움,"점심,저녁","맑음,비,눈,더위,추위","봄,여름,가을,겨울",6890770,https://www.10000recipe.com/recipe/6890770,찌개,,,2,,
(초간단 메뉴) 입만 살리는 얼큰한 된장찌개 끓이기!,한식,"호박,양파,감자,대파,뿌리,청고추,홍고추,청양고추,된장,간마늘",15,쉬움,"아침,점심,야식","맑음,비,눈,더위,추위","봄,여름,가을,겨울",6891068,https://www.10000recipe.com/recipe/6891068,찌개,,,2,,
물없이 끓이는 순두부찌개,한식,"순두부g,간돼지고기,대파,양파,고춧가루,식용유,간마늘,소금,후추",10,쉬움,"아침,점심,야식","맑음,비,눈,더위,추위","봄,여름,가을,겨울",6891124,https://www.10000recipe.com/recipe/6891124,찌개,,,2,,
새콤달콤한 프랑스 가정식! 산딸기 클라푸티,한식,"계란,녹인버터,우유,설탕,산딸기,유기농박력분,맛술미림",30,쉬움,"점심,저녁","맑음,비,눈,더위,추위","봄,여름,가을,겨울",6891336,https://www.10000recipe.com/recipe/6891336,,,,2,,
돼지고기고추장찌개-초보자도 손쉽게,한식,"돼지고기,감자,양파,당근,양배추,두부,고추,기름,고추장,고춧가루,간장,마늘,설탕",30,쉬움,"점심,저녁","맑음,비,눈,더위,추위","봄,여름,가을,겨울",6891664,https://www.10000recipe.com/recipe/6891664,찌개,,,2,,
매콤달콤 깐풍 만두,한식,"시판만두,청고추,홍고추,통마늘,대파,고추기름,간장,식초,설탕",15,쉬움,"아침,점심,야식","맑음,비,눈,더위,추위","봄,여름,가을,겨울",6892102,https://www.10000recipe.com/recipe/6892102,면/만두,,,2,,
입맛 돋우는 비빔국수 호로록~!!,한식,"국수,오이,깻잎,고추장,설탕,간장,고춧가루,참기름,참깨",30,쉬움,"점심,저녁","맑음,비,눈,더위,추위","봄,여름,가을,겨울",6892378,https://www.10000recipe.com/recipe/6892378,면/만두,,,2,,
"청국장맛있게끓이는법 , 꼬릿한 냄새까지 맛있다 ♪",한식,"청국장,김치,호박,대파,두부,멸치다시육수,마늘,고춧가루",30,쉬움,"점심,저녁","맑음,비,눈,더위,추위","봄,여름,가을,겨울",6892650,https://www.10000recipe.com/recipe/6892650,찌개,,,2,,
불닭치즈면,한식,"불닭볶음면,피자치즈",15,쉬움,"아침,점심,야식","맑음,비,눈,더위,추위","봄,여름,가을,겨울",6892723,https://www.10000recipe.com/recipe/6892723,면/만두,,,2,,
크래미 김치 밥말이,한식,"밥,김장김치,크래미,참기름,가는소금,깨소금,마요네즈,연겨자",30,쉬움,"점심,저녁","맑음,비,눈,더위,추위","봄,여름,가을,겨울",6893203,https://www.10000recipe.com/recipe/6893203,밥/죽/떡,,,2,,
핑거푸드 #오이초밥 #더위 안녕,일식,"오이,크래미,식초,설탕,소금,연겨자,마요네즈,후추,검은깨",30,쉬움,"점심,저녁","맑음,비,눈,더위,추위","봄,여름,가을,겨울",6893645,https://www.10000recipe.com/recipe/6893645,밥/죽/떡,,,2,,
불없이 전자렌지 3분! 얼큰 카레우동 만들기,일식,"인스턴트우동,분카레,대파,고춧가루,물",5,쉬움,"아침,점심,야식","맑음,비,눈,더위,추위","봄,여름,가을,겨울",6893765,https://www.10000recipe.com/recipe/6893765,면/만두,,,2,,
얼큰하고 맛있는 새우 짬뽕,중식,"냉동새우,국수,양파,청양고추,홍고추,대파,당근,고추기름,식용유,다시마육수,간장,고운고추가루,멸치액젓,맛술,후추,가는소금",60,쉬움,저녁,"맑음,비,눈,더위,추위","봄,여름,가을,겨울",6894008,https://www.10000recipe.com/recipe/6894008,면/만두,,,2,,
제철 감자계란국 청양고추 넣어 칼칼하게 끓이기,한식,"감자,계란,양파,청양고추,파,마늘,간장,소금,다시마,멸치육수용,맛술,물",15,쉬움,"아침,점심,야식","맑음,비,눈,더위,추위","봄,여름,가을,겨울",6894056,https://www.10000recipe.com/recipe/6894056,국/탕,,,2,,
호박새우젓찌개:여름제철찌개 중 으뜸,한식,"호박,새우젓,새우또는바지락,양파,대파,마늘,식용유,고춧가루,멸치다시마물",15,쉬움,"아침,점심,야식","맑음,비,눈,더위,추위","봄,여름,가을,겨울",6894238,https://www.10000recipe.com/recipe/6894238,찌개,,,2,,
토마토꽁치찌개 ! 이런 만남 처음이야☆,한식,"꽁치통조림,감자,토마토,양배추,대파,쌀뜨물,다시마cmXcm,고추장,마늘,고춧가루,청양고추",30,쉬움,"점심,저녁","맑음,비,눈,더위,추위","봄,여름,가을,겨울",6894532,https://www.10000recipe.com/recipe/6894532,찌개,,,2,,
감바스 알 아히요 내 맘대로 레시피,양식,"새우,양송이버섯,방울토마토,편썬마늘올리브유재운것,올리브유,바게트빵",15,쉬움,"아침,점심,야식","맑음,비,눈,더위,추위","봄,여름,가을,겨울",6894800,https://www.10000recipe.com/recipe/6894800,양식,,,2,,
담백하고 깔끔한 배추 어묵국 끓이는법,한식,"모듬어묵,배추,대파,고추,마늘,쯔유,소금,후추,물,멸치다시백,다시마",30,쉬움,"점심,저녁","맑음,비,눈,더위,추위","봄,여름,가을,겨울",6894927,https://www.10000recipe.com/recipe/6894927,국/탕,,,2,,
육우말이떡볶이 야들야들 쫀득쫀득♥,한식,"육우샤브용,떡볶이떡,채썬깻잎,다진잣,간장,설탕,참기름,물,물엿,후추",15,보통,"아침,점심,야식","맑음,비,눈,더위,추위","봄,여름,가을,겨울",6894933,https://www.10000recipe.com/recipe/6894933,밥/죽/떡,,,2,,
동그랑땡 그라탕/치즈덮밥,양식,"동그랑땡,밥,양파,케찹,피자치즈",10,쉬움,"아침,점심,야식","맑음,비,눈,더위,추위","봄,여름,가을,겨울",6895136,https://www.10000recipe.com/recipe/6895136,양식,,,2,,
캠핑요리도 쉽게! 칼칼하고 시원한 바지락찜,한식,"소금,물,바지락,버터,마늘,부추",15,쉬움,"아침,점심,야식","맑음,비,눈,더위,추위","봄,여름,가을,겨울",6895392,https://www.10000recipe.com/recipe/6895392,국/탕,,,2,,
라볶이보다 맛있는 당면볶이 만들기!쫄깃쫄깃해서 맛있어요,한식,"당면,어묵,대파,통깨,고추장,고춧가루,설탕,간장,마늘",30,쉬움,"점심,저녁","맑음,비,눈,더위,추위","봄,여름,가을,겨울",6895456,https://www.10000recipe.com/recipe/6895456,면/만두,,,2,,
참치의 변신은 무죄-참치함박스테이크,양식,"참치캔,계란,마늘,양파,애호박,대파,당근,후추,소금생략가능,식용유,얼린식빵빵가루로대체가능,케찹,올리고당,간장,식초,양파생략가능",60,쉬움,저녁,"맑음,비,눈,더위,추위","봄,여름,가을,겨울",6895776,https://www.10000recipe.com/recipe/6895776,양식,,,2,,
새우브루스케타 ~ 마시케타 ~,양식,"새우,양파,방울토마토또는토마토개,바게트빵,버터,소금,후추,올리브유,파슬리가루,피자치즈,어린잎채소",30,보통,"점심,저녁","맑음,비,눈,더위,추위","봄,여름,가을,겨울",6896006,https://www.10000recipe.com/recipe/6896006,양식,,,2,,
훈제연어오믈렛와 연어브로컬리볶음밥:아침에 먹기 좋은 부드러운 단백질~,양식,"훈제연어,계란,우유,브로컬리,소금,후추,케첩,올리브오일,식용유",15,쉬움,"아침,점심,야식","맑음,비,눈,더위,추위","봄,여름,가을,겨울",6896033,https://www.10000recipe.com/recipe/6896033,양식,,,2,,
된장찌개 고깃집 스타일로 끓이기 w 한된장,한식,"된장,쌈장,멸치육수혹은쌀뜨물디포리,양파,호박,표고버섯,차돌박이,청양고추,고춧가루",30,쉬움,"점심,저녁","맑음,비,눈,더위,추위","봄,여름,가을,겨울",6896083,https://www.10000recipe.com/recipe/6896083,찌개,,,2,,
가래떡 간식 깐풍기,한식,"가래떡,다진대파,다진파프리카노랑,다진파프리카빨강,마늘,간장,설탕,올리고당,식초,청주,참기름,통깨,후춧가루",60,쉬움,저녁,"맑음,비,눈,더위,추위","봄,여름,가을,겨울",6896112,https://www.10000recipe.com/recipe/6896112,메인반찬,,,2,,
명절에 남은 두부로 두부짜글이~ 쇠고기두부조림!,한식,"두부,다짐육,부추,양파,청양고추,식용유,간장,올리고당,마늘,생강,맛술,후추가루,고춧가루,물,참기름",30,쉬움,"점심,저녁","맑음,비,눈,더위,추위","봄,여름,가을,겨울",6896182,https://www.10000recipe.com/recipe/6896182,찌개,,,2,,
아침으로 든든한 한끼 내맘대로 밥버거!,한식,"밥,깻잎,볶음김치,계란,베이컨,김밥김,소금,참기름",15,쉬움,"아침,점심,야식","맑음,비,눈,더위,추위","봄,여름,가을,겨울",6896956,https://www.10000recipe.com/recipe/6896956,밥/죽/떡,,,2,,
대하칠리볶음 남녀노소 누구나 좋아해요 : ),한식,"대하,다진당근,다진대파,다진청피망,마늘,소금,후추,맛술,물,케찹,올리고당,고추장,고춧가루",30,보통,"점심,저녁","맑음,비,눈,더위,추위","봄,여름,가을,겨울",6897572,https://www.10000recipe.com/recipe/6897572,메인반찬,,,2,,
초간단 홈이자카야 안주 추천! 10월 제철 새우요리 감바스 만드는 법_오일 파스타 만들기,양식,"새우,마늘,올리브유,페페론치노,소금,후추,드라이허브,파마산치즈,파스타면,몽꽁떼,PN멀티팟",10,쉬움,"아침,점심,야식","맑음,비,눈,더위,추위","봄,여름,가을,겨울",6897975,https://www.10000recipe.com/recipe/6897975,양식,,,2,,
(매콤요리)소고기고추장찌개:파스타 접시에 담으니 더 특별하다,양식,"소고기국거리,감자,애호박,버섯,양파,고추,대파,마늘,고추장,고춧가루,참기름,다시국물,간장",30,보통,"점심,저녁","맑음,비,눈,더위,추위","봄,여름,가을,겨울",6898248,https://www.10000recipe.com/recipe/6898248,찌개,,,2,,
"정말 맛있어요~! 오독오독 씹히는 맛이 일품인 ""미숫가루 깨 스틱"" 만들기",한식,"박력분,미숫가루,설탕,소금,베이킹파우더,녹인버터,계란,검은깨",30,쉬움,"점심,저녁","맑음,비,눈,더위,추위","봄,여름,가을,겨울",6898343,https://www.10000recipe.com/recipe/6898343,,,,2,,
"소고기등심스테이크 :: 와인에 잘어울리는, 분위기 내기 좋은 메뉴!",양식,"아스파라거스,양송이,관자,양파,파프리카빨강색,파프리카노랑색,마늘,올리브오일,후추,버터",30,쉬움,"점심,저녁","맑음,비,눈,더위,추위","봄,여름,가을,겨울",6898606,https://www.10000recipe.com/recipe/6898606,양식,,,2,,
불닭마요덮밥 맵찔아 너두 먹을 수 있어!,한식,"밥,닭가슴살,양파,계란,마요네즈,김가루,식용유,고추장,설탕,간장,후추",30,쉬움,"점심,저녁","맑음,비,눈,더위,추위","봄,여름,가을,겨울",6898716,https://www.10000recipe.com/recipe/6898716,밥/죽/떡,,,2,,
부들부들한 무청이 구수합니다. 무청 소고기국,한식,"무얇게빚어,식용유,참기름,마늘,고춧가루,소고기,간장,데친무청,물,대파,소금,후추",30,쉬움,"점심,저녁","맑음,비,눈,더위,추위","봄,여름,가을,겨울",6898986,https://www.10000recipe.com/recipe/6898986,국/탕,,,2,,
치킨 미트로프 강아지 자연식 화식 간식 만들기,양식,"당근,고구마,단호박,완두콩,닭안심",60,쉬움,저녁,"맑음,비,눈,더위,추위","봄,여름,가을,겨울",6899703,https://www.10000recipe.com/recipe/6899703,양식,,,2,,
#스테이크굽기 #와규스테이크만들기 #사골야채죽퓨레만들기 #구운채소가니쉬,양식,"와규소등심,소금,후추,허브가루,올리브오일,발사믹글레이즈,인스턴트사골곰탕,야채죽,파프리카,느타리버섯,뭉치,애호박,당근,양파",60,쉬움,저녁,"맑음,비,눈,더위,추위","봄,여름,가을,겨울",6900823,https://www.10000recipe.com/recipe/6900823,양식,,,2,,
스크램블카레로 부드러운 카레 고고!,한식,"계란,양파,카레,버터,물,밥",5,쉬움,"아침,점심,야식","맑음,비,눈,더위,추위","봄,여름,가을,겨울",6900895,https://www.10000recipe.com/recipe/6900895,밥/죽/떡,,,2,,
고소하고 부드러운 크림카레우동,일식,"감자,크림,우유,우동면,베이컨,양파,카레가루",10,쉬움,"아침,점심,야식","맑음,비,눈,더위,추위","봄,여름,가을,겨울",6901154,https://www.10000recipe.com/recipe/6901154,면/만두,,,2,,
무수분 소고기 스튜(우리 육우와 토마토의 만남!!),한식,"육우,토마토,감자,양파,당근,빨간파프리카,통마늘,케찹,월계수잎",30,쉬움,"점심,저녁","맑음,비,눈,더위,추위","봄,여름,가을,겨울",6901174,https://www.10000recipe.com/recipe/6901174,찌개,,,2,,
감바스 알 아히요 - 간단하면서 고급져보이는 홈파티 메뉴로 어떠신가요?,양식,"새우,바지락,마늘,청양고추,바게트빵,소금,후추",30,쉬움,"점심,저녁","맑음,비,눈,더위,추위","봄,여름,가을,겨울",6901551,https://www.10000recipe.com/recipe/6901551,양식,,,2,,
한국식 '육우 인 헬',한식,"소고기,양파,버섯,깻잎,소금,후추,마늘,김치,소시지,버터,물,계란,치즈",30,쉬움,"점심,저녁","맑음,비,눈,더위,추위","봄,여름,가을,겨울",6901559,https://www.10000recipe.com/recipe/6901559,메인반찬,,,2,,
간단 돼지고기 고추장찌개,한식,"고추장,고춧가루,청양고추,돼지고기목살,대파,마늘,감자,식용유,두부찌개용,소금,양파",30,쉬움,"점심,저녁","맑음,비,눈,더위,추위","봄,여름,가을,겨울",6901871,https://www.10000recipe.com/recipe/6901871,찌개,,,2,,
해장국으로 좋은 명란감자국,한식,"감자큰거,호박,양파,명란젓,다시육수,소금,멸치액젓",30,쉬움,"점심,저녁","맑음,비,눈,더위,추위","봄,여름,가을,겨울",6902688,https://www.10000recipe.com/recipe/6902688,국/탕,,,2,,
크리스마스 홈파티 핑거푸드 '딸기산타'초간단 레시피,한식,"딸기,생크림,검정깨",10,쉬움,"아침,점심,야식","맑음,비,눈,더위,추위","봄,여름,가을,겨울",6902744,https://www.10000recipe.com/recipe/6902744,,,,2,,
김치 비빔국수 만드는법 양념장 황금레시피,한식,"김치,포기,소면,계란,고춧가루,설탕,고추장,참기름,통깨,오이,상추",20,쉬움,"점심,저녁","맑음,비,눈,더위,추위","봄,여름,가을,겨울",6903088,https://www.10000recipe.com/recipe/6903088,면/만두,,,2,,
돼지고기 김치찌개 맛있게 끓이는 법,한식,"돼지고기,김치,포기,두부,고춧가루,김칫국,간장,설탕,맛술,양파,대파,청양고추,홍고추,생수또는다시육수",30,쉬움,"점심,저녁","맑음,비,눈,더위,추위","봄,여름,가을,겨울",6903454,https://www.10000recipe.com/recipe/6903454,찌개,,,2,,
"달걀당면만두, 맛있는 간단 밑반찬",한식,"계란,간소고기,당면,대파,당근,양파,설탕,후추,소금,케첩,마요네즈,초간장",30,쉬움,"점심,저녁","맑음,비,눈,더위,추위","봄,여름,가을,겨울",6904140,https://www.10000recipe.com/recipe/6904140,면/만두,,,2,,
[다이어트] 밥없는 다이어트 닭가슴살김밥!,한식,"김,닭가슴살,애호박,양파,계란,간장,올리고당",20,쉬움,"점심,저녁","맑음,비,눈,더위,추위","봄,여름,가을,겨울",6904252,https://www.10000recipe.com/recipe/6904252,밥/죽/떡,,,2,,
콩비지찌개 잘 먹고 다이어트 하기,한식,"콩비지,신김치,돼지고기앞다리살,양파,대파,청양고추,마늘,새우젓,고춧가루,들기름,물,설탕,맛술,소금,후추",30,쉬움,"점심,저녁","맑음,비,눈,더위,추위","봄,여름,가을,겨울",6904361,https://www.10000recipe.com/recipe/6904361,찌개,,,2,,
까르보짬뽕 얼큰하게먹는 고소한 편의점요리☆,중식,"짬뽕라면,양파,청양고추,마늘,슬라이스치즈,우유,달걀노른자",10,쉬움,"아침,점심,야식","맑음,비,눈,더위,추위","봄,여름,가을,겨울",6904816,https://www.10000recipe.com/recipe/6904816,면/만두,,,2,,
간단요리 김치비빔국수,한식,"김치,소면,간장,고춧가루,참기름,깨",10,쉬움,"아침,점심,야식","맑음,비,눈,더위,추위","봄,여름,가을,겨울",6905273,https://www.10000recipe.com/recipe/6905273,면/만두,,,2,,
간단하게 한끼 뚝딱! 새콤하고 매운 김치비빔국수:D,한식,"소면원동전크기,배추김치,깨,김칫국물,고추장,고춧가루,간장,까나리액젓,매실액,식초,설탕,참기름,후추",15,쉬움,"아침,점심,야식","맑음,비,눈,더위,추위","봄,여름,가을,겨울",6905804,https://www.10000recipe.com/recipe/6905804,면/만두,,,2,,
매운 순두부 찌개 순두부 짜글이,한식,"순두부,대패삼겹살,양파,대파,청양고추,홍고추,마늘,멸치다시육수,소금,후춧가루,청주,고추장,고춧가루,설탕,간장,참치액젓",10,쉬움,"아침,점심,야식","맑음,비,눈,더위,추위","봄,여름,가을,겨울",6906050,https://www.10000recipe.com/recipe/6906050,찌개,,,2,,
초간단 새콤달콤 너무 맛있는 비빔만두 만들기,한식,"군만두,양배추,당근,양파,상추,깻잎,고추장,고춧가루,대파,식초,설탕,통깨,참기름",15,쉬움,"아침,점심,야식","맑음,비,눈,더위,추위","봄,여름,가을,겨울",6906128,https://www.10000recipe.com/recipe/6906128,면/만두,,,2,,
"아이들 영양간식, 치즈 참치주먹밥",한식,"공기밥,참치캔,단무지,양파,참기름,소금,통깨,후추,마요네즈",15,쉬움,"아침,점심,야식","맑음,비,눈,더위,추위","봄,여름,가을,겨울",6906196,https://www.10000recipe.com/recipe/6906196,밥/죽/떡,,,2,,
[하루한끼] 들깨소고기뭇국,한식,"국거리용소고기,참기름,후춧가루,토막낸무,표고버섯,들깻가루,마늘,액젓,파",20,쉬움,"점심,저녁","맑음,비,눈,더위,추위","봄,여름,가을,겨울",6906640,https://www.10000recipe.com/recipe/6906640,국/탕,,,2,,
"서양식 한그릇음식같은 1 Skillet Breakfast, 고구마와 베이컨 그리고 계란",양식,"간마늘,다진양파,고구마깍둑썰기한감자,다진피망,다진토마토,올리브오일,베이컨소세지약g,소금,후추",30,쉬움,"점심,저녁","맑음,비,눈,더위,추위","봄,여름,가을,겨울",6906814,https://www.10000recipe.com/recipe/6906814,양식,,,2,,
깐풍만두~*,한식,"만두,양파,대파,간장,식초,설탕,올리고당,물",15,쉬움,"아침,점심,야식","맑음,비,눈,더위,추위","봄,여름,가을,겨울",6908090,https://www.10000recipe.com/recipe/6908090,면/만두,,,2,,
"신선한 돈까스요리, 돈까스김치나베 맛있어요~!",일식,"돈까스,대파,양파,김치,마늘,간장,계란",15,쉬움,"아침,점심,야식","맑음,비,눈,더위,추위","봄,여름,가을,겨울",6908117,https://www.10000recipe.com/recipe/6908117,국/탕,,,2,,
인스타 분위기 뿜뿜! 초간단 볼로네제 파스타 만들기,양식,"간소고기,양파,파마산치즈,파스타면,계란,샐러리,당근,바질가루,소금,후추,올리브유,맛술미림",20,쉬움,"점심,저녁","맑음,비,눈,더위,추위","봄,여름,가을,겨울",6908250,https://www.10000recipe.com/recipe/6908250,면/만두,,,2,,
로즈마리 갈릭 항정살 만들기,한식,"항정살,마늘,로즈마리,식용유,소금,후춧가루",30,쉬움,"점심,저녁","맑음,비,눈,더위,추위","봄,여름,가을,겨울",6908467,https://www.10000recipe.com/recipe/6908467,메인반찬,,,2,,
"눈으로 먼저 먹는 비주얼 요리, 구름 계란(Cloud Eggs)",양식,"계란,소금,후추",15,쉬움,"아침,점심,야식","맑음,비,눈,더위,추위","봄,여름,가을,겨울",6908671,https://www.10000recipe.com/recipe/6908671,양식,,,2,,
김치와 만두의 콜라보!김치만두전 만들기,한식,"익은김치,만두,계란,부침가루,물",10,쉬움,"아침,점심,야식","맑음,비,눈,더위,추위","봄,여름,가을,겨울",6908846,https://www.10000recipe.com/recipe/6908846,면/만두,,,2,,
실곤약 사리와 채소 듬뿍 더한 다이어트용 골뱅이무침,한식,"골뱅이,실곤약,오이,파프리카,양배추,양파,고춧가루,올리고당,마늘,고추장,식초,골뱅이통조림국물,통깨",10,쉬움,"아침,점심,야식","맑음,비,눈,더위,추위","봄,여름,가을,겨울",6909479,https://www.10000recipe.com/recipe/6909479,메인반찬,,,2,,
"양희경 달걀떡볶이 만드는 법, 고소하고 부드러운 계란떡볶이 맛에 푹 빠졌어요",한식,"떡국떡,양파,올리브유,버터,계란,소금,파슬리,후춧가루",20,쉬움,"점심,저녁","맑음,비,눈,더위,추위","봄,여름,가을,겨울",6909554,https://www.10000recipe.com/recipe/6909554,밥/죽/떡,,,2,,
구운 명란과 수란을 곁들인 매콤한 오일파스타 - 인생파스타 대박 레시피,양식,"스파게티,마늘,저염명란,페퍼론치노,계란,퓨어올리브오일,식초,소금,후추",60,보통,저녁,"맑음,비,눈,더위,추위","봄,여름,가을,겨울",6909919,https://www.10000recipe.com/recipe/6909919,면/만두,,,2,,
샐러드와 우동이 만나 뱃속 든든 ★ 샐러드우동,일식,"우동,칵테일생새우,방울토마토,샐러드채소,통조림옥수수,간장,식초,올리고당,올리브유,설탕,마늘,참기름,소금,후추,파마산치즈가루",20,쉬움,"점심,저녁","맑음,비,눈,더위,추위","봄,여름,가을,겨울",6910280,https://www.10000recipe.com/recipe/6910280,면/만두,,,2,,
(다이어트) 돼지고기가 들어간 특별한 오이볶음~,한식,"돼지고기,백오이,홍고추,간장,마늘,후추가루,설탕,식용류,참기름,통깨",60,쉬움,저녁,"맑음,비,눈,더위,추위","봄,여름,가을,겨울",6910926,https://www.10000recipe.com/recipe/6910926,메인반찬,,,2,,
아침국으로 쪽파 양껏 쏭쏭 썰어 넣고 끓인 새우젓 계란탕,한식,"쏭쏭썬쪽파,계란,후추,새우젓,물",15,쉬움,"아침,점심,야식","맑음,비,눈,더위,추위","봄,여름,가을,겨울",6911042,https://www.10000recipe.com/recipe/6911042,국/탕,,,2,,
TV요리) 아 보기만해도 얼큰해 ★ 차승원의 짬뽕,중식,"양파,버섯,파프리카,호박,오징어,모둠해물,돼지고기,고추기름,식용유,마늘,다진대파,다진생강,고춧가루,소금,후추,물",30,어려움,"점심,저녁","맑음,비,눈,더위,추위","봄,여름,가을,겨울",6911336,https://www.10000recipe.com/recipe/6911336,면/만두,,,2,,
'어묵치즈까스'초간단 레시피,한식,"사각어묵,슬라이스치즈,계란,밀가루or튀김가루,빵가루,파슬리가루,케찹",5,쉬움,"아침,점심,야식","맑음,비,눈,더위,추위","봄,여름,가을,겨울",6911427,https://www.10000recipe.com/recipe/6911427,메인반찬,,,2,,
마리텔 - 해장에 좋은 땅빠면(땅콩 버터라면) 만들기,한식,"파,고춧가루,식용유,라면,땅콩버터",10,쉬움,"아침,점심,야식","맑음,비,눈,더위,추위","봄,여름,가을,겨울",6911848,https://www.10000recipe.com/recipe/6911848,면/만두,,,2,,
허브 없이도 맛있는 부채살 스테이크 굽기 / 굽는 법,양식,"쇠고기부챗살,감자,파프리카,새송이버섯,양파,소금,후추,올리브유",30,쉬움,"점심,저녁","맑음,비,눈,더위,추위","봄,여름,가을,겨울",6911996,https://www.10000recipe.com/recipe/6911996,양식,,,2,,
가족모임에도 좋아 에그인헬,양식,"마늘,베이컨,닭가슴살소시지,느타리버섯,시금치,우유,모짜렐라치즈,계란,건청양고추,소금,후추",15,쉬움,"아침,점심,야식","맑음,비,눈,더위,추위","봄,여름,가을,겨울",6912391,https://www.10000recipe.com/recipe/6912391,양식,,,2,,
시금치된장국 만드는 법 건새우 넣고 시원하게 ~,한식,"시금치,대파,표고버섯,건새우,멸치다시마팩,물,된장,마늘",30,쉬움,"점심,저녁","맑음,비,눈,더위,추위","봄,여름,가을,겨울",6912832,https://www.10000recipe.com/recipe/6912832,국/탕,,,2,,
초간단 열무국수 만들기,한식,"열무김치,소면,열무김치국물,삶은달걀,고추장,매실액,참기름,깨소금",10,쉬움,"아침,점심,야식","맑음,비,눈,더위,추위","봄,여름,가을,겨울",6913003,https://www.10000recipe.com/recipe/6913003,면/만두,,,2,,
삼겹볶음우동만들기.,일식,"돼지고기,숙주,봉지,부추,마늘,간장,소주컵,후추,크러쉬드레드페퍼,올리브오일,통깨",30,쉬움,"점심,저녁","맑음,비,눈,더위,추위","봄,여름,가을,겨울",6913053,https://www.10000recipe.com/recipe/6913053,면/만두,,,2,,
라따뚜이 만들기. 저칼로리 다이어트식 가벼운 저녁메뉴. 손님상차림 전채요리.,양식,"통,가지,토마토,양파,호박,올리브유,후춧가루,파마산치즈가루,모짜렐라치즈",30,쉬움,"점심,저녁","맑음,비,눈,더위,추위","봄,여름,가을,겨울",6913329,https://www.10000recipe.com/recipe/6913329,양식,,,2,,
[가정 간편식] 건오징어장 계란밥,한식,"건오징어,밥,계란,대파,마늘,고추장,간장,올리고당,후추,맛술,물,식용유,참기름,통깨",30,쉬움,"점심,저녁","맑음,비,눈,더위,추위","봄,여름,가을,겨울",6913401,https://www.10000recipe.com/recipe/6913401,밥/죽/떡,,,2,,
♥[신혼밥상] 잡곡닭가슴살볶음밥,한식,"잡곡밥,닭가슴살,계란,새송이,양파,당근,대파",15,쉬움,"아침,점심,야식","맑음,비,눈,더위,추위","봄,여름,가을,겨울",6913807,https://www.10000recipe.com/recipe/6913807,밥/죽/떡,,,2,,
"시원한 도토리묵사발, 다이어트에도 굿~",한식,"도토리묵,김치,청고추,동치미육수,설탕,참기름,깨소금",10,쉬움,"아침,점심,야식","맑음,비,눈,더위,추위","봄,여름,가을,겨울",6913925,https://www.10000recipe.com/recipe/6913925,국/탕,,,2,,
"다이어트, 맛, 비주얼 모두 되는 토마토애호박국수",한식,"애호박,크래미,오이,토마토,통마늘,고추장,식초,올리고당",30,쉬움,"점심,저녁","맑음,비,눈,더위,추위","봄,여름,가을,겨울",6914054,https://www.10000recipe.com/recipe/6914054,면/만두,,,2,,
육수없이 끓이는 부대찌개,한식,"소세지,통조림햄,두부,양파,파,치즈,김치,고춧가루,간장,설탕,마늘,다시다,후추,물",15,쉬움,"아침,점심,야식","맑음,비,눈,더위,추위","봄,여름,가을,겨울",6914220,https://www.10000recipe.com/recipe/6914220,찌개,,,2,,
크래미 달걀 만두,한식,"크래미,계란,다진부추,청양고추,홍고추,식용유,고운소금,참치액",15,쉬움,"아침,점심,야식","맑음,비,눈,더위,추위","봄,여름,가을,겨울",6914712,https://www.10000recipe.com/recipe/6914712,면/만두,,,2,,
소시지 달걀 치즈전,한식,"남양층카야치즈,계란,그릴비엔나소시지,대파,식용유,파슬리가루",10,쉬움,"아침,점심,야식","맑음,비,눈,더위,추위","봄,여름,가을,겨울",6914883,https://www.10000recipe.com/recipe/6914883,메인반찬,,,2,,
된장찌개 맛있게 끓이는법 소고기 넣은 황금레시피!,한식,"소고기,애느타리버섯,감자,양파,애호박,두부,대파,간장,마늘,설탕,후추,참기름,쌀뜬물,된장,고추장,고춧가루",60,쉬움,저녁,"맑음,비,눈,더위,추위","봄,여름,가을,겨울",6915538,https://www.10000recipe.com/recipe/6915538,찌개,,,2,,
낫또 비빔우동,일식,"낫또,조미김,파,계란노른자,쯔유",15,쉬움,"아침,점심,야식","맑음,비,눈,더위,추위","봄,여름,가을,겨울",6915666,https://www.10000recipe.com/recipe/6915666,면/만두,,,2,,
놉! 밀가루! 근데 피자가 확실해!!!! 감자피자 ★,양식,"감자,페퍼로니,드라이바질,드라이오레가노,소금,후추,올리브유,피자치즈",30,쉬움,"점심,저녁","맑음,비,눈,더위,추위","봄,여름,가을,겨울",6915973,https://www.10000recipe.com/recipe/6915973,양식,,,2,,
초간단 다이어트 레시피│닭가슴살 새싹비빔밥 _레미키친X아임닭,한식,"닭가슴살,새싹채소,밥,고추장,설탕,계란,대파,마늘,물",20,쉬움,"점심,저녁","맑음,비,눈,더위,추위","봄,여름,가을,겨울",6916164,https://www.10000recipe.com/recipe/6916164,밥/죽/떡,,,2,,
느억맘 소스에 퐁당 분짜만두 ★,한식,"냉동만두,식용유,어린잎채소,홍고추,청양고추,당근,설탕,레몬즙,마늘,물",20,쉬움,"점심,저녁","맑음,비,눈,더위,추위","봄,여름,가을,겨울",6916234,https://www.10000recipe.com/recipe/6916234,면/만두,,,2,,
더운여름 입맛살려줄 김치국수,한식,"간장,참기름,설탕,고춧가루,식초,소면,김치,참깨",30,쉬움,"점심,저녁","맑음,비,눈,더위,추위","봄,여름,가을,겨울",6916792,https://www.10000recipe.com/recipe/6916792,면/만두,,,2,,
매콤한 김치 비빔국수 황금레시피 만드는법,한식,"김치,포기,고추장,고춧가루,설탕,상추,참기름,통깨,소면,계란",30,쉬움,"점심,저녁","맑음,비,눈,더위,추위","봄,여름,가을,겨울",6917582,https://www.10000recipe.com/recipe/6917582,면/만두,,,2,,
초간단으로 만들수 있는 소고기메밀비빔면 ★,한식,"메밀소바,다진소고기,달걀노른자,대파,고춧가루,식용유,간장,설탕,마늘,맛술,후추,참기름",20,쉬움,"점심,저녁","맑음,비,눈,더위,추위","봄,여름,가을,겨울",6917738,https://www.10000recipe.com/recipe/6917738,면/만두,,,2,,
얼큰 칼칼한 코다리 맑은탕,한식,"코다리,무,대파,청양고추,다시백,양파,물,고운소금,참치액,생강맛술,마늘,후추",30,쉬움,"점심,저녁","맑음,비,눈,더위,추위","봄,여름,가을,겨울",6918159,https://www.10000recipe.com/recipe/6918159,국/탕,,,2,,
구수하고 부드러운 깻잎들깨 된장국,한식,"깻잎데친것,된장,들깨가루,마늘,파,청양홍고추,국물멸치,다시마",60,쉬움,저녁,"맑음,비,눈,더위,추위","봄,여름,가을,겨울",6918532,https://www.10000recipe.com/recipe/6918532,국/탕,,,2,,
TV 해투 야간매점 '밥강정' 레시피,한식,"밥,캔옥수수,으깬땅콩,고추장,케찹,간장,설탕,마늘,물,후추",15,쉬움,"아침,점심,야식","맑음,비,눈,더위,추위","봄,여름,가을,겨울",6918795,https://www.10000recipe.com/recipe/6918795,밥/죽/떡,,,2,,
당면 한 그릇 요리 : 당면 간장 조림 / glass noodle,한식,"당면,김치,오이,물,간장,설탕,참기름",30,쉬움,"점심,저녁","맑음,비,눈,더위,추위","봄,여름,가을,겨울",6918851,https://www.10000recipe.com/recipe/6918851,면/만두,,,2,,
백종원 순두부찌개 만들어봤어요,한식,"순두부,간돼지고기,다진양파,청양고추,대파흰부분,고춧가루,간장,참기름,식용유,소금",30,보통,"점심,저녁","맑음,비,눈,더위,추위","봄,여름,가을,겨울",6918992,https://www.10000recipe.com/recipe/6918992,찌개,,,2,,
된장찌개만들기#구수하고 뜨끈한국물이 최고!,한식,"두부,양파,감자,애호박,청양고추,대파,두절새우,느타리버섯,조각다시마,다시팩,된장,시판용된장,마늘",30,쉬움,"점심,저녁","맑음,비,눈,더위,추위","봄,여름,가을,겨울",6919563,https://www.10000recipe.com/recipe/6919563,찌개,,,2,,
겉은 바삭!! 속은 촉촉!! 안주로도 간식으로도 최고 가지탕수!!,한식,"가지,튀김가루,물,간장,설탕,식초,맛술,전분물,양파",30,쉬움,"점심,저녁","맑음,비,눈,더위,추위","봄,여름,가을,겨울",6919577,https://www.10000recipe.com/recipe/6919577,메인반찬,,,2,,
한 그릇 요리 : 버터 마늘 볶음밥 / butter garlic fried rice,한식,"마늘,식용유,밥,버터",10,쉬움,"아침,점심,야식","맑음,비,눈,더위,추위","봄,여름,가을,겨울",6919707,https://www.10000recipe.com/recipe/6919707,밥/죽/떡,,,2,,
된장 찌개 필수메뉴,한식,"양파,두부,애호박,감자,삼겹살,무,청양고추,홍고추,대파,멸치다시마육수,고춧가루,고추장,마늘,된장",60,쉬움,저녁,"맑음,비,눈,더위,추위","봄,여름,가을,겨울",6920181,https://www.10000recipe.com/recipe/6920181,찌개,,,2,,
해물 듬뿍 넣은 중국식 계란탕 안주와 아침국으로 추천해요.,한식,"오징어,새우,크래미,계란,죽순,파,생강가루,물,맛술,간장,참기름,후춧가루,전분가루",20,쉬움,"점심,저녁","맑음,비,눈,더위,추위","봄,여름,가을,겨울",6920673,https://www.10000recipe.com/recipe/6920673,국/탕,,,2,,
땅콩버터를 넣어 정말 고소한 백종원 '탄탄면',한식,"라면,땅콩버터,고춧가루,대파",10,쉬움,"아침,점심,야식","맑음,비,눈,더위,추위","봄,여름,가을,겨울",6920804,https://www.10000recipe.com/recipe/6920804,면/만두,,,2,,
충청도식 애호박 국수,한식,"애호박,마늘,간장,고춧가루,설탕,매실청,참기름,소면,물",15,쉬움,"아침,점심,야식","맑음,비,눈,더위,추위","봄,여름,가을,겨울",6920967,https://www.10000recipe.com/recipe/6920967,면/만두,,,2,,
"특별한 빼빼로데이, 풋고추로 매콤한 떡갈비빼빼로 만들기",한식,"소고기다짐육,떡볶이떡,치즈,느타리버섯,풋고추,간장,설탕,깨,올리고당,참기름",60,쉬움,저녁,"맑음,비,눈,더위,추위","봄,여름,가을,겨울",6921882,https://www.10000recipe.com/recipe/6921882,밥/죽/떡,,,2,,
#풋고추 페스토 파스타&브루스케타 [페스토요리두가지],양식,"풋고추,잣,파마산치즈가루,마늘,올리브오일,소금,풋고추페스토,편마늘,페페로치노,올리브,새우,후추,크림치즈,바게트,슬라이스햄,새우파스타할때익힌거",30,쉬움,"점심,저녁","맑음,비,눈,더위,추위","봄,여름,가을,겨울",6921922,https://www.10000recipe.com/recipe/6921922,면/만두,,,2,,
♥[신혼밥상] 어묵 깻잎 볶음밥,한식,"밥,어묵,깻잎,양파,후춧가루,통깨,참기름,고춧가루,간장,맛술,설탕,마늘,물",20,쉬움,"점심,저녁","맑음,비,눈,더위,추위","봄,여름,가을,겨울",6922224,https://www.10000recipe.com/recipe/6922224,밥/죽/떡,,,2,,
"맑은굴순두부(국)찌개:아침에도 부담없이, 속이 편안~해요",한식,"순두부,애호박,굴,다시마물,마늘,파,새우젓",15,쉬움,"아침,점심,야식","맑음,비,눈,더위,추위","봄,여름,가을,겨울",6922896,https://www.10000recipe.com/recipe/6922896,찌개,,,2,,
크림라파게티:우유와 라면으로 뚝딱!,한식,"라면,우유,달걀선택,양파,마늘,식용유,라면스프,봉지",15,쉬움,"아침,점심,야식","맑음,비,눈,더위,추위","봄,여름,가을,겨울",6923015,https://www.10000recipe.com/recipe/6923015,면/만두,,,2,,
소시지로 간단하게 만드는 매콤달콤한 소시지강정!,한식,"체바피소시지,식용유,고추장,간장,마늘,참기름,케첩,물엿,물,깨",20,쉬움,"점심,저녁","맑음,비,눈,더위,추위","봄,여름,가을,겨울",6923036,https://www.10000recipe.com/recipe/6923036,메인반찬,,,2,,
돼지고기덮밥 l 포슬포슬한 돼지고기가 밥 위에 정상착륙~! 캐 꿀 맛 ★,한식,"다진돼지고기,시금치,홍고추,청고추,양파,식용유,마늘,간장,맛술,소금,후추",15,쉬움,"아침,점심,야식","맑음,비,눈,더위,추위","봄,여름,가을,겨울",6923048,https://www.10000recipe.com/recipe/6923048,밥/죽/떡,,,2,,
크리스마스/홈파티 디저트에 좋은 딸기꽃과 하트모양,한식,"딸기,베이킹소다,작은과도",15,쉬움,"아침,점심,야식","맑음,비,눈,더위,추위","봄,여름,가을,겨울",6924057,https://www.10000recipe.com/recipe/6924057,,,,2,,
"장수 한우, 마늘로 만든 맛남의 광장 한우불고기버거",양식,"한우불고기용소고기,양파,대파,마늘,간장,황설탕,참기름,노추,후추,물,핫도그빵,스위트랠리쉬,할라페뇨,케찹,마요네즈",30,쉬움,"점심,저녁","맑음,비,눈,더위,추위","봄,여름,가을,겨울",6924118,https://www.10000recipe.com/recipe/6924118,양식,,,2,,
한식풍으로 만든 된장리조또 ★ 느끼함 절대 No! No!,한식,"쌀,된장,생크림,차돌박이,맛술,마늘,청양고추,양파,소금,후추,올리브유,치킨스톡,파마산치즈가루",30,쉬움,"점심,저녁","맑음,비,눈,더위,추위","봄,여름,가을,겨울",6924164,https://www.10000recipe.com/recipe/6924164,밥/죽/떡,,,2,,
다이어트 토마토 리조또 레시피,양식,"마늘,볶음밥용채소,컬리플라워라이스,새우,닭가슴살,토마토홀,물,피자치즈",15,쉬움,"아침,점심,야식","맑음,비,눈,더위,추위","봄,여름,가을,겨울",6925079,https://www.10000recipe.com/recipe/6925079,양식,,,2,,
대패삼겹살 두부찌개 : 제육볶음 같으면서 찌개같은 깜찍한 혼종,한식,"대패삼겹살,두부,양파,대파,멸치육수,소금,후추,설탕,고춧가루,맛술,간장,멸치액젓,참기름,고추장,마늘",60,쉬움,저녁,"맑음,비,눈,더위,추위","봄,여름,가을,겨울",6925083,https://www.10000recipe.com/recipe/6925083,찌개,,,2,,
"하나씩 빼먹는 재미가 있는 어떡어떡오소(어묵,떡,어묵,떡,오뎅,소시지)매콤 꼬치",한식,"사각어묵,떡볶이떡,비엔나소시지,고추장,고춧가루,자일리톨,마늘,청량고추,소금,다시물,대파",60,쉬움,저녁,"맑음,비,눈,더위,추위","봄,여름,가을,겨울",6925157,https://www.10000recipe.com/recipe/6925157,국/탕,,,2,,
라면겨자냉채 l 꼬불이 라면과 함께 먹는 가벼운 냉채!,한식,"오이,양파,빨간파프리카,노란파프리카,크래미,라면,슬라이스햄,연겨자,설탕,식초,간장,참기름",15,쉬움,"아침,점심,야식","맑음,비,눈,더위,추위","봄,여름,가을,겨울",6925365,https://www.10000recipe.com/recipe/6925365,면/만두,,,2,,
대패 로제 파스타,양식,"대패삼겹살,양파,우유,파스타면,마늘,치즈",15,쉬움,"아침,점심,야식","맑음,비,눈,더위,추위","봄,여름,가을,겨울",6925766,https://www.10000recipe.com/recipe/6925766,양식,,,2,,
"센스있는 집들이음식, 하트맛살전으로 식탁의 예쁨 뿜뿜♡",한식,"맛살,부침가루,계란,양파,소금,식용유",30,쉬움,"점심,저녁","맑음,비,눈,더위,추위","봄,여름,가을,겨울",6925808,https://www.10000recipe.com/recipe/6925808,메인반찬,,,2,,
♥[신혼밥상] 시금치 된장국,한식,"시금치,된장,고춧가루,마늘,새우젓,설탕,물",20,쉬움,"점심,저녁","맑음,비,눈,더위,추위","봄,여름,가을,겨울",6925853,https://www.10000recipe.com/recipe/6925853,국/탕,,,2,,
감기 예방에 참 좋은 들깨 뭇국 : 아침국으로 딱이에요~,한식,"무,물,참기름,소금,숟갈,들깨가루듬뿍",20,쉬움,"점심,저녁","맑음,비,눈,더위,추위","봄,여름,가을,겨울",6925944,https://www.10000recipe.com/recipe/6925944,국/탕,,,2,,
♥[신혼밥상] 아몬드초코칩쿠기,한식,"박력분,코코아파우더,아몬드슬라이스,무염버터,설탕,달걀노른자,바닐라에센스",30,쉬움,"점심,저녁","맑음,비,눈,더위,추위","봄,여름,가을,겨울",6926078,https://www.10000recipe.com/recipe/6926078,,,,2,,
소스살필요없는 정통 까르보나라~,한식,"베이컨,양파,마늘,파스타면원동전크기,계란,소금,후추,설탕,식용유",15,쉬움,"아침,점심,야식","맑음,비,눈,더위,추위","봄,여름,가을,겨울",6926106,https://www.10000recipe.com/recipe/6926106,면/만두,,,2,,
이연복이 전수한 놀면뭐하니 짬뽕라면 ! 해산물 듬뿍!,중식,"오징어,모시조개,대파,칵테일새우,청경채,알배추,면,스프,마늘,양파,식용유,청양고추,물",20,쉬움,"점심,저녁","맑음,비,눈,더위,추위","봄,여름,가을,겨울",6926232,https://www.10000recipe.com/recipe/6926232,면/만두,,,2,,
♥[신혼밥상] 국물 시원 깔끔 명란찌개,한식,"명란,두부,대파,양파,호박,새송이버섯,고춧가루,청양고추,마늘,새우젓,멸치다시다육수",20,쉬움,"점심,저녁","맑음,비,눈,더위,추위","봄,여름,가을,겨울",6926405,https://www.10000recipe.com/recipe/6926405,찌개,,,2,,
#초간단 대패삼겹살볶음우동,일식,"우동면,대패삼겹살,숙주,양파,대파,깻잎,마늘,간장,설탕,미림",20,쉬움,"점심,저녁","맑음,비,눈,더위,추위","봄,여름,가을,겨울",6927261,https://www.10000recipe.com/recipe/6927261,면/만두,,,2,,
"달아요,달아!수미네반찬♥우렁된장찌개~캬~~소리가 자동으로 나오네요~",한식,"우렁이,애호박,다시육수팩,쌀뜨물,두부,된장,고운고춧가루,간마늘,대파,청양고추,홍고추",30,쉬움,"점심,저녁","맑음,비,눈,더위,추위","봄,여름,가을,겨울",6927818,https://www.10000recipe.com/recipe/6927818,찌개,,,2,,
온 가족이 즐길 수 있는 맛있는 면요리 쟁반국수 만드는 법,한식,"메밀국수,노란파프리카,빨간파프리카,오이,양파,당근,적양배추,양배추,고추장,식초,올리고당,미림,고춧가루,간장,와사비,마늘,볶은참깨,참기름",30,쉬움,"점심,저녁","맑음,비,눈,더위,추위","봄,여름,가을,겨울",6927880,https://www.10000recipe.com/recipe/6927880,면/만두,,,2,,
깐풍만두 냉동만두요리를 가지고 왔어요.,한식,"냉동만두,간장,식초,설탕,후추,피망,빨강미니파프리카,노랑미니파프리카,양파,대파,간마늘,기름",30,쉬움,"점심,저녁","맑음,비,눈,더위,추위","봄,여름,가을,겨울",6928983,https://www.10000recipe.com/recipe/6928983,면/만두,,,2,,
떡볶이랑 제육볶음중에 고민될 때 제육떡볶이로 만들기,한식,"대패삼겹살,떡볶이떡,어묵,양파,대파,물,식용유,고추장,고춧가루,설탕,청주,마늘,소금,참기름,후추",30,쉬움,"점심,저녁","맑음,비,눈,더위,추위","봄,여름,가을,겨울",6929002,https://www.10000recipe.com/recipe/6929002,밥/죽/떡,,,2,,
핑크소시지 주먹밥~*,한식,"소시지,당근,양파,대파,김,들기름,소금볶음소금",30,쉬움,"점심,저녁","맑음,비,눈,더위,추위","봄,여름,가을,겨울",6929038,https://www.10000recipe.com/recipe/6929038,밥/죽/떡,,,2,,
마카로니 엔 치즈 (맥 & 치즈) 고소고소,양식,"마카로니,우유,치즈",15,쉬움,"아침,점심,야식","맑음,비,눈,더위,추위","봄,여름,가을,겨울",6929056,https://www.10000recipe.com/recipe/6929056,양식,,,2,,
떡볶이의 업그레이드 버전! 해물가득! 단짠의 맛! 해물간장떡볶이,한식,"해물,표고버섯,대파,양파,떡볶이떡,참기름,통깨,간장,설탕,맛술,마늘,물,후추",30,쉬움,"점심,저녁","맑음,비,눈,더위,추위","봄,여름,가을,겨울",6929385,https://www.10000recipe.com/recipe/6929385,밥/죽/떡,,,2,,
호박 고구마의 화려한 변신 고구마 미니 핫 케익,한식,"삶은호박고구마,핫케익가루,식용유,설탕,계피가루",30,쉬움,"점심,저녁","맑음,비,눈,더위,추위","봄,여름,가을,겨울",6929546,https://www.10000recipe.com/recipe/6929546,,,,2,,
물비빔 국수!! 국수집 사장님이 깜짝 놀랄만한 레시피를 알려드립니다!! 이게 맛없으면 제가 만개의 레시피를 접겠,한식,"중면,무우,고춧가루,설탕,식초,시판동치미육수,고추장,오렌지주스,물엿,고운고추가루,간마늘,연겨자,통깨,깻잎,상추",60,쉬움,저녁,"맑음,비,눈,더위,추위","봄,여름,가을,겨울",6930484,https://www.10000recipe.com/recipe/6930484,면/만두,,,2,,
원팬으로 누구나 쉽게 할 수 있는 버섯 크림 리조또,양식,"불린쌀또는흰밥컵,우유불린쌀에사용,흰밥에우유,버섯,크래미,햄또는베이컨,양파,마늘,피자치즈,후추,소금",30,쉬움,"점심,저녁","맑음,비,눈,더위,추위","봄,여름,가을,겨울",6930489,https://www.10000recipe.com/recipe/6930489,양식,,,2,,
"쉽게 만드는 스테이크 소스""참나물 치미추리 소스""",양식,"참나물원동전크기,올리브오일,꿀,간마늘,소금,레몬수",10,쉬움,"아침,점심,야식","맑음,비,눈,더위,추위","봄,여름,가을,겨울",6930810,https://www.10000recipe.com/recipe/6930810,양식,,,2,,
파프리카버섯볶음 다이어트에 좋아요!,한식,"느타리버섯,파프리카,양파,꽃새우,마늘,올리브유,간장,들기름,후추가루",15,쉬움,"아침,점심,야식","맑음,비,눈,더위,추위","봄,여름,가을,겨울",6931042,https://www.10000recipe.com/recipe/6931042,메인반찬,,,2,,
에그베네딕트 만들기,양식,"잉글리쉬머핀,계란,슬라이스치즈,베이컨,버터,레몬즙,소금,후추,샐러드,토마토,계란노른자,소세지",30,쉬움,"점심,저녁","맑음,비,눈,더위,추위","봄,여름,가을,겨울",6931461,https://www.10000recipe.com/recipe/6931461,양식,,,2,,
[어버이날]추억소환!!생각보다 간단한 쟁반짜장 만들기^^,중식,"냉동중화면또는스파게티면,양파,양배추,돼지고기,자숙새우,청량고추,마늘,대파,생강,볶음춘장,설탕,참기름,간장,맛술,식용유",30,쉬움,"점심,저녁","맑음,비,눈,더위,추위","봄,여름,가을,겨울",6932054,https://www.10000recipe.com/recipe/6932054,면/만두,,,2,,
양념감자를 올린 치즈크러스트 피자(손반죽 피자도우 만들기),양식,"강력분,설탕,이스트,소금,물,올리브오일,단호박,크림치즈,햄이나베이컨,치즈",90,쉬움,저녁,"맑음,비,눈,더위,추위","봄,여름,가을,겨울",6932200,https://www.10000recipe.com/recipe/6932200,양식,,,2,,
집에서 즐기는 홈브런치 시금치 프리타타!,양식,"시금치,베이컨,양파,방울토마토,마늘,버터,우유,계란,슈레드치즈,후추,소금",15,쉬움,"아침,점심,야식","맑음,비,눈,더위,추위","봄,여름,가을,겨울",6932313,https://www.10000recipe.com/recipe/6932313,양식,,,2,,
부대찌개 황금레시피 사골육수로 깊은맛 추가!,한식,"사골육수,김치,소고기다짐육,양파,대파,스팸,소세지,두부,고춧가루,고추장,마늘,간장,맛술",30,쉬움,"점심,저녁","맑음,비,눈,더위,추위","봄,여름,가을,겨울",6932564,https://www.10000recipe.com/recipe/6932564,찌개,,,2,,
"초간단 다이어트 계란 카레 만들기 (단백질 57.5g, 지방 18g, 탄수화물 77g/ 24%)",한식,"밥g이하,닭가슴살,고형카레,계란,플레인두유,파슬리,후추",20,쉬움,"점심,저녁","맑음,비,눈,더위,추위","봄,여름,가을,겨울",6933035,https://www.10000recipe.com/recipe/6933035,밥/죽/떡,,,2,,
기관지에 좋은 무 요리로 완전'무'장! 빨간무덮밥,한식,"무,물,마늘,맛술,황설탕,간장,고추장,꽃소금,청양고추,후추,굵은고춧가루,대파대,대파고명용,감자전분,돼지고기후지찌개용",30,쉬움,"점심,저녁","맑음,비,눈,더위,추위","봄,여름,가을,겨울",6933129,https://www.10000recipe.com/recipe/6933129,밥/죽/떡,,,2,,
"바지락 강된장 만드는법, 쌈장으로 즐겨요~",한식,"바지락살,두부,대파,청양고추,멸치육수,식용유,참기름,마늘,굵은소금,양파,된장,고추장,고춧가루",30,쉬움,"점심,저녁","맑음,비,눈,더위,추위","봄,여름,가을,겨울",6933422,https://www.10000recipe.com/recipe/6933422,찌개,,,2,,
"진심 맛있습니다야들부들""앞다리살 수육"" 맛있게 삶기",양식,"돼지고기,양파,마늘,홍고추,대파손바닥크기로,커피,청량고추,소금,된장듬뿍,통후추,미림소주",60,보통,저녁,"맑음,비,눈,더위,추위","봄,여름,가을,겨울",6933522,https://www.10000recipe.com/recipe/6933522,양식,,,2,,
69레시피 집에서 안심스테이크 맛있게 굽는법,양식,"소고기안심,소금,후추,올리브유",60,쉬움,저녁,"맑음,비,눈,더위,추위","봄,여름,가을,겨울",6933674,https://www.10000recipe.com/recipe/6933674,양식,,,2,,
서가앤쿡 돼지목살스테이크 만들기,양식,"스테이크용돼지목살인기준,파인애플,통,달걀인당,샐러드채소,버터,간장,맛술,마늘,올리고당,물,설탕,식초,마요네즈,올리브유,우유",30,쉬움,"점심,저녁","맑음,비,눈,더위,추위","봄,여름,가을,겨울",6933677,https://www.10000recipe.com/recipe/6933677,양식,,,2,,
69레시피 아이간식 소고기 간장 떡볶이,한식,"소고기,떡볶이떡,당근,양파,대파,간장,마늘,올리고당,후추,생강즙,맛술",15,쉬움,"아침,점심,야식","맑음,비,눈,더위,추위","봄,여름,가을,겨울",6934093,https://www.10000recipe.com/recipe/6934093,밥/죽/떡,,,2,,
간단요리::))고추참치 볶음우동,일식,"고추참치,양파,우동면,청량고추",15,쉬움,"아침,점심,야식","맑음,비,눈,더위,추위","봄,여름,가을,겨울",6934543,https://www.10000recipe.com/recipe/6934543,면/만두,,,2,,
토마토구이♡바질을 곁들여 올리브오일에 구워요~,양식,"방울토마토,바질,올리브오일,소금,후추",15,쉬움,"아침,점심,야식","맑음,비,눈,더위,추위","봄,여름,가을,겨울",6934743,https://www.10000recipe.com/recipe/6934743,양식,,,2,,
맛있게 한끼) 너무 쉬운 오븐 미트소스 스파게티,양식,"간소고기,스파게티면,양파,마늘,양송이버섯,우유,치즈,소금,후추",30,쉬움,"점심,저녁","맑음,비,눈,더위,추위","봄,여름,가을,겨울",6934870,https://www.10000recipe.com/recipe/6934870,양식,,,2,,
백종원의 순두부찌개 만들기,한식,"순두부,돼지고기다짐육,호박,양파,바지락,청양고추,대파,마늘,고춧가루,설탕,소금,간장,식용류,참기름",30,쉬움,"점심,저녁","맑음,비,눈,더위,추위","봄,여름,가을,겨울",6934944,https://www.10000recipe.com/recipe/6934944,찌개,,,2,,
연어스테이크 만들기+타르타르소스도 함께~,양식,"생연어,올리브유,허브솔트,후추,마늘,마요네즈,요거트,양파,소금",60,보통,저녁,"맑음,비,눈,더위,추위","봄,여름,가을,겨울",6935062,https://www.10000recipe.com/recipe/6935062,양식,,,2,,
건더기가 푸짐한 돼지고기 감자 찌게입니다,한식,"돼지고기앞다리,애호박,두부,감자,양파,대파,마늘,생강분말,후추가루,들기름,고춧가루,물,간장",30,쉬움,"점심,저녁","맑음,비,눈,더위,추위","봄,여름,가을,겨울",6935261,https://www.10000recipe.com/recipe/6935261,찌개,,,2,,
오븐없이 떠먹는 감자피자,양식,"감자,식용유,옥수수콘,햄,피자치즈,파프리카,당근",20,쉬움,"점심,저녁","맑음,비,눈,더위,추위","봄,여름,가을,겨울",6935549,https://www.10000recipe.com/recipe/6935549,양식,,,2,,
에어프라이어 돼지목살 스테이크 집에서 근사하게 차려봤어요,양식,"돼지목살,허브솔트,아스파라거스,감자,고구마,양파,각종야채,계란,소시지",60,쉬움,저녁,"맑음,비,눈,더위,추위","봄,여름,가을,겨울",6935719,https://www.10000recipe.com/recipe/6935719,양식,,,2,,
에어프라이어 통닭구이 로스트치킨 집에서도 간편하고 맛있어,양식,"닭,우유,식용유,허브솔트,감자,고구마,레몬,간장,올리고당,간마늘",60,쉬움,저녁,"맑음,비,눈,더위,추위","봄,여름,가을,겨울",6935729,https://www.10000recipe.com/recipe/6935729,양식,,,2,,
[술안주] 간단하게 만드는 콩나물새우찜,한식,"새우,찜용콩나물,식용유,파,마늘,다진생강,올리고당,간장,맛술,후추,참기름,고추장,고춧가루",20,쉬움,"점심,저녁","맑음,비,눈,더위,추위","봄,여름,가을,겨울",6936118,https://www.10000recipe.com/recipe/6936118,메인반찬,,,2,,
만원도 안되는 가격으로 인도요리전문점 커리 만들기,양식,"마크니커리,우유,버터,닭가슴살,통후추,맛술,식용류,물,또띠아,플레인요거트",30,쉬움,"점심,저녁","맑음,비,눈,더위,추위","봄,여름,가을,겨울",6936326,https://www.10000recipe.com/recipe/6936326,양식,,,2,,
디디오랩 에어프라이어으로 폭립(등갈비구이)만들어보기,양식,"돼지등갈비,대파,통마늘,맛술,후추,허브월계수,로즈마리,양파또는주먹반정도,간장,올리고당,케챱,마늘,생강가루,방울양배추,샬롯,에어프라이기",120,쉬움,저녁,"맑음,비,눈,더위,추위","봄,여름,가을,겨울",6937026,https://www.10000recipe.com/recipe/6937026,양식,,,2,,
생일에 남편이 준비해준 부채살 스테이크,양식,"스테이크용부채살,허브솔트,올리브유,아스파라거스,양송이버섯,양파,버터",60,보통,저녁,"맑음,비,눈,더위,추위","봄,여름,가을,겨울",6937278,https://www.10000recipe.com/recipe/6937278,양식,,,2,,
라구파스타 ㅣ 사람들이 잘 모르는 라구파스타입니다!! (아기들도 너무 좋아해요),양식,"양파,당근,셀러리,소고기다짐육,돼지고기다짐육,레드와인,토마토페이스트,소금,후추,파스타면",20,쉬움,"점심,저녁","맑음,비,눈,더위,추위","봄,여름,가을,겨울",6937461,https://www.10000recipe.com/recipe/6937461,양식,,,2,,
간단하게 만드는 중국식 청경채 덮밥,한식,"간돼지고기,청경채뿌리,양파반개,홍고추,마늘,대파,페퍼론치노,고추기름,간장,맛술,설탕,후추,전분,계란흰자,치킨스톡,참기름,물",30,쉬움,"점심,저녁","맑음,비,눈,더위,추위","봄,여름,가을,겨울",6937744,https://www.10000recipe.com/recipe/6937744,밥/죽/떡,,,2,,
바지락을 이용한 봉골레 파스타 만들기♡,양식,"스파게티면,통마늘,바지락,페퍼론치노,올리브오일,면수또는물,꽃소금,흑후추,치킨베이스,파마산치즈,파슬리가루,정종,물",15,쉬움,"아침,점심,야식","맑음,비,눈,더위,추위","봄,여름,가을,겨울",6938052,https://www.10000recipe.com/recipe/6938052,양식,,,2,,
간단하게 어니언 크림치즈 만들기,양식,"크림치즈,양파,올리고당",15,쉬움,"아침,점심,야식","맑음,비,눈,더위,추위","봄,여름,가을,겨울",6938355,https://www.10000recipe.com/recipe/6938355,양식,,,2,,
골뱅이냉면 : 맵달한 골뱅이무침과 시원한 냉면으로 집에서 여름휴가 만끽하기~!,한식,"골뱅이,냉면사리,오이,냉면육수,고추장,간장,식초,설탕,마늘,참기름,통깨,골뱅이국물,계란",30,쉬움,"점심,저녁","맑음,비,눈,더위,추위","봄,여름,가을,겨울",6938395,https://www.10000recipe.com/recipe/6938395,면/만두,,,2,,
꽃이야? 만두야? 장미 왕 만두,한식,"새우,돼지고기,부추,파흰부분,마늘,다진생강,청주,간장,만두피",60,쉬움,저녁,"맑음,비,눈,더위,추위","봄,여름,가을,겨울",6938712,https://www.10000recipe.com/recipe/6938712,면/만두,,,2,,
백파더 에그치즈토스트 백종원 토스트,양식,"식빵,계란,슬라이스치즈,설탕,소금",10,쉬움,"아침,점심,야식","맑음,비,눈,더위,추위","봄,여름,가을,겨울",6939234,https://www.10000recipe.com/recipe/6939234,양식,,,2,,
<세종댁달순레시피>매생이북엇국 만들기,한식,"매생이,황태,물,다짐마늘,참치액,들기름,참기름,후추",30,쉬움,"점심,저녁","맑음,비,눈,더위,추위","봄,여름,가을,겨울",6940251,https://www.10000recipe.com/recipe/6940251,국/탕,,,2,,
해장에 최고인 초간단 황태콩나물국,한식,"황태,콩나물,봉지,다시팩육수,계란,간장,마늘,참기름",20,쉬움,"점심,저녁","맑음,비,눈,더위,추위","봄,여름,가을,겨울",6940379,https://www.10000recipe.com/recipe/6940379,국/탕,,,2,,
[사랑파워 블로그][집밥백선생] 백종원 치즈등갈비 만들기!,한식,"등갈비,맛술,양파,물,간장,물엿,고운고춧가루,간마늘,설탕,고추장,떡,새송이버섯,모차렐라치즈",90,보통,저녁,"맑음,비,눈,더위,추위","봄,여름,가을,겨울",6940455,https://www.10000recipe.com/recipe/6940455,메인반찬,,,2,,
요린이도 실패없는 간단 레시피 - 백종원의 감자짜글이,한식,"감자,스팸,양파,고추장,고춧가루,간마늘,된장,대파,간장,물,설탕,청양고추",30,쉬움,"점심,저녁","맑음,비,눈,더위,추위","봄,여름,가을,겨울",6940507,https://www.10000recipe.com/recipe/6940507,찌개,,,2,,
정식품 콩국물을 이용한 버섯 들깨찜 만들기!,한식,"새송이버섯,표고버섯,느타리버섯,팽이버섯,대파,양파,홍고추,참나물,콩국물,간장,들깨가루,들기름",30,쉬움,"점심,저녁","맑음,비,눈,더위,추위","봄,여름,가을,겨울",6940741,https://www.10000recipe.com/recipe/6940741,국/탕,,,2,,
치킨너겟으로 엄청 쉽게 간장치킨 만드는 방법 간장치킨 레시피,양식,"치킨너겟,간장,물엿,설탕,맛술",20,쉬움,"점심,저녁","맑음,비,눈,더위,추위","봄,여름,가을,겨울",6940894,https://www.10000recipe.com/recipe/6940894,양식,,,2,,
시원한 김치만두전골 레시피,한식,"만두,양파,대파,익은김치,김치국물,멸치육수,고춧가루,마늘,간장,청양고추,홍고추,표고버섯",30,쉬움,"점심,저녁","맑음,비,눈,더위,추위","봄,여름,가을,겨울",6941251,https://www.10000recipe.com/recipe/6941251,찌개,,,2,,
마늘 풍미가 가득한 버터새우! 덮밥으로 즐기기! 버터마늘새우덮밥 ★,한식,"새우,버터,소금,후추,크러쉬드페퍼,편마늘,밥,어린잎채소,파슬리가루,청주,계란,우유",30,쉬움,"점심,저녁","맑음,비,눈,더위,추위","봄,여름,가을,겨울",6941267,https://www.10000recipe.com/recipe/6941267,밥/죽/떡,,,2,,
코로나 극복 / 면역력이 뛰어난 부추무침과 차돌박이,한식,"차돌박이,부추,양파,간장,식초,올리고당,통깨,매실액,참기름,고춧가루,마늘,매실청,설탕,참치액젓",20,쉬움,"점심,저녁","맑음,비,눈,더위,추위","봄,여름,가을,겨울",6941445,https://www.10000recipe.com/recipe/6941445,메인반찬,,,2,,
초간단 백파더 백주부님 마요라면땅 따라 만들기,한식,"라면,마요네즈,설탕",5,쉬움,"아침,점심,야식","맑음,비,눈,더위,추위","봄,여름,가을,겨울",6941584,https://www.10000recipe.com/recipe/6941584,면/만두,,,2,,
코로나 극복을 위한 건강한 또띠아(케밥)만들기,양식,"또띠아,다진소고기,파프리카노랑,파프리카,양파,토마토,양배추,적양배추,머스타드,케찹,소고기밑간후추,소고기밑간간장,소고기밑간맛술,소고기밑간설탕",30,쉬움,"점심,저녁","맑음,비,눈,더위,추위","봄,여름,가을,겨울",6941677,https://www.10000recipe.com/recipe/6941677,양식,,,2,,
익숙하게 맛있는 '참치두부김치조림' 요리,한식,"두부,참치캔,배추김치,대파,양파,물,고추장,마늘,간장,설탕,청주,후추,참기름,통깨",60,쉬움,저녁,"맑음,비,눈,더위,추위","봄,여름,가을,겨울",6942029,https://www.10000recipe.com/recipe/6942029,찌개,,,2,,
♥[신혼밥상] 순두부&새우 계란탕,한식,"순두부,칵테일새우,계란,대파,양파,미림,새우젓,참기름,전분물,후춧가루,멸치다시마육수",20,쉬움,"점심,저녁","맑음,비,눈,더위,추위","봄,여름,가을,겨울",6942140,https://www.10000recipe.com/recipe/6942140,국/탕,,,2,,
"찹쌀치즈볼 / 오븐에구운떡, 밀가루없이 (+동영상)",한식,"찹쌀가루,옥수수전분,베이킹파우더,소금,계란,우유,버터,치즈",90,쉬움,저녁,"맑음,비,눈,더위,추위","봄,여름,가을,겨울",6942211,https://www.10000recipe.com/recipe/6942211,밥/죽/떡,,,2,,
"(아기반찬, 아기국) 배추어묵된장국 '로운이엄마표어묵'",한식,"배추,엄마표어묵시판,멸치다시물,대파,양파,애호박,마늘,아기된장,참기름",20,쉬움,"점심,저녁","맑음,비,눈,더위,추위","봄,여름,가을,겨울",6942400,https://www.10000recipe.com/recipe/6942400,국/탕,,,2,,
★다이어트 도시락★ 어묵야채말이~! 든든한 한끼/밥반찬/다이어트/아이들간식,한식,"사각어묵,김,노랑파프리카,빨강파프리카,당근,양파,깻잎,부추,간장,물엿,황설탕,물,후추,참기름,마늘",60,보통,저녁,"맑음,비,눈,더위,추위","봄,여름,가을,겨울",6942987,https://www.10000recipe.com/recipe/6942987,메인반찬,,,2,,
수미네반찬 묵은지목살찜 만들기 밥도둑이네!,한식,"돼지고기목살,묵은지,물,대파,양파,고춧가루,간장,후춧가루,마늘",30,쉬움,"점심,저녁","맑음,비,눈,더위,추위","봄,여름,가을,겨울",6943064,https://www.10000recipe.com/recipe/6943064,국/탕,,,2,,
(아기 국 반찬) 팽이버섯 된장국,한식,"팽이버섯,대파,버섯야채육수,아기된장",15,쉬움,"아침,점심,야식","맑음,비,눈,더위,추위","봄,여름,가을,겨울",6943494,https://www.10000recipe.com/recipe/6943494,국/탕,,,2,,
(아기반찬) 새우 딤섬 (라이스페이퍼 활용),한식,"새우,라이스페이퍼,달걀노른자,비타민채소,팽이버섯,빨강파프리카,노랑파프리카각",20,쉬움,"점심,저녁","맑음,비,눈,더위,추위","봄,여름,가을,겨울",6943705,https://www.10000recipe.com/recipe/6943705,메인반찬,,,2,,
목떡꼬치 ! 캠핑가서 구워먹으면 맛있는 꼬치레시피,한식,"목살,가래떡,소금,후추,식용유,고추장,고춧가루,설탕,물엿,마늘,물",15,쉬움,"아침,점심,야식","맑음,비,눈,더위,추위","봄,여름,가을,겨울",6943798,https://www.10000recipe.com/recipe/6943798,밥/죽/떡,,,2,,
"홈메이드 인생 ""라구소스"" 만들기 (미국, 본토의 맛, 만드는 법, 레시피, 미트소스, 황금, 특별한, 원슐랭가이드",양식,"다진소고기,다진돼지고기,양파,당근,올리브유,베이컨,레드와인,버터크게,토마토페이스트,치킨스톡,우유,콜라,루꼴라페이스트",120,보통,저녁,"맑음,비,눈,더위,추위","봄,여름,가을,겨울",6944309,https://www.10000recipe.com/recipe/6944309,양식,,,2,,
프랑스의 시골파이 - 아쉬 빠흐멍띠에 -,양식,"감자중간크기,갈은소고기,양파반에반쪽마늘,건바질,버터,우유,생크림,피자치즈,소금,후추",60,쉬움,저녁,"맑음,비,눈,더위,추위","봄,여름,가을,겨울",6944373,https://www.10000recipe.com/recipe/6944373,양식,,,2,,
눈뜨자 밥도둑 묵은지 된장찌개..된장국.. 먹고싶어서 바로 묵은지를 빨았어요.,한식,"묵은지,다시멸치크게,된장,청양고추,대파,설탕,간장,간마늘,숟갈",60,쉬움,저녁,"맑음,비,눈,더위,추위","봄,여름,가을,겨울",6944579,https://www.10000recipe.com/recipe/6944579,국/탕,,,2,,
가성비 최고 백종원 콩나물불고기 황금레시피,한식,"대패삼겹살,콩나물,대파,양파,청양고추,깻잎,깨소금,간장,맛술,황설탕,굵은고춧가루,고추장,간마늘",20,쉬움,"점심,저녁","맑음,비,눈,더위,추위","봄,여름,가을,겨울",6944773,https://www.10000recipe.com/recipe/6944773,메인반찬,,,2,,
매운 어묵 주먹밥,한식,"밥,어묵,통깨,참기름,고추장,물,간장,마늘,설탕",20,쉬움,"점심,저녁","맑음,비,눈,더위,추위","봄,여름,가을,겨울",6944886,https://www.10000recipe.com/recipe/6944886,밥/죽/떡,,,2,,
할로윈파티요리 / 마녀모자 참치마요 주먹밥 (+동영상),한식,"김밥김,밥,참기름,소금,참치캔,양파g,마요네즈,후추",30,쉬움,"점심,저녁","맑음,비,눈,더위,추위","봄,여름,가을,겨울",6945117,https://www.10000recipe.com/recipe/6945117,밥/죽/떡,,,2,,
[자취요리] 바나나 오트밀 쿠키,한식,"오트밀,바나나,올리브유또는식용유",15,쉬움,"아침,점심,야식","맑음,비,눈,더위,추위","봄,여름,가을,겨울",6945431,https://www.10000recipe.com/recipe/6945431,,,,2,,
백주부의 감자스팸 짜글이,한식,"감자,대파,양파,청양고추,설탕,고춧가루,마늘,간장,된장,고추장",20,쉬움,"점심,저녁","맑음,비,눈,더위,추위","봄,여름,가을,겨울",6945529,https://www.10000recipe.com/recipe/6945529,찌개,,,2,,
"짭잘하고, 바삭하고, 고소한 구운명란치즈주먹밥 ♥",한식,"밥,명란젓,체다치즈,마요네즈,후추,꿀,간장,맛술,참기름,깨",20,쉬움,"점심,저녁","맑음,비,눈,더위,추위","봄,여름,가을,겨울",6945614,https://www.10000recipe.com/recipe/6945614,밥/죽/떡,,,2,,
호텔 레시피 그대로! 로제파스타 시판소스 활용으로 간단하면서 고급지게,양식,"파스타면,양파,파프리카노랑빨강,버섯,새우,애호박,마늘,버터,바질가루,후추",30,쉬움,"점심,저녁","맑음,비,눈,더위,추위","봄,여름,가을,겨울",6945957,https://www.10000recipe.com/recipe/6945957,양식,,,2,,
"명란젓갈을 활용한 담백한 국 한 그릇, 명란 두부국",한식,"명란젓갈,무,양파,대파,청양고추,홍고추,물,멸치육수용,자른다시마,새우젓국,간장,마늘,소금,후추",30,쉬움,"점심,저녁","맑음,비,눈,더위,추위","봄,여름,가을,겨울",6945976,https://www.10000recipe.com/recipe/6945976,국/탕,,,2,,
도시락 한그릇 한끼로 좋아요! 마성의 참치밥전,한식,"밥,참치,양파,청양고추,계란,소금,설탕,액젓,부침가루",10,쉬움,"아침,점심,야식","맑음,비,눈,더위,추위","봄,여름,가을,겨울",6946339,https://www.10000recipe.com/recipe/6946339,밥/죽/떡,,,2,,
후다닥 만들 수 있는 뜨끈한 가성비 좋은 어묵국 레시피,한식,"사각어묵,양파,청양고추,대파,간장,마늘,소금,후추,생수,육수팩",20,쉬움,"점심,저녁","맑음,비,눈,더위,추위","봄,여름,가을,겨울",6946519,https://www.10000recipe.com/recipe/6946519,국/탕,,,2,,
당근과 두부의 환상의 조합! 당근두부스테이크 & 당근주스 feat. 도깨비방망이,양식,"당근,두부,양파,돼지고기다짐육,소금,후추,밀가루,계란,간장,설탕,케찹,버터,물,사과",30,쉬움,"점심,저녁","맑음,비,눈,더위,추위","봄,여름,가을,겨울",6947046,https://www.10000recipe.com/recipe/6947046,양식,,,2,,
"새콤달콤 맛있는 골뱅이소면 집에서 후다닥 즐겨요 치킨,족발이랑 잘어울려요!",한식,"골뱅이,양배추,깻잎,오이,파프리카,고추장,간장,마늘,설탕,물엿,고춧가루,매실액,참기름,식초",15,쉬움,"아침,점심,야식","맑음,비,눈,더위,추위","봄,여름,가을,겨울",6947064,https://www.10000recipe.com/recipe/6947064,면/만두,,,2,,
"아기 바지락국 만들기, 유아식국, 아기 국물요리",한식,"바지락,멸치육수팩,마늘,홍게간장or국간장,쪽파or부추",15,쉬움,"아침,점심,야식","맑음,비,눈,더위,추위","봄,여름,가을,겨울",6947106,https://www.10000recipe.com/recipe/6947106,국/탕,,,2,,
[두부뭇국 끓이는 법]얼큰하고 칼칼한 무국 레시피~!!,한식,"무,두부,새송이버섯,양파,대파,멸치육수,들기름,고춧가루,굵은소금,마늘,후춧가루",20,쉬움,"점심,저녁","맑음,비,눈,더위,추위","봄,여름,가을,겨울",6947126,https://www.10000recipe.com/recipe/6947126,국/탕,,,2,,
제철 굴로 만드는 저녁 국물요리! 맑고 시원한 굴두부탕 ♥,한식,"굴,대파,표고버섯,청양고추,홍고추,무,두부,물,마늘,간장,새우젓,소금",30,쉬움,"점심,저녁","맑음,비,눈,더위,추위","봄,여름,가을,겨울",6947483,https://www.10000recipe.com/recipe/6947483,국/탕,,,2,,
돼지앞다리살로 고기랑 김치가 더 맛있는 김치찌개 끓이기,한식,"익은김치,돼지고기,대파,설탕,간장,식용유",60,쉬움,저녁,"맑음,비,눈,더위,추위","봄,여름,가을,겨울",6947771,https://www.10000recipe.com/recipe/6947771,찌개,,,2,,
다가오는 동짓날엔 팥수제비 먹고 행운 듬뿍! 압력솥과 블렌더로 간단하게 팥수제비 만드는 법!,한식,"팥,밀가루,계란,소금,식용유,생수",120,쉬움,저녁,"맑음,비,눈,더위,추위","봄,여름,가을,겨울",6947773,https://www.10000recipe.com/recipe/6947773,국/탕,,,2,,
시금치 베이컨 말이밥 레시피,한식,"시금치,베이컨,밥,소금,참기름,검은깨",30,쉬움,"점심,저녁","맑음,비,눈,더위,추위","봄,여름,가을,겨울",6948206,https://www.10000recipe.com/recipe/6948206,밥/죽/떡,,,2,,
곰손도 만드는 뜨끈한 순대전골,한식,"순대,양파,부추,들깨가루,사골육수,청양고추,물,고추장,된장,고춧가루,간장,설탕,마늘,후추",30,쉬움,"점심,저녁","맑음,비,눈,더위,추위","봄,여름,가을,겨울",6948897,https://www.10000recipe.com/recipe/6948897,국/탕,,,2,,
배추된장국 정석대로 끓이기 (초간단),한식,"알배추,다시팩,마늘,된장",15,쉬움,"아침,점심,야식","맑음,비,눈,더위,추위","봄,여름,가을,겨울",6949303,https://www.10000recipe.com/recipe/6949303,국/탕,,,2,,
백종원 찹스테이크 만들기 쉽고 간단해,양식,"부채살,파프리카,양파,애호박,브로콜리,버터,편마늘,케찹,꿀,마늘,후추,올리브유,소금",30,쉬움,"점심,저녁","맑음,비,눈,더위,추위","봄,여름,가을,겨울",6949548,https://www.10000recipe.com/recipe/6949548,양식,,,2,,
소고기스테이크 굽굽 : 홈레스토랑에서 연말분위기 즐겨요^^,양식,"소고기부채살,소고기채끝등심,양송이,양파,마늘,소금,후추,올리브유,버터",60,쉬움,저녁,"맑음,비,눈,더위,추위","봄,여름,가을,겨울",6949552,https://www.10000recipe.com/recipe/6949552,양식,,,2,,
백종원 차돌박이된장찌개 끓이는법 단호박 넣었어요,한식,"차돌박이,버섯,무,대파,집된장쌈장,육수,청양고추,단호박,마늘,고춧가루,설탕",30,쉬움,"점심,저녁","맑음,비,눈,더위,추위","봄,여름,가을,겨울",6949663,https://www.10000recipe.com/recipe/6949663,찌개,,,2,,
"피자,가지 야채 피자【락토 베지테리언 메뉴】가지를 싫어하시는분&편식하는 아이들도 좋아할 레시피♥",양식,"가지,양파,파프리카,허브솔트,피자치즈,파마산,올리브오일",30,쉬움,"점심,저녁","맑음,비,눈,더위,추위","봄,여름,가을,겨울",6949980,https://www.10000recipe.com/recipe/6949980,양식,,,2,,
된장찌개 황금레시피 마시따,한식,"멸치육수,애호박,양파,버섯,청양고추,대파,쌈장,된장,고춧가루,고추장,마늘",30,쉬움,"점심,저녁","맑음,비,눈,더위,추위","봄,여름,가을,겨울",6950076,https://www.10000recipe.com/recipe/6950076,찌개,,,2,,
해장으로 좋은 된장칼국수,한식,"청경채,애호박,표고버섯,홍고추,다시용멸치,다시마,된장,꽃소금",60,쉬움,저녁,"맑음,비,눈,더위,추위","봄,여름,가을,겨울",6950146,https://www.10000recipe.com/recipe/6950146,면/만두,,,2,,
[배추된장국 끓이는 법]아침 저녁국으로 좋은 구수하고 시원한 국요리,한식,"배추,통,양파,대파,멸치육수,된장,고춧가루,간마늘,들깨가루",20,쉬움,"점심,저녁","맑음,비,눈,더위,추위","봄,여름,가을,겨울",6950150,https://www.10000recipe.com/recipe/6950150,국/탕,,,2,,
꾸덕한 투움바파스타~ 아웃백보다 훨씬 맛있네요. 자꾸 당기는 맛! 초간단레시피❤,양식,"스파게티면페투치니면,생크림,새우,양송이버섯,대파,페페론치노,간장,후추,마늘",30,쉬움,"점심,저녁","맑음,비,눈,더위,추위","봄,여름,가을,겨울",6950349,https://www.10000recipe.com/recipe/6950349,양식,,,2,,
살 빼고 싶지만 면은 포기할 수 없을 땐? 저칼로리 두부면으로 카레볶음면 만들기!,한식,"소고기,파프리카,피망,양파,카레,마늘,후추,소금,올리브유,물",60,쉬움,저녁,"맑음,비,눈,더위,추위","봄,여름,가을,겨울",6950451,https://www.10000recipe.com/recipe/6950451,면/만두,,,2,,
토마토소스 요리 토마토 푸실리 파스타 만드는 법 혼밥 메뉴로 추천합니다.,양식,"마늘,베이컨,방울토마토,블랙올리브,푸실리,소금,후춧가루,파슬리가루,올리브오일,면수또는물",30,쉬움,"점심,저녁","맑음,비,눈,더위,추위","봄,여름,가을,겨울",6951218,https://www.10000recipe.com/recipe/6951218,양식,,,2,,
"[ 두부찌개 ] 시골반찬, 할머니 손맛, 매우 간단하고 맛있는 두부찌개",한식,"두부,양파,들기름,간장,소금,마늘,대파,고춧가루",15,쉬움,"아침,점심,야식","맑음,비,눈,더위,추위","봄,여름,가을,겨울",6951227,https://www.10000recipe.com/recipe/6951227,찌개,,,2,,
라면레시피중 최고!정말 맛있는 투움바라면!,한식,"라면,양파,마늘,새우,버터,우유,체다치즈",10,쉬움,"아침,점심,야식","맑음,비,눈,더위,추위","봄,여름,가을,겨울",6951696,https://www.10000recipe.com/recipe/6951696,면/만두,,,2,,
수미반찬의 홍석천 금세디아~간식 또는 야식 최공!,한식,"냉동만두작은,모짜렐라치즈,또띠아",10,쉬움,"아침,점심,야식","맑음,비,눈,더위,추위","봄,여름,가을,겨울",6952338,https://www.10000recipe.com/recipe/6952338,면/만두,,,2,,
순두부찌개 끓이는법 고기로 단백하게,한식,"순두부,물,양파,대파,돼지고기다짐육,계란,식용유,참기름,고춧가루,설탕,간장,마늘,후추",15,쉬움,"아침,점심,야식","맑음,비,눈,더위,추위","봄,여름,가을,겨울",6952921,https://www.10000recipe.com/recipe/6952921,찌개,,,2,,
동태포로 생선까스 만들기 + 고추장아찌타르타르소스,양식,"동태포,계란,밀가루,빵가루,식용유,소금,후추,마요네즈,양파다진것,고추장아찌다진것,올리고당,레몬즙",60,쉬움,저녁,"맑음,비,눈,더위,추위","봄,여름,가을,겨울",6953357,https://www.10000recipe.com/recipe/6953357,양식,,,2,,
향긋하고 감칠맛 나는 참나물파스타,양식,"파스타면,페퍼론치노,오징어,참나물,올리브유,소금,후추,마늘",15,쉬움,"아침,점심,야식","맑음,비,눈,더위,추위","봄,여름,가을,겨울",6953422,https://www.10000recipe.com/recipe/6953422,양식,,,2,,
스팸 김치찌개 맛있게 끓이는법 (다시다 없이),한식,"김치,양파,대파,스팸작은거,고춧가루,설탕,간장,참기름",20,쉬움,"점심,저녁","맑음,비,눈,더위,추위","봄,여름,가을,겨울",6953713,https://www.10000recipe.com/recipe/6953713,찌개,,,2,,
김치비빔국수 만들기,한식,"소면,신김치,깻잎,당근,양배추,계란,김가루,고추장,간장,식초,갈색설탕,마늘,매실청,참기름,통깨",30,쉬움,"점심,저녁","맑음,비,눈,더위,추위","봄,여름,가을,겨울",6953786,https://www.10000recipe.com/recipe/6953786,면/만두,,,2,,
담백한 감자 계란국,한식,"감자,대파,양파,계란,해물육수팩,청양고추,간장,마늘,굵은소금,후추,홍고추",30,쉬움,"점심,저녁","맑음,비,눈,더위,추위","봄,여름,가을,겨울",6953865,https://www.10000recipe.com/recipe/6953865,국/탕,,,2,,
쉬림프와 미트 타코,양식,"새우껍질깐,간돼지고기,토마토,적양파,고수잎,옥수수콘,상추,버터,아보카도,타코드라이쉘,타코시즈닝,파프리카가루,후추,소금,레몬즙,다진생강혹은생강가루,양파,할라피뇨,발사믹식초,케첩,올리브유",60,쉬움,저녁,"맑음,비,눈,더위,추위","봄,여름,가을,겨울",6953930,https://www.10000recipe.com/recipe/6953930,양식,,,2,,
계란참치밥와플~편식이심한 어린이한테 좋아요,한식,"찬밥,당근,대파,참치캔작은것,계란,소금,올리브유",30,쉬움,"점심,저녁","맑음,비,눈,더위,추위","봄,여름,가을,겨울",6954817,https://www.10000recipe.com/recipe/6954817,밥/죽/떡,,,2,,
구수하고 칼칼한 맛 시금치된장국 끓이는 법,한식,"시금치,무,청양고추,홍고추,대파,다시육수,된장,마늘",60,쉬움,저녁,"맑음,비,눈,더위,추위","봄,여름,가을,겨울",6954904,https://www.10000recipe.com/recipe/6954904,국/탕,,,2,,
"고기집스타일 된장찌개, 차돌박이를 넣어 끓인 차돌된장찌개 레시피!",한식,"차돌박이,물,육수팩,된장,쌈장,감자,양파,청양고추,파,고춧가루,마늘",15,쉬움,"아침,점심,야식","맑음,비,눈,더위,추위","봄,여름,가을,겨울",6955008,https://www.10000recipe.com/recipe/6955008,찌개,,,2,,
"[ 소고기무국 ] 시골밥, 맛있는 집밥, 초간단 레시피",한식,"무,통,소고기국거리,굵은소금,마늘,참기름",30,쉬움,"점심,저녁","맑음,비,눈,더위,추위","봄,여름,가을,겨울",6955376,https://www.10000recipe.com/recipe/6955376,국/탕,,,2,,
얼큰하고 시원한 오징어국♡,한식,"오징어m사이즈,양파,두부,무우,대파,뿌리,간장,소금,마늘,고운고춧가루,후추,매운고춧가루",15,쉬움,"아침,점심,야식","맑음,비,눈,더위,추위","봄,여름,가을,겨울",6955655,https://www.10000recipe.com/recipe/6955655,국/탕,,,2,,
우동 샐러드(feat. 참깨 드레싱) 만들기(다이어트 요리),일식,"우동면,참깨,간장,레몬즙,설탕,소금,샐러드채소,시리얼,슬라이스아몬드",15,쉬움,"아침,점심,야식","맑음,비,눈,더위,추위","봄,여름,가을,겨울",6956313,https://www.10000recipe.com/recipe/6956313,면/만두,,,2,,
닭가슴살미역국! 다이어트할때 미역국먹고싶다면 추천!,한식,"닭가슴살,물,맛술,미역,들기름,간장,액젓,마늘,소금",30,쉬움,"점심,저녁","맑음,비,눈,더위,추위","봄,여름,가을,겨울",6956487,https://www.10000recipe.com/recipe/6956487,국/탕,,,2,,
요린이도 쉽게 소고기 뭇국 맛있게 끓이는 법,한식,"소고기,무,대파,간장,마늘,참기름,후추",30,쉬움,"점심,저녁","맑음,비,눈,더위,추위","봄,여름,가을,겨울",6956556,https://www.10000recipe.com/recipe/6956556,국/탕,,,2,,
두부면 낫또 스파게티,한식,"낫또,간장,참기름,김",5,쉬움,"아침,점심,야식","맑음,비,눈,더위,추위","봄,여름,가을,겨울",6956990,https://www.10000recipe.com/recipe/6956990,면/만두,,,2,,
튀기지 않고 팬에 구운 단짠단짠 닭봉조림,한식,"닭봉,마늘,청양고추,견과류아몬드,땅콩,식용유,미림,소금,후추,간장,맛술,설탕,올리고당,물",30,쉬움,"점심,저녁","맑음,비,눈,더위,추위","봄,여름,가을,겨울",6958393,https://www.10000recipe.com/recipe/6958393,메인반찬,,,2,,
시원하고 풀내음나는 냉파스타,양식,"파스타면,양파,샐러드채소,방울토마토,치즈,올리브유,간장,마늘,설탕,식초,후추,치즈가루,소금,다진양파",30,쉬움,"점심,저녁","맑음,비,눈,더위,추위","봄,여름,가을,겨울",6958394,https://www.10000recipe.com/recipe/6958394,면/만두,,,2,,
먹으면 속이 편해지는 담백한 두부콩나물국 끓이기,한식,"콩나물,두부,대파,물,소고기다시다,마늘,후추",10,쉬움,"아침,점심,야식","맑음,비,눈,더위,추위","봄,여름,가을,겨울",6958501,https://www.10000recipe.com/recipe/6958501,국/탕,,,2,,
[2021 해양수산부 이달의 수산물 3월] 동죽 파스타,양식,"스파게티면,동죽조개,통마늘,페퍼론치노,청양고추,올리브유,화이트와인,소금,후추",60,쉬움,저녁,"맑음,비,눈,더위,추위","봄,여름,가을,겨울",6959142,https://www.10000recipe.com/recipe/6959142,양식,,,2,,
유아국레시피) 계란김치두부국 황금레시피,한식,"계란,김치,두부찌개용,멸치육수,물,마늘,대파,새우젓,간장",30,쉬움,"점심,저녁","맑음,비,눈,더위,추위","봄,여름,가을,겨울",6959447,https://www.10000recipe.com/recipe/6959447,국/탕,,,2,,
홈파티에 제격인 감바스 알 아히요,양식,"마늘,새우,올리브유,페퍼론치노,로즈마리,치즈가루,소금,후추",15,쉬움,"아침,점심,야식","맑음,비,눈,더위,추위","봄,여름,가을,겨울",6959516,https://www.10000recipe.com/recipe/6959516,양식,,,2,,
양배추 북어국 끓이기,한식,"북어,양배추,무,파,고추장,고춧가루,마늘,간장,소금,들기름,후추,다시육수",30,쉬움,"점심,저녁","맑음,비,눈,더위,추위","봄,여름,가을,겨울",6959828,https://www.10000recipe.com/recipe/6959828,국/탕,,,2,,
된장찌개 맛있게 끓이는 법 포슬포슬 감자넣고,한식,"무,두부,청양고추,대파,양파,감자,애호박,다시마,건표고버섯,고춧가루,된장",30,쉬움,"점심,저녁","맑음,비,눈,더위,추위","봄,여름,가을,겨울",6959846,https://www.10000recipe.com/recipe/6959846,찌개,,,2,,
두부 감자 스팸 짜글이..,한식,"두부,감자,스팸,대파,양파,된장,고추장,고춧가루,마늘,참치액,들기름,간장,다시다,후춧가루,물",30,쉬움,"점심,저녁","맑음,비,눈,더위,추위","봄,여름,가을,겨울",6959891,https://www.10000recipe.com/recipe/6959891,찌개,,,2,,
쉽고 간단한 감자 대파국,한식,"감자,대파,청양고추,멸치육수,마늘,참치액,볶은소금,후추",15,쉬움,"아침,점심,야식","맑음,비,눈,더위,추위","봄,여름,가을,겨울",6959892,https://www.10000recipe.com/recipe/6959892,국/탕,,,2,,
감자 짜글이! 짜글이 요린이도 실패없는 대박 맛.,한식,"감자작은것,스팸작은한캔,양파,대파,청양고추,고추장,고춧가루,간장,마늘,후추,설탕",15,쉬움,"아침,점심,야식","맑음,비,눈,더위,추위","봄,여름,가을,겨울",6959917,https://www.10000recipe.com/recipe/6959917,찌개,,,2,,
쉽고 간단한 참치 두부 찌개,한식,"두부,참치캔,청양고추,물,다진대파,다진양파,간장,참치액,참기름,후추,매실청,고춧가루",30,쉬움,"점심,저녁","맑음,비,눈,더위,추위","봄,여름,가을,겨울",6960106,https://www.10000recipe.com/recipe/6960106,찌개,,,2,,
"명란크림파스타? 맛부터 식감까지, 부족한 게 없네",양식,"우유,스파게티면,명란,양파,통마늘,대파,간장,후추,파슬리가루",30,쉬움,"점심,저녁","맑음,비,눈,더위,추위","봄,여름,가을,겨울",6960194,https://www.10000recipe.com/recipe/6960194,면/만두,,,2,,
두부면 팟타이 피쉬소스 없이도 맛있게 만드는 방법!,한식,"닭가슴살,숙주크게,부추,주먹,양파,페퍼론치노,냉동새우살,계란,마늘,식용유,마늘분태또는땅콩분태,면두부,맛술,후추,소금,까나리액젓,식초,간장,올리고당",30,쉬움,"점심,저녁","맑음,비,눈,더위,추위","봄,여름,가을,겨울",6960514,https://www.10000recipe.com/recipe/6960514,면/만두,,,2,,
<집밥백선생> 감자짜글이 만들기~,한식,"감자,양파,햄,물또는육수,대파,청양고추,고추장,된장,고춧가루,설탕,간장,마늘,맛술,소금",30,쉬움,"점심,저녁","맑음,비,눈,더위,추위","봄,여름,가을,겨울",6960950,https://www.10000recipe.com/recipe/6960950,찌개,,,2,,
"스팸 감자 고추장 찌개.(술안주, 밥반찬.)",한식,"스팸,감자큰거,양파중간,애호박,멸치다시마육수,고추장,된장,설탕,고춧가루,맛술,후추,마늘,간장",30,쉬움,"점심,저녁","맑음,비,눈,더위,추위","봄,여름,가을,겨울",6961213,https://www.10000recipe.com/recipe/6961213,찌개,,,2,,
헝가리 소고기 토마토스튜 만들기 : 굴라쉬 레시피,양식,"소고기기름기적은부위,감자,당근,파프리카,양파,샐러리,마늘,홀토마토,토마토페이스트,파프리카파우더,버터,레드와인,치킨스톡,소금,후추,밀가루",90,보통,저녁,"맑음,비,눈,더위,추위","봄,여름,가을,겨울",6963312,https://www.10000recipe.com/recipe/6963312,양식,,,2,,
"간단한 재료로 만든 수제크림소스로 맛있는 새우크림파스타 만드는 법, 레시피 ps. 시판소스 저리가라:-ㅇ",양식,"우유,휘핑크림or생크림,체다치즈,양파,마늘,양송이버섯,소금,후추,파스타면,새우,베이컨or소세지,식용유,파슬리",30,쉬움,"점심,저녁","맑음,비,눈,더위,추위","봄,여름,가을,겨울",6963482,https://www.10000recipe.com/recipe/6963482,양식,,,2,,
최고의 요리비결 들깨버섯미역국,한식,"물,생표고버섯,건미역,들깻가루,간장,들기름,참치액,마늘",30,쉬움,"점심,저녁","맑음,비,눈,더위,추위","봄,여름,가을,겨울",6964014,https://www.10000recipe.com/recipe/6964014,국/탕,,,2,,
100% 맛보장! 닭가슴살 양배추롤 건강한 다이어트 (닭가슴살 삶는법),한식,"양배추,닭가슴살,당근,오이,깻잎,크래미,계란,우유닭이잠길만큼,양파,대파,통마늘",30,쉬움,"점심,저녁","맑음,비,눈,더위,추위","봄,여름,가을,겨울",6964198,https://www.10000recipe.com/recipe/6964198,메인반찬,,,2,,
고소함 UP! 치즈 스크램블에그 황금레시피,양식,"계란,체다치즈,버터,우유,맛술,파마산치즈,소금",15,쉬움,"아침,점심,야식","맑음,비,눈,더위,추위","봄,여름,가을,겨울",6964434,https://www.10000recipe.com/recipe/6964434,양식,,,2,,
돼지고기 고추장찌개 얼큰하고 푸짐한 맛~,한식,"돼지고기앞다리살,감자큰거,양파,둥근호박,청고추,홍고추,파,고추장,마늘,새우젓,고춧가루",30,쉬움,"점심,저녁","맑음,비,눈,더위,추위","봄,여름,가을,겨울",6964566,https://www.10000recipe.com/recipe/6964566,찌개,,,2,,
통인시장보다 맛나는 기름떡볶이♡,한식,"떡볶이떡,식용유,버터,참기름,고춧가루,간장,설탕,물엿,맛술",10,쉬움,"아침,점심,야식","맑음,비,눈,더위,추위","봄,여름,가을,겨울",6965471,https://www.10000recipe.com/recipe/6965471,밥/죽/떡,,,2,,
아침에는 든든한 소고기무국,한식,"소고기,무,대파,들기름,간마늘,간장,참치액,소금",60,쉬움,저녁,"맑음,비,눈,더위,추위","봄,여름,가을,겨울",6965603,https://www.10000recipe.com/recipe/6965603,국/탕,,,2,,
백선 느타리가 들어간 근본 된장찌개,한식,"애호박,양파,감자,백선느타리,청양고추,두부,된장,쌈장,다시다,고춧가루,마늘,대파,물",30,쉬움,"점심,저녁","맑음,비,눈,더위,추위","봄,여름,가을,겨울",6965749,https://www.10000recipe.com/recipe/6965749,찌개,,,2,,
HACCP 새우치즈단호박리조또,양식,"찬밥,새우살,대게살,브로콜리,양파,고구마,단호박,양송이,노랑파프리카,우유,치즈,육수,버터",30,쉬움,"점심,저녁","맑음,비,눈,더위,추위","봄,여름,가을,겨울",6966389,https://www.10000recipe.com/recipe/6966389,양식,,,2,,
순두부와 계란으로 10분도 안걸리는 맛있는 아침식사,한식,"순두부,계란,물,대파,참치액젓,구운소금",10,쉬움,"아침,점심,야식","맑음,비,눈,더위,추위","봄,여름,가을,겨울",6966614,https://www.10000recipe.com/recipe/6966614,찌개,,,2,,
쇠고기배춧국,한식,"배춧잎,소고기국거리,국멸치,다시마,물,대파,마늘,후추,소금",30,쉬움,"점심,저녁","맑음,비,눈,더위,추위","봄,여름,가을,겨울",6966711,https://www.10000recipe.com/recipe/6966711,국/탕,,,2,,
만남의 광장 토마토라면,한식,"라면,물,토마토,양파,대파,청양고추,마늘,계란,고춧가루,식초",10,쉬움,"아침,점심,야식","맑음,비,눈,더위,추위","봄,여름,가을,겨울",6967026,https://www.10000recipe.com/recipe/6967026,면/만두,,,2,,
한그릇요리- 일본식 계란덮밥 텐신항 만들기,한식,"계란,크래미,대파,밥,간장,설탕,식초,맛술,전분물,물",15,쉬움,"아침,점심,야식","맑음,비,눈,더위,추위","봄,여름,가을,겨울",6967206,https://www.10000recipe.com/recipe/6967206,밥/죽/떡,,,2,,
자취생ver. 게살덮밥,한식,"게살,밥,김,간장,참기름,설탕",5,쉬움,"아침,점심,야식","맑음,비,눈,더위,추위","봄,여름,가을,겨울",6967652,https://www.10000recipe.com/recipe/6967652,밥/죽/떡,,,2,,
버섯당근덮밥 | 덮밥 요리 | 버섯요리 | 버섯 | 느타리버섯 | 버섯덮밥 | 당근,한식,"느타리버섯,채썬당근,다진양파,다진대파,계란,포도씨유,들기름,깨,후추,밥,간장",30,쉬움,"점심,저녁","맑음,비,눈,더위,추위","봄,여름,가을,겨울",6967851,https://www.10000recipe.com/recipe/6967851,밥/죽/떡,,,2,,
떡강정 만들기...,한식,"떡볶이떡,카놀라유,케첩,고추장,올리고당,설탕,간장,물",15,쉬움,"아침,점심,야식","맑음,비,눈,더위,추위","봄,여름,가을,겨울",6968442,https://www.10000recipe.com/recipe/6968442,밥/죽/떡,,,2,,
폭신폭신 고소한 건새우 마늘 볶음,한식,"보리새우,호두,마늘,원당또는설탕,간장,미향,물엿,참기름,통깨",10,쉬움,"아침,점심,야식","맑음,비,눈,더위,추위","봄,여름,가을,겨울",6968459,https://www.10000recipe.com/recipe/6968459,,,,2,,
백종원 감자짜글이 언제나 인기만점,한식,"감자,캔햄,쌀뜨물,양파,대파,청양고추,고추장,된장,간장,고춧가루,설탕,맛술,마늘",15,쉬움,"아침,점심,야식","맑음,비,눈,더위,추위","봄,여름,가을,겨울",6968547,https://www.10000recipe.com/recipe/6968547,찌개,,,2,,
"찹스테이크 만들기, 백종원 소스 레시피로 맛있게 만드는법 소고기요리",양식,"소고기등심,파프리카빨강,파프리카노랑,피망초록,양파,새송이버섯,당근,통마늘,식용유,버터,파슬리가루,설탕,간장,케첩,식초,후춧가루",20,쉬움,"점심,저녁","맑음,비,눈,더위,추위","봄,여름,가을,겨울",6968577,https://www.10000recipe.com/recipe/6968577,양식,,,2,,
#데리야끼고등어덮밥#노르웨이고등어,한식,"고등어,대파,양파,마늘,올리고당,후춧가루,간장,맛술,설탕,물",20,쉬움,"점심,저녁","맑음,비,눈,더위,추위","봄,여름,가을,겨울",6968713,https://www.10000recipe.com/recipe/6968713,밥/죽/떡,,,2,,
"간단하게 소고기무국 끓이기(feat.무,파,콩나물)",한식,"소고기,무,잔파,콩나물,마늘,참기름,간장,액젓,소금,후춧가루",60,쉬움,저녁,"맑음,비,눈,더위,추위","봄,여름,가을,겨울",6968836,https://www.10000recipe.com/recipe/6968836,국/탕,,,2,,
사골육수 처럼 뽀얗게 끓이면 눈으로 해장이 되는 황태 해장국~,한식,"황태채,무,들기름,물,새우젓,맛소금,다진대파,후추가루",30,쉬움,"점심,저녁","맑음,비,눈,더위,추위","봄,여름,가을,겨울",6969027,https://www.10000recipe.com/recipe/6969027,국/탕,,,2,,
백종원김치찌개 정석으로 맛있게 끓이는방법,한식,"목살,물,신김치,포기,대파,청양고추,새우젓,간장,고춧가루,간마늘",30,쉬움,"점심,저녁","맑음,비,눈,더위,추위","봄,여름,가을,겨울",6969932,https://www.10000recipe.com/recipe/6969932,찌개,,,2,,
새우 시금치 프리타타 [새우와 시금치 넣어 더 맛있는 이탈리아식 오믈렛! 다이어트에도 좋아요!],양식,"시금치,냉동새우,방울토마토,양파,계란,소금,후추",30,쉬움,"점심,저녁","맑음,비,눈,더위,추위","봄,여름,가을,겨울",6970451,https://www.10000recipe.com/recipe/6970451,양식,,,2,,
"황태감자국, 뽀얀 국물이 매력적인 북엇국, 속 편한 아침국",한식,"황태포,감자,양파,물,두부,대파,계란,마늘,참기름,들기름,간장,참치액,소금,후추",30,쉬움,"점심,저녁","맑음,비,눈,더위,추위","봄,여름,가을,겨울",6970584,https://www.10000recipe.com/recipe/6970584,국/탕,,,2,,
"스팸리조또, 내 입 속으로 당장 삭제!",양식,"우유,스팸,감자,애호박,양파,버터,소금,후추",20,쉬움,"점심,저녁","맑음,비,눈,더위,추위","봄,여름,가을,겨울",6970652,https://www.10000recipe.com/recipe/6970652,양식,,,2,,
한그릇요리- 베이컨(굴소스) 볶음우동 만들기,일식,"우동면,베이컨,계란,파프리카,양파,부추,마늘,간장,올리고당,맛술,후추",15,쉬움,"아침,점심,야식","맑음,비,눈,더위,추위","봄,여름,가을,겨울",6970845,https://www.10000recipe.com/recipe/6970845,면/만두,,,2,,
얼큰 수제비 만들기,한식,"밀가루,애호박,양파,당근,대파,청양고추,다시마,멸치,된장,고추장,고춧가루,간장,소금,마늘,후춧가루",30,쉬움,"점심,저녁","맑음,비,눈,더위,추위","봄,여름,가을,겨울",6971201,https://www.10000recipe.com/recipe/6971201,면/만두,,,2,,
"새우감바스, 간단한 홈파티 음식, 바질페스토만 넣으면 감바스 완성",양식,"냉동새우,마늘,올리브유,페페론치노,바질페스토,맛술,소금,후추",30,쉬움,"점심,저녁","맑음,비,눈,더위,추위","봄,여름,가을,겨울",6971814,https://www.10000recipe.com/recipe/6971814,양식,,,2,,
황금 까르보나라 만들기,양식,"파스타면,우유,베이컨,마늘,계란,올리브유,후춧가루,파마산치즈가루,소금",30,쉬움,"점심,저녁","맑음,비,눈,더위,추위","봄,여름,가을,겨울",6971818,https://www.10000recipe.com/recipe/6971818,양식,,,2,,
"추억의 맛. 떡꼬치.(간식, 브런치로 간단하게 좋은 메뉴.)",한식,"쌀떡,고추장,케첩,물엿,간장,마늘,맛술",15,쉬움,"아침,점심,야식","맑음,비,눈,더위,추위","봄,여름,가을,겨울",6972202,https://www.10000recipe.com/recipe/6972202,밥/죽/떡,,,2,,
쉽고 맛있는 참치두부찌개,한식,"두부,양파,참치,파,고춧가루,간장,설탕,마늘,후추",10,쉬움,"아침,점심,야식","맑음,비,눈,더위,추위","봄,여름,가을,겨울",6972861,https://www.10000recipe.com/recipe/6972861,찌개,,,2,,
밥 한공기 뚝딱 오겹살 감자 양파 찌개,한식,"돼지고기,감자,양파,대파,청양고추,홍고추,맛술,멸치다시마육수,마늘,고춧가루,간장,매실청,들기름,생강가루,후추",30,쉬움,"점심,저녁","맑음,비,눈,더위,추위","봄,여름,가을,겨울",6972991,https://www.10000recipe.com/recipe/6972991,찌개,,,2,,
"저염식 반찬, 담백한 배추된장국 끓이는법",한식,"배추,된장,멸치,다시마육수,들기름,마늘,고춧가루,대파",30,쉬움,"점심,저녁","맑음,비,눈,더위,추위","봄,여름,가을,겨울",6973564,https://www.10000recipe.com/recipe/6973564,국/탕,,,2,,
"황태채맑은콩나물국~유아,어린이국!",한식,"황태채,콩나물,무,대파,다시육수팩,소금,마늘",30,쉬움,"점심,저녁","맑음,비,눈,더위,추위","봄,여름,가을,겨울",6974325,https://www.10000recipe.com/recipe/6974325,국/탕,,,2,,
명란알 찌개.(짭쪼름하고 얼큰한 밥도둑.),한식,"명란,멸치육수,무,대파,청양고추,고춧가루,고추장,멸치액젓,간장,마늘,맛술,후추",30,쉬움,"점심,저녁","맑음,비,눈,더위,추위","봄,여름,가을,겨울",6974469,https://www.10000recipe.com/recipe/6974469,찌개,,,2,,
남은 나물은 비빔밥 대신 칼국수로! 나물비빔칼국수,한식,"모듬나물,상추,김가루,깨소금,고추장,고춧가루,간장,맛술,매실청,설탕,마늘,참기름",20,쉬움,"점심,저녁","맑음,비,눈,더위,추위","봄,여름,가을,겨울",6974596,https://www.10000recipe.com/recipe/6974596,면/만두,,,2,,
소고기 무국 얼큰한 경상도식 무국,한식,"소고기,무,양파,마늘,고춧가루,간장,참기름,참치액젓,대파,물,후추",30,보통,"점심,저녁","맑음,비,눈,더위,추위","봄,여름,가을,겨울",6975119,https://www.10000recipe.com/recipe/6975119,국/탕,,,2,,
"새우 표고 쑥갓전 [새우, 표고버섯 넣어 전으로 즐기면 더 맛있는 쑥갓! 쑥갓의 맛있는 변신!]",한식,"쑥갓,냉동새우,표고버섯,계란,소금,후추",30,쉬움,"점심,저녁","맑음,비,눈,더위,추위","봄,여름,가을,겨울",6975722,https://www.10000recipe.com/recipe/6975722,메인반찬,,,2,,
베이컨 쉬림프 양송이 오일파스타만들기~,양식,"베이컨,새우,양송이버섯,양파,마늘,페페로치노,후추,치킨파우더,소금,올리브오일,물,스파게티면,꽃소금",15,쉬움,"아침,점심,야식","맑음,비,눈,더위,추위","봄,여름,가을,겨울",6975727,https://www.10000recipe.com/recipe/6975727,면/만두,,,2,,
간단한 맥주안주 맥앤치즈 만들기,양식,"마카로니,체다치즈,우유,버터,밀가루,베이컨,양파,피자치즈,소금,후추,파슬리가루",20,쉬움,"점심,저녁","맑음,비,눈,더위,추위","봄,여름,가을,겨울",6975850,https://www.10000recipe.com/recipe/6975850,양식,,,2,,
유청으로 만드는 '리코타치즈' 만들기 간단레시피,양식,"유청,우유,레몬즙,소금",20,쉬움,"점심,저녁","맑음,비,눈,더위,추위","봄,여름,가을,겨울",6976583,https://www.10000recipe.com/recipe/6976583,양식,,,2,,
연어파피요트 프랑스가정식 간단하지만 너무 맛있어요~,양식,"연어,올리브유,화이트와인,소금,후추,레몬즙,양파,방울토마토,양송이버섯,레몬,버터",30,쉬움,"점심,저녁","맑음,비,눈,더위,추위","봄,여름,가을,겨울",6977042,https://www.10000recipe.com/recipe/6977042,양식,,,2,,
스테이크와 함께 곁들여서 먹는 당근 가니쉬(Garnish),양식,"당근,물,소금,설탕,후추,올리브오일",20,쉬움,"점심,저녁","맑음,비,눈,더위,추위","봄,여름,가을,겨울",6977287,https://www.10000recipe.com/recipe/6977287,양식,,,2,,
"""시금치나물""",한식,"시금치,소금,간장,참치액,참기름,마늘,볶은소금,통깨",30,쉬움,"점심,저녁","맑음,비,눈,더위,추위","봄,여름,가을,겨울",6977503,https://www.10000recipe.com/recipe/6977503,,,,2,,
"아기 반찬, 들깨미역국 레시피!",한식,"물,미역,들깨가루,아기간장,참기름",20,쉬움,"점심,저녁","맑음,비,눈,더위,추위","봄,여름,가을,겨울",6977577,https://www.10000recipe.com/recipe/6977577,국/탕,,,2,,
"가지의 놀라운 변신, 가지 스테이크 꼭 만들어 보세요~",양식,"가지,버터,간장,설탕,식초,마늘,청양고추,통깨",30,쉬움,"점심,저녁","맑음,비,눈,더위,추위","봄,여름,가을,겨울",6977742,https://www.10000recipe.com/recipe/6977742,양식,,,2,,
부추달걀볶음밥 만들기,한식,"계란,부추,밥,소금",10,쉬움,"아침,점심,야식","맑음,비,눈,더위,추위","봄,여름,가을,겨울",6977759,https://www.10000recipe.com/recipe/6977759,밥/죽/떡,,,2,,
"뚝딱 국물요리, 들깨무채국",한식,"무,육수,대파,멸치액젓,들깨가루,마늘",15,쉬움,"아침,점심,야식","맑음,비,눈,더위,추위","봄,여름,가을,겨울",6977848,https://www.10000recipe.com/recipe/6977848,국/탕,,,2,,
아이반찬 초스피드반찬 소고기버섯볶음 만드는법 간단반찬레시피,한식,"소고기,새송이버섯또는표고버섯,버터,참기름,통깨",10,쉬움,"아침,점심,야식","맑음,비,눈,더위,추위","봄,여름,가을,겨울",6977998,https://www.10000recipe.com/recipe/6977998,메인반찬,,,2,,
간단 스팸요리! 양념장도 쉽게 스팸 두부조림 만들기,한식,"두부,스팸,양파,팽이버섯,봉지,대파,간장,참치액젓,맛술,마늘,들기름,멸치육수또는쌀뜨물",20,쉬움,"점심,저녁","맑음,비,눈,더위,추위","봄,여름,가을,겨울",6978085,https://www.10000recipe.com/recipe/6978085,찌개,,,2,,
순두부찌개 끓이기/ 쉬운 고추참치 순두부찌개 레시피,한식,"순두부,고추참치,대파,양파,애호박,고추,국간장또는액젓,고춧가루,참기름,마늘,소금,물",20,쉬움,"점심,저녁","맑음,비,눈,더위,추위","봄,여름,가을,겨울",6978303,https://www.10000recipe.com/recipe/6978303,찌개,,,2,,
5분이면 만드는 순두부찌개 (feat.고추참치),한식,"파,식용유,양파,고추참치,고춧가루,물,계란,표고버섯,애호박,멸치액젓,간장,후추,순두부",5,쉬움,"아침,점심,야식","맑음,비,눈,더위,추위","봄,여름,가을,겨울",6978593,https://www.10000recipe.com/recipe/6978593,찌개,,,2,,
같은재료로 두가지맛 즐기기:비빔당면 & 꼬마김밥 만들기,한식,"당면,김,당근,계란,시금치,단무지,소금,참기름,밥,간장,고춧가루,올리고당,설탕,식초,마늘,대파,깨소금",60,쉬움,저녁,"맑음,비,눈,더위,추위","봄,여름,가을,겨울",6978680,https://www.10000recipe.com/recipe/6978680,면/만두,,,2,,
오징어비빔국수 | 오징어 | 비빔국수 | 국수 양념,한식,"오징어,소면,파,부추,홍고추,식용유,깨,참기름,물,간마늘,간장,고춧가루,올리고당,맛술,고추장",60,쉬움,저녁,"맑음,비,눈,더위,추위","봄,여름,가을,겨울",6978687,https://www.10000recipe.com/recipe/6978687,면/만두,,,2,,
김치순두부찌개,한식,"김치,고기,청양고추,애호박,대파,순두부,다진새우젓,마늘,고춧가루,들기름,육수또는물,연두,참기름,소금",30,보통,"점심,저녁","맑음,비,눈,더위,추위","봄,여름,가을,겨울",6978951,https://www.10000recipe.com/recipe/6978951,찌개,,,2,,
소고기폭찹 [소고기와 채소 넣고 만든 큐브스테이크! 집에 있는 재료로 만든 소스로 간편하고 맛있게!],양식,"소고기부채살,양파,대파줄기부분,당근,애호박,빨간파프리카,노란파프리카,마늘,소금,후추,케첩,간장,설탕,깨",30,쉬움,"점심,저녁","맑음,비,눈,더위,추위","봄,여름,가을,겨울",6979080,https://www.10000recipe.com/recipe/6979080,양식,,,2,,
"집에서 누구나 만들 수 있는 볶음밥, 아스파라거스베이컨볶음밥",한식,"아스파라거스,마늘,베이컨,양송이버섯,계란,밥,올리브유,맛술,후추,통깨",20,쉬움,"점심,저녁","맑음,비,눈,더위,추위","봄,여름,가을,겨울",6980095,https://www.10000recipe.com/recipe/6980095,밥/죽/떡,,,2,,
한그릇요리 고소하고담백한 마늘볶음밥 만드는법,한식,"마늘,간장,식용유,버터,밥",10,쉬움,"아침,점심,야식","맑음,비,눈,더위,추위","봄,여름,가을,겨울",6980183,https://www.10000recipe.com/recipe/6980183,밥/죽/떡,,,2,,
오이 냉국.,한식,"오이,홍고추,차가운생수,깨,설탕,식초,소금,마늘,액젓",10,쉬움,"아침,점심,야식","맑음,비,눈,더위,추위","봄,여름,가을,겨울",6980347,https://www.10000recipe.com/recipe/6980347,국/탕,,,2,,
바지락 없는 핵간단 순두부찌개 레시피,한식,"대파,청양고추,멸치육수팩,순두부,돼지고기안심다짐육,근,참기름,물,계란,소금,설탕,간장,고춧가루,마늘",30,쉬움,"점심,저녁","맑음,비,눈,더위,추위","봄,여름,가을,겨울",6980390,https://www.10000recipe.com/recipe/6980390,찌개,,,2,,
시원한~ 콩나물 끓이기,한식,"콩나물,마늘,대파,소금",10,쉬움,"아침,점심,야식","맑음,비,눈,더위,추위","봄,여름,가을,겨울",6980505,https://www.10000recipe.com/recipe/6980505,국/탕,,,2,,
부추계란국 [향긋한 부추향이 가득~ 부드러운 계란국! 속 편한 아침국으로 딱 좋아요!],한식,"멸치육수,계란,부추,양파,간장,꽃소금",30,쉬움,"점심,저녁","맑음,비,눈,더위,추위","봄,여름,가을,겨울",6980870,https://www.10000recipe.com/recipe/6980870,국/탕,,,2,,
표고버섯 된장찌개 [감칠맛 좋은 표고버섯 듬뿍 넣고 만든 된장찌개! 구수하면서도 소박한 찌개요리!],한식,"멸치육수,된장,표고버섯,느타리버섯,양파,대파,두부,마늘",30,쉬움,"점심,저녁","맑음,비,눈,더위,추위","봄,여름,가을,겨울",6980884,https://www.10000recipe.com/recipe/6980884,찌개,,,2,,
오징어 간장조림 간단하지만 맛있다,한식,"오징어,꽈리고추,식용유,물,소주잔,통깨,식초,간장,설탕,올리고당,마늘,참기름,후추",15,쉬움,"아침,점심,야식","맑음,비,눈,더위,추위","봄,여름,가을,겨울",6980900,https://www.10000recipe.com/recipe/6980900,메인반찬,,,2,,
미나리 된장찌개 보글보글 끓여서 저녁드세요~,한식,"멸치육수,미나리,무,양파,된장,간장,설탕,고춧가루,마늘,다진청양고추",10,쉬움,"아침,점심,야식","맑음,비,눈,더위,추위","봄,여름,가을,겨울",6981356,https://www.10000recipe.com/recipe/6981356,찌개,,,2,,
비빔칼국수 매콤달콤 국물 촉촉하게 만들어 보세요.,한식,"냉면육수,고추장,설탕,식초,고춧가루,간장,매실액",15,쉬움,"아침,점심,야식","맑음,비,눈,더위,추위","봄,여름,가을,겨울",6981639,https://www.10000recipe.com/recipe/6981639,면/만두,,,2,,
간장 루꼴라 파스타 간장으로 풍미를 루꼴라로 촉촉한 향기를 더해요.,양식,"파스타면,소금,통마늘,양파,청양고추,베이컨,루꼴라,눈꽃치즈,간장,설탕,참기름",20,쉬움,"점심,저녁","맑음,비,눈,더위,추위","봄,여름,가을,겨울",6981887,https://www.10000recipe.com/recipe/6981887,면/만두,,,2,,
[만개백과] EP. 19 보글보글 소리부터 즐거운 순두부찌개,한식,"순두부,양파,대파,물,간장,고춧가루,마늘,해물믹스,청양고추,계란",30,쉬움,"점심,저녁","맑음,비,눈,더위,추위","봄,여름,가을,겨울",6981954,https://www.10000recipe.com/recipe/6981954,찌개,,,2,,
뭉근하게 끓여낸 소고기 토마토 와인 스튜 ‘굴라쉬’,양식,"한우사태,물,양파,당근,스테비아,후추,허브솔트,레드와인,버터,올리브유,마늘,건바질,건오레가노,치킨스톡,페퍼론치노,바게트빵",60,보통,저녁,"맑음,비,눈,더위,추위","봄,여름,가을,겨울",6982771,https://www.10000recipe.com/recipe/6982771,양식,,,2,,
쪽파계란말이 만들기-딸에게#,한식,"계란,미림,참치액,대파,기름",5,보통,"아침,점심,야식","맑음,비,눈,더위,추위","봄,여름,가을,겨울",6983042,https://www.10000recipe.com/recipe/6983042,,,,2,,
입맛 돋구는 양파덮밥 레시피!,한식,"공기밥,양파,대파,식용유,간장,맛술,설탕,물,계란",30,쉬움,"점심,저녁","맑음,비,눈,더위,추위","봄,여름,가을,겨울",6983150,https://www.10000recipe.com/recipe/6983150,밥/죽/떡,,,2,,
[TV요리] 어남선생의 돼된찌,한식,"돼지앞다리살,대파,양파,애호박,무,두부,소금,된장,마늘,설탕,액젓,간장,고춧가루,물,식용유",60,쉬움,저녁,"맑음,비,눈,더위,추위","봄,여름,가을,겨울",6983394,https://www.10000recipe.com/recipe/6983394,찌개,,,2,,
"감바스에 풍덩 빠진 라면, 감바스라면",한식,"새우,올리브오일,마늘,페페론치노,라면,소금,후추,파슬리가루",30,쉬움,"점심,저녁","맑음,비,눈,더위,추위","봄,여름,가을,겨울",6983814,https://www.10000recipe.com/recipe/6983814,면/만두,,,2,,
"입맛 없는 여름에 간편하게 한끼, 깻잎묵은지메밀국수",한식,"메밀면,묵은지,깻잎,김가루,통깨,간장,마늘,매실액,들기름",15,쉬움,"아침,점심,야식","맑음,비,눈,더위,추위","봄,여름,가을,겨울",6983917,https://www.10000recipe.com/recipe/6983917,면/만두,,,2,,
스팸두부찌개 짜글이처럼 만들어 밥 한 공기 뚝딱,한식,"햄통조림,두부,감자,양파,대파,멸치육수,고추장,고춧가루,간장,참치액,설탕,들기름,맛술,마늘",30,쉬움,"점심,저녁","맑음,비,눈,더위,추위","봄,여름,가을,겨울",6984015,https://www.10000recipe.com/recipe/6984015,찌개,,,2,,
무더위 타파! 우동면이 쫄깃한 비빔우동 만들기,일식,"우동면,얇게썬양파,구운계란또는삶은계란,깻잎,설탕,식초,간장,멸치액젓,고추장,참기름,물,깨",10,쉬움,"아침,점심,야식","맑음,비,눈,더위,추위","봄,여름,가을,겨울",6984485,https://www.10000recipe.com/recipe/6984485,면/만두,,,2,,
순두부찌개 햄치즈순두부찌개,한식,"순두부,스팸,비엔나소시지또는베이컨,양파,생수,청양고추,대파,체다치즈,고추장,고춧가루,간장,다시다,마늘,설탕,후추",15,쉬움,"아침,점심,야식","맑음,비,눈,더위,추위","봄,여름,가을,겨울",6984867,https://www.10000recipe.com/recipe/6984867,찌개,,,2,,
할머니가 끓여주던 김치찌개,한식,"돼지고기앞다리살찌개용,김치,포기,김치국물,된장,고추장,대파,양파,물,두부,설탕",20,쉬움,"점심,저녁","맑음,비,눈,더위,추위","봄,여름,가을,겨울",6984879,https://www.10000recipe.com/recipe/6984879,찌개,,,2,,
간단하고 쉽게 소고기무국 뚝딱 끓이는 법,한식,"무,소고기,마늘,소금,간장,파,물",30,쉬움,"점심,저녁","맑음,비,눈,더위,추위","봄,여름,가을,겨울",6985239,https://www.10000recipe.com/recipe/6985239,국/탕,,,2,,
새우카레 [감칠맛 좋은 새우와 싱싱한 토마토 넣고 만든 카레요리!],한식,"새우,토마토,양파,당근,애호박,감자,고형카레,물",30,쉬움,"점심,저녁","맑음,비,눈,더위,추위","봄,여름,가을,겨울",6985440,https://www.10000recipe.com/recipe/6985440,메인반찬,,,2,,
물만두로 매콤 달콤한 만두 강정 만들기,한식,"물만두,고추장,케찹,물엿,마늘",20,쉬움,"점심,저녁","맑음,비,눈,더위,추위","봄,여름,가을,겨울",6985756,https://www.10000recipe.com/recipe/6985756,면/만두,,,2,,
[유아식]새우청경채덮밥 만들기,한식,"청경채,새우,마늘,대파,육수또는물,전분물,현미유,아기간장,참기름",30,쉬움,"점심,저녁","맑음,비,눈,더위,추위","봄,여름,가을,겨울",6986125,https://www.10000recipe.com/recipe/6986125,메인반찬,,,2,,
아직도 못 먹어봤다면 들어오세요 '쿠지라이식 라면' 레시피,한식,"라면,계란,물,참기름",5,쉬움,"아침,점심,야식","맑음,비,눈,더위,추위","봄,여름,가을,겨울",6986405,https://www.10000recipe.com/recipe/6986405,면/만두,,,2,,
상추 쌈밥 두부로 만드는 다이어트요리,한식,"상추,두부,훈제닭가슴살,파프리카,데친시금치,소금,참기름,후추",15,쉬움,"아침,점심,야식","맑음,비,눈,더위,추위","봄,여름,가을,겨울",6986461,https://www.10000recipe.com/recipe/6986461,밥/죽/떡,,,2,,
새우향 가득 꿀조합 건새우부추전 바삭하게 만들기!,한식,"부추,건새우,부침가루,물,참치액",20,쉬움,"점심,저녁","맑음,비,눈,더위,추위","봄,여름,가을,겨울",6986879,https://www.10000recipe.com/recipe/6986879,메인반찬,,,2,,
오트밀죽 오트밀미역새우죽 만드는법,한식,"오트밀,미역,칵테일새우,들기름,물,마늘,어간장",30,쉬움,"점심,저녁","맑음,비,눈,더위,추위","봄,여름,가을,겨울",6987671,https://www.10000recipe.com/recipe/6987671,밥/죽/떡,,,2,,
돼지등갈비로 바비큐립 만드는 법(BBQ Ribs),양식,"돼지등갈비,머스터드,소금,후추,타임,로즈메리,토마토케첩,꿀,갈색설탕,마늘,식초,레몬즙",120,보통,저녁,"맑음,비,눈,더위,추위","봄,여름,가을,겨울",6989771,https://www.10000recipe.com/recipe/6989771,양식,,,2,,
[만개백과] EP. 38 닭가슴살로 만드는 닭죽,한식,"밥,닭가슴살,당근,부추,대파,소금,후추,참기름,깨소금,맛술,물,통마늘",30,쉬움,"점심,저녁","맑음,비,눈,더위,추위","봄,여름,가을,겨울",6990117,https://www.10000recipe.com/recipe/6990117,밥/죽/떡,,,2,,
차돌박이 된장찌개 맛있게 끊이는 방법(고깃집 된장찌개 레시피),한식,"차돌박이,애호박,대파,두부,청양고추,감자,양파,쌀뜨물,된장,고추장,마늘,고춧가루,설탕",20,쉬움,"점심,저녁","맑음,비,눈,더위,추위","봄,여름,가을,겨울",6990351,https://www.10000recipe.com/recipe/6990351,찌개,,,2,,
고추참치짜글이 레시피,한식,"감자,양파,애호박,고추참치,고추장,고춧가루,간장,설탕,마늘",15,쉬움,"아침,점심,야식","맑음,비,눈,더위,추위","봄,여름,가을,겨울",6990373,https://www.10000recipe.com/recipe/6990373,찌개,,,2,,
"유아식 초간단 ""대왕""동그랑땡 만들기!!",한식,"돼지고기,양파,대파,두부,계란,아기소금,밀가루,미림",30,쉬움,"점심,저녁","맑음,비,눈,더위,추위","봄,여름,가을,겨울",6990525,https://www.10000recipe.com/recipe/6990525,메인반찬,,,2,,
온가족이 푸짐하게 즐기는 콩나물불고기,한식,"돼지고기앞다리살,콩나물,당근,대파,양파,깻잎,간장,맛술,마늘,생강,설탕,고추장,깨",30,쉬움,"점심,저녁","맑음,비,눈,더위,추위","봄,여름,가을,겨울",6990671,https://www.10000recipe.com/recipe/6990671,메인반찬,,,2,,
"야채는 거들뿐, 비빔만두",한식,"만두,양배추,양파,오이,당근,깻잎,통깨,고추장,고춧가루,매실액,간장,올리고당,식초,참기름",30,쉬움,"점심,저녁","맑음,비,눈,더위,추위","봄,여름,가을,겨울",6990705,https://www.10000recipe.com/recipe/6990705,면/만두,,,2,,
매콤함이 매력적인 통마늘닭가슴살강정,한식,"닭가슴살,통마늘,전분,물,마늘,청주,소금,후추,간장,고추장,케찹,물엿,청양고추,참깨",30,쉬움,"점심,저녁","맑음,비,눈,더위,추위","봄,여름,가을,겨울",6990879,https://www.10000recipe.com/recipe/6990879,메인반찬,,,2,,
백종원 홍합탕만드는법 손질 아침저녁 시원한 해장국 11월 제철국물요리,한식,"홍합,소주,소금,청양고추,마늘,대파,물",15,쉬움,"아침,점심,야식","맑음,비,눈,더위,추위","봄,여름,가을,겨울",6991017,https://www.10000recipe.com/recipe/6991017,국/탕,,,2,,
근대된장국,한식,"근대,느타리버섯,대파,홍고추,청고추,마늘,된장,고추장,고춧가루,쌀뜨물,다시육수팩,표고버섯기둥",60,쉬움,저녁,"맑음,비,눈,더위,추위","봄,여름,가을,겨울",6991338,https://www.10000recipe.com/recipe/6991338,국/탕,,,2,,
[식약처] 황태두부무국,한식,"황태,두부,함초,무,청고추,홍고추,대파,흰후추,어간장,대파뿌리",60,보통,저녁,"맑음,비,눈,더위,추위","봄,여름,가을,겨울",6992500,https://www.10000recipe.com/recipe/6992500,국/탕,,,2,,
입맛 돋우는 간단한 반찬 미역초무침,한식,"미역,양파,고추장,고춧가루,설탕,식초,간장,마늘,참기름,깨",10,쉬움,"아침,점심,야식","맑음,비,눈,더위,추위","봄,여름,가을,겨울",6992530,https://www.10000recipe.com/recipe/6992530,,,,2,,
칠리새우덮밥 레시피,한식,"칵테일새우,파프리카,양파,마늘,대파,고춧가루,설탕,미림,식초,간장,케찹,물엿,후추",20,쉬움,"점심,저녁","맑음,비,눈,더위,추위","봄,여름,가을,겨울",6992883,https://www.10000recipe.com/recipe/6992883,밥/죽/떡,,,2,,
도시락메뉴 어묵요리 매콤어묵김밥 꼬마김밥/빨간 어묵조림,한식,"김밥김,얇은사각어묵,밥,소금,참기름,깨소금,간장,물,고추장,식초,고춧가루,황설탕,맛술,물엿,후추",20,쉬움,"점심,저녁","맑음,비,눈,더위,추위","봄,여름,가을,겨울",6993071,https://www.10000recipe.com/recipe/6993071,밥/죽/떡,,,2,,
"컵누들 투움바파스타, 무겁지 않아요",양식,"컵누들면,컵누들스프,우유,마늘,양파,양송이버섯,베이컨,슬라이스치즈,올리브오일",15,쉬움,"아침,점심,야식","맑음,비,눈,더위,추위","봄,여름,가을,겨울",6993231,https://www.10000recipe.com/recipe/6993231,면/만두,,,2,,
매콤해서 계속 들어가는 칠리치즈후라이,양식,"감자튀김,체다치즈,우유,사워크림,슈레드치즈,파슬리가루,간장,맛술,설탕,후추,소고기다짐육,양파,할라피뇨,버터,마늘",30,쉬움,"점심,저녁","맑음,비,눈,더위,추위","봄,여름,가을,겨울",6993786,https://www.10000recipe.com/recipe/6993786,양식,,,2,,
고추장찌개 만드는 법 매번 성공하는 레시피!,한식,"돼지고기찌개용,둥근호박,감자,양파,표고버섯,멸치육수,고추장,된장,간장",15,쉬움,"아침,점심,야식","맑음,비,눈,더위,추위","봄,여름,가을,겨울",6993877,https://www.10000recipe.com/recipe/6993877,찌개,,,2,,
[TV요리] 간단하지만 맛은 간단하지 않은 편스토랑 이찬원 쌈장닭갈비 & 부추무침,한식,"닭다리살,우유,양파,깻잎,식용유,된장,고추장,마늘,맛술,꿀,참기름,후추,부추,멸치액젓,설탕,고춧가루,통깨",60,쉬움,저녁,"맑음,비,눈,더위,추위","봄,여름,가을,겨울",6994169,https://www.10000recipe.com/recipe/6994169,메인반찬,,,2,,
다이어트식: 도토리묵 국 만드는 법 도토리 요리 도토리묵 감자국,한식,"도토리묵,감자,표고버섯,청양고추,다시육수,마늘,간장,참치액젓,대파썬것",20,쉬움,"점심,저녁","맑음,비,눈,더위,추위","봄,여름,가을,겨울",6994639,https://www.10000recipe.com/recipe/6994639,국/탕,,,2,,
영양소 듬뿍 <가지베이컨말이> : 건강한 식재료 가지의 변신은 무죄,한식,"가지,베이컨,맛술,대파,깨소금",30,쉬움,"점심,저녁","맑음,비,눈,더위,추위","봄,여름,가을,겨울",6995253,https://www.10000recipe.com/recipe/6995253,메인반찬,,,2,,
[유아식]닭고기 덮밥 오야꼬동 레시피,한식,"닭다리살,양파,대파,계란,밥,다시마물,간장,맛술,올리고당,현미유또는식용유",60,쉬움,저녁,"맑음,비,눈,더위,추위","봄,여름,가을,겨울",6995358,https://www.10000recipe.com/recipe/6995358,밥/죽/떡,,,2,,
"시원한 바지락 칼국수 만드는법, 겨울철 황금레시피!",한식,"바지락,당근,애호박,다시육수팩,대파,청양고추,소금,간장",60,보통,저녁,"맑음,비,눈,더위,추위","봄,여름,가을,겨울",6995407,https://www.10000recipe.com/recipe/6995407,면/만두,,,2,,
총각김치 볶음밥 레시피 알타리 볶음밥,한식,"밥,총각김치,계란,들기름,식용유,올리고당,간장,통깨",15,쉬움,"아침,점심,야식","맑음,비,눈,더위,추위","봄,여름,가을,겨울",6996016,https://www.10000recipe.com/recipe/6996016,밥/죽/떡,,,2,,
"아는맛이 무섭지.칼칼한 두부찌개,너무나 쉬운 레시피",한식,"두부,양파,무,대파,고춧가루,고추장,간장,마늘,설탕,새우젓,생수",30,쉬움,"점심,저녁","맑음,비,눈,더위,추위","봄,여름,가을,겨울",6996745,https://www.10000recipe.com/recipe/6996745,찌개,,,2,,
봄나물 파스타 향긋한 새우 달래 파스타 만드는 법,양식,"파스타면,달래,새우,통마늘,올리브유,페페론치노,소금,후추,파슬리,면수",30,쉬움,"점심,저녁","맑음,비,눈,더위,추위","봄,여름,가을,겨울",6997791,https://www.10000recipe.com/recipe/6997791,면/만두,,,2,,
"[삼겹살데이] 맛있는 삼겹살 더 맛있게 먹는 방법, 쌈장삼겹조림",한식,"삼겹살,청양고추,홍고추,대파,참기름,통깨,물,쌈장,간장,맛술,물엿,마늘,후추,생강,식초,설탕,계량컵",30,쉬움,"점심,저녁","맑음,비,눈,더위,추위","봄,여름,가을,겨울",6997925,https://www.10000recipe.com/recipe/6997925,메인반찬,,,2,,
새우우동볶음 / 간단한 데리야끼 우동볶음 만드는법,일식,"냉동새우,우동면,파,양파,식용유,간장,올리고당,깨,물,조리용나이프,면기",15,쉬움,"아침,점심,야식","맑음,비,눈,더위,추위","봄,여름,가을,겨울",6998403,https://www.10000recipe.com/recipe/6998403,면/만두,,,2,,
닭가슴살 쌈장 만드는 법 상추 쌈밥 도시락,한식,"밥,상추,참기름,통깨,소금,식용유,닭가슴살,고추장,된장,물,청주,마늘,올리고당,후춧가루,위생장갑",15,쉬움,"아침,점심,야식","맑음,비,눈,더위,추위","봄,여름,가을,겨울",6998798,https://www.10000recipe.com/recipe/6998798,밥/죽/떡,,,2,,
홍콩식 해장 방법? 토마토라면!,한식,"진라면,물,토마토,양파,대파,청양고추,마늘,식초,후추,계량컵",10,쉬움,"아침,점심,야식","맑음,비,눈,더위,추위","봄,여름,가을,겨울",6998852,https://www.10000recipe.com/recipe/6998852,면/만두,,,2,,
남은 순두부를 쉽고! 맛있게,한식,"순두부,물,대파,청양고추,고춧가루,간장,설탕,참기름,참치액,마늘,식초,통깨",10,쉬움,"아침,점심,야식","맑음,비,눈,더위,추위","봄,여름,가을,겨울",6999723,https://www.10000recipe.com/recipe/6999723,국/탕,,,2,,
간단하지만 있어보여! 초간단 맛보장 콩나물불고기 레시피,한식,"대패삼겹살,콩나물,양파,버섯,대파,기타채소,고추장,고춧가루,간장,설탕,마늘,맛술",10,쉬움,"아침,점심,야식","맑음,비,눈,더위,추위","봄,여름,가을,겨울",7000187,https://www.10000recipe.com/recipe/7000187,메인반찬,,,2,,
맵찔이들도 소스까지 싹싹 비워먹는 불닭크림우동,일식,"우동면,팝콘치킨,양송이버섯,양파,마늘,설탕,생크림,식용유,파슬리가루",15,쉬움,"아침,점심,야식","맑음,비,눈,더위,추위","봄,여름,가을,겨울",7000792,https://www.10000recipe.com/recipe/7000792,면/만두,,,2,,
찬원 빨간잡채 편스토랑 레시피 콩나물 매운잡채,한식,"당면,콩나물,양파,대파,당근,표고버섯,식용유,물,고추장,고춧가루,설탕,간장,참치액젓,마늘,들기름,후춧가루,참기름,통깨",60,보통,저녁,"맑음,비,눈,더위,추위","봄,여름,가을,겨울",7001003,https://www.10000recipe.com/recipe/7001003,면/만두,,,2,,
삼겹살김치찌개~기사식당 뺨친단다!,한식,"돼지삼겹살,묵은김치,포기,대파,청양고추,고춧가루,마늘,생강술,다시다,후추가루,설탕,소금,쌀뜨물",60,쉬움,저녁,"맑음,비,눈,더위,추위","봄,여름,가을,겨울",7001004,https://www.10000recipe.com/recipe/7001004,찌개,,,2,,
어렵지 않아! 에어프라이어로 만드는 바베큐폭립 레시피!,양식,"한돈등갈비,케찹,설탕,월계수잎,통후추,통마늘,에어프라이어",60,쉬움,저녁,"맑음,비,눈,더위,추위","봄,여름,가을,겨울",7001293,https://www.10000recipe.com/recipe/7001293,양식,,,2,,
두부볶음 만들기 두부로 이렇게 맛있는 음식이 가능?,한식,"두부,고추장,마늘,간장,올리고당,참기름,깨소금,주방나이프",30,쉬움,"점심,저녁","맑음,비,눈,더위,추위","봄,여름,가을,겨울",7001408,https://www.10000recipe.com/recipe/7001408,메인반찬,,,2,,
칼칼한 국물이 생각날 땐 경상도식 소고기 무국,한식,"소고기,콩나물,두부,대파,마늘,청양고추,간장,미향,소금,물,다시다,고운고춧가루,굵은고춧가루",30,쉬움,"점심,저녁","맑음,비,눈,더위,추위","봄,여름,가을,겨울",7001535,https://www.10000recipe.com/recipe/7001535,국/탕,,,2,,
고소하고 짭짤한 초간단 명란버터우동,일식,"우동면,명란젓,대파,버터,계란,김가루,쯔유,휴대용가스버너,면기",10,쉬움,"아침,점심,야식","맑음,비,눈,더위,추위","봄,여름,가을,겨울",7002301,https://www.10000recipe.com/recipe/7002301,면/만두,고소함,미분류,2,,
돼지김치짜글이 레시피,한식,"돼지고기뒷다리살,양파,대파,청양고추,김치,고춧가루,간장,설탕,마늘,후추",20,쉬움,"점심,저녁","맑음,비,눈,더위,추위","봄,여름,가을,겨울",7002504,https://www.10000recipe.com/recipe/7002504,찌개,,,2,,
(어린이날 특집!) 영양만점 부리또만들기,양식,"토르티야,스위트콘,피클또는할라피뇨페퍼,양파또는양파장아찌,파프리카,버섯,소고기다짐육,소금,후추,토마토또는방울토마토,레몬즙,상추또는샐러드,모차렐라치즈,뒤집개",15,쉬움,"아침,점심,야식","맑음,비,눈,더위,추위","봄,여름,가을,겨울",7002582,https://www.10000recipe.com/recipe/7002582,양식,,,2,,
미더덕 맑은 콩나물국 / 다이어트에 좋은 국!,한식,"멸치육수,콩나물,미더덕,대파,계란,새우젓,마늘",30,쉬움,"점심,저녁","맑음,비,눈,더위,추위","봄,여름,가을,겨울",7003320,https://www.10000recipe.com/recipe/7003320,국/탕,,,2,,
스팸감자찌개 스팸짜글이 만드는 법,한식,"스팸g,감자,콩나물,두부,양파,대파,물,마늘,고춧가루,간장,올리고당,후추",30,쉬움,"점심,저녁","맑음,비,눈,더위,추위","봄,여름,가을,겨울",7003569,https://www.10000recipe.com/recipe/7003569,찌개,,,2,,
[참치쌈장] 입맛없을때 밥도둑이요!,한식,"참치,양파,청양고추,기름,물,된장,고추장,고춧가루,마늘,올리고당,매실엑기스,참기름,깨",15,쉬움,"아침,점심,야식","맑음,비,눈,더위,추위","봄,여름,가을,겨울",7004229,https://www.10000recipe.com/recipe/7004229,,,,2,,
사골곰탕 김치 만두국,한식,"김치만두,사골육수,파,조미김,나무수저세트",10,쉬움,"아침,점심,야식","맑음,비,눈,더위,추위","봄,여름,가을,겨울",7004331,https://www.10000recipe.com/recipe/7004331,국/탕,,,2,,
고소한 다이어트 요리 병아리콩 스프 수프 만들기,양식,"삶은병아리콩,양파,우유,파마산치즈,체다치즈,버터,소금,지퍼팩,핸드블랜더",30,쉬움,"점심,저녁","맑음,비,눈,더위,추위","봄,여름,가을,겨울",7004349,https://www.10000recipe.com/recipe/7004349,양식,,,2,,
촉촉한 일본식 크래미덮밥,한식,"크래미,대파,계란,물,설탕,맛술,간장,식초,밥,전분",20,쉬움,"점심,저녁","맑음,비,눈,더위,추위","봄,여름,가을,겨울",7004394,https://www.10000recipe.com/recipe/7004394,밥/죽/떡,,,2,,
멕시코 초간단 토마토 살사 요리 피코데가요 만들기,양식,"토마토,양파,오이고추,청양고추,마늘,올리브오일,라임즙,소금",15,쉬움,"아침,점심,야식","맑음,비,눈,더위,추위","봄,여름,가을,겨울",7005092,https://www.10000recipe.com/recipe/7005092,양식,,,2,,
10분 완성 맛있는 소고기 미역국,한식,"불린미역,소고기,소금,마늘,간장,올리브유,물",15,쉬움,"아침,점심,야식","맑음,비,눈,더위,추위","봄,여름,가을,겨울",7005125,https://www.10000recipe.com/recipe/7005125,국/탕,,,2,,
두부면 명란 파스타,양식,"두부면,명란,냉동새우,마늘,베이컨,페페론치노,파슬리,후추,치즈분말,대파,올리브오일",15,쉬움,"아침,점심,야식","맑음,비,눈,더위,추위","봄,여름,가을,겨울",7006126,https://www.10000recipe.com/recipe/7006126,,,,2,,
건강한 맛 루꼴라피자 만드는 법,양식,"또띠아,루꼴라,피자치즈,하몽,에어프라이어,식힘틀",15,쉬움,"아침,점심,야식","맑음,비,눈,더위,추위","봄,여름,가을,겨울",7006355,https://www.10000recipe.com/recipe/7006355,양식,,,2,,
황태 미역국 끓이기 보양식 같은 아침국으로 좋아요.,양식,"미역,황태,마늘,된장,간장,소금,참기름,대접",30,쉬움,"점심,저녁","맑음,비,눈,더위,추위","봄,여름,가을,겨울",7007156,https://www.10000recipe.com/recipe/7007156,국/탕,,,2,,
더운 여름 별미 미역 오이 냉국,한식,"미역,오이,간장,마늘,메이플시럽,소금,매실청,생수,식초,얼음,깨,조리용나이프",15,쉬움,"아침,점심,야식","맑음,비,눈,더위,추위","봄,여름,가을,겨울",7007537,https://www.10000recipe.com/recipe/7007537,국/탕,,,2,,
감자계란국 끓이는 법 속 편한 맑은 감자국,한식,"감자,양파,계란,대파,청양고추,국물용멸치,다시마cm,물,간장,마늘,액젓,후추,참기름,조리용나이프,대접",30,쉬움,"점심,저녁","맑음,비,눈,더위,추위","봄,여름,가을,겨울",7007864,https://www.10000recipe.com/recipe/7007864,국/탕,,,2,,
알리오올리오 파스타 레시피,양식,"파스타,마늘,냉동새우,페페론치노,올리브유,면수,소금,후추,조리용나이프",15,쉬움,"아침,점심,야식","맑음,비,눈,더위,추위","봄,여름,가을,겨울",7008308,https://www.10000recipe.com/recipe/7008308,면/만두,,,2,,
간단 아점 새우 볶음밥..,한식,"햇반,대파,계란,감자,당근,양파,냉동새우,참기름,통깨,조리용나이프",20,쉬움,"점심,저녁","맑음,비,눈,더위,추위","봄,여름,가을,겨울",7008942,https://www.10000recipe.com/recipe/7008942,밥/죽/떡,,,2,,
단호박 에그슬럿 만드는 법 단호박 전자레인지 오븐 에어프라이어 단호박 에그슬럿 레시피 단호박 치즈구이 영양간식 단호,양식,"미니단호박,슬라이스햄,계란,모짜렐라치즈,후추,파슬리가루생략가능,조리용나이프,종이호일",20,쉬움,"점심,저녁","맑음,비,눈,더위,추위","봄,여름,가을,겨울",7009153,https://www.10000recipe.com/recipe/7009153,양식,,,2,,
꽃게된장찌개 ) 제철꽃게 된장찌개 꽃게탕,한식,"꽃게,다시팩,코인육수,무,양파,청량고추,대파,호박,물,된장,고춧가루,마늘,조리용나이프,뚝배기",30,쉬움,"점심,저녁","맑음,비,눈,더위,추위","봄,여름,가을,겨울",7009953,https://www.10000recipe.com/recipe/7009953,찌개,,,2,,
남도식 소고기 무국 끓이기,한식,"소고기양지살,무우,대파,마늘,참치액젓,소금,조리용나이프,대접",30,쉬움,"점심,저녁","맑음,비,눈,더위,추위","봄,여름,가을,겨울",7010705,https://www.10000recipe.com/recipe/7010705,국/탕,,,2,,
삼각김밥 만들기 참치마요 주먹밥 구운 주먹밥 야끼 오니기리,한식,"참치캔g,밥,베이컨,양파,마요네즈,김밥김,쯔유,후추,깨소금,참기름,체망,조리용나이프,뒤집개",30,쉬움,"점심,저녁","맑음,비,눈,더위,추위","봄,여름,가을,겨울",7011945,https://www.10000recipe.com/recipe/7011945,밥/죽/떡,,,2,,
"알토란, 이홍운의 단짠의 끝판왕 가지덮밥",한식,"밥,가지,대파,통깨,식용유,간장,토마토케첩,물,올리고당,조리용나이프,찜기",60,쉬움,저녁,"맑음,비,눈,더위,추위","봄,여름,가을,겨울",7011977,https://www.10000recipe.com/recipe/7011977,밥/죽/떡,,,2,,
촉촉함이 살아있는 백종원 스크램블에그(스크럼블) 만들기,양식,"계란,우유,소금,설탕,버터,실리콘주걱",15,쉬움,"아침,점심,야식","맑음,비,눈,더위,추위","봄,여름,가을,겨울",7011997,https://www.10000recipe.com/recipe/7011997,양식,,,2,,
가을무 콩나물 황태해장국!,한식,"가을무,콩나물,황태채,청양고추,대파,소금,생강술,조리용나이프,대접",30,쉬움,"점심,저녁","맑음,비,눈,더위,추위","봄,여름,가을,겨울",7012378,https://www.10000recipe.com/recipe/7012378,국/탕,,,2,,
초간단 유아식레시피 참치간장비빔국수,한식,"참치,간장,올리고당,참기름",10,쉬움,"아침,점심,야식","맑음,비,눈,더위,추위","봄,여름,가을,겨울",7012749,https://www.10000recipe.com/recipe/7012749,면/만두,,,2,,
순살 닭갈비 구이,한식,"닭다리살,소금,후추,고추장,간장,설탕,매실액,올리고당,고춧가루,청주,조리용나이프,키친타올",60,쉬움,저녁,"맑음,비,눈,더위,추위","봄,여름,가을,겨울",7013169,https://www.10000recipe.com/recipe/7013169,메인반찬,,,2,,
"[만만셰] 꽁치로 만드는 뜨끈한 추어탕, 꽁치시래기추어탕 by.승혜의야미로그",한식,"꽁치통조림,꽁치통조림국물,시래기삶은거,물,부추,들깨가루,송송썬청양고추,대파,된장,고추장,마늘,참치액,고춧가루,후추,조리용나이프,뚝배기",30,쉬움,"점심,저녁","맑음,비,눈,더위,추위","봄,여름,가을,겨울",7013634,https://www.10000recipe.com/recipe/7013634,국/탕,,,2,,
표고버섯 계란국,한식,"말린표고버섯,계란,생수,멸치액젓,대파,소금,조리용나이프,대접",5,쉬움,"아침,점심,야식","맑음,비,눈,더위,추위","봄,여름,가을,겨울",7013696,https://www.10000recipe.com/recipe/7013696,국/탕,,,2,,
돼지고기김치찌개 레시피 목살요리 김치요리,한식,"김치,돼지고기,두부,대파,식용유,맛술,후추,마늘,설탕,고춧가루,간장,멸치액젓,코인육수,조리용나이프,대접",30,쉬움,"점심,저녁","맑음,비,눈,더위,추위","봄,여름,가을,겨울",7014045,https://www.10000recipe.com/recipe/7014045,찌개,,,2,,
다진돼지고기 두부면볶음,한식,"두부면,돼지고기다짐육,양파,파,계란,깨,식용유,간장,설탕,후추,고춧가루,참기름,웍,조리용나이프,주걱,미니절구",15,쉬움,"아침,점심,야식","맑음,비,눈,더위,추위","봄,여름,가을,겨울",7014377,https://www.10000recipe.com/recipe/7014377,면/만두,,,2,,
[공모전] 뜨끈한 국물요리 소고기미역국,한식,"소고기국거리용,미역,참기름,소금,간장,대접",30,쉬움,"점심,저녁","맑음,비,눈,더위,추위","봄,여름,가을,겨울",7014762,https://www.10000recipe.com/recipe/7014762,국/탕,짭짤함,미분류,2,,
쌀쌀한날 뜨끈한 비엔나김치찌개 끓이는법 간단 햄김치치개,한식,"소세지,신김치,김치국물,고춧가루,참기름,멸치육수,참치액,조리용나이프,대접",30,쉬움,"점심,저녁","맑음,비,눈,더위,추위","봄,여름,가을,겨울",7015114,https://www.10000recipe.com/recipe/7015114,찌개,,,2,,
라따뚜이 만들기 토마토소스요리 홈파티메뉴 레시피,양식,"토마토작은것,쥬키니호박,가지,올리브오일,소금,후추,치즈,허브,토마토,자투리채소,다진양파,버터,마늘,물,치킨스톡,허브가루,조리용나이프,원형그라탕기",30,쉬움,"점심,저녁","맑음,비,눈,더위,추위","봄,여름,가을,겨울",7015244,https://www.10000recipe.com/recipe/7015244,양식,,,2,,
남은 부추 활용법! 영양만점 닭가슴살 부추비빔밥 레시피!,한식,"밥,부추,닭가슴살,계란,식용유,참기름,통깨,고추장,올리고당,마늘,스텐트레이,조리용나이프,뒤집개,밥공기",30,쉬움,"점심,저녁","맑음,비,눈,더위,추위","봄,여름,가을,겨울",7016177,https://www.10000recipe.com/recipe/7016177,밥/죽/떡,,,2,,
#새우 브로콜리볶음 #크리스마스음식 만들어놓으면 순십간에 사라지는 요리,양식,"새우,브로콜리,마늘,생강,전분,물,소금,설탕,참기름,후추,이쑤시개,조리용나이프,키친타올",10,쉬움,"아침,점심,야식","맑음,비,눈,추위",겨울,7016404,https://www.10000recipe.com/recipe/7016404,양식,짭짤함,겨울,2,,
콩나물어묵찜 나만 알고 싶었던 양념비법 'O가루'를 꼭 넣어보세요 ‼️,한식,"콩나물,어묵,대파,양파,청양고추,마늘,설탕,고춧가루,맛술,물엿,고추장,전분물,후추,참치액젓,간장,참기름,콩가루,조리용나이프",15,쉬움,"아침,점심,야식","맑음,비,눈,더위,추위","봄,여름,가을,겨울",7016564,https://www.10000recipe.com/recipe/7016564,메인반찬,,,2,,
이연복 다이어트 연두부 만들기 연두부 계란탕 만들기,한식,"연두부,크래미,계란,물,녹말가루,다진대파,고추기름,설탕,소금,조리용나이프",15,쉬움,"아침,점심,야식","맑음,비,눈,더위,추위","봄,여름,가을,겨울",7017073,https://www.10000recipe.com/recipe/7017073,국/탕,,,2,,
우삼겹크림파스타 크림파스타 우삼겹크림스파게티,양식,"우삼겹,우유,생크림,스파게티면,마늘,후추,소금,치킨스톡,조리주걱,체망",30,쉬움,"점심,저녁","맑음,비,눈,더위,추위","봄,여름,가을,겨울",7017106,https://www.10000recipe.com/recipe/7017106,양식,,,2,,
편스토랑 류수영 평생 김치찌개 레시피 국물요리 돼지고기김치찌개 feat. 돼지고기 앞다리살 새우젓 김칫국물,한식,"김치g,포기,돼지고기앞다리살,김칫국물,양파,대파,두부,마늘,새우젓,간장,고춧가루,굵은소금,식초,조리용나이프,대접",60,쉬움,저녁,"맑음,비,눈,더위,추위","봄,여름,가을,겨울",7017291,https://www.10000recipe.com/recipe/7017291,찌개,,,2,,
어묵볶음밥 만들기,한식,"사각어묵,슬라이스햄,계란,대파,양파,애호박,당근,밥공기,식용유,간장,후추,통깨,조리용나이프",20,쉬움,"점심,저녁","맑음,비,눈,더위,추위","봄,여름,가을,겨울",7018734,https://www.10000recipe.com/recipe/7018734,밥/죽/떡,,,2,,
"크래미에 깻잎을 말아 구운 향긋한 전요리, 크래미깻잎전",한식,"크래미,깻잎,계란,부침가루,소금,식용유,조리용나이프,위생장갑",15,쉬움,"아침,점심,야식","맑음,비,눈,더위,추위","봄,여름,가을,겨울",7018922,https://www.10000recipe.com/recipe/7018922,,,,2,,
녹진하고 고소한 [들깨미역국],한식,"건미역,들기름,마늘,간장,액젓,고운들깨가루,대야,소쿠리,대접",30,쉬움,"점심,저녁","맑음,비,눈,더위,추위","봄,여름,가을,겨울",7018977,https://www.10000recipe.com/recipe/7018977,국/탕,,,2,,
[만만셰] 부드러우면서 풍미가 가득한 오렌지소스 닭다리조림 by. 몽마망,양식,"닭다리살,로즈마리,레몬,올리브유,소금,후추,버터,오렌지주스,오렌지과육,설탕,간장,조리용나이프,종이호일",60,쉬움,저녁,"맑음,비,눈,더위,추위","봄,여름,가을,겨울",7018980,https://www.10000recipe.com/recipe/7018980,양식,,,2,,
김치우동 만들기 투다리 김치우동 레시피 칼칼한 김치어묵우동,일식,"우동사리,멸치육수,신김치,사각어묵,김치국물,멸치액젓,고춧가루,간장,마늘,대파,후추,조리용나이프,면기",30,쉬움,"점심,저녁","맑음,비,눈,더위,추위","봄,여름,가을,겨울",7019082,https://www.10000recipe.com/recipe/7019082,국/탕,,,2,,
간단하게 끓여도 깊은 맛 내는 소고기두부찌개,한식,"두부,소고기,팽이버섯,양파,대파,물,미림,후추,새우젓,마늘,참치액젓,간장,고춧가루,조리용나이프",30,쉬움,"점심,저녁","맑음,비,눈,더위,추위","봄,여름,가을,겨울",7020039,https://www.10000recipe.com/recipe/7020039,국/탕,,,2,,
투다리 김치우동 김치 어묵우동 만들기,일식,"사각어묵,우동사리,신김치,표고버섯,대파,청양고추,홍고추,설탕,참기름,물,김치국물,쯔유,멸치액젓,마늘,고춧가루,조리용나이프",30,쉬움,"점심,저녁","맑음,비,눈,더위,추위","봄,여름,가을,겨울",7020282,https://www.10000recipe.com/recipe/7020282,국/탕,,,2,,
[만만셰] 아이들 간식으로도! 다이어터들에게도 추천! 닭가슴살 야채롤 by.샤인밀스,양식,"닭가슴살,노랑파프리카,빨강파프리카,시금치,모짜렐라치즈,소금,후추,올리브유,우유,간장,설탕,맛술,물,전분,위생장갑,밧드,조리용나이프,종이호일",60,보통,저녁,"맑음,비,눈,더위,추위","봄,여름,가을,겨울",7020508,https://www.10000recipe.com/recipe/7020508,양식,,,2,,
양배추 비빔밥,한식,"양배추,참치,조미김,계란후라이,고춧가루,식초,스테비아설탕,마늘,소금,조리용나이프,뒤집개",5,쉬움,"아침,점심,야식","맑음,비,눈,더위,추위","봄,여름,가을,겨울",7020523,https://www.10000recipe.com/recipe/7020523,밥/죽/떡,,,2,,
시금치요리 간단 아침국 시금치계란국 시금치달걀국 시금치국 꿀팁!,한식,"시금치,멸치육수,계란,대파,두부,맛술,간장,멸치액젓,소금,후추,조리용나이프,스텐트레이,대접",15,쉬움,"아침,점심,야식","맑음,비,눈,더위,추위","봄,여름,가을,겨울",7020614,https://www.10000recipe.com/recipe/7020614,국/탕,,,2,,
김국 만들기 계란김국 아기국 초간단 아침국,한식,"멸치육수,곱창김,계란,연두,액젓,굵은소금,다진대파,후추,계량컵,조리용나이프,대접",30,쉬움,"점심,저녁","맑음,비,눈,더위,추위","봄,여름,가을,겨울",7022533,https://www.10000recipe.com/recipe/7022533,국/탕,,,2,,
명란으로 감칠맛 더한 다이어트 한 끼! 명란오이비빔밥,한식,"명란,오이,밥,공기,계란,두부,간장,들기름,조리용나이프,면기",10,쉬움,"아침,점심,야식","맑음,비,눈,더위,추위","봄,여름,가을,겨울",7022766,https://www.10000recipe.com/recipe/7022766,밥/죽/떡,,,2,,
"향긋한 취나물 간단하게 쌈장으로 무쳐도 맛있어요, 취나물쌈장무침",한식,"취나물,통깨,소금,대파,쌈장,마늘,다진대파,설탕,참치액젓,들기름,조리용나이프,조리용집게,니트릴장갑,찬기",15,쉬움,"아침,점심,야식","맑음,비,눈,더위,추위","봄,여름,가을,겨울",7023640,https://www.10000recipe.com/recipe/7023640,,,,2,,
짬뽕이 울고 갈만한 고추장찌개 레시피,중식,"돼지고기찌개용,애호박,감자,대파흰대,양파,마늘큰사이즈,청양고추,진간장큰술,설탕큰술,소금작은술,소주청주큰술,조리용나이프",30,쉬움,"점심,저녁","맑음,비,눈,더위,추위","봄,여름,가을,겨울",7023764,https://www.10000recipe.com/recipe/7023764,찌개,,,2,,
콩나물무국 (담백하고 해장에 좋은 아침국),한식,"콩나물,무,대파,청양고추,코인육수,물,참치액,마늘,새우젓건더기만,조리용나이프,대접",20,쉬움,"점심,저녁","맑음,비,눈,더위,추위","봄,여름,가을,겨울",7024640,https://www.10000recipe.com/recipe/7024640,국/탕,,,2,,
소고기 미역국 끓이는법,한식,"소고기,건미역,참기름,쌀뜨물,간장,참치액,마늘,소금,키친타올,대접",30,쉬움,"점심,저녁","맑음,비,눈,더위,추위","봄,여름,가을,겨울",7026752,https://www.10000recipe.com/recipe/7026752,국/탕,,,2,,
속편한 아침 순두부달걀국 끓이기,한식,"순두부,계란,대파,물,치킨스톡,간장,맛소금,조리용나이프,면기",20,쉬움,"점심,저녁","맑음,비,눈,더위,추위","봄,여름,가을,겨울",7027713,https://www.10000recipe.com/recipe/7027713,국/탕,,,2,,
입맛 없는 여름에 딱 좋은 한 끼! 오이고추 비빔밥,한식,"오이고추,참치작은캔,김가루,통깨,된장,들기름,마늘,매실청,식초",5,쉬움,"아침,점심,야식","맑음,비,눈,더위,추위","봄,여름,가을,겨울",7027794,https://www.10000recipe.com/recipe/7027794,밥/죽/떡,,,2,,
훈제오리의 감칠맛 가득담은 오일파스타,양식,"파스타면,훈제오리,시금치,페페론치노,올리브오일,소금,마늘,간장,참치액젓,설탕,파마산치즈,조리용나이프",30,쉬움,"점심,저녁","맑음,비,눈,더위,추위","봄,여름,가을,겨울",7028555,https://www.10000recipe.com/recipe/7028555,양식,,,2,,
매운 어묵볶음 어묵 요리 맛있게 만들기,한식,"어묵,대파,마늘,알룰로스,물,고춧가루,간장,조리용나이프,조리주걱",10,쉬움,"아침,점심,야식","맑음,비,눈,더위,추위","봄,여름,가을,겨울",7030095,https://www.10000recipe.com/recipe/7030095,,,,2,,
[만만셰] 여름철 입맛을 돋우는 오이비빔국수 by.홍실,한식,"오이,소금,국수,삶은달걀,고추장,식초,설탕,매실액또는아로니아원액,참기름,통깨,종지",20,쉬움,"점심,저녁","맑음,비,눈,더위,추위","봄,여름,가을,겨울",7030707,https://www.10000recipe.com/recipe/7030707,면/만두,,,2,,
간단한 별미음식 간장비빔국수 만드는법/ 간장국수레시피,한식,"소면,대파,청양고추총총썰은거,마늘,간장,설탕,매실청or설탕올리고당,고춧가루,갈은깨,참기름또는들기름,식초,조리용나이프,니트릴장갑,체,면기",10,쉬움,"아침,점심,야식","맑음,비,눈,더위,추위","봄,여름,가을,겨울",7030859,https://www.10000recipe.com/recipe/7030859,면/만두,,,2,,
팬 하나로 만드는 원팬 명란파스타 레시피,양식,"간마늘,명란,페페론치노,멸치액젓,버터,깻잎없어도됨,올리브오일,파스타면,조리용나이프,면기",20,쉬움,"점심,저녁","맑음,비,눈,더위,추위","봄,여름,가을,겨울",7030874,https://www.10000recipe.com/recipe/7030874,양식,,,2,,
순두부덮밥 7분이면 완성하는 초간단 한그릇요리 ‼️,한식,"순두부,대파,계란,설탕,식초,간장,물,참기름,올리고당,조리용나이프,면기",10,쉬움,"아침,점심,야식","맑음,비,눈,더위,추위","봄,여름,가을,겨울",7031093,https://www.10000recipe.com/recipe/7031093,밥/죽/떡,,,2,,
쟁반막국수..,한식,"메밀면,양파,상추,오이,양배추,조미김,고춧가루,설탕,식초,간장,물,마늘,고추장듬뿍,연겨자도토리크기만큼,통깨듬뿍,조리용나이프",15,쉬움,"아침,점심,야식","맑음,비,눈,더위,추위","봄,여름,가을,겨울",7031591,https://www.10000recipe.com/recipe/7031591,면/만두,,,2,,
스팸 무수비:도시락 메뉴,한식,"스팸,계란,김,물,간장,설탕,조리용나이프,뒤집개,도시락",30,쉬움,"점심,저녁","맑음,비,눈,더위,추위","봄,여름,가을,겨울",7032092,https://www.10000recipe.com/recipe/7032092,밥/죽/떡,,,2,,
술마신 다음날 해장으로 북어국,한식,"북어포,무우,양파,청양고추,마늘,들기름,간장,참치액젓,소금,생강,후추가루,조리용나이프,대접",30,쉬움,"점심,저녁","맑음,비,눈,더위,추위","봄,여름,가을,겨울",7032771,https://www.10000recipe.com/recipe/7032771,국/탕,,,2,,
맑은 콩나물국 끓이는법/ 간단 콩나물국 레시피,한식,"콩나물,대파,홍고추g,마늘,까나리액젓,참치액,동전육수,물,조리용나이프",20,쉬움,"점심,저녁","맑음,비,눈,더위,추위","봄,여름,가을,겨울",7033699,https://www.10000recipe.com/recipe/7033699,국/탕,짭짤함,미분류,2,,
양배추 오믈렛/다이어트 식단,양식,"채썬양배추,계란,소금,후추,모짜렐라치즈,조리용나이프,뒤집개",15,쉬움,"아침,점심,야식","맑음,더위",여름,7035406,https://www.10000recipe.com/recipe/7035406,양식,짭짤함,여름,2,,
언니네 산지직송 염정아 애호박 간장국수 레시피,한식,"소면,애호박,대파,청양고추,마늘,김가루,간장,설탕,참치액,레몬즙,참기름,통깨,조리용나이프,위생장갑,바트,면기",30,쉬움,"점심,저녁","맑음,비,눈,더위,추위","봄,여름,가을,겨울",7035545,https://www.10000recipe.com/recipe/7035545,면/만두,,,2,,
쑥갓 해물볶음밥 만드는 법,한식,"새우,오징어,양파,쑥갓,양배추잎,밥,계란,식용유,이쑤시개,조리용나이프,조리주걱",30,쉬움,"점심,저녁","맑음,비,눈,더위,추위","봄,여름,가을,겨울",7035836,https://www.10000recipe.com/recipe/7035836,밥/죽/떡,,,2,,
백종원 오삼불고기 만드는 법 오징어삼겹살볶음 밥반찬 술안주 손님초대요리 feat. 오징어 삼겹살,한식,"손질오징어,삼겹살g,양파,통마늘,대파,청양고추,홍고추생략가능,맛술,간장,고춧가루,황설탕,마늘,고추장,참기름,통깨,조리용나이프",20,쉬움,"점심,저녁","맑음,비,눈,더위,추위","봄,여름,가을,겨울",7035901,https://www.10000recipe.com/recipe/7035901,메인반찬,,,2,,
불닭볶음면 오믈렛,한식,"불닭볶음면,계란,치즈,소시지,식용유,뒤집개",10,쉬움,"아침,점심,야식","맑음,비,눈,더위,추위","봄,여름,가을,겨울",7036022,https://www.10000recipe.com/recipe/7036022,면/만두,,,2,,
식감좋은 팽이버섯 계란전,한식,"팽이버섯,부침가루,청양고추,계란,소금,올리브오일,쪽파녹색부분,간장,메이플시럽,레몬즙,식초,깨,조리용나이프,뒤집개,종지",20,쉬움,"점심,저녁","맑음,비,눈,더위,추위","봄,여름,가을,겨울",7036177,https://www.10000recipe.com/recipe/7036177,메인반찬,,,2,,
치킨스톡 새우볶음면 만드는법 칵테일새우요리 파스타면 볶음면 올리브오일 후추 새우볶음면 치킨스톡 치킨스톡새우볶음면레시,양식,"파스타면g사용,물,칵테일새우,치킨스톡,면수,올리브유,후추,채망",15,쉬움,"아침,점심,야식","맑음,비,눈,더위,추위","봄,여름,가을,겨울",7036574,https://www.10000recipe.com/recipe/7036574,면/만두,미분류,미분류,2,,
김자반 넣어 비빔면 만들어 보세요.,한식,"라면사리,김자반g,간장,참치액,설탕,마늘,니트릴장갑,면기",10,쉬움,"아침,점심,야식","맑음,비,눈,더위,추위","봄,여름,가을,겨울",7036662,https://www.10000recipe.com/recipe/7036662,면/만두,,,2,,
류수영 어묵국수 만들기 참치액으로 끝!,한식,"사각어묵,대파,소면,물,참치액,후추,조리용나이프,면기",20,쉬움,"점심,저녁","맑음,비,눈,더위,추위","봄,여름,가을,겨울",7036790,https://www.10000recipe.com/recipe/7036790,면/만두,,,2,,
국물이 넉넉한 닭볶음탕,한식,"닭,감자,양파,대파,간장,고춧가루,맛술,참치액,마늘,고추장,후추,조리용나이프",30,보통,"점심,저녁","맑음,비,눈,더위,추위","봄,여름,가을,겨울",7037149,https://www.10000recipe.com/recipe/7037149,국/탕,,,2,,
흑백요리사 두부요리 이모카세 고추장 두부찌개 레시피,한식,"두부g,청양고추,대파흰부분cm,대파초록부분cm고명용,물,후추,고춧가루크게,고추장크게,마늘,참치액,국간장or소금간추가,조리용나이프",20,쉬움,"점심,저녁","맑음,비,눈,더위,추위","봄,여름,가을,겨울",7038927,https://www.10000recipe.com/recipe/7038927,찌개,매콤함,미분류,2,,
달걀 맑은 하얀 순두부국,한식,"멸치육수,순두부,계란,마늘,새우젓,파,청양고추,들기름,깨,조리용나이프",20,쉬움,"점심,저녁","맑음,비,눈,더위,추위","봄,여름,가을,겨울",7039806,https://www.10000recipe.com/recipe/7039806,국/탕,,,2,,
건새우 시금치된장국 레시피 시금치 두부 된장국 끓이는법,한식,"시금치손질후,건새우,두부,대파,마늘,된장,쌈장,간장,까나리액젓,쌀뜨물,코인육수,홍고추고명용,과도,조리용나이프,채망,대접",15,쉬움,"아침,점심,야식","맑음,비,눈,더위,추위","봄,여름,가을,겨울",7040411,https://www.10000recipe.com/recipe/7040411,국/탕,짭짤함,미분류,2,,
[매콤감자조림] 간단하고 매콤한 감자 요리 레시피 | 신혼밥상,한식,"감자큰거,양파,파,고춧가루,마늘,올리고당,간장,맛술,들기름,고추장,참치액젓,물,조리용나이프,웍",30,쉬움,"점심,저녁","맑음,비,눈,더위,추위","봄,여름,가을,겨울",7040553,https://www.10000recipe.com/recipe/7040553,메인반찬,,,2,,
"3개의 재료로 뚝딱 만드는 한끼, 고추참치 파스타",양식,"고추참치,마요네즈또는올리브오일,푸실리파스타,히말라얀소금,후추가루",10,쉬움,"아침,점심,야식","맑음,비,눈,더위,추위","봄,여름,가을,겨울",7043343,https://www.10000recipe.com/recipe/7043343,면/만두,미분류,미분류,2,,
두부스팸짜글이 저녁반찬 고민 해결,한식,"스팸,두부,양파,대파,간장,고춧가루,마늘,코인육수,김치김치국물,삼겹살없어도됨,조리용나이프",30,쉬움,"점심,저녁","맑음,비,눈,더위,추위","봄,여름,가을,겨울",7043494,https://www.10000recipe.com/recipe/7043494,찌개,,,2,,
브로콜리 두부 무침 맛있게 만드는 법,한식,"브로콜리,두부,소금,마늘,간장,참치액,참기름,깨,채망,면보",30,쉬움,"점심,저녁","맑음,비,눈,더위,추위","봄,여름,가을,겨울",7043912,https://www.10000recipe.com/recipe/7043912,,,,2,,
"참치 요리, 참치달걀국 참치계란국 레시피",한식,"육수,대파,참치캔,계란,간장,마늘,미림,소금,후추,조리용나이프,계량컵,거품기",30,쉬움,"점심,저녁","맑음,비,눈,더위,추위","봄,여름,가을,겨울",7044382,https://www.10000recipe.com/recipe/7044382,국/탕,,,2,,
<다이어트 건강식>초간단 참치 비빔밥,한식,"참치캔,상추,파로밥파로,볶음고추장,참기름,계란,면기",5,쉬움,"아침,점심,야식","맑음,비,눈,더위,추위","봄,여름,가을,겨울",7045621,https://www.10000recipe.com/recipe/7045621,밥/죽/떡,,,2,,
냉동꽃게 된장찌개,한식,"두부,애호박,양파,무,꽃게다리,대파,고추,된장,고춧가루,마늘,조리용나이프",5,쉬움,"아침,점심,야식","맑음,비,눈,더위,추위","봄,여름,가을,겨울",7046257,https://www.10000recipe.com/recipe/7046257,찌개,,,2,,
된장미역국,한식,"불린미역,무작은사이즈cm조각,된장,참치액,간장,마늘,대파,물,조리용나이프",20,쉬움,"점심,저녁","맑음,비,눈,더위,추위","봄,여름,가을,겨울",7047119,https://www.10000recipe.com/recipe/7047119,국/탕,,,2,,
문어구이 감자 문어버터구이 문어숙회 요리,양식,"자숙문어다리g정도,감자,마늘,버터,올리브오일,소금,파프리카가루or레드페퍼,파슬리가루,통후추,조리용나이프,포크",30,쉬움,"점심,저녁","맑음,비,눈,더위,추위","봄,여름,가을,겨울",7047394,https://www.10000recipe.com/recipe/7047394,양식,,,2,,
<다이어트 건강식>초간단 마늘 오일 파스타,양식,"파스타,마늘,청양고추,올리브오일엑스트라버진,소금,웍,조리용나이프,조리주걱",15,쉬움,"아침,점심,야식","맑음,비,눈,더위,추위","봄,여름,가을,겨울",7047718,https://www.10000recipe.com/recipe/7047718,양식,,,2,,
초간단 비빔국수,한식,"소면,계란,오이,양파,고추장,간장,설탕,고춧가루,마늘,참기름,조리용나이프",20,쉬움,"점심,저녁","맑음,더위",여름,7048338,https://www.10000recipe.com/recipe/7048338,면/만두,매콤함,여름,2,,
삼겹살 싸 먹기 좋은 봄동 겉절이,한식,"봄동,멸치액젓,간장,고춧가루,설탕,매실청,식초,마늘,참기름,통깨,위생장갑",15,쉬움,"아침,점심,야식","맑음,비,눈,더위,추위","봄,여름,가을,겨울",7048782,https://www.10000recipe.com/recipe/7048782,,,,2,,
두부참치찌개 초간단 밥도둑 콩나물두부국 만드는 법,한식,"콩나물,봉지,두부,참치,대파,고춧가루,설탕,간장,액젓,마늘,코인육수,물,조리용나이프,계량컵",60,쉬움,저녁,"맑음,비,눈,더위,추위","봄,여름,가을,겨울",7052101,https://www.10000recipe.com/recipe/7052101,국/탕,,,2,,
저렴하게 반찬 뚝딱!! 감자조림 만들기,한식,"감자대,양파,간장,올리고당,물,페퍼론치노,조리용나이프",60,쉬움,저녁,"맑음,비,눈,더위,추위","봄,여름,가을,겨울",7053273,https://www.10000recipe.com/recipe/7053273,,,,2,,
우삼겹 솥밥 레시피 / 스타우브 꼬꼬떼 4인분 솥밥 하는 법,한식,"백미,물,우삼겹,대파,참기름,간장,마늘,알룰로스,후추,노른자,통깨,조리용나이프,계량컵,키친타올",30,쉬움,"점심,저녁","맑음,비,눈,더위,추위","봄,여름,가을,겨울",7053282,https://www.10000recipe.com/recipe/7053282,밥/죽/떡,,,2,,
소고기유부초밥,일식,"소고기다짐육,밥,유부,대파,통깨,간장,설탕,참기름,맛술,마늘,후추,니트릴장갑,키친타올,조리용나이프,조리주걱",20,쉬움,"점심,저녁","맑음,비,눈,더위,추위","봄,여름,가을,겨울",7053709,https://www.10000recipe.com/recipe/7053709,밥/죽/떡,,,2,,
신김치요리 류수영 참간초 파스타 레시피 / 재료 / 냉파스타 만들기,양식,"파스타면,소금삶을때,신김치,파프리카,양파,오이,참기름,간장,식초,설탕,통깨,고춧가루,물,조리용나이프",30,쉬움,"점심,저녁","맑음,비,눈,더위,추위","봄,여름,가을,겨울",7053883,https://www.10000recipe.com/recipe/7053883,면/만두,,,2,,
"맛내기 쉬운 일품요리""고추잡채""",한식,"돼지고기잡채용,피망혹은파프리카,청양고추,양파,마늘,식용유,고추기름,간장,후추,감자전분,조리용나이프",30,보통,"점심,저녁","맑음,비,눈,더위,추위","봄,여름,가을,겨울",7054761,https://www.10000recipe.com/recipe/7054761,메인반찬,,,2,,
레몬들기름오이국수,한식,"소면,오이,마늘,참치액,식초,레몬즙,매실청,들기름,들깻가루,깨소금,소금,꿀,간장,조리용나이프,야채짤순이,면기",30,쉬움,"점심,저녁","맑음,더위",여름,7055913,https://www.10000recipe.com/recipe/7055913,면/만두,짭짤함,여름,2,,
"단돈 1,000원으로!! 간장계란덮밥 달걀규동 맛있게 만들기",한식,"계란,참기름,통깨,대파,간장,청주,물,설탕,마늘,조리용나이프",10,쉬움,"아침,점심,야식","맑음,비,눈,더위,추위","봄,여름,가을,겨울",7056068,https://www.10000recipe.com/recipe/7056068,밥/죽/떡,,,2,,
카레크림파스타 | 카레 향이 나는 느끼하지 않은 크림 스파게티,양식,"파스타면,양파,마늘,카레가루,우유,올리브유,새우,후추,조리용나이프",30,쉬움,"점심,저녁","맑음,비,눈,추위",겨울,7057107,https://www.10000recipe.com/recipe/7057107,면/만두,담백함,겨울,2,,
탱글 쫀득! 낙지볶음 레시피,한식,"냉동낙지,양파,대파,청양고추,팽이버섯,고춧가루,베트남고춧가루,마늘,간장,맛술,물엿,설탕,후추,식용유,조리용나이프,집게",30,쉬움,"점심,저녁","맑음,비,눈,더위,추위","봄,여름,가을,겨울",7058539,https://www.10000recipe.com/recipe/7058539,메인반찬,,,2,,
한그릇 뚝딱! 든든한 해장계란탕,한식,"계란,당면,대파,청양고추,마늘,굵은고춧가루,물,참치액,간장",15,쉬움,"아침,점심,야식","맑음,비,눈,더위,추위","봄,여름,가을,겨울",7064360,https://www.10000recipe.com/recipe/7064360,국/탕,,,2,,
한끼 식사로 너무 맛있는 베이컨볶음밥,한식,"베이컨,공기밥,대파,계란,간장",30,쉬움,"점심,저녁","맑음,더위",여름,7065112,https://www.10000recipe.com/recipe/7065112,밥/죽/떡,짭짤함,여름,2,,
김장철 남은 묵은지로 만든 묵은지말이밥 반찬도 필요없는 간단한끼,한식,"묵은지,오이,참치g,간장,참기름,맛술,알룰로스,마늘,들깨가루",15,쉬움,"아침,점심,야식","맑음,비,눈,더위,추위","봄,여름,가을,겨울",7066453,https://www.10000recipe.com/recipe/7066453,밥/죽/떡,,,2,,
187.두부계란찜(2025.11.24),한식,"두부찌개용,계란,소금,후추,양파,대파,청양고추,생수,간장,매실청,후춧가루,참치액,참기름,마늘",30,쉬움,"점심,저녁","맑음,비,눈,더위,추위","봄,여름,가을,겨울",7066843,https://www.10000recipe.com/recipe/7066843,메인반찬,,,2,,
195.새송이버섯전(2025.12.4),한식,"새송이버섯,계란,미림,참치액,대파,소금,밀가루,식용유",30,쉬움,"점심,저녁","맑음,비,눈,더위,추위","봄,여름,가을,겨울",7067589,https://www.10000recipe.com/recipe/7067589,메인반찬,,,2,,
치즈 계란말이 # 달걀말이,한식,"계란,치즈",10,쉬움,"아침,점심,야식","맑음,비,눈,더위,추위","봄,여름,가을,겨울",7067988,https://www.10000recipe.com/recipe/7067988,메인반찬,,,2,,
아직도 부침가루 넣어요? 느타리버섯 전은 계란이면 충분합니다,한식,"느타리버섯,당근,대파,계란,식용유,소금,후추",20,쉬움,"점심,저녁","맑음,비,눈,더위,추위","봄,여름,가을,겨울",7069741,https://www.10000recipe.com/recipe/7069741,메인반찬,,,2,,
초간단 미역된장국 끓이기,한식,"건미역,두부,된장,코인육수,고춧가루,물",15,쉬움,"아침,점심,야식","맑음,비,눈,더위,추위","봄,여름,가을,겨울",7070322,https://www.10000recipe.com/recipe/7070322,국/탕,매콤함,미분류,2,,
잔멸치볶음 레시피｜고소한 견과류 멸치볶음 양념 만들기,한식,"잔멸치지리멸치,슬라이스아몬드,홍고추선택,청양고추선택,간장,설탕,맛술,마늘,올리고당,식용유,참기름,통깨",15,쉬움,"아침,점심,야식","맑음,비,눈,더위,추위","봄,여름,가을,겨울",7070350,https://www.10000recipe.com/recipe/7070350,,,,2,,
파프리카 겉절이 레시피 식감 살아 있는 파프리카 김치 만들기 반찬 요리,한식,"파프리카,대파,고춧가루,설탕,액젓,올리브유,마늘",30,쉬움,"점심,저녁","맑음,비,눈,더위,추위","봄,여름,가을,겨울",7070463,https://www.10000recipe.com/recipe/7070463,,,,2,,
우삼겹 감자탕 만드는 법 감자탕 양념 레시피,한식,"우삼겹,감자,깻잎,대파,홍고추,사골국물,고춧가루,된장,간장,마늘,들깨가루,분말육수",30,쉬움,"점심,저녁","맑음,비,눈,더위,추위","봄,여름,가을,겨울",7071594,https://www.10000recipe.com/recipe/7071594,국/탕,,,2,,
마늘아몬드조림 레시피,한식,"마늘,아몬드,통깨,식용유,물,물엿,간장",20,쉬움,"점심,저녁","맑음,비,눈,더위,추위","봄,여름,가을,겨울",7071744,https://www.10000recipe.com/recipe/7071744,,,,2,,
참치 무조림 만들기 간단 밥반찬 참치무조림 레시피 참치 통조림 요리,한식,"무,참치캔,대파,풋고추,홍고추,물,고춧가루,참치액,간장,꿀,마늘,후추,참기름",20,쉬움,"점심,저녁","맑음,비,눈,더위,추위","봄,여름,가을,겨울",7072351,https://www.10000recipe.com/recipe/7072351,메인반찬,,,2,,
봄동비빔밥 말고 새콤달콤 입맛 돋우는 봄동비빔면!!,한식,"봄동,비빔면,차돌박이g,양파,고춧가루,마늘,설탕,멸치액젓,매실청,식초,참기름,깨",5,쉬움,"아침,점심,야식","맑음,비,눈,더위,추위","봄,여름,가을,겨울",7072558,https://www.10000recipe.com/recipe/7072558,메인반찬,,,2,,
집에서도 쉽게 만드는 순두부찌개 레시피,한식,"돼지다짐육,고춧가루,대파,간장,참치액젓,물,계란,고추,후추",15,쉬움,"아침,점심,야식","맑음,비,눈,더위,추위","봄,여름,가을,겨울",7073145,https://www.10000recipe.com/recipe/7073145,찌개,,,2,,
맑은 닭곰탕 만들기/국물요리/닭고기요리,한식,"닭,무순,대파,물,소금기호에맞게,후춧가루기호에맞게,마늘",90,보통,저녁,"맑음,비,눈,더위,추위","봄,여름,가을,겨울",7073179,https://www.10000recipe.com/recipe/7073179,국/탕,,,2,,
칼칼한 오징어무국 맛있게 끓이는 법,한식,"손질오징어,무,대파,물,고춧가루,간장,마늘,코인육수멸치,소금,후추",15,쉬움,"아침,점심,야식","맑음,비,눈,더위,추위","봄,여름,가을,겨울",7073618,https://www.10000recipe.com/recipe/7073618,국/탕,짭짤함,미분류,2,,
초간단 어묵국,한식,"어묵,무,대파,물,코인육수,간장,참치액,소금,후추",15,쉬움,"아침,점심,야식","맑음,비,눈,추위",가을,7073666,https://www.10000recipe.com/recipe/7073666,국/탕,짭짤함,가을,2,,
숙주나물 무침 만들기 아삭한 숙주나물 무침 양념 레시피 깔끔한 밑반찬 요리,한식,"숙주나물,대파,간장,마늘,참기름,통깨",20,쉬움,"점심,저녁","맑음,비,눈,더위,추위","봄,여름,가을,겨울",7073764,https://www.10000recipe.com/recipe/7073764,,,,2,,
도토리묵 만들기,한식,"물,들기름,소금,도토리가루",20,쉬움,"점심,저녁","맑음,비,눈,더위,추위","봄,여름,가을,겨울",7074132,https://www.10000recipe.com/recipe/7074132,메인반찬,,,2,,
얼큰 무청시래기 소고기 된장국,한식,"무청시래기,샤브용소고기목살,감자,대파,멸치육수,간장,참치액젓,맛술,들기름,마늘,소금,후춧가루,고춧가루,고추장,된장",60,보통,저녁,"맑음,비,눈,더위,추위",여름,7074563,https://www.10000recipe.com/recipe/7074563,국/탕,짭짤함,여름,2,,
등갈비 김치찜 실패없는 황금비율,한식,"등갈비,묵은지,된장,사과,양파소,생강,표고버섯,파,통후추",90,쉬움,저녁,"맑음,비,눈,더위,추위","봄,여름,가을,겨울",7075200,https://www.10000recipe.com/recipe/7075200,국/탕,,,2,,
봄이 되면 꼭 생각나는 제철 음식 바로 두릅전이에요.,한식,"두릅,부침가루,계란,소금,식용유",20,쉬움,"점심,저녁","맑음,비,눈,더위,추위","봄,여름,가을,겨울",7075755,https://www.10000recipe.com/recipe/7075755,,,,2,,
봄 입맛 살리는 오이 달래 무침 황금 레시피,한식,"오이,달래,고춧가루,고추장,까나리액젓,식초,마늘,올리고당,깨소금",30,쉬움,"점심,저녁","맑음,비,눈,더위,추위","봄,여름,가을,겨울",7075757,https://www.10000recipe.com/recipe/7075757,,,,2,,
집에서도 고급 한우 육회 맛있게 만드는 법,한식,"소고기홍두깨살,간장,소금,마늘,설탕,통깨,참기름,후추,배",30,쉬움,"점심,저녁","맑음,비,눈,더위,추위","봄,여름,가을,겨울",7075861,https://www.10000recipe.com/recipe/7075861,메인반찬,짭짤함,미분류,2,,
닭가슴살로 만든 부드러운 스테이크,양식,"닭가슴살,양파작은크기로,식용유,청주,허브솔트,후추,계란,다진양파,빵가루,파슬리가루,물,케찹,꿀or물엿,치킨스톡",30,보통,"점심,저녁","맑음,비,눈,더위,추위","봄,여름,가을,겨울",923966,https://www.10000recipe.com/recipe/923966,양식,,,2,,
파프리카 토마토 모듬 쇠고기 찹스테이크 만들기,양식,"쇠고기,노랑파프리카,주황파프리카,브로콜리,양파,방울토마토,마늘,케찹,허브소금,올리브유",30,쉬움,"점심,저녁","맑음,비,눈,더위,추위","봄,여름,가을,겨울",1361069,https://www.10000recipe.com/recipe/1361069,양식,,,1,,
주말에 어떠세요 두부 햄버그 스테이크,양식,"돼지고기다짐육,두부,양파,계란,밀가루,소금,후추,맛술",30,쉬움,"점심,저녁","맑음,비,눈,더위,추위","봄,여름,가을,겨울",1398435,https://www.10000recipe.com/recipe/1398435,양식,,,1,,
손쉽게 만드는 만두그라탕,양식,"냉동만두,올리브유식용유,피망,캔옥수수,모자렐라치즈,파슬리가루",15,쉬움,"아침,점심,야식","맑음,비,눈,더위,추위","봄,여름,가을,겨울",1455100,https://www.10000recipe.com/recipe/1455100,양식,,,1,,
검은콩 베지스테이크,양식,"검은콩,두부,양파,소금,계란,마늘다지기,옥수수,완두콩,빵가루,오일,양송이버섯캔,간장,황설탕,올리고당,물",30,쉬움,"점심,저녁","맑음,비,눈,더위,추위","봄,여름,가을,겨울",1560967,https://www.10000recipe.com/recipe/1560967,양식,,,1,,
황태 묵국 끓이기,한식,"황태,도토리묵,무,콩나물,대파,청양고추,후추,멸치액젓",30,쉬움,"점심,저녁","맑음,비,눈,더위,추위","봄,여름,가을,겨울",1566596,https://www.10000recipe.com/recipe/1566596,국/탕,,,1,,
사먹지 말고 해먹자 치킨트위스터,양식,"닭가슴살,또띠아,토마토,양상추,양파,올리브유,파인애플,우유,소금,후추,허니머스타드",30,쉬움,"점심,저녁","맑음,비,눈,더위,추위","봄,여름,가을,겨울",1594623,https://www.10000recipe.com/recipe/1594623,양식,,,1,,
아이들이 좋아하는 닭가슴살 치즈 까스,양식,"닭가슴살,튀김가루,빵가루,파슬리가루,튀김오일,계란,마늘,대파,소금,후추,케찹",30,쉬움,"점심,저녁","맑음,비,눈,더위,추위","봄,여름,가을,겨울",1653393,https://www.10000recipe.com/recipe/1653393,양식,,,1,,
한우로 만든 안심스테이크,양식,"쇠고기안심,청파프리카,홍파프리카,양송이,스테이크시즈닝,소금,후추가루,케찹,물,버터,설탕,레드와인",30,쉬움,"점심,저녁","맑음,비,눈,더위,추위","봄,여름,가을,겨울",1655633,https://www.10000recipe.com/recipe/1655633,양식,,,1,,
매콤하고 향긋한 카레볶음우동,일식,"우동면사리,오징어,당근,양파작은것,마늘,물or육수,치즈,후추,청주,카레가루,고추장,설탕",30,쉬움,"점심,저녁","맑음,비,눈,더위,추위","봄,여름,가을,겨울",1772134,https://www.10000recipe.com/recipe/1772134,면/만두,,,1,,
스페인풍 또르띠아,양식,"양파큰거얇게슬라이스,감자중간크기얇게슬라이스,계란,소금,후추,올리브오일",30,보통,"점심,저녁","맑음,비,눈,더위,추위","봄,여름,가을,겨울",1777873,https://www.10000recipe.com/recipe/1777873,양식,,,1,,
새롭게 즐기는 떡볶이 그라탕,양식,"떡,어묵,육수,새송이버섯,양파,양배추,대파,피자치즈,슬라이스치즈,고추장,두반장,고춧가루,간장,물엿,설탕,참기름,깨,마늘",30,쉬움,"점심,저녁","맑음,비,눈,더위,추위","봄,여름,가을,겨울",1780321,https://www.10000recipe.com/recipe/1780321,양식,,,1,,
느타리버섯 달걀 스크램블,양식,"느타리버섯g,계란,까놀라유,양파,대파,허브솔트",10,쉬움,"아침,점심,야식","맑음,비,눈,더위,추위","봄,여름,가을,겨울",1828293,https://www.10000recipe.com/recipe/1828293,양식,,,1,,
집에서 즐기는 외식요리 치즈 햄버거 스테이크,양식,"쇠고기갈은것,돼지고기갈은것,양파,계란,빵가루,마늘,소금,후추,모짜렐라치즈,토마토케첩,적포도주,생크림또는우유,육수,설탕",60,쉬움,저녁,"맑음,비,눈,더위,추위","봄,여름,가을,겨울",1843723,https://www.10000recipe.com/recipe/1843723,양식,,,1,,
집에서 뚝딱 만드는 버팔로윙,양식,"닭날개g,소금,후춧가루,청주,간장,맛술,설탕,물엿,올리브유,고춧가루,마늘",90,쉬움,저녁,"맑음,비,눈,더위,추위","봄,여름,가을,겨울",1944061,https://www.10000recipe.com/recipe/1944061,양식,,,1,,
냉비빔모밀,한식,"모밀면,양파,노랑파프리카,빨강파프리카,상추,오이,양상추,당근,간장,올리고당,식초,검은깨",15,쉬움,"아침,점심,야식","맑음,비,눈,더위,추위","봄,여름,가을,겨울",1960416,https://www.10000recipe.com/recipe/1960416,면/만두,,,1,,
카레 해물 파스타,양식,"파스타,마늘,양파,청량고추,홍고추,새우,오징어,우유,카레가루,올리브오일,후추",30,쉬움,"점심,저녁","맑음,비,눈,더위,추위","봄,여름,가을,겨울",1977487,https://www.10000recipe.com/recipe/1977487,면/만두,,,1,,
치즈 감자 오믈렛,양식,"삶은감자,계란,옥수수,밥새우,체다치즈,고다치즈,파슬리가루",15,쉬움,"아침,점심,야식","맑음,비,눈,더위,추위","봄,여름,가을,겨울",2304762,https://www.10000recipe.com/recipe/2304762,양식,,,1,,
매콤한 순두부 굴찌개,한식,"굴,순두부,멸치다시마육수,마늘,생강술,참기름,간장,물,다진청양고추,다진대파,깨소금",15,쉬움,"아침,점심,야식","맑음,비,눈,더위,추위","봄,여름,가을,겨울",2469987,https://www.10000recipe.com/recipe/2469987,찌개,,,1,,
고소한 돈가스,양식,"돼지고기등심,계란,빵가루,파슬리가루,식용유,소금,후춧가루,양파,마늘,물",30,쉬움,"점심,저녁","맑음,비,눈,더위,추위","봄,여름,가을,겨울",2477556,https://www.10000recipe.com/recipe/2477556,양식,,,1,,
옹심이 미역국,한식,"건미역,찹쌀가루,바지락살,마늘,들기름,간장,천일염,물",60,쉬움,저녁,"맑음,비,눈,더위,추위","봄,여름,가을,겨울",2521924,https://www.10000recipe.com/recipe/2521924,국/탕,,,1,,
감자치즈 브런치,양식,"감자,양파,계란,베이컨,파,모짜렐라치즈,기름,버터,소금,후추",30,쉬움,"점심,저녁","맑음,비,눈,더위,추위","봄,여름,가을,겨울",2576589,https://www.10000recipe.com/recipe/2576589,양식,,,1,,
치즈 햄버거 스테이크 만들기,양식,"소고기다짐육,돼지고기간것,양파작은것,작은당근,계란,빵가루,후춧가루,마늘,넛맥,생강가루,피자치즈,버터,다진양파,밀가루,물,토마토케찹,소금",60,보통,저녁,"맑음,비,눈,더위,추위","봄,여름,가을,겨울",2628685,https://www.10000recipe.com/recipe/2628685,양식,,,1,,
참치햄버거스테이크 만들기,양식,"참치캔g,두부,양파,양송이,마늘,빵가루,감자전분",7,보통,"아침,점심,야식","맑음,비,눈,더위,추위","봄,여름,가을,겨울",2733363,https://www.10000recipe.com/recipe/2733363,양식,,,1,,
간단하고 든든한 치즈 오믈렛 밥,양식,"계란,슬라이스치즈,청피망,노랑피망,빨강파프리카,양파,밥",30,쉬움,"점심,저녁","맑음,비,눈,더위,추위","봄,여름,가을,겨울",2809977,https://www.10000recipe.com/recipe/2809977,양식,,,1,,
굴소스 찹스테이크 만들기,양식,"등심g,양파중간크기g,빨간파프리카g,노란파프리카g,소금,마늘,후추,올리브오일,올리고당,레드와인",30,쉬움,"점심,저녁","맑음,비,눈,더위,추위","봄,여름,가을,겨울",2820858,https://www.10000recipe.com/recipe/2820858,양식,,,1,,
감자스테이크 만들기,양식,"감자작은것,표고버섯,애호박,양파,빵가루,참기름,소금,후춧가루,마늘",30,쉬움,"점심,저녁","맑음,비,눈,더위,추위","봄,여름,가을,겨울",2827559,https://www.10000recipe.com/recipe/2827559,양식,,,1,,
얼큰한 동태김치국,한식,"동태,김치,두부,대파,청량고추,홍고추,고춧가루,소금,마늘",30,쉬움,"점심,저녁","맑음,비,눈,더위,추위","봄,여름,가을,겨울",3256341,https://www.10000recipe.com/recipe/3256341,국/탕,,,1,,
"푸실리 그라탕, 크림소스 파스타 그라탕",양식,"푸실리,브로콜리,베이컨,양송이,옥수수생략가능,양파,우유,생크림,피자치즈,소금,후춧가루,올리브오일,파마산치즈가루",6,쉬움,"아침,점심,야식","맑음,비,눈,더위,추위","봄,여름,가을,겨울",3372983,https://www.10000recipe.com/recipe/3372983,양식,,,1,,
브로콜리 식빵 그라탕,양식,"데친브로콜리,식빵,우유ml,계란,방울토마토,모짜렐라치즈,슬라이스아몬드선택,설탕,소금,후추",30,쉬움,"점심,저녁","맑음,비,눈,더위,추위","봄,여름,가을,겨울",3424040,https://www.10000recipe.com/recipe/3424040,양식,,,1,,
시원한 동태찌개,한식,"물,다시마,멸치,동태,무,양파,호박,두부,청양고추,대파흰부분,쑥갓,고춧가루,고추장,된장,마늘,생강가루,맛술,간장",30,보통,"점심,저녁","맑음,비,눈,더위,추위","봄,여름,가을,겨울",3485105,https://www.10000recipe.com/recipe/3485105,찌개,,,1,,
감자고로케 스테이크,양식,"감자,삶은달걀,당근cm길이로,양파,크리미게맛살,청고추,모짜렐라치즈",60,쉬움,저녁,"맑음,비,눈,더위,추위","봄,여름,가을,겨울",3646410,https://www.10000recipe.com/recipe/3646410,양식,,,1,,
에그넷도시락,한식,"냉장고속야채,햄이나소시지,소금,후추,포도씨유,계란,깻잎",30,쉬움,"점심,저녁","맑음,비,눈,더위,추위","봄,여름,가을,겨울",3770153,https://www.10000recipe.com/recipe/3770153,밥/죽/떡,,,1,,
다가올 크리스마스엔 찹스테이크 꼬치구이와 소고기 야채볶음밥,양식,"한우우둔살,파프리카,피망,양파큰것,새송이버섯,카놀라유,애호박,후춧가루,청주,허브솔트,남은야채,소고기,소금",60,쉬움,저녁,"맑음,비,눈,더위,추위","봄,여름,가을,겨울",384419,https://www.10000recipe.com/recipe/384419,양식,,,1,,
치즈스크램블 만들기,양식,"치즈,계란,베이컨,꽈리고추,소금",15,쉬움,"아침,점심,야식","맑음,비,눈,더위,추위","봄,여름,가을,겨울",3919727,https://www.10000recipe.com/recipe/3919727,양식,,,1,,
복분자소스 채끝살스테이크,양식,"채끝살,소금,후춧가루,감자,마요네즈,꿀,복분자,발사믹식초,올리고당,녹말물선택가능",60,쉬움,저녁,"맑음,비,눈,더위,추위","봄,여름,가을,겨울",3940129,https://www.10000recipe.com/recipe/3940129,양식,,,1,,
더울땐 맛있게 쫄면 한그릇~,한식,"쫄면,콩나물,오이,양배추,상추,고추장,고춧가루,케찹,식초,마늘,물엿,설탕,매실액,통깨,계란,키위,방울토마토",15,보통,"아침,점심,야식","맑음,비,눈,더위,추위","봄,여름,가을,겨울",3976768,https://www.10000recipe.com/recipe/3976768,면/만두,,,1,,
화끈하게 한접시~ 오징어볶음,한식,"오징어,양파작은것,당근,청양고추,대파,마늘,식용유,다진생강,고춧가루,고추장,간장,소금,물엿,통깨,다시마육수",30,보통,"점심,저녁","맑음,더위",여름,4063569,https://www.10000recipe.com/recipe/4063569,메인반찬,매콤함,여름,1,,
도토리묵국수,한식,"도토리묵,양배추,당근,부추,미숫가루,고추장,매실액,물,참기름,숟갈,통깨,검은깨",15,쉬움,"아침,점심,야식","맑음,비,눈,더위,추위","봄,여름,가을,겨울",4090308,https://www.10000recipe.com/recipe/4090308,면/만두,,,1,,
매콤한 닭볶음탕,한식,"닭고기,감자,양파,파,산초가루,소금,후추,청주,갈릭파우다,고춧가루,고추장,간장,집간장,매실액,올리고당,마늘",30,쉬움,"점심,저녁","맑음,비,눈,더위,추위","봄,여름,가을,겨울",4105756,https://www.10000recipe.com/recipe/4105756,국/탕,,,1,,
*순두부찌개*,한식,"순두부,고춧가루,오일,마늘,생강술",15,쉬움,"아침,점심,야식","맑음,비,눈,더위,추위","봄,여름,가을,겨울",4105956,https://www.10000recipe.com/recipe/4105956,찌개,,,1,,
두부 오징어 간장 조림,한식,"두부,오징어,파,간장,고추장,청주,마늘,참기름,깨소금,멸치다시마물",30,쉬움,"점심,저녁","맑음,비,눈,더위,추위","봄,여름,가을,겨울",4154606,https://www.10000recipe.com/recipe/4154606,,,,1,,
볶음 쌀국수,한식,"쌀국수,새송이버섯,빨강파프리카,초록파프리카,노랑파프리카,양파,마늘,청양고추,쥐똥고추,포도씨유,간장,물,참기름,발사믹식초,후춧가루",30,쉬움,"점심,저녁","맑음,비,눈,더위,추위","봄,여름,가을,겨울",4270183,https://www.10000recipe.com/recipe/4270183,면/만두,,,1,,
얼큰 순두부찌개,한식,"순두부,바지락,오징어,청양고추,대파,계란,들기름,고춧가루,물,다시마cm,간장,소금,후춧가루",30,쉬움,"점심,저녁","맑음,비,눈,더위,추위","봄,여름,가을,겨울",4345104,https://www.10000recipe.com/recipe/4345104,찌개,,,1,,
오븐 없이도 만드는 토마토 치즈 파스타!!!,양식,"파스타면,흰우유,냉동새우,브로콜리,양송이버섯,마늘,피자치즈",11,보통,"아침,점심,야식","맑음,비,눈,더위,추위","봄,여름,가을,겨울",4479847,https://www.10000recipe.com/recipe/4479847,면/만두,,,1,,
별미 오징어덮밥,한식,"오징어,쥬키니호박,양파,당근,양배추,통,청양고추,대파,고추장,간장,고춧가루,마늘,후추,물,매실청,설탕,깨",30,보통,"점심,저녁","맑음,비,눈,더위,추위","봄,여름,가을,겨울",4507646,https://www.10000recipe.com/recipe/4507646,밥/죽/떡,,,1,,
사과꿀떡볶이 만들기,한식,"가래떡,사과,꿀,버터,각종견과류,간장,숟갈,참기름",30,쉬움,"점심,저녁","맑음,비,눈,더위,추위","봄,여름,가을,겨울",4511743,https://www.10000recipe.com/recipe/4511743,밥/죽/떡,,,1,,
쫄깃한 오징어가 씹히는 바삭한 짜조,한식,"라이스페이퍼,오징어다리,양송이버섯,새송이버섯,청경채,대파cm,당근,청양고추,계란,전분가루",30,보통,"점심,저녁","맑음,비,눈,더위,추위","봄,여름,가을,겨울",4514401,https://www.10000recipe.com/recipe/4514401,면/만두,,,1,,
가래떡 단호박 파스타,양식,"가래떡,단호박,단호박수프,물,마늘,기름,모짜렐라치즈,빵가루,파슬리가루",60,보통,저녁,"맑음,비,눈,더위,추위","봄,여름,가을,겨울",4518052,https://www.10000recipe.com/recipe/4518052,면/만두,,,1,,
매콤달콤 떡꼬치 만드는법,한식,"떡볶이떡,고추장,꿀,마늘,후추,잣",30,쉬움,"점심,저녁","맑음,비,눈,더위,추위","봄,여름,가을,겨울",4527744,https://www.10000recipe.com/recipe/4527744,밥/죽/떡,,,1,,
돼지고기 감자찌개 끓이기,한식,"삼겹살,감자,양파,대파,홍고추,청양고추,멸치육수,소금,후추,마늘,숟갈,설탕,고춧가루,간장,고추장",60,쉬움,저녁,"맑음,비,눈,더위,추위","봄,여름,가을,겨울",4531021,https://www.10000recipe.com/recipe/4531021,찌개,,,1,,
얼큰한 불오뎅 끓이는 법,한식,"사각어묵,월남고추,국물멸치,바지락,무,대파,고춧가루,후추,생강가루,맛술또는소주,간장",30,쉬움,"점심,저녁","맑음,비,눈,더위,추위","봄,여름,가을,겨울",4546282,https://www.10000recipe.com/recipe/4546282,국/탕,,,1,,
시금치 된장수제비,한식,"밀가루,고구마,시금치,된장,소금",60,보통,저녁,"맑음,비,눈,더위,추위","봄,여름,가을,겨울",4569004,https://www.10000recipe.com/recipe/4569004,면/만두,,,1,,
딱띠플레뜨 만들기,양식,"감자,양파,베이컨,명란젓,버터,청양고추,생크림우유대체가능,슈레드피자치즈,후춧가루",60,보통,저녁,"맑음,비,눈,더위,추위","봄,여름,가을,겨울",4584449,https://www.10000recipe.com/recipe/4584449,양식,,,1,,
비빔국수 만들기,한식,"소면,송송썬김치,삶은계란,통깨,참기름,깻잎,집고추장소복히,사과식초,설탕,고춧가루,소금",30,쉬움,"점심,저녁","맑음,비,눈,더위,추위","봄,여름,가을,겨울",4594210,https://www.10000recipe.com/recipe/4594210,면/만두,,,1,,
해피투게더 야간매점 김경호의 만두랑땡,한식,"냉동만두,계란,기름",15,쉬움,"아침,점심,야식","맑음,비,눈,더위,추위","봄,여름,가을,겨울",4677664,https://www.10000recipe.com/recipe/4677664,면/만두,,,1,,
냉이 불고기 전골,한식,"냉이,소고기불고기감,느타리버섯,표고버섯,양파,청량고추,대파,만두,멸치육수,간장,설탕,마늘,참기름,청주,후추가루",60,보통,저녁,"맑음,비,눈,더위,추위","봄,여름,가을,겨울",4730381,https://www.10000recipe.com/recipe/4730381,국/탕,,,1,,
시나몬향 솔솔 풍기는 시나몬 초콜릿칩머핀,한식,"버터,설탕,계란,박력분,시나몬파우더,베이킹파우더,우유,초콜릿칩",60,쉬움,저녁,"맑음,비,눈,더위,추위","봄,여름,가을,겨울",4820041,https://www.10000recipe.com/recipe/4820041,,,,1,,
마늘향 솔솔 갈릭 콘브레드,한식,"강력분,물,버터,설탕,소금,탈지분유또는강력분,인스턴트드라이이스트,마요네즈,마늘,콘옥수수통조림,파슬리",120,쉬움,저녁,"맑음,비,눈,더위,추위","봄,여름,가을,겨울",4914263,https://www.10000recipe.com/recipe/4914263,,,,1,,
얼큰 꽃게찌개 만들기,한식,"꽃게,바지락,홍고추,청양고추,무,애호박,물,소금,쑥갓,고춧가루,된장,고추장,바지락육수,마늘,다진생강,후춧가루",60,보통,저녁,"맑음,비,눈,더위,추위","봄,여름,가을,겨울",4982736,https://www.10000recipe.com/recipe/4982736,찌개,,,1,,
쇠고기 된장국,한식,"쇠고기,건표고버섯,된장,대파,홍고추,마늘,간장,소금,참기름,물",30,보통,"점심,저녁","맑음,비,눈,더위,추위","봄,여름,가을,겨울",5088192,https://www.10000recipe.com/recipe/5088192,국/탕,,,1,,
매콤하게 즐기자 ~ 매운불닭 스파게티,한식,"매운불닭닭가슴살캔,스파게티면,마늘,양파작은것,파르메산치즈가루,고추기름",60,쉬움,저녁,"맑음,비,눈,더위,추위","봄,여름,가을,겨울",5149895,https://www.10000recipe.com/recipe/5149895,면/만두,,,1,,
매운 볶음 우동 만들기,일식,"새송이버섯,청양고추,양파,파프리카,영양부추,적채,우동면,칵테일새우,레몬즙,고추기름,올리고당,간장",2,쉬움,"아침,점심,야식","맑음,비,눈,더위,추위","봄,여름,가을,겨울",5161823,https://www.10000recipe.com/recipe/5161823,면/만두,,,1,,
야채쫄면 만들기,한식,"쫄면,콩나물,양배추,깻잎,오이,당근,계란,고추장,참기름,고춧가루,매실청,설탕,식초,통깨,마늘,사이다",15,쉬움,"아침,점심,야식","맑음,비,눈,더위,추위","봄,여름,가을,겨울",5230523,https://www.10000recipe.com/recipe/5230523,면/만두,,,1,,
생선까스&타르타르소스,양식,"대구포나명태포큰것,밀가루,계란,빵가루,소금,후춧가루,어린잎,삶은달걀,마요네즈,다진양파,다진피클,홀그레인머스타드,올리고당,레몬즙",60,쉬움,저녁,"맑음,비,눈,더위,추위","봄,여름,가을,겨울",5307681,https://www.10000recipe.com/recipe/5307681,양식,,,1,,
달콤한 애플 군만두,한식,"사과,버터,흑설탕,계피가루,전분가루,만두피",30,쉬움,"점심,저녁","맑음,비,눈,더위,추위","봄,여름,가을,겨울",5320515,https://www.10000recipe.com/recipe/5320515,면/만두,,,1,,
치즈 감자 만두그라탕,양식,"만두,찐감자,올리브오일,치즈,설탕,소금,버터",15,쉬움,"아침,점심,야식","맑음,비,눈,더위,추위","봄,여름,가을,겨울",5358894,https://www.10000recipe.com/recipe/5358894,양식,,,1,,
구운볶음우동,일식,"우동사리,양파,노랑파프리카,주황파프리카,부추,마늘,청양고추,고추기름,올리브유,간장,후추,깨소금",15,쉬움,"아침,점심,야식","맑음,비,눈,더위,추위","봄,여름,가을,겨울",5623042,https://www.10000recipe.com/recipe/5623042,면/만두,,,1,,
수제 햄버거스테이크 만드는법,양식,"소고기,양파,마늘,빵가루,계란,밀가루,소금,후추,양송이버섯,올리브유,물,토마토케챱,올리고당,후춧가루",60,보통,저녁,"맑음,비,눈,더위,추위","봄,여름,가을,겨울",5639465,https://www.10000recipe.com/recipe/5639465,양식,,,1,,
치즈오븐스파게티 만들기,한식,"햄,피자치즈,양파,양송이버섯,스파게티면,파슬리가루,마늘,올리브유",30,쉬움,"점심,저녁","맑음,비,눈,더위,추위","봄,여름,가을,겨울",6111710,https://www.10000recipe.com/recipe/6111710,면/만두,,,1,,
"맘에 쏙 들었어! 버터소스를 얹은 안심스테이크,,",양식,"안심약g,소금,후춧가루,올리브오일,버터,가지,토마토,양파,페페론치노,레드와인,발사믹식초,물,치킨스톡,비정제황설탕,무염버터,그린올리브,블랙올리브,건크랜베리,케이퍼,건바질,오레가노,건파슬리가루,대추토마토,브로콜리,포도씨유",5,보통,"아침,점심,야식","맑음,비,눈,더위,추위","봄,여름,가을,겨울",6132762,https://www.10000recipe.com/recipe/6132762,양식,,,1,,
베이컨허브감자,양식,"감자,양파,마늘,베이컨,바질가루,숟갈,소금",30,쉬움,"점심,저녁","맑음,비,눈,더위,추위","봄,여름,가을,겨울",6145013,https://www.10000recipe.com/recipe/6145013,양식,,,1,,
오징어 고추장 찌개,한식,"오징어,둥근호박,두부,홍고추,청량고추,고추장,소금또는간장,고춧가루,마늘,생강즙,멸치육수",10,쉬움,"아침,점심,야식","맑음,비,눈,더위,추위","봄,여름,가을,겨울",6193231,https://www.10000recipe.com/recipe/6193231,찌개,,,1,,
부대김치찌개-얼큰한 국물이 좋아지는 계절..,한식,"수제소시지,다진김치,사골육수,떡국떡,청양고추,대파,마늘,설탕,숟갈,고춧가루,간장,생강술,물,후추",30,쉬움,"점심,저녁","맑음,비,눈,더위,추위","봄,여름,가을,겨울",6199965,https://www.10000recipe.com/recipe/6199965,찌개,,,1,,
대하볶음라면,한식,"라면사리,대하,애호박,양파,월남고추,유부,고추기름,올리고당,참기름,물",3,쉬움,"아침,점심,야식","맑음,비,눈,더위,추위","봄,여름,가을,겨울",6251936,https://www.10000recipe.com/recipe/6251936,면/만두,,,1,,
간단한 감자요리 독일식감자전 뢰스티 안주로도 좋네요.,양식,"감자,베이컨,소금,후추,밀가루나부침가루",15,보통,"아침,점심,야식","맑음,비,눈,더위,추위","봄,여름,가을,겨울",6280691,https://www.10000recipe.com/recipe/6280691,양식,,,1,,
양송이 찹스테이크,양식,"양송이버섯,소고기등심혹은안심,브로콜리,당근,양파,파,후추,케찹,올리고당",60,보통,저녁,"맑음,비,눈,더위,추위","봄,여름,가을,겨울",6297659,https://www.10000recipe.com/recipe/6297659,양식,,,1,,
쫄깃쫄깃 아삭아삭 콩나물 곤약비빔면,한식,"실곤약,콩나물,당근,김밥용햄,크래미,대파,통깨,고추장,케찹,황설탕,간장,마늘,참기름",30,쉬움,"점심,저녁","맑음,비,눈,더위,추위","봄,여름,가을,겨울",633232,https://www.10000recipe.com/recipe/633232,면/만두,,,1,,
소고기 칼국수 볶음,한식,"소고기,숙주,청경채,간장,올리고당,후추,마늘,참기름,매실원액",30,쉬움,"점심,저녁","맑음,비,눈,더위,추위","봄,여름,가을,겨울",6361206,https://www.10000recipe.com/recipe/6361206,면/만두,,,1,,
수제 햄버거스테이크,양식,"돼지고기갈은것,양파,대파,습식빵가루,맛술,생강,마늘,계란,소금,후추,물,양송이버섯,피망,치즈,파슬리가루",30,쉬움,"점심,저녁","맑음,비,눈,더위,추위","봄,여름,가을,겨울",6388103,https://www.10000recipe.com/recipe/6388103,양식,,,1,,
이런맛처음이야~고추장스테이크,양식,"스테이크용소고기,청고추,홍고추,대파,조랭이떡생략가능,소금,후추,올리브유,고추장,물엿,다진마늘or통마늘",30,보통,"점심,저녁","맑음,비,눈,더위,추위","봄,여름,가을,겨울",6398638,https://www.10000recipe.com/recipe/6398638,양식,,,1,,
만두 그라탕 만들기,양식,"만두,모짜렐라치즈,마늘,양파",30,쉬움,"점심,저녁","맑음,비,눈,더위,추위","봄,여름,가을,겨울",6413903,https://www.10000recipe.com/recipe/6413903,양식,,,1,,
칠리 콘 카르네,양식,"쇠고기,마늘,다진양파,홍고추,땡초,홀토마토,토마토페이스트,베이크드빈,옥수수콘,칠리파우더,각종허브가루,후추,소금",30,쉬움,"점심,저녁","맑음,비,눈,더위,추위","봄,여름,가을,겨울",6452309,https://www.10000recipe.com/recipe/6452309,양식,,,1,,
두부치즈 영양 고로케 만드는 법,한식,"두부,파프리카,대파,풋고추,밀가루or부침가루,감자전분,빵가루,치즈,계란,소금",3,보통,"아침,점심,야식","맑음,비,눈,더위,추위","봄,여름,가을,겨울",6478945,https://www.10000recipe.com/recipe/6478945,,,,1,,
볼로네제소스 라자냐,양식,"라자냐,파슬리가루,모짜렐라치즈,소고기간것,토마토,양파,당근,새송이버섯or양송이,피망,마늘,올리브유,토마토페이스트,토마토퓌레,레드페퍼,소금,후추,바질가루,물or치킨스톡,레드와인",30,보통,"점심,저녁","맑음,비,눈,더위,추위","봄,여름,가을,겨울",6495417,https://www.10000recipe.com/recipe/6495417,양식,,,1,,
홍합스튜,한식,"홍합,마늘,채썬양파,파프리카,피망,물,화이트와인",30,쉬움,"점심,저녁","맑음,비,눈,더위,추위","봄,여름,가을,겨울",6522759,https://www.10000recipe.com/recipe/6522759,찌개,미분류,미분류,1,,
떡볶이 그라탕,양식,"떡볶이떡,어묵,양파,햄,우유,모짜렐라치즈",60,쉬움,저녁,"맑음,비,눈,더위,추위","봄,여름,가을,겨울",6532261,https://www.10000recipe.com/recipe/6532261,양식,,,1,,
치츠 함박스테이크,양식,"갈은소고기,삼겹살,모짜렐라,올리브유,소금,후추,양파,레드와인,미나리,건바질,양송이,통마늘,방울토마토,감자,당근,계란,설탕,고춧가루",60,보통,저녁,"맑음,비,눈,더위,추위","봄,여름,가을,겨울",6613091,https://www.10000recipe.com/recipe/6613091,양식,,,1,,
돼지고기 양배추롤[롤캬베츠] 만드는 방법,양식,"양배추,다진파슬리,포도씨유,돼지고기다짐육,양파,당근,두부,계란,우유,체다슬라이스치즈,소금,후추,다진대파,마늘,빵가루,생강즙,간장,참기름",15,보통,"아침,점심,야식","맑음,비,눈,더위,추위","봄,여름,가을,겨울",6622198,https://www.10000recipe.com/recipe/6622198,양식,,,1,,
간단한 아침메뉴로 좋은 시금치 프리타타,양식,"시금치,방울토마토,파프리카,양파,팽이버섯,베이컨,올리브유,계란,파마산치즈가루,우유",20,쉬움,"점심,저녁","맑음,비,눈,추위",겨울,6637004,https://www.10000recipe.com/recipe/6637004,양식,담백함,겨울,1,,
파르미자나 디 멜란자네,양식,"가지g정도,양파,마늘,바질,파마산치즈가루,모짜렐라치즈,토마토홀g,올리브오일,소금,후추",30,쉬움,"점심,저녁","맑음,비,눈,더위,추위","봄,여름,가을,겨울",6667696,https://www.10000recipe.com/recipe/6667696,양식,,,1,,
쉬운 함박 스테이크 만들기,양식,"다진소고기,다진돼지고기,양파,계란,빵가루,마늘,소금,후춧가루,레드와인,케첩,버터,우유",60,보통,저녁,"맑음,비,눈,더위,추위","봄,여름,가을,겨울",6668012,https://www.10000recipe.com/recipe/6668012,양식,,,1,,
전자레인지로 간단하게 만드는 누드라자냐,양식,"만두피,양송이버섯,모짜렐라치즈,슬라이스체다치즈,식용유,파슬리가루,다진쇠고기,카레가루,양파,감자,버터,소금,후추,김치",4,보통,"아침,점심,야식","맑음,비,눈,더위,추위","봄,여름,가을,겨울",6677674,https://www.10000recipe.com/recipe/6677674,양식,,,1,,
함박 스테이크,양식,"다진소고기,다진돼지고기,양파,계란,빵가루,마늘,레드와인,버터,우유,소금,후춧가루,케첩",60,보통,저녁,"맑음,비,눈,더위,추위","봄,여름,가을,겨울",6677837,https://www.10000recipe.com/recipe/6677837,양식,,,1,,
참치 버섯찌개,한식,"동원참치캔g,참느타리버섯,양파,돼지호박,대파,마늘,고추장,된장,고춧가루,두부,물",30,쉬움,"점심,저녁","맑음,비,눈,더위,추위","봄,여름,가을,겨울",6687629,https://www.10000recipe.com/recipe/6687629,찌개,,,1,,
아침식사로 좋은 연두부 계란탕,한식,"계란,연두부,청양고추,파,멸치육수,소금",3,쉬움,"아침,점심,야식","맑음,비,눈,더위,추위","봄,여름,가을,겨울",6695724,https://www.10000recipe.com/recipe/6695724,국/탕,,,1,,
매콤달콤~ 고추장찌개 만들기,한식,"돼지고기앞다리살,감자,양파,호박,표고버섯,대파,청양고추,식용유,두부선택,고추장,간장,고춧가루,마늘,후추",30,쉬움,"점심,저녁","맑음,비,눈,더위,추위","봄,여름,가을,겨울",6708683,https://www.10000recipe.com/recipe/6708683,찌개,,,1,,
시금치 건새우 된장국 끓이기,한식,"멸치육수,시금치,건새우,마늘,된장",30,쉬움,"점심,저녁","맑음,비,눈,더위,추위","봄,여름,가을,겨울",6710695,https://www.10000recipe.com/recipe/6710695,국/탕,,,1,,
연어버터스테이크 만들기,양식,"연어,버터,올리브유,치커리,방울토마토,다진양파,올리고당,소금,레몬즙,간장,포도씨유,파슬리",15,쉬움,"아침,점심,야식","맑음,비,눈,더위,추위","봄,여름,가을,겨울",6725040,https://www.10000recipe.com/recipe/6725040,양식,,,1,,
피크닉도시락 햄말이밥,한식,"밥싸먹는햄,당근,양파,파프리카,버섯,부추,밥,후추,소금",10,쉬움,"아침,점심,야식","맑음,비,눈,더위,추위","봄,여름,가을,겨울",6725567,https://www.10000recipe.com/recipe/6725567,밥/죽/떡,,,1,,
콩나물 김치 비빔국수,한식,"잘익은배추김치잎,콩나물,깻잎,소면,고추장,고춧가루,올리고당,간장,참기름,마늘,참깨",15,쉬움,"아침,점심,야식","맑음,비,눈,더위,추위","봄,여름,가을,겨울",6736151,https://www.10000recipe.com/recipe/6736151,면/만두,,,1,,
냉동만두요리 만두 그라탕,양식,"만두대략g,슈레드피자치즈,식용유,바질잎",30,쉬움,"점심,저녁","맑음,비,눈,더위,추위","봄,여름,가을,겨울",6762353,https://www.10000recipe.com/recipe/6762353,양식,,,1,,
두툼한 데리야끼 삼겹살 곁들인 투움바 파스타,양식,"스파게티면,삼겹살,느타리버섯,양파,마늘,생크림,우유,대파,청양고추,케찹,간장,고춧가루,후춧가루,소금,설탕,물",60,보통,저녁,"맑음,비,눈,더위,추위","봄,여름,가을,겨울",6766906,https://www.10000recipe.com/recipe/6766906,면/만두,,,1,,
계란말이 커틀렛 만들기,양식,"스팸,대파,양파,당근,빵가루,계란,소금",60,쉬움,저녁,"맑음,비,눈,더위,추위","봄,여름,가을,겨울",6793268,https://www.10000recipe.com/recipe/6793268,양식,,,1,,
까르보나라,한식,"푸실리면,브로컬리,편마늘,양파,베이컨,계란노른자,우유,체다치즈,소금,후추",30,보통,"점심,저녁","맑음,비,눈,더위,추위","봄,여름,가을,겨울",6802544,https://www.10000recipe.com/recipe/6802544,면/만두,,,1,,
오징어찌개 - 딸에게# / 오징어찌개 만드는법,한식,"오징어,양파,호박,당근,무,청양고추,대파,마늘,고춧가루,고추장",15,어려움,"아침,점심,야식","맑음,비,눈,더위,추위","봄,여름,가을,겨울",6820908,https://www.10000recipe.com/recipe/6820908,찌개,,,1,,
연어 스테이크,양식,"연어,양배추,방울토마토,허브솔트,맛살,코울슬로드레싱",30,쉬움,"점심,저녁","맑음,비,눈,더위,추위","봄,여름,가을,겨울",6823320,https://www.10000recipe.com/recipe/6823320,양식,,,1,,
아이들을 위한 소시지마늘볶음밥,한식,"비엔나소시지,마늘,양파,마늘쫑,기름,밥,소금,후추",10,쉬움,"아침,점심,야식","맑음,비,눈,더위,추위","봄,여름,가을,겨울",6825168,https://www.10000recipe.com/recipe/6825168,밥/죽/떡,,,1,,
무한침샘자극-매콤해물우동,일식,"우동면,양파,홍합,새우,오징어,고추기름,파,숙주,마늘",30,보통,"점심,저녁","맑음,비,눈,더위,추위","봄,여름,가을,겨울",6828911,https://www.10000recipe.com/recipe/6828911,면/만두,,,1,,
든든한 아침국-당면계란국,한식,"멸치육수,계란,당면,파,참치액,소금,후추,멸치,다시마",30,보통,"점심,저녁","맑음,비,눈,더위,추위","봄,여름,가을,겨울",6828922,https://www.10000recipe.com/recipe/6828922,국/탕,,,1,,
매콤 칠리만두,한식,"교자만두,다진견과류,마늘,대파,소주or청주,식용유,고추기름,케찹,백설탕,소금,두반장,물,녹말물",30,쉬움,"점심,저녁","맑음,비,눈,더위,추위","봄,여름,가을,겨울",6829037,https://www.10000recipe.com/recipe/6829037,면/만두,,,1,,
도전 집밥백선생!! 맛있는 백종원 김치찌개 레시피♥,한식,"신김치,쪽정도,돼지고기,쌀뜨물ml,대파,청량고추,된장,마늘,고운고춧가루,굵은고춧가루,새우젓,간장",30,쉬움,"점심,저녁","맑음,비,눈,더위,추위","봄,여름,가을,겨울",6829281,https://www.10000recipe.com/recipe/6829281,찌개,,,1,,
연어스테이크파스타 만들기,양식,"통살연어스테이크인분,파스타면,통마늘,양파,청양고추,올리브오일,소금,후추,파마산치즈가루,밀가루,버터,우유or생크림",30,보통,"점심,저녁","맑음,비,눈,더위,추위","봄,여름,가을,겨울",6829480,https://www.10000recipe.com/recipe/6829480,면/만두,,,1,,
된장양념 로스트포크,양식,"통삼겹,된장,청주,맛술,마늘,후춧가루,올리브유",90,보통,저녁,"맑음,비,눈,더위,추위","봄,여름,가을,겨울",6829684,https://www.10000recipe.com/recipe/6829684,양식,,,1,,
알리오올리오 파스타,양식,"파스타면,마늘,매운고추,베이컨,조개,올리브오일",30,쉬움,"점심,저녁","맑음,비,눈,더위,추위","봄,여름,가을,겨울",6830022,https://www.10000recipe.com/recipe/6830022,면/만두,,,1,,
스트레스 확 풀리는 칼칼한 고추장찌개,한식,"감자,햄,청양고추,멸치다시팩,마늘,대파,고추장,집간장,소금,후춧가루,고춧가루",30,쉬움,"점심,저녁","맑음,비,눈,더위,추위","봄,여름,가을,겨울",6830047,https://www.10000recipe.com/recipe/6830047,찌개,,,1,,
새콤달콤 비빔당면 해먹었어요~,한식,"당면,단무지,부추,어묵,당근,양파,마늘,고춧가루,고추장,간장,매실액또는올리고당,식초,통깨",30,쉬움,"점심,저녁","맑음,비,눈,더위,추위","봄,여름,가을,겨울",6830290,https://www.10000recipe.com/recipe/6830290,면/만두,,,1,,
매시트포테이토 & 감자그라탕 만들기,양식,"감자,계란,생크림,파슬리가루,버터,소금,후추",30,쉬움,"점심,저녁","맑음,비,눈,더위,추위","봄,여름,가을,겨울",6830799,https://www.10000recipe.com/recipe/6830799,양식,,,1,,
얼큰하게 끓인 두부찌개,한식,"두부,호박,양파,청양고추,새우젓,고춧가루",15,쉬움,"아침,점심,야식","맑음,비,눈,더위,추위","봄,여름,가을,겨울",6830931,https://www.10000recipe.com/recipe/6830931,찌개,,,1,,
집밥 백선생 치킨 스테이크,양식,"감자,양파,통마늘,버터or식용유,마늘,간장,식초,설탕,물",30,보통,"점심,저녁","맑음,비,눈,더위,추위","봄,여름,가을,겨울",6831042,https://www.10000recipe.com/recipe/6831042,양식,,,1,,
찹스테이크~생각만 해도 군침 도는 찹스테이크 맛나네요~!~,양식,"소고기등심,양파,빨간파프리카,노란파프리카,아삭이고추,마늘가루,소금,후추,올리브유,생강술,쿠킹스위트",15,쉬움,"아침,점심,야식","맑음,비,눈,더위,추위","봄,여름,가을,겨울",6831773,https://www.10000recipe.com/recipe/6831773,양식,,,1,,
집밥백선생 콩나물찌개,한식,"콩나물,돼지고기,양파,버섯,파,청홍고추,식용유,소주컵,굵은고춧가루,물콩나물잠길정도,진간장국간장도가능,멸치액젓,소금,마늘",30,쉬움,"점심,저녁","맑음,비,눈,더위,추위","봄,여름,가을,겨울",6831807,https://www.10000recipe.com/recipe/6831807,찌개,,,1,,
채소면 알리오올리오,한식,"돼지호박쥬키니호박,당근,마늘,소금,후추,파마산치즈가루소신껏",10,쉬움,"아침,점심,야식","맑음,비,눈,더위,추위","봄,여름,가을,겨울",6831915,https://www.10000recipe.com/recipe/6831915,면/만두,,,1,,
집밥 백선생 '백종원 콩나물 볶음밥',한식,"콩나물,계란,밥,송송썬대파,다진당근,식용유,김가루옵션,소금,간장,마늘,고춧가루,고추장,설탕,맛술",30,쉬움,"점심,저녁","맑음,비,눈,더위,추위","봄,여름,가을,겨울",6832078,https://www.10000recipe.com/recipe/6832078,밥/죽/떡,,,1,,
완전 간단한 옥수수 오믈렛,양식,"계란,옥수수스위트콘,버터,피자치즈,데코용파슬리가루선택사항,설탕,간장,소금",15,쉬움,"아침,점심,야식","맑음,비,눈,더위,추위","봄,여름,가을,겨울",6832183,https://www.10000recipe.com/recipe/6832183,양식,,,1,,
우동면을 이용한 해물울면 만들기~,일식,"우동면,양파,당근,오징어,대파,호박,전분가루,마늘,매운고추,간장,소금,후추",30,쉬움,"점심,저녁","맑음,비,눈,더위,추위","봄,여름,가을,겨울",6832598,https://www.10000recipe.com/recipe/6832598,면/만두,,,1,,
"채끝등심 찹스테이크, 부드럽고 맛나네~",양식,"채끝등심,파프리카노랑,파프리카빨강,양파,마늘,양송이버섯,공심채줄기,올리브유,소금,후춧가루,매실액,고추장,맛술,올리고당",30,쉬움,"점심,저녁","맑음,비,눈,더위,추위","봄,여름,가을,겨울",6832758,https://www.10000recipe.com/recipe/6832758,양식,,,1,,
백선생 콩나물찌개,한식,"콩나물,다진돼지고기,양파,버섯,대파,청양고추,식용유,소주잔,고춧가루소줏잔,새우젓또는액젓간장,마늘,소금,물",30,쉬움,"점심,저녁","맑음,비,눈,더위,추위","봄,여름,가을,겨울",6832803,https://www.10000recipe.com/recipe/6832803,찌개,,,1,,
순두부찌개 황금레시피,한식,"순두부g,바지락,멸치다시육수,계란노른자마무리용,김치썬거,버섯,호박썬것,대파어슷썬것반뿌리,고추기름,고춧가루,마늘,간장,소금",30,쉬움,"점심,저녁","맑음,비,눈,더위,추위","봄,여름,가을,겨울",6832870,https://www.10000recipe.com/recipe/6832870,찌개,,,1,,
남은 김밥재료 모아 이태리 튀김요리 아란치니,양식,"양파,파프리카,피자치즈,튀김기름,생크림소금,후추",15,쉬움,"아침,점심,야식","맑음,비,눈,더위,추위","봄,여름,가을,겨울",6833166,https://www.10000recipe.com/recipe/6833166,양식,,,1,,
"해투야간매점 레시피 김치 버터 라면 , 김버라 :-)",한식,"동물라면,김치,버터",10,쉬움,"아침,점심,야식","맑음,비,눈,더위,추위","봄,여름,가을,겨울",6833386,https://www.10000recipe.com/recipe/6833386,면/만두,,,1,,
가지요리 멜란자네 만들기,양식,"가지,마늘,양파,토마토,올리브오일,소금,후추,레몬즙,바질페스토가지에바를양,피자치즈,파마산치즈",60,쉬움,저녁,"맑음,비,눈,더위,추위","봄,여름,가을,겨울",6834390,https://www.10000recipe.com/recipe/6834390,양식,,,1,,
치즈듬뿍 우동볶음이..,일식,"우동사리시판용,가래떡컵줄,치즈,마늘,부추,과실청",15,쉬움,"아침,점심,야식","맑음,비,눈,더위,추위","봄,여름,가을,겨울",6834802,https://www.10000recipe.com/recipe/6834802,면/만두,,,1,,
집밥 백선생 백종원의 카레 스테이크,양식,"돼지고기,감자,양파,당근,파프리카,브로콜리,고형카레,소금,후추가루",60,쉬움,저녁,"맑음,비,눈,더위,추위","봄,여름,가을,겨울",6834823,https://www.10000recipe.com/recipe/6834823,양식,,,1,,
백종원 함박스테이크:) 소스까지 쉽게 만들 수 있어요,양식,"소고기다짐육,돼지고기다짐육,다진양파,다진당근,케첩,빵가루,간장,식초,마늘,설탕,소금,후추,식용류,버터,계란",60,보통,저녁,"맑음,비,눈,더위,추위","봄,여름,가을,겨울",6835307,https://www.10000recipe.com/recipe/6835307,양식,,,1,,
삼겹 야키우동,일식,"삼겹살,우동사리,양파,양배추,당근,대파,계란,설탕,간장,식초,생강가루,케찹,후춧가루",30,쉬움,"점심,저녁","맑음,비,눈,더위,추위","봄,여름,가을,겨울",6835313,https://www.10000recipe.com/recipe/6835313,면/만두,,,1,,
연어스테이크,양식,"연어,어린잎채소,비트,마늘,소금,후춧가루,구운비트간것,오렌지주스,포도씨유",30,쉬움,"점심,저녁","맑음,비,눈,더위,추위","봄,여름,가을,겨울",6835568,https://www.10000recipe.com/recipe/6835568,양식,,,1,,
피자반죽만들기/피자도우만들기 ♬,양식,"강력분,물,설탕,소금,오일,인스턴트드라이이스트",60,보통,저녁,"맑음,비,눈,더위,추위","봄,여름,가을,겨울",6835837,https://www.10000recipe.com/recipe/6835837,양식,,,1,,
샌드위치 에그스프레드,양식,"계란,잉글리쉬머핀,해쉬포테이토,마요네즈,설탕,케찹,후추",30,쉬움,"점심,저녁","맑음,비,눈,더위,추위","봄,여름,가을,겨울",6835892,https://www.10000recipe.com/recipe/6835892,양식,,,1,,
집밥백선생 백종원 콩나물찌개 황금레시피,한식,"콩나물,간돼지고기,식용유,고추,파,양파,송이버섯,소주컵,물,진간장큰술,고춧가루큰술,마늘,소금",30,쉬움,"점심,저녁","맑음,비,눈,더위,추위","봄,여름,가을,겨울",6835974,https://www.10000recipe.com/recipe/6835974,찌개,,,1,,
쌀쌀한 아침에 뜨끈뜨끈한 순두부찌개~,한식,"오징어다리,새우,양파,호박,느타리버섯,당근,대파,계란,바지락,멸치육수,오일,고춧가루,간장,소금,후추가루,마늘",30,쉬움,"점심,저녁","맑음,비,눈,더위,추위","봄,여름,가을,겨울",6835996,https://www.10000recipe.com/recipe/6835996,찌개,,,1,,
후다닥 만들어 먹는 볶음밥 그라탕,양식,"양파,옥수수,햄,모짜렐라치즈,밥,양파g,마늘,올리브유,케찹,토마토,소금,후추,바질,물",30,쉬움,"점심,저녁","맑음,비,눈,더위,추위","봄,여름,가을,겨울",6836164,https://www.10000recipe.com/recipe/6836164,양식,,,1,,
버섯간장파스타:낯선 듯 익숙한 맛...폭풍흡입된다;;,양식,"스파게티면,느타리버섯,건표고버섯,양파,마늘,다시마손바닥크기,올리브오일,참기름,간장,국간장이나액젓,소금수북히,참깨",30,쉬움,"점심,저녁","맑음,비,눈,더위,추위","봄,여름,가을,겨울",6836544,https://www.10000recipe.com/recipe/6836544,면/만두,,,1,,
바지락만 있으면 나두 이탈리안요리사!!,양식,"파스타면,바지락,청양고추,통후추,굵은소금,올리브오일,마늘",30,쉬움,"점심,저녁","맑음,비,눈,더위,추위","봄,여름,가을,겨울",6836712,https://www.10000recipe.com/recipe/6836712,양식,,,1,,
크림소스 닭가슴살 스테이크 만들기,양식,"수비드닭가슴살,단호박,새싹채소,버터,다진양파,밀가루,우유,생크림,월계수잎,소금,후춧가루",15,쉬움,"아침,점심,야식","맑음,비,눈,더위,추위","봄,여름,가을,겨울",6837014,https://www.10000recipe.com/recipe/6837014,양식,,,1,,
"집밥백선생 따라하기 _ 추운날 최고, 후루룩후루룩 칼국수 한 그릇",한식,"당근,양파,호박,멸치가루,마늘,대파,간장",10,쉬움,"아침,점심,야식","맑음,비,눈,더위,추위","봄,여름,가을,겨울",6837274,https://www.10000recipe.com/recipe/6837274,면/만두,,,1,,
버섯치즈 오믈렛,양식,"소세지or햄,양파,피망,양송이버섯or새송이버섯,계란,레드와인,토스트,감자,베이컨,소세지,휘핑크림,아메리칸치즈,피자치즈,소금,케찹",30,쉬움,"점심,저녁","맑음,비,눈,더위,추위","봄,여름,가을,겨울",6837575,https://www.10000recipe.com/recipe/6837575,양식,,,1,,
청정원 순창고추장 따라샷 쫄면레시피,한식,"쫄면,콩나물,당근,오이,매실액,식초,간장,고추장,올리고당,참기름,마늘",30,쉬움,"점심,저녁","맑음,비,눈,더위,추위","봄,여름,가을,겨울",6837772,https://www.10000recipe.com/recipe/6837772,면/만두,,,1,,
냉동만두 요리로 만두그라탕 어때요?,양식,"만두,모짜렐라치즈,양파,버섯,파프리카,마늘,파슬리가루",15,쉬움,"아침,점심,야식","맑음,비,눈,더위,추위","봄,여름,가을,겨울",6837934,https://www.10000recipe.com/recipe/6837934,양식,,,1,,
한그릇요리 토마토파스타와 치즈파스타,양식,"면,방울토마토,양파,올리브유,모짜렐라치즈,파슬리가루,소금,후추",30,쉬움,"점심,저녁","맑음,비,눈,더위,추위","봄,여름,가을,겨울",6838170,https://www.10000recipe.com/recipe/6838170,양식,,,1,,
초보주부요리~! 참쉬운 부대찌개!!! 만들었어용,한식,"스팸,소시지,납작어묵,팽이버섯,묵은김치,고추,대파,치즈,라면사리좋아하는면사리,고추장,된장,마늘,후추",30,쉬움,"점심,저녁","맑음,비,눈,더위,추위","봄,여름,가을,겨울",6838257,https://www.10000recipe.com/recipe/6838257,찌개,,,1,,
간편한 냉동만두 요리 : 깐풍만두 만들기!,한식,"냉동만두,대파,양배추,홍고추,간장,식초,올리고당,맛술",10,쉬움,"아침,점심,야식","맑음,비,눈,더위,추위","봄,여름,가을,겨울",6838441,https://www.10000recipe.com/recipe/6838441,면/만두,,,1,,
초간단 아기찜닭 만들기,한식,"닭가슴살,감자,간장,올리고당,통깨,후추,청주",30,쉬움,"점심,저녁","맑음,비,눈,더위,추위","봄,여름,가을,겨울",6838708,https://www.10000recipe.com/recipe/6838708,메인반찬,,,1,,
사과고구마그라탕,양식,"고구마,사과,우유,치즈,파슬리",60,쉬움,저녁,"맑음,비,눈,더위,추위","봄,여름,가을,겨울",6839674,https://www.10000recipe.com/recipe/6839674,양식,,,1,,
"크리스마스, 연어스테이크로 근사하게 ^^",양식,"연어스테이크용,감자,레몬,적양파,토마토생략가능,사워크림,소금,후추,올리브오일",30,쉬움,"점심,저녁","맑음,비,눈,더위,추위","봄,여름,가을,겨울",6839996,https://www.10000recipe.com/recipe/6839996,양식,,,1,,
오늘 뭐먹지 홍합스튜 레시피^^ 화이트와인으로 만드는 홍합스튜 신동엽성시경의 오늘뭐먹지 홍합스튜 만드는법!!!!,한식,"홍합,청양고추,양파,방울토마토,화이트와인,후춧가루,노란파프리카,빨간파프리카",60,쉬움,저녁,"맑음,비,눈,더위,추위","봄,여름,가을,겨울",6840354,https://www.10000recipe.com/recipe/6840354,찌개,,,1,,
[라자냐만들기/라자냐레시피] 오늘 뭐먹지 만두피 라자냐 만들기,양식,"감자,소고기,햄,만두피,마요네즈,피자치즈,양파,후추,소금,올리브오일",60,쉬움,저녁,"맑음,비,눈,더위,추위","봄,여름,가을,겨울",6840466,https://www.10000recipe.com/recipe/6840466,양식,,,1,,
크리스마스엔 집에서 엄마표 바베큐립!,양식,"바베큐립용등갈비,양파,저민생강,청주,통후추,월계수잎,간장,미림,설탕,올리고당,마늘가루,생강가루,후춧가루,훈제파프리카가루",120,쉬움,저녁,"맑음,비,눈,더위,추위","봄,여름,가을,겨울",6840603,https://www.10000recipe.com/recipe/6840603,양식,,,1,,
크리스마스 점심에 해먹은 찹스테이크,양식,"한우등심,마늘,양파,피망,홍파프리카,허브솔트,케챱,허니머스터드,간장,청주,올리고당,물,버터,기름",30,쉬움,"점심,저녁","맑음,비,눈,더위,추위","봄,여름,가을,겨울",6840709,https://www.10000recipe.com/recipe/6840709,양식,,,1,,
집밥백선생 크림소스미트볼^^ 함박스테이크 반죽 남은걸로 만든 간단한 요리!!!,양식,"양송이버섯,청양고추,양파,마늘,소금,후추",30,쉬움,"점심,저녁","맑음,비,눈,더위,추위","봄,여름,가을,겨울",6840741,https://www.10000recipe.com/recipe/6840741,양식,,,1,,
"다이어트,변비에는 취나물밥",한식,"건취나물,쌀,물,참기름,고춧가루,간장,마늘,설탕",30,쉬움,"점심,저녁","맑음,비,눈,더위,추위","봄,여름,가을,겨울",6840877,https://www.10000recipe.com/recipe/6840877,밥/죽/떡,,,1,,
소시지 야채 프리타타,양식,"소시지,양파,파프리카,표고버섯,양송이버섯,시금치,계란,물,소금,올리브유,후추",30,쉬움,"점심,저녁","맑음,비,눈,더위,추위","봄,여름,가을,겨울",6840995,https://www.10000recipe.com/recipe/6840995,양식,,,1,,
오늘 뭐 먹지? 성시경의 '10분 고추장 찌개',한식,"돼지고기목살,감자,양파,애호박,당근,표고버섯,두부,청고추,홍고추,육수,고추장,간장,물엿,마늘",30,쉬움,"점심,저녁","맑음,비,눈,더위,추위","봄,여름,가을,겨울",6841270,https://www.10000recipe.com/recipe/6841270,찌개,,,1,,
신동엽 성시경은 오늘 뭐먹지의 경상도식 무국,한식,"무,콩나물,소고기,표고버섯,양파,대파,청양고추,마늘,간장,소금,후춧가루,고춧가루,참기름",60,쉬움,저녁,"맑음,비,눈,더위,추위","봄,여름,가을,겨울",6841607,https://www.10000recipe.com/recipe/6841607,국/탕,,,1,,
비빔만두 스피드하게 만들기,한식,"냉동만두,양배추,깻잎,고추장,참기름",15,쉬움,"아침,점심,야식","맑음,비,눈,더위,추위","봄,여름,가을,겨울",6841700,https://www.10000recipe.com/recipe/6841700,면/만두,,,1,,
"[황금 레시피] 스카치 에그 만드는 법 - 브런치, 간식, 나들이 음식으로 최고!",양식,"계란,밀가루,빵가루,소시지",30,쉬움,"점심,저녁","맑음,비,눈,더위,추위","봄,여름,가을,겨울",6841763,https://www.10000recipe.com/recipe/6841763,양식,,,1,,
냉장고 탈탈 털어 브런치 만들기! - 냉장고에 남은 재료를 활용한 초간단 브런치 레시피,양식,"식빵,계란,닭고기,소시지,양상추,통,견과류,발사믹드레싱,후추",15,쉬움,"아침,점심,야식","맑음,비,눈,더위,추위","봄,여름,가을,겨울",6841764,https://www.10000recipe.com/recipe/6841764,양식,,,1,,
[찌개] 집밥백선생 백주부표 순두부찌개,한식,"순두부,애호박,느타리버섯,청양고추,쪽파송송,계란,간돼지고기,다진양파,송송썬파,참기름식용유,간마늘,간장,고춧가루,소금,설탕,후추,새우젓",15,쉬움,"아침,점심,야식","맑음,비,눈,더위,추위","봄,여름,가을,겨울",6841978,https://www.10000recipe.com/recipe/6841978,찌개,,,1,,
부채살 스테이크 굽는 법 - 제이미 올리버 따라 하기,양식,"소고기부채살,양파,브로콜리,허브잎깻잎대체가능,마늘,버터마가린대체가능,소금,후추",15,쉬움,"아침,점심,야식","맑음,비,눈,더위,추위","봄,여름,가을,겨울",6842350,https://www.10000recipe.com/recipe/6842350,양식,,,1,,
겨울철 속을 뜨겁게 데워 줄 돼지감자찌개~,한식,"대패삼겹살,감자중간크기,양파작은크기,애호박,청양초,물,고추장,마늘,고춧가루,설탕,간장",30,쉬움,"점심,저녁","맑음,비,눈,더위,추위","봄,여름,가을,겨울",6842387,https://www.10000recipe.com/recipe/6842387,찌개,,,1,,
치즈 함박스테이크,양식,"쇠고기,돼지고기,청양초,계란,밀가루,깻잎,상추,적양배추,피자치즈,깨소금,마늘,참기름,간장",30,보통,"점심,저녁","맑음,비,눈,더위,추위","봄,여름,가을,겨울",6843008,https://www.10000recipe.com/recipe/6843008,양식,,,1,,
오믈렛,양식,"계란,우유,후추,소금,양파,햄,옥수수",15,쉬움,"아침,점심,야식","맑음,비,눈,더위,추위","봄,여름,가을,겨울",6843419,https://www.10000recipe.com/recipe/6843419,양식,,,1,,
소시지 프리타타,양식,"소시지,계란,우유or생크림,양파,소금,파",10,쉬움,"아침,점심,야식","맑음,비,눈,더위,추위","봄,여름,가을,겨울",6843612,https://www.10000recipe.com/recipe/6843612,양식,,,1,,
냉부 레시피@ 오세득의 돼새찌개,한식,"돼지고기,양파,대파,마늘,목이버섯,청양고추,식용유,고춧가루,간장,새우젓",15,쉬움,"아침,점심,야식","맑음,비,눈,더위,추위","봄,여름,가을,겨울",6843669,https://www.10000recipe.com/recipe/6843669,찌개,,,1,,
집에서 즐기는 한우스테이크,양식,"소고기스테이크용,마늘,양파,양송이버섯,우유,후추,감자,호박,아스파라거스",30,쉬움,"점심,저녁","맑음,비,눈,더위,추위","봄,여름,가을,겨울",6843796,https://www.10000recipe.com/recipe/6843796,양식,,,1,,
폭찹 스테이크 :: 부드럽고 달콤한 PORK CHOP STEAK 돼지고기 찹스테이크 만들기,양식,"돼지고기목등심,배,간장,백설탕,올리고당,참기름,통깨,대파,후추,생강,마늘",90,보통,저녁,"맑음,비,눈,더위,추위","봄,여름,가을,겨울",6843799,https://www.10000recipe.com/recipe/6843799,양식,,,1,,
감자 오믈렛 만들기,양식,"감자,계란,방울토마토,베이컨,양파,표고버섯,청고추,케첩,버터,소금,후추,파마산치즈가루",60,쉬움,저녁,"맑음,비,눈,더위,추위","봄,여름,가을,겨울",6843830,https://www.10000recipe.com/recipe/6843830,양식,,,1,,
볼로냐 가지 그라탕,양식,"가지kg,양파,양송이버섯,마늘,버터,소금,후추,헤비크림,설탕,파마산치즈가루,에멘탈치즈가루,바질,밀가루,파슬리",30,쉬움,"점심,저녁","맑음,비,눈,더위,추위","봄,여름,가을,겨울",6843841,https://www.10000recipe.com/recipe/6843841,양식,,,1,,
함박스테이크♡,양식,"소고기,돼지고기,달걀토핑,달걀패티용,빵가루,양파,소금,후추,케찹,물,오일",60,쉬움,저녁,"맑음,비,눈,더위,추위","봄,여름,가을,겨울",6844018,https://www.10000recipe.com/recipe/6844018,양식,,,1,,
[오뚜기 맛있는 볶음밥]치즈 아란치니,양식,"오뚜기맛있는새우볶음밥,계란,밀가루,빵가루,모짜렐라치즈",15,쉬움,"아침,점심,야식","맑음,비,눈,더위,추위","봄,여름,가을,겨울",6844303,https://www.10000recipe.com/recipe/6844303,양식,,,1,,
생크림 없이 만드는 까르보나라! - 플레이팅 법도!,한식,"파스타면,우유,체다치즈,모짜렐라치즈,베이컨,마늘,양송이버섯,양파,청양고추생략가능,애플민트데코용,파슬리가루생략가능,소금,올리브유",10,쉬움,"아침,점심,야식","맑음,비,눈,더위,추위","봄,여름,가을,겨울",6844336,https://www.10000recipe.com/recipe/6844336,면/만두,,,1,,
바다오징어 & 육지삼겹살 만남,한식,"삼겹살,오징어g,고추장,양파,대파,설탕,청주,매실청,들기름or참기름,후추",30,쉬움,"점심,저녁","맑음,비,눈,더위,추위","봄,여름,가을,겨울",6844558,https://www.10000recipe.com/recipe/6844558,찌개,,,1,,
자투리채소의 맛있는 변신~ 토마토소스를 곁들인 [양송이 아스파라거스 오믈렛],양식,"계란,양송이버섯,아스파라거스,치아바타,발사믹크림,통후추,파슬리,오일",10,보통,"아침,점심,야식","맑음,비,눈,더위,추위","봄,여름,가을,겨울",6844740,https://www.10000recipe.com/recipe/6844740,양식,,,1,,
이거먹고 배부를까 호텔식브런치,양식,"계란,우유,베이컨,아스파라거스,소금,올리브유",15,쉬움,"아침,점심,야식","맑음,비,눈,더위,추위","봄,여름,가을,겨울",6844939,https://www.10000recipe.com/recipe/6844939,양식,,,1,,
소주와 찰떡궁합 매운어묵,한식,"어묵,대파,다시육수,고추장,매실액,마늘,고춧가루,다진생강",15,쉬움,"아침,점심,야식","맑음,비,눈,더위,추위","봄,여름,가을,겨울",6844999,https://www.10000recipe.com/recipe/6844999,국/탕,,,1,,
[오븐] 브로콜리 프리타타 만들기,양식,"버터,감자,당근,햄,브로콜리,계란,피자치즈,소금,후추",30,쉬움,"점심,저녁","맑음,비,눈,더위,추위","봄,여름,가을,겨울",6845567,https://www.10000recipe.com/recipe/6845567,양식,,,1,,
감자와 치즈의 환상조합! 간단한데 고급진 해쉬브라운 그라탱,양식,"해쉬브라운냉동감자,올리브유,슈레드모짜렐라치즈,파르메산치즈가루,시금치,마늘,소금,채썬양파,버터,밀가루,후춧가루",30,쉬움,"점심,저녁","맑음,비,눈,더위,추위","봄,여름,가을,겨울",6845906,https://www.10000recipe.com/recipe/6845906,양식,,,1,,
시원하고 깊은 국물맛 대하오징어찌개,한식,"물오징어,대하,무,멸치다시팩,대파,고추장,간장,고춧가루,마늘,소금",60,쉬움,저녁,"맑음,비,눈,더위,추위","봄,여름,가을,겨울",6847062,https://www.10000recipe.com/recipe/6847062,찌개,,,1,,
오늘 뭐먹지 쪽파스테이크♥,양식,"소고기안심,대파,버터,올리브유,스테이크용소금",60,쉬움,저녁,"맑음,비,눈,더위,추위","봄,여름,가을,겨울",6847071,https://www.10000recipe.com/recipe/6847071,양식,,,1,,
평범하지않아 더 특별한 메추리알 쏙! 주먹밥,한식,"밥,졸인메추리알,당근,호박,양파,표고버섯,소금,포도씨유,식초,굵은소금,간장,맛술,올리고당",60,쉬움,저녁,"맑음,비,눈,더위,추위","봄,여름,가을,겨울",6848086,https://www.10000recipe.com/recipe/6848086,밥/죽/떡,,,1,,
영양부추와 방울토마토를 듬뿍넣은 봉골레 파스타,양식,"스파게티면,음용수면삶기,소금면삶기,마늘,바지락,방울토마토,영양부추,화이트와인,건파슬리가루",30,보통,"점심,저녁","맑음,비,눈,더위,추위","봄,여름,가을,겨울",6848472,https://www.10000recipe.com/recipe/6848472,면/만두,,,1,,
굴라쉬(헝가리스프)...고기&모둠야채스튜의 치명적 매력속으로~~*,양식,"장조림용또는스튜용소고기,감자,당근,노란파프리카,빨간파프리카,양송이버섯,양파,호박,통마늘,토마토,버터,닭육수,사골육수,토마토페이스트,병,월계수잎,베트남마른고추,파프리카파우더",90,보통,저녁,"맑음,비,눈,더위,추위","봄,여름,가을,겨울",6848482,https://www.10000recipe.com/recipe/6848482,양식,,,1,,
비엔나 파스타 그라탕,양식,"소세지,펜네,피자치즈,양파,마늘,시금치,올리브유,소금,블랙올리브,파마산치즈가루",60,보통,저녁,"맑음,비,눈,더위,추위","봄,여름,가을,겨울",6848722,https://www.10000recipe.com/recipe/6848722,양식,,,1,,
에그인 헬 만들기,양식,"양파,다진돼지고기,계란,치즈,마늘,물,후추",30,쉬움,"점심,저녁","맑음,비,눈,더위,추위","봄,여름,가을,겨울",6849784,https://www.10000recipe.com/recipe/6849784,양식,,,1,,
백종원 오믈렛 # 토마토 살사 소스,양식,"당근,양파,햄,사각치즈,소금,설탕,계란,토마토,청양고추,식초,레몬즙",30,쉬움,"점심,저녁","맑음,비,눈,더위,추위","봄,여름,가을,겨울",6849827,https://www.10000recipe.com/recipe/6849827,양식,,,1,,
"오징어 순두부찌개,순두부찌개",한식,"순두부,김치볶아서,고추,호박,오징어,파,마늘,간장,소금,후추",30,쉬움,"점심,저녁","맑음,비,눈,더위,추위","봄,여름,가을,겨울",6849889,https://www.10000recipe.com/recipe/6849889,찌개,,,1,,
순두부 스크램블,양식,"순두부,계란,당근,양파,브로콜리,소금",10,쉬움,"아침,점심,야식","맑음,비,눈,더위,추위","봄,여름,가을,겨울",6850688,https://www.10000recipe.com/recipe/6850688,양식,,,1,,
"입맛 없을 때, 김치말이 소면",한식,"소면,깻잎,삶은달걀,김치,고추장,식초,통깨,멸치육수,김치국물,설탕,소금",30,쉬움,"점심,저녁","맑음,비,눈,더위,추위","봄,여름,가을,겨울",6850854,https://www.10000recipe.com/recipe/6850854,면/만두,,,1,,
굴소스로 만든 여름 면요리/굴소스 고기 비빔국수,한식,"소면,소고기,깻잎,백오이,계란,양파,고추장,고춧가루,식초,매실청,마늘,올리고당,참기름,깨",30,쉬움,"점심,저녁","맑음,비,눈,더위,추위","봄,여름,가을,겨울",6851103,https://www.10000recipe.com/recipe/6851103,면/만두,,,1,,
두부 까르보나라~이욱정의 자연담은 한끼 까르보나라 흉내내기~~,한식,"스파게티면,두부,우유ml,계란,표고버섯,파프리카,꽈리고추,올리브유,베이컨,소금,후추,파슬리가루",30,쉬움,"점심,저녁","맑음,비,눈,더위,추위","봄,여름,가을,겨울",6851322,https://www.10000recipe.com/recipe/6851322,면/만두,,,1,,
여름찌개:깻잎순두부찌개,한식,"순두부,양파,애호박,새송이버섯,깻순깻잎,참기름식용유,고춧가루,마늘,새우젓,쌀뜨물,대파,청양고추,계란선택",15,쉬움,"아침,점심,야식","맑음,비,눈,더위,추위","봄,여름,가을,겨울",6851460,https://www.10000recipe.com/recipe/6851460,찌개,,,1,,
"감자요리, 스위스식 감자전 ::뢰스티:: 만들기",양식,"감자,계란,베이컨,치즈가루,소금",30,보통,"점심,저녁","맑음,비,눈,더위,추위","봄,여름,가을,겨울",6851532,https://www.10000recipe.com/recipe/6851532,양식,,,1,,
마늘닭가슴살 볶음밥 한그릇요리,한식,"닭가슴살,대파,청량고추,마늘,현미밥",15,쉬움,"아침,점심,야식","맑음,비,눈,더위,추위","봄,여름,가을,겨울",6851642,https://www.10000recipe.com/recipe/6851642,밥/죽/떡,,,1,,
매콤어묵우동 - 혼밥 점심은 간단하고 푸짐히~캠핑요리로도 굿!,일식,"우동사리,어묵,콩나물,대파,계란,크래미",30,쉬움,"점심,저녁","맑음,비,눈,더위,추위","봄,여름,가을,겨울",6851723,https://www.10000recipe.com/recipe/6851723,면/만두,,,1,,
노릇노릇 감자그라탕,양식,"감자큰거,생크림,마늘,버터나식물성오일,소금,후추가루,모짜렐라치즈",30,쉬움,"점심,저녁","맑음,비,눈,더위,추위","봄,여름,가을,겨울",6852181,https://www.10000recipe.com/recipe/6852181,양식,,,1,,
가지 핑거푸드...에피타이저 & 손님접대,양식,"큰가지,소고기다짐육,양파,새송이버섯,당근,호박,데친토마토,간장,마늘,찹쌀가루,올리브오일,후추",30,쉬움,"점심,저녁","맑음,비,눈,더위,추위","봄,여름,가을,겨울",6852230,https://www.10000recipe.com/recipe/6852230,양식,,,1,,
매콤 담백한 초간단 상하이파스타,양식,"스파게티면,새우,청경채,파프리카,표고버섯,통마늘,마늘,청주,소금",30,쉬움,"점심,저녁","맑음,비,눈,더위,추위","봄,여름,가을,겨울",6852510,https://www.10000recipe.com/recipe/6852510,면/만두,,,1,,
"등갈비요리, 레스토랑 안부러운 등갈비바베큐 만들기",양식,"등갈비이베리코돼지사용,마늘,생강,대파,통후추,월계수잎,고추장,간장,물엿,식초,다진생강,정종,두반장,설탕",60,보통,저녁,"맑음,비,눈,더위,추위","봄,여름,가을,겨울",6852521,https://www.10000recipe.com/recipe/6852521,양식,,,1,,
자몽 샐러드 파스타,양식,"자몽,양파,토마토,베이컨,올리브유,파스타",30,쉬움,"점심,저녁","맑음,비,눈,더위,추위","봄,여름,가을,겨울",6852632,https://www.10000recipe.com/recipe/6852632,면/만두,,,1,,
코스트코 마스코트를 집에서 맛보다! 불고기 베이크,양식,"또띠아,불고기,피자치즈,계란,다진양파,다진피클,케찹,머스타드",30,쉬움,"점심,저녁","맑음,비,눈,더위,추위","봄,여름,가을,겨울",6852721,https://www.10000recipe.com/recipe/6852721,양식,,,1,,
순두부찌개 만드는법 [요리다나와],한식,"순두부,두부,바지락,대파,계란,청양고추or홍고추,멸치육수,참기름,고춧가루,돼지고기,마늘,간장,소금",30,보통,"점심,저녁","맑음,비,눈,더위,추위","봄,여름,가을,겨울",6852975,https://www.10000recipe.com/recipe/6852975,찌개,,,1,,
아기반찬 9개월도 먹을 수 있는 감자파스타,양식,"감자,당근,양파,치즈,쌀국수면,두부,계란,물",30,쉬움,"점심,저녁","맑음,비,눈,더위,추위","봄,여름,가을,겨울",6853075,https://www.10000recipe.com/recipe/6853075,면/만두,,,1,,
<오이파프리카냉국> 남은파프리카 활용법~ 5분만에 뚝딱 완성,한식,"백오이,양파작은사이즈,홍파프리카,노란파프리카,각얼음,소금,설탕,식초,통깨",15,쉬움,"아침,점심,야식","맑음,비,눈,더위,추위","봄,여름,가을,겨울",6853412,https://www.10000recipe.com/recipe/6853412,국/탕,,,1,,
돼지고기 함박스테이크 만드는법! 4000원으로 외식분위기 내기~*,양식,"돼지고기다짐육,두부,양파,계란,마늘,빵가루,소주,후추,소금,케찹,올리고당,맛술",60,쉬움,저녁,"맑음,비,눈,더위,추위","봄,여름,가을,겨울",6854018,https://www.10000recipe.com/recipe/6854018,양식,,,1,,
"시판 냉면육수와 닭가슴살 캔으로 만든 초간단 초계탕입니다. 초계탕 불 없이 만들기, 초계탕",한식,"채썬채소,닭가슴살캔,냉면육수,식초,매실,마늘,연겨자,소금,갈은깨",30,쉬움,"점심,저녁","맑음,비,눈,더위,추위","봄,여름,가을,겨울",6854134,https://www.10000recipe.com/recipe/6854134,국/탕,,,1,,
[삼시세끼 고창편] 청국장 # 차승원 청국장 만들기,한식,"청국장,무,양파,애호박,고춧가루,파,청양고추,두부",30,쉬움,"점심,저녁","맑음,비,눈,더위,추위","봄,여름,가을,겨울",6854520,https://www.10000recipe.com/recipe/6854520,찌개,,,1,,
까수엘라만들기-집밥 백선생의 만능오일,양식,"새우,오징어몸통,양송이버섯,만능오일,올리브오일,소금",30,쉬움,"점심,저녁","맑음,비,눈,더위,추위","봄,여름,가을,겨울",6855100,https://www.10000recipe.com/recipe/6855100,양식,,,1,,
신라면볶이 스크램블,양식,"신라면,라면스프,양파,계란,우유,다시마,멸치,고추장,물엿,소금,케찹,간장",5,보통,"아침,점심,야식","맑음,비,눈,더위,추위","봄,여름,가을,겨울",6855916,https://www.10000recipe.com/recipe/6855916,양식,,,1,,
케찹요리 해투야간매점 '오호라만두레시피' 야식메뉴로 딱!,한식,"냉동만두,케찹,피자치즈,파슬리",30,쉬움,"점심,저녁","맑음,비,눈,더위,추위","봄,여름,가을,겨울",6857627,https://www.10000recipe.com/recipe/6857627,면/만두,,,1,,
주말에는 고급지게 바베큐립,양식,"등갈비,물,통후추,대파파란잎,청주,감자,소금,후춧가루,버터,토마토케찹,레드와인or포도주스",60,쉬움,저녁,"맑음,비,눈,더위,추위","봄,여름,가을,겨울",6857696,https://www.10000recipe.com/recipe/6857696,양식,,,1,,
뚝배기 까수엘라 감바스알아히요 만들기,양식,"중하새우,대추토마토,마늘,올리브유,페페론치노,스테이크시즈닝솔트,이탈리안시즈닝,라임즙,건조파슬리,후추",30,쉬움,"점심,저녁","맑음,비,눈,더위,추위","봄,여름,가을,겨울",6858006,https://www.10000recipe.com/recipe/6858006,양식,,,1,,
브런치 레시피 #감자베이컨 브런치,양식,"감자,베이컨,계란,치즈,양파,파,소금,후추",10,쉬움,"아침,점심,야식","맑음,비,눈,더위,추위","봄,여름,가을,겨울",6858722,https://www.10000recipe.com/recipe/6858722,양식,,,1,,
버섯과 유부의 극강 케미!! 쫄깃쫄깃 식감 좋고 고소한 버섯 유부밥,한식,"초밥용유부,생표고버섯,양송이,불린잡곡,베이비채소,들기름,다시마우린물,간장,고춧가루,다시마물,맛술,청양고추,대파,마늘,참기름,통깨",30,쉬움,"점심,저녁","맑음,비,눈,더위,추위","봄,여름,가을,겨울",6858811,https://www.10000recipe.com/recipe/6858811,밥/죽/떡,,,1,,
"프리타타, 자투리채소와 스팸 넣은 고소한 프리타타",양식,"피망,새송이버섯,양파,스팸,체다치즈,버터,맛소금,마늘,후추,계란,우유",30,쉬움,"점심,저녁","맑음,비,눈,더위,추위","봄,여름,가을,겨울",6858844,https://www.10000recipe.com/recipe/6858844,양식,,,1,,
바삭 쫄깃한 식감이 식욕을 팍팍 돋우는 베트남식 튀김만두!,한식,"돼지고기다짐육,칵테일새우,당면g,다진양파,부추,계란,라이스페이퍼,청주,후추,마늘,간장",30,쉬움,"점심,저녁","맑음,비,눈,더위,추위","봄,여름,가을,겨울",6859203,https://www.10000recipe.com/recipe/6859203,면/만두,,,1,,
직접 만드는 이탈리안 음식 백종원 홍합스튜,한식,"홍합,토마토,셀러리,올리브유,마늘,페페론치노또는청양고추,양파,화이트와인,물,토마토케찹,설탕,소금",30,쉬움,"점심,저녁","맑음,비,눈,더위,추위","봄,여름,가을,겨울",6859434,https://www.10000recipe.com/recipe/6859434,찌개,,,1,,
노오븐 가능 팁도 공개~[옥수수 그라탕],양식,"옥수수캔,모짜렐라치즈",30,쉬움,"점심,저녁","맑음,비,눈,더위,추위","봄,여름,가을,겨울",6859653,https://www.10000recipe.com/recipe/6859653,양식,,,1,,
너에게 반했다 라자냐 ♥,양식,"라자냐,양파,양송이버섯,당근,단호박,버터,밀가루,모짜렐라치즈",30,보통,"점심,저녁","맑음,비,눈,더위,추위","봄,여름,가을,겨울",6859685,https://www.10000recipe.com/recipe/6859685,양식,,,1,,
고구마콘치즈만두,한식,"삶은고구마,콘옥수수,모짜렐라치즈,우유,만두피,올리고당",10,쉬움,"아침,점심,야식","맑음,비,눈,더위,추위","봄,여름,가을,겨울",6860173,https://www.10000recipe.com/recipe/6860173,면/만두,,,1,,
반구마그라탕,양식,"삶은고구마,김치,크림치즈,콘옥수수,피자치즈,올리고당,우유",10,쉬움,"아침,점심,야식","맑음,비,눈,더위,추위","봄,여름,가을,겨울",6860352,https://www.10000recipe.com/recipe/6860352,양식,,,1,,
노르웨이 연어로 만드는 특별한 레시피 - 연어 스테이크 with 쿠스쿠스 샐러드,양식,"노르웨이생연어필렛,레몬,라임,쿠스쿠스,버터,완두콩,적색양파,베이비채소,올리브유,소금,후추",60,보통,저녁,"맑음,비,눈,더위,추위","봄,여름,가을,겨울",6860467,https://www.10000recipe.com/recipe/6860467,양식,,,1,,
햄치즈순두부찌개 - 식당에서 먹던 그 순두부찌개,한식,"순두부,스팸작은사이즈,프랑크소시지,김치,멸치육수,대파,피자치즈,고춧가루,식용유,참치액",60,쉬움,저녁,"맑음,비,눈,더위,추위","봄,여름,가을,겨울",6860697,https://www.10000recipe.com/recipe/6860697,찌개,,,1,,
피자 만두,한식,"모짜렐라치즈,파슬리가루",5,쉬움,"아침,점심,야식","맑음,비,눈,더위,추위","봄,여름,가을,겨울",6861004,https://www.10000recipe.com/recipe/6861004,면/만두,,,1,,
데리야끼소스 베이스로 만든 마늘목살 찹스테이크,양식,"돼지고기목살,양파,마늘,맛술,간장,파,통깨,후추",60,쉬움,저녁,"맑음,비,눈,더위,추위","봄,여름,가을,겨울",6861719,https://www.10000recipe.com/recipe/6861719,양식,,,1,,
칼칼한 불고기 뚝배기 크림 파스타,양식,"파스타면,청양고추g,표고버섯,마늘g,실파g,올리브유,소금,후춧가루,휘핑크림,우유,물,파마산치즈가루,돼지고기불고기,갈아만든배음료,간장,마늘,대파,물엿,깨,참기름,맛술",30,쉬움,"점심,저녁","맑음,비,눈,더위,추위","봄,여름,가을,겨울",6861721,https://www.10000recipe.com/recipe/6861721,면/만두,,,1,,
굴 크림스튜,한식,"굴,닭다리살,감자,당근,양파,양송이버섯,브로콜리,생크림,후추,버터,백설밀가루,우유,물",30,보통,"점심,저녁","맑음,비,눈,더위,추위","봄,여름,가을,겨울",6862317,https://www.10000recipe.com/recipe/6862317,찌개,,,1,,
고추장골뱅이찌개,한식,"골뱅이작은캔,감자,양파,두부,애호박,대파,청양고추,새송이버섯,고추장,간장,마늘,고춧가루,멸치다시마육수,골뱅이국물",30,쉬움,"점심,저녁","맑음,비,눈,더위,추위","봄,여름,가을,겨울",6862627,https://www.10000recipe.com/recipe/6862627,찌개,,,1,,
삼삼(蔘蔘)한 삼계 영양찜,한식,"인삼약g,닭가슴살약g,대파흰부분,마늘,대추,건표고버섯,소금,간장,설탕,참기름,후춧가루,감자전분가루",30,쉬움,"점심,저녁","맑음,비,눈,더위,추위","봄,여름,가을,겨울",6862683,https://www.10000recipe.com/recipe/6862683,메인반찬,,,1,,
짬타이,한식,"진짬뽕,견과류,계란,숙주나물,설탕,까나리액젓,대파",15,쉬움,"아침,점심,야식","맑음,비,눈,더위,추위","봄,여름,가을,겨울",6863112,https://www.10000recipe.com/recipe/6863112,면/만두,,,1,,
연어통조림 요리![연어 오믈렛],양식,"계란,우유,슬라이스치즈,그릭요거트,연어통조림,새싹채소,영양부추,버터,소금,발사믹글레이즈",30,쉬움,"점심,저녁","맑음,비,눈,더위,추위","봄,여름,가을,겨울",6863206,https://www.10000recipe.com/recipe/6863206,양식,,,1,,
'내맘대로 요리' 삼겹살 플레이트 / 냉장고를 부탁해 정창욱셰프의 삼겹살플레이트,한식,"삼겹살,양파,마늘,허브맛솔트,버터,양배추,간장,매실액,올리고당,커피가루",15,쉬움,"아침,점심,야식","맑음,비,눈,더위,추위","봄,여름,가을,겨울",6863904,https://www.10000recipe.com/recipe/6863904,밥/죽/떡,,,1,,
"집들이, 신년모임으로 간단하게 만들고 맛있게 먹을 수 있는 간바스 알 아히료 레시피",양식,"칵테일새우g,마늘,올리브유,통,소금,통후추,월개수잎,베트남고추",60,쉬움,저녁,"맑음,비,눈,더위,추위","봄,여름,가을,겨울",6864110,https://www.10000recipe.com/recipe/6864110,양식,,,1,,
완전 쉬운데 맛있는 찹스테이크,양식,"소고기등심,피망,양파중간크기,양배추양파만큼,간장,버터,발사믹식초,간마늘,후추",30,쉬움,"점심,저녁","맑음,비,눈,더위,추위","봄,여름,가을,겨울",6864216,https://www.10000recipe.com/recipe/6864216,양식,,,1,,
"감자뇨끼, 한국풍으로 느끼하지 않게",한식,"큰감자,밀가루,표고버섯,소고기등심,시금치,청양고추,사각치즈,버터,올리브오일,생크림,우유,마늘,소금,후추,고춧가루",90,보통,저녁,"맑음,비,눈,더위,추위","봄,여름,가을,겨울",6864637,https://www.10000recipe.com/recipe/6864637,면/만두,,,1,,
국물이 구수한 홍합 시레기찌게,한식,"시레기,말린홍합,들깨가루,된장,멸치육수,마늘,대파,생강즙",30,쉬움,"점심,저녁","맑음,비,눈,더위,추위","봄,여름,가을,겨울",6864670,https://www.10000recipe.com/recipe/6864670,찌개,,,1,,
"수제 초콜릿 만들기, 딸기퐁듀 ♡",양식,"딸기,화이트초콜릿,초코펜",5,쉬움,"아침,점심,야식","맑음,비,눈,더위,추위","봄,여름,가을,겨울",6864941,https://www.10000recipe.com/recipe/6864941,양식,,,1,,
오븐없이 딸기오믈렛만들기,양식,"핫케이크가루,계란,우유,플레인요거트,생크림,설탕,딸기,슈가파우더,얼음",120,쉬움,저녁,"맑음,비,눈,더위,추위","봄,여름,가을,겨울",6865257,https://www.10000recipe.com/recipe/6865257,양식,,,1,,
치즈가 주르륵☆ 치즈스틱 버전 up↑ 치즈 롤까스!,양식,"돼지고기등심,밀가루,계란,빵가루,스트링치즈,소금,후추",30,쉬움,"점심,저녁","맑음,비,눈,더위,추위","봄,여름,가을,겨울",6865550,https://www.10000recipe.com/recipe/6865550,양식,,,1,,
베이컨 김치 스파게티,한식,"베이컨줄,대파,김치,포기,간장,우유ml,버터,스파게티면",15,쉬움,"아침,점심,야식","맑음,비,눈,더위,추위","봄,여름,가을,겨울",6866413,https://www.10000recipe.com/recipe/6866413,면/만두,,,1,,
아빠의 주말요리 : 강남역맛집 고에몬 수플레오믈렛이 우리집에!!,양식,"햇반,베이컨,버섯,양파,마늘,우유,소금,후추,슬라이스치즈,계란,명란젓,대파",30,쉬움,"점심,저녁","맑음,비,눈,더위,추위","봄,여름,가을,겨울",6867094,https://www.10000recipe.com/recipe/6867094,양식,,,1,,
"초간단 감바스 알 아히요, 폼나는 새우요리",양식,"새우,마늘,홍고추,올리브오일,바질가루,빵",15,쉬움,"아침,점심,야식","맑음,비,눈,더위,추위","봄,여름,가을,겨울",6867208,https://www.10000recipe.com/recipe/6867208,양식,,,1,,
고등어 데리야끼 초밥으로 맛과 영양을 한번에,일식,"노르웨이고등어필렛,밥,생강,전분,간장,올리고당,설탕,마늘,물",60,쉬움,저녁,"맑음,비,눈,더위,추위","봄,여름,가을,겨울",6867321,https://www.10000recipe.com/recipe/6867321,밥/죽/떡,,,1,,
상큼터지는 핑거푸드 브루스케타(Bruschetta),양식,"토마토,양파,바게뜨또는식빵,바질가루,올리브유,레몬즙또는식초,설탕",15,쉬움,"아침,점심,야식","맑음,비,눈,더위,추위","봄,여름,가을,겨울",6867769,https://www.10000recipe.com/recipe/6867769,양식,,,1,,
"<신혼요리> 시금치된장국 끓이기! /시금치요리, 맛있는 국끓이기/ 건강식단",한식,"시금치,단,양파,대파,된장,간장",15,쉬움,"아침,점심,야식","맑음,비,눈,더위,추위","봄,여름,가을,겨울",6867868,https://www.10000recipe.com/recipe/6867868,국/탕,,,1,,
감바스알하이오 간단하게 만들기,양식,"중하,바게트,올리브오일,페페론치노,마늘",10,쉬움,"아침,점심,야식","맑음,비,눈,더위,추위","봄,여름,가을,겨울",6867954,https://www.10000recipe.com/recipe/6867954,양식,,,1,,
김치볶음밥 스카치에그 만들기,양식,"김치,밥,베이컨,계란,고추장,식용유,소금,설탕,밀가루,간장",15,쉬움,"아침,점심,야식","맑음,비,눈,더위,추위","봄,여름,가을,겨울",6868145,https://www.10000recipe.com/recipe/6868145,양식,,,1,,
만두 그라탱 전자레인지로 만드는 간식요리~,양식,"교자만두냉동,빵가루,모짜렐라치즈,양파,피망,홍고추,버터,파슬리가루,케첩,설탕",15,쉬움,"아침,점심,야식","맑음,비,눈,더위,추위","봄,여름,가을,겨울",6868664,https://www.10000recipe.com/recipe/6868664,양식,,,1,,
후각자극으로 냄새로 먼저 먹는 카레볶음밥❤,한식,"밥,마일드스팸,양파,파,올리브오일,카레가루",15,쉬움,"아침,점심,야식","맑음,비,눈,더위,추위","봄,여름,가을,겨울",6869358,https://www.10000recipe.com/recipe/6869358,밥/죽/떡,,,1,,
부드럽고 맛있는 소고기 찹스테이크,양식,"한우등심,양파,고추,대파,통마늘,생강,올리브유,빨간파프리카,주황파프리카,노란파프리카,케찹,발사믹식초,화이트와인,올리고당,후추",15,쉬움,"아침,점심,야식","맑음,비,눈,더위,추위","봄,여름,가을,겨울",6869518,https://www.10000recipe.com/recipe/6869518,양식,,,1,,
빵가루로 튀긴 메추리알 떡꼬치 아이 간식으로 좋아요,한식,"삶은메추리알,소세지,떡볶이떡,중력분g,계란,식빵,케첩,고추장,올리고당,간장,매실액,마늘,설탕",30,쉬움,"점심,저녁","맑음,비,눈,더위,추위","봄,여름,가을,겨울",6869700,https://www.10000recipe.com/recipe/6869700,밥/죽/떡,,,1,,
핵파게티,한식,"불닭볶음면,스파게티,소시지,치즈",30,쉬움,"점심,저녁","맑음,비,눈,더위,추위","봄,여름,가을,겨울",6870564,https://www.10000recipe.com/recipe/6870564,면/만두,,,1,,
냉동만두의 색다른 변신2탄 초간단 크림만두,한식,"냉동만두,양송이,생새우살,우유,슬라이스치즈,마늘,후추",10,쉬움,"아침,점심,야식","맑음,비,눈,더위,추위","봄,여름,가을,겨울",6870865,https://www.10000recipe.com/recipe/6870865,면/만두,,,1,,
"불고기로 만드는 예쁘고 쉬운 요리! 불고기 또띠아 컵,",한식,"불고기,또띠아,모짜렐라치즈",30,쉬움,"점심,저녁","맑음,비,눈,더위,추위","봄,여름,가을,겨울",6870953,https://www.10000recipe.com/recipe/6870953,,,,1,,
집에서 부담없이 즐기는 스테이크.,양식,"소고기스테이크용,새송이버섯,방울토마토,브로콜리,올리브오일,페퍼솔트,버터",30,쉬움,"점심,저녁","맑음,비,눈,더위,추위","봄,여름,가을,겨울",6871244,https://www.10000recipe.com/recipe/6871244,양식,,,1,,
베이컨 볶음라면~*,한식,"라면,베이컨,숙주,땡초,홍고추,작은대파,올리고당,마늘",15,쉬움,"아침,점심,야식","맑음,비,눈,더위,추위","봄,여름,가을,겨울",6871268,https://www.10000recipe.com/recipe/6871268,면/만두,,,1,,
집에서 즐기는 브런치 / 홈 브런치 만들기,양식,"계란,양파,감자,베이컨한팩,아스파라거스,소금,후추,우유,양상추,양송이버섯,로즈마리",60,쉬움,저녁,"맑음,비,눈,더위,추위","봄,여름,가을,겨울",6871301,https://www.10000recipe.com/recipe/6871301,양식,,,1,,
도시락 한입쌈밥,한식,"계란,베이컨,밥,소금,깨,케일,양배추,식용유,돼지고기다짐육,대파,뿌리,맛술,된장,고추장,고춧가루,설탕,참기름,마늘",30,쉬움,"점심,저녁","맑음,비,눈,더위,추위","봄,여름,가을,겨울",6871348,https://www.10000recipe.com/recipe/6871348,밥/죽/떡,,,1,,
핫바동,한식,"즉석밥,양파,계란,물,핫바,간장,설탕,오일",30,쉬움,"점심,저녁","맑음,비,눈,더위,추위","봄,여름,가을,겨울",6871590,https://www.10000recipe.com/recipe/6871590,밥/죽/떡,,,1,,
일본식 냉라면 '히야시츄카' 만들기,한식,"샌드위치햄,계란,오이,토마토또는방울토마토개,중면,통깨,꿀,식초,물,간장,참기름,대파",30,쉬움,"점심,저녁","맑음,비,눈,더위,추위","봄,여름,가을,겨울",6871954,https://www.10000recipe.com/recipe/6871954,면/만두,,,1,,
투움바 파스타,양식,"페투피치면,양송이버섯,양파,생크림,대파,간장,우유,새우,간마늘,소금,후추,고춧가루,레몬즙",30,쉬움,"점심,저녁","맑음,비,눈,더위,추위","봄,여름,가을,겨울",6872601,https://www.10000recipe.com/recipe/6872601,면/만두,,,1,,
"여름철 콩국수를 대체할 m.p.c(milk,potato,cheese)냉파스타",양식,"우유,감자,슬라이스치즈",30,쉬움,"점심,저녁","맑음,비,눈,더위,추위","봄,여름,가을,겨울",6872807,https://www.10000recipe.com/recipe/6872807,면/만두,,,1,,
굴 소스 넣어 만드는 '중국식 볼로네제 스파게티',한식,"파스타면,쇠고기다짐육,양파,마늘,맛술,치킨스탁,간장,참기름,후춧가루,냉동완두콩,녹말물녹말가루TS물TS,소금,식용유",30,쉬움,"점심,저녁","맑음,비,눈,더위,추위","봄,여름,가을,겨울",6872896,https://www.10000recipe.com/recipe/6872896,면/만두,,,1,,
【찹스테이크 만들기】,양식,"소고기,양파,풋고추,올리브유,후추,마늘,소금,우스터,물엿,케찹",15,쉬움,"아침,점심,야식","맑음,비,눈,더위,추위","봄,여름,가을,겨울",6872903,https://www.10000recipe.com/recipe/6872903,양식,,,1,,
칼라마타올리브를 활용한 감바스,양식,"올리브유,소금,통후추,라임,통마늘,페페로치노,새우,타임,월계수잎,방울토마토",15,쉬움,"아침,점심,야식","맑음,비,눈,더위,추위","봄,여름,가을,겨울",6873014,https://www.10000recipe.com/recipe/6873014,양식,,,1,,
돼지고기 치즈 만두,한식,"돼지고기,치즈,소금,후추,마늘,올리브유,만두피,파슬리",15,쉬움,"아침,점심,야식","맑음,비,눈,더위,추위","봄,여름,가을,겨울",6873078,https://www.10000recipe.com/recipe/6873078,면/만두,,,1,,
간단한데 핵맛있는 시금치 베이컨 크림 우동 만들기!!,일식,"올리브유,마늘,베이컨,버섯,시금치,소금,후추,생크림,간장,우동사리",15,쉬움,"아침,점심,야식","맑음,비,눈,더위,추위","봄,여름,가을,겨울",6873348,https://www.10000recipe.com/recipe/6873348,면/만두,,,1,,
불없이 뚝딱 만드는 오이크래미롤~,한식,"오이,크래미맛살,밥,검은깨,마요네즈,머스터드,후추,굵은소금,꽃소금,식초,설탕",30,쉬움,"점심,저녁","맑음,비,눈,더위,추위","봄,여름,가을,겨울",6873376,https://www.10000recipe.com/recipe/6873376,밥/죽/떡,,,1,,
초간단 스크랜볼 만들기♡,양식,"계란,우유,소금작은",5,쉬움,"아침,점심,야식","맑음,비,눈,더위,추위","봄,여름,가을,겨울",6873502,https://www.10000recipe.com/recipe/6873502,양식,,,1,,
저칼로리 닭가슴살 크림 리조또,한식,"두유,꼬꼬빌닭가슴살g,마늘,양파,양송이버섯,체다치즈",15,쉬움,"아침,점심,야식","맑음,비,눈,더위,추위","봄,여름,가을,겨울",6873596,https://www.10000recipe.com/recipe/6873596,밥/죽/떡,,,1,,
채식 라따뚜이,양식,"애호박,토마토,양파,가지,감자,홀토마토캔,바질페이스트,토마토페이스트,바질오일,바질식초레몬으로대체가능,페코리노치즈,후추가루",60,보통,저녁,"맑음,비,눈,더위,추위","봄,여름,가을,겨울",6873771,https://www.10000recipe.com/recipe/6873771,양식,,,1,,
일본식 모찌 스타일 두부로 만드는 두부떡!,한식,"연두부,전분가루,설탕,꿀,콩가루",90,쉬움,저녁,"맑음,비,눈,더위,추위","봄,여름,가을,겨울",6873847,https://www.10000recipe.com/recipe/6873847,밥/죽/떡,,,1,,
백선생 감자짜글이 ~,한식,"감자중간크기,스팸큰거g,양파중간크기,대파,청양고추,고추장,된장,고춧가루,간장,설탕,마늘",30,쉬움,"점심,저녁","맑음,비,눈,더위,추위","봄,여름,가을,겨울",6873968,https://www.10000recipe.com/recipe/6873968,찌개,,,1,,
치즈 들어간 토마토 에그 스크램블 만들기,양식,"계란,토마토,치즈,대파,맛소금,버터",15,쉬움,"아침,점심,야식","맑음,비,눈,더위,추위","봄,여름,가을,겨울",6874023,https://www.10000recipe.com/recipe/6874023,양식,,,1,,
간단 저녁 반찬-캔꽁치 김치말이찌개~,한식,"꽁치통조림,김장김치길게,두부g,대파cm정도,손질한국물용멸치,다시마,고춧가루,마늘",60,쉬움,저녁,"맑음,비,눈,더위,추위","봄,여름,가을,겨울",6874094,https://www.10000recipe.com/recipe/6874094,찌개,,,1,,
비건 포두부 파스타,양식,"포두부,봉지,대추토마토,느타리버섯,브로콜리,레몬,토판염천일염,후추가루캄폿흑후추,생바질,바질오일",15,쉬움,"아침,점심,야식","맑음,비,눈,더위,추위","봄,여름,가을,겨울",6874477,https://www.10000recipe.com/recipe/6874477,면/만두,,,1,,
[은식당]참나물차돌박이비빔국수,한식,"참나물,깻잎,양파,소면원동전크기,미림,간장,고추장,설탕,사과식초,사이다,후추,참기름",15,쉬움,"아침,점심,야식","맑음,비,눈,더위,추위","봄,여름,가을,겨울",6874561,https://www.10000recipe.com/recipe/6874561,면/만두,,,1,,
라따뚜이,양식,"가지,호박,토마토,병,양파소,올리브오일,파마산치즈,모짜렐라치즈",30,쉬움,"점심,저녁","맑음,비,눈,더위,추위","봄,여름,가을,겨울",6874798,https://www.10000recipe.com/recipe/6874798,양식,,,1,,
클라우드에그 폭신폭신한 계란요리 만들어볼까요 :-),양식,"계란,후추,소금",10,쉬움,"아침,점심,야식","맑음,비,눈,더위,추위","봄,여름,가을,겨울",6875443,https://www.10000recipe.com/recipe/6875443,양식,,,1,,
감자 소세지 크림스튜(크림스프),한식,"감자중간크기,큰비엔나소세지,양파작은거,표고버섯,우유,올리브오일,파마산치즈가루",30,쉬움,"점심,저녁","맑음,비,눈,더위,추위","봄,여름,가을,겨울",6875947,https://www.10000recipe.com/recipe/6875947,찌개,,,1,,
인기메뉴 백종원 닭볶음탕 쉬운레시피,한식,"닭,양파,설탕,마늘,간장,고춧가루,대파,감자",15,쉬움,"아침,점심,야식","맑음,비,눈,더위,추위","봄,여름,가을,겨울",6875961,https://www.10000recipe.com/recipe/6875961,국/탕,,,1,,
막장이라고 들어봤나!? 레알 존맛! 차돌막장찌개,한식,"차돌박이,양배추,양파,두부,대파,청양고추,물",30,쉬움,"점심,저녁","맑음,비,눈,더위,추위","봄,여름,가을,겨울",6876122,https://www.10000recipe.com/recipe/6876122,찌개,,,1,,
차돌박이된장찌개! 뜨끈한 찌개요리 (국물요리),한식,"차돌박이,된장가감,고춧가루,감자작,양파,두부,대파,애호박,청양고추,청양홍고추,들기름,마늘",60,쉬움,저녁,"맑음,비,눈,더위,추위","봄,여름,가을,겨울",6876364,https://www.10000recipe.com/recipe/6876364,찌개,,,1,,
전자렌지로 만드는 가지라자냐 만드는법,양식,"가지,파프리카,양파,마늘,다진돼지고기,피자치즈",30,쉬움,"점심,저녁","맑음,비,눈,더위,추위","봄,여름,가을,겨울",6876554,https://www.10000recipe.com/recipe/6876554,양식,,,1,,
저녁 메뉴-고기반 김치반 김치찌개,한식,"돼지고기찌개용,묵은지,물,고춧가루,식용유,마늘,참치진국,대파,소금,맛술",60,쉬움,저녁,"맑음,비,눈,더위,추위","봄,여름,가을,겨울",6876880,https://www.10000recipe.com/recipe/6876880,찌개,,,1,,
집밥 백선생의 그레이비소스활용 요리! 새우그라탕,양식,"간소고기,스틱형버터,밀가루,감자,양파,물,우유,냉동새우,밥,모짜렐라치즈,체다치즈,소금,후춧가루",30,쉬움,"점심,저녁","맑음,비,눈,더위,추위","봄,여름,가을,겨울",6876894,https://www.10000recipe.com/recipe/6876894,양식,,,1,,
굴소스 곤약 볶음면,한식,"실곤약,마늘,파,애호박,어묵,부추,계란,기름",15,쉬움,"아침,점심,야식","맑음,비,눈,더위,추위","봄,여름,가을,겨울",6876914,https://www.10000recipe.com/recipe/6876914,면/만두,,,1,,
영화속요리 12탄 로맨틱레시피 속 오믈렛,양식,"계란,소금,우유,식용유,대파,양파",15,쉬움,"아침,점심,야식","맑음,비,눈,더위,추위","봄,여름,가을,겨울",6877245,https://www.10000recipe.com/recipe/6877245,양식,,,1,,
꽈리고추 짜박이 집밥 백선생 간단 레시피 저도 한번 만들어 보았어요,한식,"꽈리고추,청양고추,홍고추,마늘,대파,새우젓,액젓,들기름",5,쉬움,"아침,점심,야식","맑음,비,눈,더위,추위","봄,여름,가을,겨울",6877356,https://www.10000recipe.com/recipe/6877356,찌개,,,1,,
영화속요리 15탄 매트릭스 속 스테이크,양식,"등심,카놀라유고기가잠길만큼,허브솔트,후추,편마늘,버터",15,쉬움,"아침,점심,야식","맑음,비,눈,더위,추위","봄,여름,가을,겨울",6878066,https://www.10000recipe.com/recipe/6878066,양식,,,1,,
국물보다 건더기~ 호박 두부찌개,한식,"둥근애호박,두부,대파,마늘,참기름,식용유,고춧가루,국거리소고기,간장,다시마멸치육수",30,쉬움,"점심,저녁","맑음,비,눈,더위,추위","봄,여름,가을,겨울",6878384,https://www.10000recipe.com/recipe/6878384,찌개,,,1,,
한우볶음면,한식,"한우구이용,양파,파,우동면,떡국떡,간장,설탕,올리고당,마늘,전분가루",15,쉬움,"아침,점심,야식","맑음,비,눈,더위,추위","봄,여름,가을,겨울",6878909,https://www.10000recipe.com/recipe/6878909,면/만두,,,1,,
만두그라탕,양식,"만두,양파,블랙올리브슬라이스,피자치즈,견과류,파슬리가루",30,쉬움,"점심,저녁","맑음,비,눈,더위,추위","봄,여름,가을,겨울",6879030,https://www.10000recipe.com/recipe/6879030,양식,,,1,,
버섯들깻국,한식,"표고버섯,버섯아무거나,두부,파,들깨가루,국간장간보면서,참기름,소금",15,쉬움,"아침,점심,야식","맑음,비,눈,더위,추위","봄,여름,가을,겨울",6879032,https://www.10000recipe.com/recipe/6879032,국/탕,,,1,,
"집밥 백선생3 당면찌개, 따뜻한 저녁반찬",한식,"소고기잡채용,당면,버섯세트,시금치,대파,양파,청양고추,계란,참기름,간장,까나리액젓,설탕,맛술,간생강,물,후추,통깨",30,보통,"점심,저녁","맑음,비,눈,더위,추위","봄,여름,가을,겨울",6879144,https://www.10000recipe.com/recipe/6879144,찌개,,,1,,
찹스테이크! 나를 위해 준비한 요리! (한우 등심요리),양식,"등심,양파,노랑파프리카,빨강파프리카,새송이버섯큰,마늘,레드와인,버터,올리브오일,소금,허브솔트,발사믹식초,설탕",60,쉬움,저녁,"맑음,비,눈,더위,추위","봄,여름,가을,겨울",6879148,https://www.10000recipe.com/recipe/6879148,양식,,,1,,
"너무나 간단하고 맛있는 드라마 ""사랑의 온도"" 온쉐프의 맛있는 만두요리",한식,"만두,케찹,버터,모짜렐라치즈",15,쉬움,"아침,점심,야식","맑음,비,눈,더위,추위","봄,여름,가을,겨울",6879154,https://www.10000recipe.com/recipe/6879154,면/만두,,,1,,
깡패다!! 비쥬얼 깡패!! 홈메이드 오징어짬뽕,중식,"오징어,양파,양배추,당근,대파cm,청양고추,멸치다시마육수,청주,고춧가루,마늘,간장,후추,소금,부추줌,쥬키니호박",30,쉬움,"점심,저녁","맑음,비,눈,더위,추위","봄,여름,가을,겨울",6879565,https://www.10000recipe.com/recipe/6879565,면/만두,,,1,,
스카치에그. 영국간식을 홈브런치로.,양식,"삶은달걀,돼지고기다짐육,쪽파다진것,파슬리생략가능,소금,후추,전분가루,마늘,맛술,부침가루or밀가루,빵가루,계란",60,쉬움,저녁,"맑음,비,눈,더위,추위","봄,여름,가을,겨울",6879635,https://www.10000recipe.com/recipe/6879635,양식,,,1,,
생크림이나 루없이 칼로리는 쭈욱~↘ 내린! 새우눈꽃파스타,양식,"스파게티면,새우,마늘,양파,베이컨,화이트와인,파슬리가루,올리브유,파마산치즈,삶은감자,우유,면수또는물,소금,후추",60,쉬움,저녁,"맑음,비,눈,더위,추위","봄,여름,가을,겨울",6879815,https://www.10000recipe.com/recipe/6879815,면/만두,,,1,,
독일의 감자크뇌델,양식,"감자,계란,소금,빵가루",60,보통,저녁,"맑음,비,눈,더위,추위","봄,여름,가을,겨울",6879996,https://www.10000recipe.com/recipe/6879996,양식,,,1,,
참치캔은 역시 만능템!♥ 참치짜글이,한식,"참치캔g,깻잎,양파,감자,청양고추,대파,물,후추,고춧가루,마늘,간장,올리고당",30,쉬움,"점심,저녁","맑음,비,눈,더위,추위","봄,여름,가을,겨울",6880033,https://www.10000recipe.com/recipe/6880033,찌개,,,1,,
"너무 쉬운 계란요리, 오믈렛",양식,"흰채소군양파,양배추,녹색채소군시금치,케일,파,청피망등,붉은채소군토마토,홍피망,당근,적양배추등,노란채소군파프리카등,육류군햄,베이컨등,치즈아무종류나생략가능,소금,후추,올리브오일또는식용유,계란,소금생략가능,올리브오일,버터",30,쉬움,"점심,저녁","맑음,비,눈,더위,추위","봄,여름,가을,겨울",6880081,https://www.10000recipe.com/recipe/6880081,양식,,,1,,
"캐비지롤(서양 양배추롤, 크리스마스 파티 음식)",양식,"돼지고기다짐육,양배추,육수,양파,마늘,빵가루,계란,소금,후춧가루,전분가루",60,쉬움,저녁,"맑음,비,눈,더위,추위","봄,여름,가을,겨울",6880125,https://www.10000recipe.com/recipe/6880125,양식,,,1,,
"냉장고를 부탁해, 샘킴-미카엘쉐프의 '아모르 패티' 만들어보세요*",양식,"소고기우둔살다진고기,감자,양파,마늘,계란,부추,건고추방송에서는고추사용,올리브오일,소금,후추,밀가루,식초",60,보통,저녁,"맑음,비,눈,더위,추위","봄,여름,가을,겨울",6880160,https://www.10000recipe.com/recipe/6880160,양식,,,1,,
베이컨 떡 말이 그라탕,양식,"베이컨,떡볶이떡,아스파라거스,체다치즈,피자치즈",30,쉬움,"점심,저녁","맑음,비,눈,더위,추위","봄,여름,가을,겨울",6880373,https://www.10000recipe.com/recipe/6880373,양식,,,1,,
한번 맛보면 빠져나올 수 없는 매력! 옥수수그라탱,양식,"캔옥수수,양파,방울토마토,청양고추,마늘,베이컨,체다치즈,피자치즈,계란,물,후추",30,쉬움,"점심,저녁","맑음,비,눈,더위,추위","봄,여름,가을,겨울",6880440,https://www.10000recipe.com/recipe/6880440,양식,,,1,,
집밥 백선생 : 백종원 감자짜글이,한식,"감자,양파,스팸,통,대파,김치,된장,고추장,고춧가루,설탕,간장,마늘,물",30,쉬움,"점심,저녁","맑음,비,눈,더위,추위","봄,여름,가을,겨울",6880652,https://www.10000recipe.com/recipe/6880652,찌개,,,1,,
들기름순두부찌개:밥 비벼 먹기 딱 좋다,한식,"순두부,물,양파,애호박,식용유들기름,마늘,고춧가루,액젓,맛술,냉동바지락살,간장,대파,홍고추,들기름,계란",15,쉬움,"아침,점심,야식","맑음,비,눈,더위,추위","봄,여름,가을,겨울",6880730,https://www.10000recipe.com/recipe/6880730,찌개,,,1,,
아침 대용으로 좋은 '바나나 스플릿' 만들기,양식,"바나나,블루베리,딸기,까놀라유,꿀",15,쉬움,"아침,점심,야식","맑음,비,눈,더위,추위","봄,여름,가을,겨울",6881040,https://www.10000recipe.com/recipe/6881040,양식,,,1,,
바베큐립구이,양식,"돼지등갈비,대파,통후추,통마늘,월계수잎,양파,다진샐러리,다진양파,마늘,케첩,설탕,레몬즙,버터",90,보통,저녁,"맑음,비,눈,더위,추위","봄,여름,가을,겨울",6881340,https://www.10000recipe.com/recipe/6881340,양식,,,1,,
마카로니 그라탱,양식,"마카로니,캔옥수수,마요네즈,피자치즈,버터,양파,새송이버섯,냉동새우,밀가루,우유,파르마산치즈,소금,후춧가루,물,굵은소금,설탕",60,쉬움,저녁,"맑음,비,눈,더위,추위","봄,여름,가을,겨울",6881486,https://www.10000recipe.com/recipe/6881486,양식,,,1,,
한우 불고기 당면 짜글이,한식,"소고기불고기,불린당면,대파,간장,설탕,물,양파,배,마늘,맛술,후추,깨소금",30,쉬움,"점심,저녁","맑음,비,눈,더위,추위","봄,여름,가을,겨울",6881608,https://www.10000recipe.com/recipe/6881608,찌개,,,1,,
리코타치즈 시금치탑,양식,"시금치,우유,리코타치즈,슬라이스치즈,소금,후추,올리브유",30,쉬움,"점심,저녁","맑음,비,눈,더위,추위","봄,여름,가을,겨울",6881749,https://www.10000recipe.com/recipe/6881749,양식,,,1,,
비빔당면(with 튀긴만두),한식,"당면,주먹,양배추,당근,양파,만두,고추장,설탕,깨,참기름",30,쉬움,"점심,저녁","맑음,비,눈,더위,추위","봄,여름,가을,겨울",6882104,https://www.10000recipe.com/recipe/6882104,면/만두,,,1,,
부드러운 스테이크 만드는 비법과 홈메이드소스,양식,"케첩,설탕,스리랏차,물,이태리허브",60,보통,저녁,"맑음,비,눈,더위,추위","봄,여름,가을,겨울",6882131,https://www.10000recipe.com/recipe/6882131,양식,,,1,,
"프랑스 닭다리 요리, 코코뱅",양식,"닭다리또는넓적다리살,밀가루,베이컨,마늘,양송이,당근,양파,건자두,방울토마토,드라이토마토있으면,버터,올리브유,소금,후추,드라이레드와인,물,치킨스톡,타임,로즈마리,바질,밥과빵",90,어려움,저녁,"맑음,비,눈,더위,추위","봄,여름,가을,겨울",6882211,https://www.10000recipe.com/recipe/6882211,양식,,,1,,
"아이들 간식, 베이컨 떡꼬치",한식,"베이컨,가래떡,산적용꼬지,식용유,고추장,토마토케찹,매실청,식초,마늘,파마산치즈,깻잎또는부추부추가닥",30,쉬움,"점심,저녁","맑음,비,눈,더위,추위","봄,여름,가을,겨울",6882232,https://www.10000recipe.com/recipe/6882232,밥/죽/떡,,,1,,
조금 특별한 조개찜 '크리미 조개 스튜' 만들기,한식,"백합바지락등의조개,버터,마늘,송송썬쪽파,화이트와인,치킨스탁,레몬즙,생크림,다진파슬리",30,쉬움,"점심,저녁","맑음,비,눈,더위,추위","봄,여름,가을,겨울",6882235,https://www.10000recipe.com/recipe/6882235,국/탕,,,1,,
돼지고기+볶은야채+반숙계란 환상의 3 콤보★ 집에서 즐기는 태국식 돼지고기 덮밥!,한식,"간돼지고기,시금치,밥,계란,홍고추,청양고추,통마늘,설탕,간장,액젓,물",30,쉬움,"점심,저녁","맑음,비,눈,더위,추위","봄,여름,가을,겨울",6882371,https://www.10000recipe.com/recipe/6882371,밥/죽/떡,,,1,,
찹스테이크 만들기. 홈파티메뉴,양식,"소고기구이부위,파프리카색깔별로,양파,소금,후추,파슬리,맛술,마늘,올리고당,케찹,버터",60,쉬움,저녁,"맑음,비,눈,더위,추위","봄,여름,가을,겨울",6882376,https://www.10000recipe.com/recipe/6882376,양식,,,1,,
"색다른 생고기 요리, 비프타르타르",양식,"소고기,달걀노른자,양파,올리브오일,씨겨자,케이퍼,소금,통후추",15,보통,"아침,점심,야식","맑음,비,눈,더위,추위","봄,여름,가을,겨울",6882630,https://www.10000recipe.com/recipe/6882630,양식,,,1,,
"어묵이랑 떡국떡 푸짐~하게 넣고 보글보글, 칼칼한 이 맛은!떡국떡어묵전골",한식,"떡국떡,모둠어묵,무,당근,배춧잎,대파,청양고추,홍고추,멸치다시마육수,간장,고춧가루,마늘,소금,후추",30,쉬움,"점심,저녁","맑음,비,눈,더위,추위","봄,여름,가을,겨울",6883266,https://www.10000recipe.com/recipe/6883266,국/탕,,,1,,
계란요리 - 샥슈카 에그인헬 레시피,양식,"계란,양파,햄,새송이버섯,다진당근,모차렐라치즈,식빵또는바게트,우유,버터,마늘,카레가루,후춧가루,파슬리가루,파르마산치즈가루",60,쉬움,저녁,"맑음,비,눈,더위,추위","봄,여름,가을,겨울",6883304,https://www.10000recipe.com/recipe/6883304,양식,,,1,,
램지형의 스테이크 굽기,양식,"스테이크용소고기,양파,양송이,버터,올리브유,마늘,허브,소금,후추",30,보통,"점심,저녁","맑음,비,눈,더위,추위","봄,여름,가을,겨울",6883400,https://www.10000recipe.com/recipe/6883400,양식,,,1,,
언제먹어도 좋아 백종원 찹스테이크,양식,"소고기등심,마늘,양파,당근,파프리카,가지,올리고당,매실액",15,쉬움,"아침,점심,야식","맑음,비,눈,더위,추위","봄,여름,가을,겨울",6883637,https://www.10000recipe.com/recipe/6883637,양식,,,1,,
찹스테이크 만들기(집에 있는 재료로 저렴하고 간단하게~!),양식,"소고기부위상관없음,양파작은거,마늘,대파,방울토마토,버섯,버터,올리브유,간장,케첩,올리고당,미림,소금,후추",30,쉬움,"점심,저녁","맑음,비,눈,더위,추위","봄,여름,가을,겨울",6883881,https://www.10000recipe.com/recipe/6883881,양식,,,1,,
매콤 닭강정 그라탕,양식,"매운닭강정,우유,치즈,양파,마요네즈,청양고추,파슬리가루",15,쉬움,"아침,점심,야식","맑음,비,눈,더위,추위","봄,여름,가을,겨울",6884166,https://www.10000recipe.com/recipe/6884166,양식,,,1,,
#짠내투어_후쿠오카 포장마차 #명란만두만들기 #야타이의 명물 명란군만두,한식,"두부,다짐육,명란젓,부추,마늘,다진생강,썬파,청주,소금,후추,참기름",60,쉬움,저녁,"맑음,비,눈,더위,추위","봄,여름,가을,겨울",6884293,https://www.10000recipe.com/recipe/6884293,면/만두,,,1,,
고소하고 부드러운 <들깨순두부찌개>,한식,"멸치,다시마cmxcm,무작은cm두께,순두부,표고버섯,양파,청양고추,들깨가루,찹쌀가루,소금",30,쉬움,"점심,저녁","맑음,비,눈,더위,추위","봄,여름,가을,겨울",6884707,https://www.10000recipe.com/recipe/6884707,찌개,,,1,,
아삭아삭 달콤짭짤 백종원콩나물볶음밥,한식,"콩나물,당근,대파,밥,계란",10,쉬움,"아침,점심,야식","맑음,비,눈,더위,추위","봄,여름,가을,겨울",6885253,https://www.10000recipe.com/recipe/6885253,밥/죽/떡,,,1,,
"[오쿠] 백종원의 골목식당 굴라시, 굴라쉬 오쿠 레시피",양식,"양송이,양파,당근,마늘,감자,토마토,빨간파프리카,돼지고기안심,월계수잎,토마토페이스트,버터,밀가루,케찹,치킨스톡,올리브유,물,후추,소금",120,쉬움,저녁,"맑음,비,눈,더위,추위","봄,여름,가을,겨울",6885322,https://www.10000recipe.com/recipe/6885322,양식,,,1,,
채소 총집합! 라따뚜이 만들기(토마토소스와 채소의 만남),양식,"애호박,감자,양파,새송이버섯,방울토마토,가지,토마토케첩,설탕,건조허브,마늘,파마산가루,소금,후춧가루",30,쉬움,"점심,저녁","맑음,비,눈,더위,추위","봄,여름,가을,겨울",6885541,https://www.10000recipe.com/recipe/6885541,양식,,,1,,
[ 심야레시피 ] 토마토 스크램블 / 오늘도 고생한 나에게#4,양식,"계란,방울토마토영상은개,소금,바질,올리브유",10,쉬움,"아침,점심,야식","맑음,비,눈,더위,추위","봄,여름,가을,겨울",6885549,https://www.10000recipe.com/recipe/6885549,양식,,,1,,
찹스테이크 만들기 간단하게 ~,양식,"등심,양파,파프리카,버터,올리브유,미림,소금,케첩,올리고당",30,쉬움,"점심,저녁","맑음,비,눈,더위,추위","봄,여름,가을,겨울",6885599,https://www.10000recipe.com/recipe/6885599,양식,,,1,,
봄향기가 물씬♥냉이오일파스타,양식,"냉이g,스파게티면,양파,통마늘,면수또는물,올리브유,후추,연두순",30,쉬움,"점심,저녁","맑음,비,눈,더위,추위","봄,여름,가을,겨울",6885980,https://www.10000recipe.com/recipe/6885980,면/만두,,,1,,
돼지사태찌개 - 딸에게#,한식,"돼지고기사태,두부,양파,호박,대파,당근,고추장,고춧가루,간장,마늘,새우젓,청양고추청청양고추개",30,보통,"점심,저녁","맑음,비,눈,더위,추위","봄,여름,가을,겨울",6886164,https://www.10000recipe.com/recipe/6886164,찌개,,,1,,
"두부계란 스크램블, 자극 없이 부드러워서 아이들 반찬으로 딱 ~",양식,"계란,다시마육수,두부,소금,후추,미림,식용유",10,쉬움,"아침,점심,야식","맑음,비,눈,더위,추위","봄,여름,가을,겨울",6886444,https://www.10000recipe.com/recipe/6886444,양식,,,1,,
얼큰콩나물찌개 비오는날 끓여먹는 찌개,한식,"콩나물,돼지고기다짐육,양파,대파,고춧가루,멸치액젓,간장,맛술,소금,후추,기름,물",15,쉬움,"아침,점심,야식","맑음,비,눈,더위,추위","봄,여름,가을,겨울",6886786,https://www.10000recipe.com/recipe/6886786,찌개,,,1,,
"라자냐, 두부&시금치를 넣어 건강하게",양식,"라자냐,두부,다진소고기,시금치,양송이,표고버섯,양파,계란,모짜렐라치즈,파마산치즈,토마토퓨레,마늘,올리브오일,소금,후추,드라이방울토마토있으면",60,어려움,저녁,"맑음,비,눈,더위,추위","봄,여름,가을,겨울",6887108,https://www.10000recipe.com/recipe/6887108,양식,,,1,,
유아식단 숙주닭고기덮밥,한식,"숙주,양파,양배추,닭고기,간장,올리고당또는물엿,설탕,육수또는물",30,쉬움,"점심,저녁","맑음,비,눈,더위,추위","봄,여름,가을,겨울",6887260,https://www.10000recipe.com/recipe/6887260,밥/죽/떡,,,1,,
#수요미식회 #콩피 #오리스테이크만들기 #전기밥통으로 만드는 콩피구이 #누룽지리조또와 표고버섯육수소스,양식,"오리다리,딜,타임,바질가루,허브가루,월계수잎,통마늘,훈제파프리카가루,소금,후추,올리브오일,건표고버섯,건표고버섯우린물,당근,누룽지,오리육수,생크림,모짜렐라치즈,표고버섯육수,간장",120,보통,저녁,"맑음,비,눈,더위,추위","봄,여름,가을,겨울",6887332,https://www.10000recipe.com/recipe/6887332,양식,,,1,,
딸기퐁듀 만들기~ 딸기요리,양식,"딸기,초코렛,화이트초코렛",30,쉬움,"점심,저녁","맑음,비,눈,더위,추위","봄,여름,가을,겨울",6887469,https://www.10000recipe.com/recipe/6887469,양식,,,1,,
"하나 둘 셋, 시금~~치 파스타가 왔어요!",양식,"스파게티면,시금치,두유,생크림,양송이버섯,양파,청양고추,베이컨,체다치즈,소금,후추",15,쉬움,"아침,점심,야식","맑음,비,눈,더위,추위","봄,여름,가을,겨울",6887557,https://www.10000recipe.com/recipe/6887557,면/만두,,,1,,
반찬하기 귀찮을 땐 초스피드 '간장대패덮밥',한식,"대패삼겹살,소금,후추,양파,파,마늘,설탕,조림간장및진간장,깨소금",15,쉬움,"아침,점심,야식","맑음,비,눈,더위,추위","봄,여름,가을,겨울",6887757,https://www.10000recipe.com/recipe/6887757,밥/죽/떡,,,1,,
콩나물비빔국수,한식,"소면g,콩나물g,부추g,양파,고춧가루,식초,간장,맛술,올리고당,설탕,참기름,통깨",30,쉬움,"점심,저녁","맑음,비,눈,더위,추위","봄,여름,가을,겨울",6888227,https://www.10000recipe.com/recipe/6888227,면/만두,,,1,,
편의점음식완전체♥떡볶이치킨그라탕,양식,"컵떡볶이,치킨꼬치,채썬양파,옥수수통조림,모짜렐라치즈",10,쉬움,"아침,점심,야식","맑음,비,눈,더위,추위","봄,여름,가을,겨울",6888685,https://www.10000recipe.com/recipe/6888685,양식,,,1,,
아이들밥도둑 밥강정만들기 맛있쪄용,한식,"밥,참치,케찹,고추장,맛술,마늘,물,꿀올리고당으로대체가능",10,보통,"아침,점심,야식","맑음,비,눈,더위,추위","봄,여름,가을,겨울",6889183,https://www.10000recipe.com/recipe/6889183,밥/죽/떡,,,1,,
두부 스테이크 - 두부함박스테이크,양식,"두부,다진소고기,대파,소금,후춧가루,맛술,마늘,케첩,올리고당,물,양파",60,쉬움,저녁,"맑음,비,눈,더위,추위","봄,여름,가을,겨울",6889289,https://www.10000recipe.com/recipe/6889289,양식,,,1,,
달콤하고 바나나 향기 찐한~~ 바나나커드,한식,"중간크기바나나,설탕,계란,버터,레몬즙,소금",30,쉬움,"점심,저녁","맑음,비,눈,더위,추위","봄,여름,가을,겨울",6889778,https://www.10000recipe.com/recipe/6889778,,,,1,,
[NO오븐베이킹/해피투게더 야간매점] 수블라키 만들기,양식,"피타브레드,쌈채소,양파,토마토,소금,후추,레몬즙,마늘,오레가노,올리브유,플레인요거트,다진오이",60,쉬움,저녁,"맑음,비,눈,더위,추위","봄,여름,가을,겨울",6889793,https://www.10000recipe.com/recipe/6889793,양식,,,1,,
양파 옷을 입은 새우두부스테이크,양식,"새우,두부,브로콜리,당근,양파가장바깥부분겹,레몬즙,후추,소금",30,쉬움,"점심,저녁","맑음,비,눈,더위,추위","봄,여름,가을,겨울",6889813,https://www.10000recipe.com/recipe/6889813,메인반찬,,,1,,
토마토볶음라면:얼굴 붓지 않아요,한식,"라면,토마토,라면스프,올리브오일,바질선택",15,쉬움,"아침,점심,야식","맑음,비,눈,더위,추위","봄,여름,가을,겨울",6890119,https://www.10000recipe.com/recipe/6890119,면/만두,,,1,,
No Gas stove 감바스,양식,"새우,마늘,올리브유,느타리버섯,청량초,페퍼론치노,양파,소금,후추,간장",15,쉬움,"아침,점심,야식","맑음,비,눈,더위,추위","봄,여름,가을,겨울",6890653,https://www.10000recipe.com/recipe/6890653,양식,,,1,,
【여름별미】히야시츄카 만들기~,한식,"생면라면사리,햄,계란,맛살,오이,쯔유,간장,식초,설탕,참기름,연겨자",15,쉬움,"아침,점심,야식","맑음,비,눈,더위,추위","봄,여름,가을,겨울",6890838,https://www.10000recipe.com/recipe/6890838,면/만두,,,1,,
새콤달콤 비빔국수,한식,"소면,계란,상추,고추장,식초,설탕,올리고당,간마늘,고춧가루,참깨,참기름",10,쉬움,"아침,점심,야식","맑음,비,눈,더위,추위","봄,여름,가을,겨울",6890924,https://www.10000recipe.com/recipe/6890924,면/만두,,,1,,
치즈불닭 우동면,일식,"목우촌닭고기닭볶음탕용,우동면사리,깻잎,마늘,대파,청양고추,고추장,고춧가루,간장,설탕,올리고당",90,쉬움,저녁,"맑음,비,눈,더위,추위","봄,여름,가을,겨울",6890929,https://www.10000recipe.com/recipe/6890929,면/만두,,,1,,
토마토스크램블에그(덮밥):반찬으로 일품요리로 또 덮밥으로~,양식,"토마토,계란,양파,부추,소금,물,밥",15,쉬움,"아침,점심,야식","맑음,비,눈,더위,추위","봄,여름,가을,겨울",6891442,https://www.10000recipe.com/recipe/6891442,양식,,,1,,
뷰코 코코넛 맥앤치즈,양식,"뷰코코코넛밀크프리미엄,마카로니,요거트,밀가루,버터,소금,체다슬라이스치즈,모짜렐라치즈,후추,파슬리",30,쉬움,"점심,저녁","맑음,비,눈,더위,추위","봄,여름,가을,겨울",6891815,https://www.10000recipe.com/recipe/6891815,양식,,,1,,
바삭하고 매콤하게 비빔만두 만들기,한식,"건당면,다진돼지고기,미림,간장,만두피,후추,양배추,깻잎,당근,양파,오이,마늘,고추장,매실액,식초,참깨,고춧가루생략가능",90,쉬움,저녁,"맑음,비,눈,더위,추위","봄,여름,가을,겨울",6892517,https://www.10000recipe.com/recipe/6892517,면/만두,,,1,,
차돌박이 된장찌개 맛있게 끓이는법,한식,"차돌박이,두부,호박,꽈리고추,팽이버섯,청양고추,된장,육수,야채냉장고에있는것들,육수팩,다시마",15,쉬움,"아침,점심,야식","맑음,비,눈,더위,추위","봄,여름,가을,겨울",6892588,https://www.10000recipe.com/recipe/6892588,찌개,,,1,,
제철 감자로 감자튀김부터 오지치즈후라이까지!(맥주안주로 제격!),양식,"감자,베이컨,양파,소금,체다치즈,모짜렐라치즈,튀김가루",30,쉬움,"점심,저녁","맑음,비,눈,더위,추위","봄,여름,가을,겨울",6892844,https://www.10000recipe.com/recipe/6892844,양식,,,1,,
간단 자취요리 참치 짜글이 만들기,한식,"감자,양파,참치작은캔,대파,간장,고춧가루,마늘,된장,물",15,쉬움,"아침,점심,야식","맑음,비,눈,더위,추위","봄,여름,가을,겨울",6892883,https://www.10000recipe.com/recipe/6892883,찌개,,,1,,
마파가지 파스타,양식,"가지,돼지고기다짐육,양파,마늘,고추,대파,스파게티면,미림,소금후추,전분,두반장,고춧가루,설탕,후추,전분물",15,쉬움,"아침,점심,야식","맑음,비,눈,더위,추위","봄,여름,가을,겨울",6893034,https://www.10000recipe.com/recipe/6893034,면/만두,,,1,,
간단오븐 요리 닭봉.,양식,"닭봉,튀김가루,치킨튀김가루,소금,후추,계란,레몬즙,간장,올리고당,매실액,흑설탕,올리브유,참기름,식초,마늘",30,쉬움,"점심,저녁","맑음,비,눈,더위,추위","봄,여름,가을,겨울",6893049,https://www.10000recipe.com/recipe/6893049,양식,,,1,,
시원 칼칼한 순두부찌개 만들기,한식,"순두부,양파,파,청양고추,계란,바지락,배추김치,쌀뜨물,고춧가루,간장,마늘,들기름,소금",15,쉬움,"아침,점심,야식","맑음,비,눈,더위,추위","봄,여름,가을,겨울",6893127,https://www.10000recipe.com/recipe/6893127,찌개,,,1,,
"김치 비빔국수(면요리,간단한끼)",한식,"중면원동전크기,신김치,오이,계란,김치국물,고추장,마늘,참기름,식초,설탕,깨소금",15,쉬움,"아침,점심,야식","맑음,비,눈,더위,추위","봄,여름,가을,겨울",6893248,https://www.10000recipe.com/recipe/6893248,면/만두,,,1,,
강아지 자연식. 화식. 토마토 치킨 스튜,한식,"방울토마토,닭안심,브로콜리,우유",15,쉬움,"아침,점심,야식","맑음,비,눈,더위,추위","봄,여름,가을,겨울",6893529,https://www.10000recipe.com/recipe/6893529,찌개,,,1,,
맥주스틸러 커리부어스트만들기,양식,"후랑크소세지,양파,카레가루,고춧가루,올리고당,물",30,쉬움,"점심,저녁","맑음,비,눈,더위,추위","봄,여름,가을,겨울",6893578,https://www.10000recipe.com/recipe/6893578,양식,,,1,,
부산명물 ♥비빔당면♥ 김선영 요리연구가 레시피,한식,"당면,부추,숙주,당근,단무지,고추장,고춧가루,간장,설탕,매실청,식초,참기름,통깨",60,쉬움,저녁,"맑음,비,눈,더위,추위","봄,여름,가을,겨울",6894425,https://www.10000recipe.com/recipe/6894425,면/만두,,,1,,
[셜록] '카레 우동' 백종원 레시피,일식,"우동사리,카레가루,우유",5,쉬움,"아침,점심,야식","맑음,비,눈,더위,추위","봄,여름,가을,겨울",6894700,https://www.10000recipe.com/recipe/6894700,면/만두,,,1,,
고소하고 칼칼한 국물 핵꿀맛 삼겹살된장찌개,한식,"삼겹살,호박,두부,청양고추,쌀뜨물,된장기호에맞게가감,처음부터육수,마늘,파",15,쉬움,"아침,점심,야식","맑음,비,눈,더위,추위","봄,여름,가을,겨울",6894731,https://www.10000recipe.com/recipe/6894731,찌개,,,1,,
백선생 고추짜박이 간단하게 만드는 꿀팁!,한식,"꽈리고추,통마늘,송송썬대파,청양고추,액젓,들기름",15,쉬움,"아침,점심,야식","맑음,비,눈,더위,추위","봄,여름,가을,겨울",6894981,https://www.10000recipe.com/recipe/6894981,찌개,,,1,,
자취생 간단요리<닭안심찹스테이크>,양식,"닭안심,빨간파프리카,노란파프리카,양파,마늘,케첩,물엿",30,쉬움,"점심,저녁","맑음,비,눈,더위,추위","봄,여름,가을,겨울",6895146,https://www.10000recipe.com/recipe/6895146,양식,,,1,,
감자그라탕(볶은 재료와 으깬 감자의 만남이에요),양식,"참치통조림g,토마토,양파,청피망,노란파프리카,빨간파프리카,마늘,케찹,설탕,모짜렐라치즈,감자,생크림또는우유,소금,후춧가루",30,쉬움,"점심,저녁","맑음,비,눈,더위,추위","봄,여름,가을,겨울",6895259,https://www.10000recipe.com/recipe/6895259,양식,,,1,,
찹스테이크 만들기 맛있게 만드는 필승법,양식,"소고기구이용,채소양파,버섯,파프리카등,마늘,케찹,후추",10,쉬움,"아침,점심,야식","맑음,비,눈,더위,추위","봄,여름,가을,겨울",6895350,https://www.10000recipe.com/recipe/6895350,양식,,,1,,
미니단호박 에그슬럿(간편하고 비주얼 좋은 브런치에요),양식,"미니단호박,계란,체다치즈,모짜렐라치즈,소금,후춧가루",30,쉬움,"점심,저녁","맑음,비,눈,더위,추위","봄,여름,가을,겨울",6895610,https://www.10000recipe.com/recipe/6895610,양식,,,1,,
어만두 ... 이게 어? 만두?,한식,"대구살,오징어,알배추,부추,두부,숙주,밀가루,소금,마늘,다진생강,청주,후추,액젓,참기름,계란",120,보통,저녁,"맑음,비,눈,더위,추위","봄,여름,가을,겨울",6895688,https://www.10000recipe.com/recipe/6895688,면/만두,,,1,,
소고기로 맑고 개운하게 끓인 소고기맑은국,한식,"소고기,물,무,토막,두부,표고버섯,편썬마늘,대파,참기름,굵은소금,후추",60,쉬움,저녁,"맑음,비,눈,더위,추위","봄,여름,가을,겨울",6896404,https://www.10000recipe.com/recipe/6896404,국/탕,,,1,,
가을에 생각나는 구수한 버섯 들깨탕,한식,"생표고버섯,만가닥버섯,느타리버섯,팽이버섯봉지대파,마늘,다시마멸치육수,간장,들깨가루",15,쉬움,"아침,점심,야식","맑음,비,눈,더위,추위","봄,여름,가을,겨울",6896853,https://www.10000recipe.com/recipe/6896853,국/탕,,,1,,
깔끔매콤한 굴라쉬~ 색다른 국물 요리,양식,"소고기,당근,양송이버섯,샐러리,감자,홍파프리카,양파,버터,드라이레드와인,케이퍼,파프리카가루,레몬제스트,월계수잎,페페론치노,홀토마토,토마토국물,토마토페이스트,치킨스톡,마늘,물,올리브유,소금,후추",120,어려움,저녁,"맑음,비,눈,더위,추위","봄,여름,가을,겨울",6897037,https://www.10000recipe.com/recipe/6897037,양식,,,1,,
[셜록] 새마을식당 '7분 김치찌개' 진짜 레시피 공개,한식,"참치캔g,돼지고기삼겹살,목살,간돼지고기,신김치,두부,양파,대파,풋고추,설탕,마늘,굵은고춧가루,간장,쌀뜨물또는그냥물ml",15,쉬움,"아침,점심,야식","맑음,비,눈,더위,추위","봄,여름,가을,겨울",6897108,https://www.10000recipe.com/recipe/6897108,찌개,,,1,,
"국물이 시원한, ""우삼겹고추장찌개""♪",한식,"우삼겹,애호박,양파,감자작은거계란알크기,미니새송이버섯,물,고추장,고춧가루,마늘,다진생강,멸치액젓,후추,새우젓",30,쉬움,"점심,저녁","맑음,비,눈,더위,추위","봄,여름,가을,겨울",6897200,https://www.10000recipe.com/recipe/6897200,찌개,,,1,,
칼칼한 국물요리 돼지고기 감자 고추장찌개~*,한식,"삼겹살,감자,양파,애호박,표고버섯,대파,청량초,멸치다시육수,고추장,고춧가루,간장,고추기름,마늘,후추,맛술,액젓",60,쉬움,저녁,"맑음,비,눈,더위,추위","봄,여름,가을,겨울",6897307,https://www.10000recipe.com/recipe/6897307,찌개,,,1,,
소시지달걀프리타타 맛이 타타 타타타♪,양식,"계란,소시지,당근,양파,소금,후추,식용유,토마토케첩,마요네즈",30,보통,"점심,저녁","맑음,비,눈,더위,추위","봄,여름,가을,겨울",6897399,https://www.10000recipe.com/recipe/6897399,양식,,,1,,
표고버섯요리 표고버섯에 메추리후라이볶음밥 올렸어요 :) 홈파티요리로 짱!,한식,"표고버섯,잡곡밥,당근,애호박,양파,간장,버터,메추리알,소금,식용유",30,쉬움,"점심,저녁","맑음,비,눈,더위,추위","봄,여름,가을,겨울",6897513,https://www.10000recipe.com/recipe/6897513,밥/죽/떡,,,1,,
오리엔탈소스의 닭가슴살 새우 부추 파스타,양식,"닭가슴살,새우g정도,부추,파스타면g,계란,미니새송이,양파,마늘,간장,발사믹식초,꿀",15,쉬움,"아침,점심,야식","맑음,비,눈,더위,추위","봄,여름,가을,겨울",6897580,https://www.10000recipe.com/recipe/6897580,면/만두,,,1,,
밥 도둑인 백종원 감자짜글이 만들기,한식,"감자,양파,청양고추,파,마늘다진마늘,햄,된장,고추장,간장,설탕,고춧가루,물",30,쉬움,"점심,저녁","맑음,비,눈,더위,추위","봄,여름,가을,겨울",6897745,https://www.10000recipe.com/recipe/6897745,찌개,,,1,,
이연복의 탄탄비빔면-현지에서 먹힐까?,한식,"중화면,오이,당근,중새우,양배추,견과류,땅콩버터,고추기름,두반장,고추장,물",15,쉬움,"아침,점심,야식","맑음,비,눈,더위,추위","봄,여름,가을,겨울",6898137,https://www.10000recipe.com/recipe/6898137,면/만두,,,1,,
상추꽃밥 ＊ 밥상에 꽃이 피었습니다 : ),한식,"밥,상추,깨소금,참기름,다진돼지고기,다진양파,후추,청주,쌈장,고추장",30,쉬움,"점심,저녁","맑음,비,눈,더위,추위","봄,여름,가을,겨울",6898201,https://www.10000recipe.com/recipe/6898201,밥/죽/떡,,,1,,
만들어 놓으면 뿌듯한 함박스테이크,양식,"다진돼지고기,다진쇠고기,양파,마늘,소금,후추,전분가루,빵가루,계란,체다치즈,케찹,꿀,물,야채믹스,발사믹식초,올리브유,파슬리",30,쉬움,"점심,저녁","맑음,비,눈,더위,추위","봄,여름,가을,겨울",6898344,https://www.10000recipe.com/recipe/6898344,양식,,,1,,
닭고기를 넣고 말은 달걀 전병,한식,"닭가슴살,닭안심,대파,버터,계란,식용유,가는소금,참치액,허니머스더드",30,쉬움,"점심,저녁","맑음,비,눈,더위,추위","봄,여름,가을,겨울",6898827,https://www.10000recipe.com/recipe/6898827,면/만두,,,1,,
누구나 좋아하는 찹스테이크 황금레시피,양식,"소고기등심,손질새우,대파,뿌리,매운고추,허브솔트,올리브유,마늘,후추",30,쉬움,"점심,저녁","맑음,비,눈,더위,추위","봄,여름,가을,겨울",6899573,https://www.10000recipe.com/recipe/6899573,양식,,,1,,
호빵그라탕 ☆ 편의점에서 쉽게 구할수있는!,양식,"편의점호빵,계란,우유,모짜렐라치즈",10,쉬움,"아침,점심,야식","맑음,비,눈,더위,추위","봄,여름,가을,겨울",6899811,https://www.10000recipe.com/recipe/6899811,양식,,,1,,
특별한 날 특별한 간식~ 방울 만두깐풍,한식,"방울만두,양파,대파cm,청양고추,홍고추,마늘,식용유,참기름,간장,설탕,케첩,물,식초",30,쉬움,"점심,저녁","맑음,비,눈,더위,추위","봄,여름,가을,겨울",6899878,https://www.10000recipe.com/recipe/6899878,면/만두,,,1,,
맛없을 수가 없는!콘샐러드를 곁들인 돈가스,양식,"돼지등심,방울토마토,계란,양상추,캔옥수수,파슬리,오이,당근,붉은파프리카,밀가루,빵가루,케찹,허니머스타드,식초,마요네즈,설탕,물엿,소금,후추",30,쉬움,"점심,저녁","맑음,비,눈,더위,추위","봄,여름,가을,겨울",6900080,https://www.10000recipe.com/recipe/6900080,양식,,,1,,
홈파티요리/명란마끼,한식,"김,명란젓,대파,밥,소금,참기름,깨",15,쉬움,"아침,점심,야식","맑음,비,눈,더위,추위","봄,여름,가을,겨울",6901329,https://www.10000recipe.com/recipe/6901329,밥/죽/떡,,,1,,
바지락 순두부 찌개 맛있게 끓이는 법 ( +고추기름 만들기),한식,"순두부,바지락조개,굵은소금조개해감용,청양고추,대파,계란,쌀뜨물,고춧가루,참기름,새우젓,마늘,후추가루",30,쉬움,"점심,저녁","맑음,비,눈,더위,추위","봄,여름,가을,겨울",6901566,https://www.10000recipe.com/recipe/6901566,찌개,,,1,,
[우리육우] 육우 치마살로 만든 초간단 찹스테이크,양식,"소고기치마살,양파,버터,올리브유,소금,후추,마늘,케찹",30,쉬움,"점심,저녁","맑음,비,눈,더위,추위","봄,여름,가을,겨울",6901993,https://www.10000recipe.com/recipe/6901993,양식,,,1,,
꿀바른생활 달달한 허니버터갈릭피자 만들기,양식,"또띠아인치,꿀,버터,마늘,모짜렐라치즈,파슬리가루",10,쉬움,"아침,점심,야식","맑음,비,눈,더위,추위","봄,여름,가을,겨울",6902111,https://www.10000recipe.com/recipe/6902111,양식,,,1,,
우리 육우로 만든 단호박 비프 스튜,한식,"소갈비,양파,당근,브로콜리,단호박,감자,밤,대추,은행,페페론치노,레드와인,생크림,소금,후추,로즈마리",60,보통,저녁,"맑음,비,눈,더위,추위","봄,여름,가을,겨울",6902128,https://www.10000recipe.com/recipe/6902128,찌개,,,1,,
목우촌 독일 로컬푸드 요리 커리부어스트,양식,"프라임꼬치구이프랑크,카레가루,양파,고춧가루,올리고당,케첩,버터,꿀",60,쉬움,저녁,"맑음,비,눈,더위,추위","봄,여름,가을,겨울",6902188,https://www.10000recipe.com/recipe/6902188,양식,,,1,,
담백한 돼지고기 스테이크~,양식,"돼지고기안심,양파,당근,허브맛솔트,올리브유,로즈마리말린것",120,쉬움,저녁,"맑음,비,눈,더위,추위","봄,여름,가을,겨울",6902425,https://www.10000recipe.com/recipe/6902425,양식,,,1,,
매콤풋고추 된장찌개,한식,"두부,매콤풋고추,양파,대파,들기름,다시마육수,집된장또는시판된장,마늘,치킨스톡",15,쉬움,"아침,점심,야식","맑음,비,눈,더위,추위","봄,여름,가을,겨울",6902426,https://www.10000recipe.com/recipe/6902426,찌개,,,1,,
다이어트 닭가슴살스크램,양식,"닭가슴살조리된것,계란,소금",5,쉬움,"아침,점심,야식","맑음,비,눈,더위,추위","봄,여름,가을,겨울",6902465,https://www.10000recipe.com/recipe/6902465,양식,,,1,,
크리스마스 파티 인싸되는 딸기 브루스케타 / Strawberry bruschetta,양식,"바게트빵,버터,크림치즈,딸기,방울토마토,베이비채소",30,쉬움,"점심,저녁","맑음,비,눈,더위,추위","봄,여름,가을,겨울",6902763,https://www.10000recipe.com/recipe/6902763,양식,,,1,,
인덕션으로 집에서 스테이크 굽기 성공,양식,"와규소고기두께cm이상,올리브유,허브솔트,로즈마리,브로콜리,양송이버섯,컬러방울토마토,홀그레인머스터드",30,쉬움,"점심,저녁","맑음,비,눈,더위,추위","봄,여름,가을,겨울",6903171,https://www.10000recipe.com/recipe/6903171,양식,,,1,,
불고기카레볶음면(카불면):D,한식,"한우불고기,식용유,계란,마늘,카레가루,사누끼면,숙주,깨",30,쉬움,"점심,저녁","맑음,비,눈,더위,추위","봄,여름,가을,겨울",6903231,https://www.10000recipe.com/recipe/6903231,면/만두,,,1,,
【꾸덕꾸덕】투움바파스타 만들기~,양식,"파스타면,냉동새우,대파,양송이버섯,양파,생크림,우유,마늘,고춧가루,간장,치킨스톡,페페론치노,후추,소금",10,쉬움,"아침,점심,야식","맑음,비,눈,더위,추위","봄,여름,가을,겨울",6903260,https://www.10000recipe.com/recipe/6903260,면/만두,,,1,,
크림우동 만들기 느끼하지 않고 단백하게~,일식,"우동사리,프랑크소시지,새우,브로콜리,양파,우유,슬라이스치즈,버터,소금,후추,바질이나파슬리가루",20,쉬움,"점심,저녁","맑음,비,눈,더위,추위","봄,여름,가을,겨울",6903445,https://www.10000recipe.com/recipe/6903445,면/만두,,,1,,
초간단 명란 파스타!,양식,"파스타면,면수또는물,명란젓,마늘,우유,양파,김가루,올리브유,소금,간장",30,쉬움,"점심,저녁","맑음,비,눈,더위,추위","봄,여름,가을,겨울",6903626,https://www.10000recipe.com/recipe/6903626,면/만두,,,1,,
"다이어트식 쥬키니호박 누들 파스타, 난 맛있게! 먹는다!! 호박파스타",양식,"쥬키니호박,당근,방울토마토,칵테일새우,마늘쫑쫑쫑썸,편마늘마늘,소금,후추,올리브오일,두부,치아씨드생략가능",20,쉬움,"점심,저녁","맑음,비,눈,더위,추위","봄,여름,가을,겨울",6903898,https://www.10000recipe.com/recipe/6903898,면/만두,,,1,,
초간단 다이어트 통밀 나폴리탄 스파게티 만들기,한식,"통밀파스타면푸실리한컵,코코넛오일혹은그냥오일,양파,마늘,닭가슴살소세지,그외야채선택,케찹,소금,후추,파슬리가루,파마산가루선택",20,쉬움,"점심,저녁","맑음,비,눈,더위,추위","봄,여름,가을,겨울",6904450,https://www.10000recipe.com/recipe/6904450,면/만두,,,1,,
바지락 배추된장국 시원함이 달라요,한식,"배추,포기,바지락,된장,시판용된장,마늘,파,간장,멸치다시육수,쌀뜨물",20,쉬움,"점심,저녁","맑음,비,눈,더위,추위","봄,여름,가을,겨울",6904521,https://www.10000recipe.com/recipe/6904521,국/탕,,,1,,
아침 간식 부드러워 부담없는 호텔식 스크램블 에그 레시피,양식,"계란,소금,후추",10,쉬움,"아침,점심,야식","맑음,비,눈,더위,추위","봄,여름,가을,겨울",6904540,https://www.10000recipe.com/recipe/6904540,양식,,,1,,
아보카도 오픈 샌드위치,양식,"식빵,아보카도,사워크림,소금,꿀,석류",20,쉬움,"점심,저녁","맑음,비,눈,더위,추위","봄,여름,가을,겨울",6904599,https://www.10000recipe.com/recipe/6904599,양식,,,1,,
새콤달콤 참나물비빔국수:D,한식,"소면원동전,참나물,간장,고춧가루,올리고당,매실액,식초,참기름,깨,후추",15,쉬움,"아침,점심,야식","맑음,비,눈,더위,추위","봄,여름,가을,겨울",6904728,https://www.10000recipe.com/recipe/6904728,면/만두,,,1,,
아침 굽지 마세요 감자계란국 간단하고 든든하게,한식,"감자,계란,대파,소금,후추",15,쉬움,"아침,점심,야식","맑음,비,눈,더위,추위","봄,여름,가을,겨울",6904733,https://www.10000recipe.com/recipe/6904733,국/탕,,,1,,
10분이면 끝! 와인에 딱 어울리는 감바스 알 아히요:D,양식,"올리브유,통마늘,홍고추,냉동새우,후추,소금",10,쉬움,"아침,점심,야식","맑음,비,눈,더위,추위","봄,여름,가을,겨울",6904832,https://www.10000recipe.com/recipe/6904832,양식,,,1,,
[양식조리기능사 실기동영상] 치즈오믈렛 만드는법,양식,"계란,치즈,버터,식용유,생크림,소금",20,보통,"점심,저녁","맑음,비,눈,더위,추위","봄,여름,가을,겨울",6904915,https://www.10000recipe.com/recipe/6904915,양식,,,1,,
든든한간식 김치라자냐,양식,"라자냐면만두피대체가능,고구마,새송이버섯,닭가슴살,슈레드치즈,양파,당근,브로콜리줄기,부추",20,쉬움,"점심,저녁","맑음,비,눈,더위,추위","봄,여름,가을,겨울",6905328,https://www.10000recipe.com/recipe/6905328,양식,,,1,,
"밥의 우아한 변신,요거트 크림 리조또",양식,"밥,양파,양송이버섯,소금,후추,올리브유,우유,휘핑크림,요거트큰술",20,쉬움,"점심,저녁","맑음,비,눈,더위,추위","봄,여름,가을,겨울",6906108,https://www.10000recipe.com/recipe/6906108,양식,,,1,,
깍두기 짜글이( 깍두기로 짜글이가 되네~),한식,"깍두기,배추김치,돼지고기전지,대파,설탕,고운고춧가루,굵은고춧가루,참치액",15,쉬움,"아침,점심,야식","맑음,비,눈,더위,추위","봄,여름,가을,겨울",6906585,https://www.10000recipe.com/recipe/6906585,찌개,,,1,,
패밀리 레스토랑 인기메뉴를 집에서 즐기자! 투움바파스타,양식,"파스타면,새우,생크림,양파,양송이버섯,브로콜리,마늘,다진쪽파,간장,파프리카가루,올리브유,소금,후추,맛술",60,쉬움,저녁,"맑음,비,눈,더위,추위","봄,여름,가을,겨울",6906611,https://www.10000recipe.com/recipe/6906611,면/만두,,,1,,
"단촐한 재료로 쉽게, 피자처럼 크게 한 번에 크~게 만드는 더치 베이비 팬케익",양식,"버터,설탕,소금,계란,우유ml,밀가루,블랙베리,라즈베리,블루베리,메이플시럽,파우더슈거",15,쉬움,"아침,점심,야식","맑음,비,눈,더위,추위","봄,여름,가을,겨울",6906799,https://www.10000recipe.com/recipe/6906799,양식,,,1,,
TV요리 ) 수미네반찬 안심말이 ☆,양식,"돼지고기안심,소금,후추,베이컨,대파,당근,양송이버섯,오이피클,모짜렐라치즈,크림치즈,꿀,레몬즙",30,쉬움,"점심,저녁","맑음,비,눈,더위,추위","봄,여름,가을,겨울",6907277,https://www.10000recipe.com/recipe/6907277,양식,,,1,,
계란김치주먹밥 도시락,한식,"밥,김장김치,햄,계란,설탕,고추장,참기름",60,쉬움,저녁,"맑음,비,눈,더위,추위","봄,여름,가을,겨울",6907293,https://www.10000recipe.com/recipe/6907293,밥/죽/떡,,,1,,
생활의달인 영등포 꼬막비빔 칼국수 만들어 봤습니다.,한식,"꼬막,오이,당근,상추,깻잎,양배추,설탕,식초,고추장크게,마늘,참기름",30,보통,"점심,저녁","맑음,비,눈,더위,추위","봄,여름,가을,겨울",6907626,https://www.10000recipe.com/recipe/6907626,면/만두,,,1,,
"경상도식으로 끓인 얼큰한 ""소고기국""♪",한식,"한우양지,무,콩나물손질후,대파,새송이버섯,참기름,물,고춧가루,간장,마늘,멸치액젓,소금모자란간",60,쉬움,저녁,"맑음,비,눈,더위,추위","봄,여름,가을,겨울",6907877,https://www.10000recipe.com/recipe/6907877,국/탕,,,1,,
TV요리 ) 커피프렌즈에 나온 돼지고기 채소스튜 ☆,양식,"돼지고기앞다리살,토마토,양파,당근,샐러리,감자,마늘,홀토마토,매운고춧가루,파프리카파우더,버터,식용유,소금,후추,브로콜리,사워크림,타임,식빵",60,쉬움,저녁,"맑음,비,눈,더위,추위","봄,여름,가을,겨울",6907890,https://www.10000recipe.com/recipe/6907890,양식,,,1,,
초간단 야식 만두볶음:D,한식,"냉동만두,양파,대파,식용유,케찹,후추,올리고당",15,쉬움,"아침,점심,야식","맑음,비,눈,더위,추위","봄,여름,가을,겨울",6908055,https://www.10000recipe.com/recipe/6908055,면/만두,,,1,,
"든든하고 부드러운맛, ""감자계란국""♪",한식,"감자탁구알크기로,계란,대파,들기름,물,간장,멸치액젓,마늘",20,쉬움,"점심,저녁","맑음,비,눈,더위,추위","봄,여름,가을,겨울",6908246,https://www.10000recipe.com/recipe/6908246,국/탕,,,1,,
볼케이노 돈까스,양식,"돈까스,식용유,양파,청피망,홍피망,청고추,홍고추,물",60,보통,저녁,"맑음,비,눈,더위,추위","봄,여름,가을,겨울",6908815,https://www.10000recipe.com/recipe/6908815,양식,,,1,,
함박스테이크 치즈 카레,양식,"백세카레오뚜기고형,빵가루오뚜기,소고기,양파,계란,피자치즈,물,소금,후추",30,쉬움,"점심,저녁","맑음,비,눈,더위,추위","봄,여름,가을,겨울",6908883,https://www.10000recipe.com/recipe/6908883,양식,,,1,,
수미네반찬 묵은지 등갈비 만드는법 최고의 맛,한식,"등갈비,인스턴트커피,홍고추,월계수잎,된장,양파,청양고추,대파,물,묵은지,포기,묵은지국물,간장,다진생강,마늘,매실액,고춧가루,후추",60,쉬움,저녁,"맑음,비,눈,더위,추위","봄,여름,가을,겨울",6909050,https://www.10000recipe.com/recipe/6909050,찌개,,,1,,
감바스 알 아히요~ 맛있는 새우 요리,양식,"새우,올리브유,페페론치노,마늘,월계수잎,통후추,소금,바질있는경우,타임있는경우,빵",20,쉬움,"점심,저녁","맑음,비,눈,더위,추위","봄,여름,가을,겨울",6909054,https://www.10000recipe.com/recipe/6909054,양식,,,1,,
초간단 카레돈가스로 분위기 내기♡,양식,"돈가스,양파,카레가루,물,소금",30,쉬움,"점심,저녁","맑음,비,눈,더위,추위","봄,여름,가을,겨울",6909498,https://www.10000recipe.com/recipe/6909498,양식,,,1,,
소고기뭇국 황금레시피 아이와 함께 먹기 좋은 맑은소고기국,한식,"소고기,무,대파,물,참기름,간장,소금,후춧가루,설탕",30,쉬움,"점심,저녁","맑음,비,눈,더위,추위","봄,여름,가을,겨울",6909557,https://www.10000recipe.com/recipe/6909557,국/탕,,,1,,
아침브런치로 좋아요 ★ 에그크레페,양식,"쌀가루,우유,계란,소금,식용유,버터,베이컨,양송이버섯,후추,치즈",10,쉬움,"아침,점심,야식","맑음,비,눈,더위,추위","봄,여름,가을,겨울",6909984,https://www.10000recipe.com/recipe/6909984,양식,,,1,,
간단히 소시지 닭가슴살 파스타 만들기,양식,"소금,파스타면,소시지,닭가슴살,올리브유,파스타국물",8,어려움,"아침,점심,야식","맑음,비,눈,더위,추위","봄,여름,가을,겨울",6910040,https://www.10000recipe.com/recipe/6910040,면/만두,,,1,,
제철음식 키조개 관자로 만드는 고소한 간식! 관자 그라탕,양식,"관자,표고버섯,양파,파프리카,소금,후추,맛술미림,버터,밀가루,우유,모짜렐라치즈,체다치즈",60,쉬움,저녁,"맑음,비,눈,더위,추위","봄,여름,가을,겨울",6910183,https://www.10000recipe.com/recipe/6910183,양식,,,1,,
밥솥으로 만든 맥앤치즈,양식,"마카로니,물ml,식용유또는올리브유,소금,옥수수캔,밀가루,버터,치즈,우유ml,파슬리,후추",30,쉬움,"점심,저녁","맑음,비,눈,더위,추위","봄,여름,가을,겨울",6910308,https://www.10000recipe.com/recipe/6910308,양식,,,1,,
냉장고 남은 채소 듬뿍 넣은 다이어트 참치 비빔밥,한식,"참치,현미밥,깻잎,상추,무순,파프리카,오이,고추장,식초,설탕",10,쉬움,"아침,점심,야식","맑음,비,눈,더위,추위","봄,여름,가을,겨울",6910379,https://www.10000recipe.com/recipe/6910379,밥/죽/떡,,,1,,
고구마 옥수수 치즈 만두,한식,"구운고구마,모차렐라치즈,옥수수콘,다진스팸,꿀또는시럽,소금",90,쉬움,저녁,"맑음,비,눈,더위,추위","봄,여름,가을,겨울",6910424,https://www.10000recipe.com/recipe/6910424,면/만두,,,1,,
얼큰하게 즐기는 차돌박이 고추장찌개,한식,"차돌박이슬라이스,팽이버섯,양파,감자,주키니호박,청양고추,대파,멸치다시팩,물,고추장,고춧가루,간장,맛술,마늘,후추",30,쉬움,"점심,저녁","맑음,비,눈,더위,추위","봄,여름,가을,겨울",6910641,https://www.10000recipe.com/recipe/6910641,찌개,,,1,,
일교차 큰 요즘 든든하게 먹을 수 있는 '소고기무국',한식,"소고기,무,두부,물,참기름,간장,마늘,대파초록부분,소금",60,쉬움,저녁,"맑음,비,눈,더위,추위","봄,여름,가을,겨울",6910670,https://www.10000recipe.com/recipe/6910670,국/탕,,,1,,
맛과 건강의 저격수 소고기찹스테이크 어렵지 않아요,양식,"소고기,양파,청피망,홍피망,양송이,마늘,소금,후추,식용유",30,쉬움,"점심,저녁","맑음,비,눈,더위,추위","봄,여름,가을,겨울",6910820,https://www.10000recipe.com/recipe/6910820,양식,,,1,,
콩나물찌개 얼큰칼칼한맛!,한식,"콩나물,돼지고기다짐육,양파,표고버섯,대파,물,식용유,고춧가루,새우젓,간장,마늘,소금,후추",30,쉬움,"점심,저녁","맑음,비,눈,더위,추위","봄,여름,가을,겨울",6910833,https://www.10000recipe.com/recipe/6910833,찌개,,,1,,
유부버섯된장찌개(정말 재료 없을때 딱~),한식,"유부,양파,버섯,대파,청양고추,시판된장수북히,멸치가루,참치액",15,쉬움,"아침,점심,야식","맑음,비,눈,더위,추위","봄,여름,가을,겨울",6911022,https://www.10000recipe.com/recipe/6911022,찌개,,,1,,
오믈렛 - 두부 달걀 오믈렛 만들기,양식,"두부,계란,다진대파,연두순또는새우젓국물,후춧가루",30,쉬움,"점심,저녁","맑음,비,눈,더위,추위","봄,여름,가을,겨울",6911286,https://www.10000recipe.com/recipe/6911286,양식,,,1,,
초간단한연어스테이크구이(에어프라이어레시피),양식,"스테이크용연어,올리브오일,소금,후추,간장,와사비,케이퍼",30,쉬움,"점심,저녁","맑음,비,눈,더위,추위","봄,여름,가을,겨울",6912030,https://www.10000recipe.com/recipe/6912030,양식,,,1,,
토마토 치킨 스튜 / tomato chicken stew,한식,"토마토페이스트,파프리카,양파,당근,마늘,햄,닭가슴살,버터,물,후춧가루,소금,바질가루",30,쉬움,"점심,저녁","맑음,비,눈,더위,추위","봄,여름,가을,겨울",6912123,https://www.10000recipe.com/recipe/6912123,찌개,,,1,,
고추장 찌개~*,한식,"감자,애호박,대파,청양초,양파,브랏비엔나,다시멸치,다시마,물,고추장크게,고춧가루,마늘,후추,액젓",30,쉬움,"점심,저녁","맑음,비,눈,더위,추위","봄,여름,가을,겨울",6912264,https://www.10000recipe.com/recipe/6912264,찌개,,,1,,
냉이된장찌개,한식,"냉이,양파,감자,두부,청양고추,멸치다시마육수,된장,고추장,고춧가루",60,쉬움,저녁,"맑음,비,눈,더위,추위","봄,여름,가을,겨울",6912280,https://www.10000recipe.com/recipe/6912280,찌개,,,1,,
꽁치찌개 만드는법!!! 밥과 술이 술술 들어가는 밥도둑 음식 먹어봅시다~!!,한식,"꽁치통조림,양파,청양고추,대파,간장,설탕,고춧가루,다진마늘작은",10,쉬움,"아침,점심,야식","맑음,비,눈,더위,추위","봄,여름,가을,겨울",6912361,https://www.10000recipe.com/recipe/6912361,찌개,,,1,,
실곤약냉면,한식,"실곤약,오이,냉면육수,삶은달걀,쌈무,고춧가루,대파,청양고추,소금,물,마늘",60,쉬움,저녁,"맑음,비,눈,더위,추위","봄,여름,가을,겨울",6912418,https://www.10000recipe.com/recipe/6912418,면/만두,,,1,,
TV요리) 날씨가 더워져도 국물은 필요해 ★ 차승원의 조갯국,한식,"손질바지락,손질모시조개,마늘,멸치다시마육수,대파,만개한알",30,쉬움,"점심,저녁","맑음,비,눈,더위,추위","봄,여름,가을,겨울",6912710,https://www.10000recipe.com/recipe/6912710,국/탕,,,1,,
신라면 투움바 파스타 만들기 (w 해피콜 편수냄비),양식,"신라면,라면스프,손질새우,버터,체다치즈,양파,마늘,양송이버섯,홍고추,청양고추,우유,물,후춧가루,대파",20,쉬움,"점심,저녁","맑음,비,눈,더위,추위","봄,여름,가을,겨울",6912837,https://www.10000recipe.com/recipe/6912837,면/만두,,,1,,
포슬포슬 저칼 ★ 고단 ★ 달걀덮밥 ★,한식,"계란,양파,브로콜리,현미밥,카레가루,저지방우유",15,쉬움,"아침,점심,야식","맑음,비,눈,더위,추위","봄,여름,가을,겨울",6912889,https://www.10000recipe.com/recipe/6912889,밥/죽/떡,,,1,,
제철 감자요리 감자채피자,양식,"감자주먹사이즈,소세지,블랙올리브,소금,후추,부침가루,계란",30,쉬움,"점심,저녁","맑음,비,눈,더위,추위","봄,여름,가을,겨울",6913247,https://www.10000recipe.com/recipe/6913247,양식,,,1,,
수미네반찬 묵은지 돼지 짜글이. 오늘 저녁은 너다! 간단한 저녁메뉴,한식,"묵은지,포기,돼지고기목살,근,감자,애호박,양파,대파,청양고추,홍고추,물,간장,고춧가루,매실액,마늘,다진생강,후춧가루",30,쉬움,"점심,저녁","맑음,비,눈,더위,추위","봄,여름,가을,겨울",6913290,https://www.10000recipe.com/recipe/6913290,찌개,,,1,,
목우촌 별미 여름요리 베이컨 비빔국수,한식,"프라임베이컨,소면,묵은김치,계란,김치국물,고추장,간장,올리고당,들기름,깨",30,쉬움,"점심,저녁","맑음,비,눈,더위,추위","봄,여름,가을,겨울",6913455,https://www.10000recipe.com/recipe/6913455,면/만두,,,1,,
다이어트 반찬 닭가슴살 조림,한식,"닭가슴살,우유,영양부추,간장,맛술,올리고당,참기름,허브맛솔트,고춧가루,식초,깨소금",30,쉬움,"점심,저녁","맑음,비,눈,더위,추위","봄,여름,가을,겨울",6913510,https://www.10000recipe.com/recipe/6913510,메인반찬,,,1,,
간편식 상품화 부드러운 삼치볼 달걀국,한식,"삼치,감자,대파,계란,다시마,치킨스톡,물,다진홍고추,다진청양고추,다진부추,참치액젓,후추,마늘",30,쉬움,"점심,저녁","맑음,비,눈,더위,추위","봄,여름,가을,겨울",6913635,https://www.10000recipe.com/recipe/6913635,국/탕,,,1,,
♥[신혼밥상] 연어스테이크,양식,"연어,양파,새송이,어린잎채소,칵테일새우,버터,레몬즙",20,쉬움,"점심,저녁","맑음,비,눈,더위,추위","봄,여름,가을,겨울",6913750,https://www.10000recipe.com/recipe/6913750,양식,,,1,,
건더기 슥슥 비벼먹기 좋은 돼지고기 된장찌개 끓이기,한식,"돼지고기,감자,양파,애호박,두부,쌀뜨물,청양고추,된장,마늘,고춧가루,멸치액젓,소금",30,쉬움,"점심,저녁","맑음,비,눈,더위,추위","봄,여름,가을,겨울",6913771,https://www.10000recipe.com/recipe/6913771,찌개,,,1,,
닭고기가 덩어리로 들어간다봐 ★ 닭고기간장조림덮밥 ★,한식,"닭다리살,감자,당근,표고버섯,전분가루,밥,식용유,참기름,소금,후추,간장,맛술,설탕,다시마육수",20,쉬움,"점심,저녁","맑음,비,눈,더위,추위","봄,여름,가을,겨울",6913909,https://www.10000recipe.com/recipe/6913909,밥/죽/떡,,,1,,
체리와 함께 즐기는 홈카페 브런치 ★ 체리클라푸티 ★,한식,"계란,설탕,밀가루,우유,녹인버터,바닐라익스트랙,체리,슈가파우더",60,쉬움,저녁,"맑음,비,눈,더위,추위","봄,여름,가을,겨울",6913969,https://www.10000recipe.com/recipe/6913969,,,,1,,
등갈비 묵은지 찌개,한식,"등갈비,묵은지,무김치,멸치다시마육수,양파,대파,홍고추,소주,고춧가루,고추장,생강술,후추,설탕,참치액",120,쉬움,저녁,"맑음,비,눈,더위,추위","봄,여름,가을,겨울",6913999,https://www.10000recipe.com/recipe/6913999,찌개,,,1,,
새싹인삼오믈렛과 인삼슈,양식,"박력분,설탕,소금,베이킹파우더,계란,바닐라익스트랙분말,우유,사과,인삼,새싹인삼,인삼가루,생크림,식용유,버터,레몬즙,옥수수전분,물,계란노른자",90,보통,저녁,"맑음,비,눈,더위,추위","봄,여름,가을,겨울",6914597,https://www.10000recipe.com/recipe/6914597,양식,,,1,,
TV요리) 니가 갈래? 내가갈까? 니가가락국수 ★,한식,"디포리멸치,양파,무,건고추,통마늘,통후추,물,간장,맛술,마늘,다진생강,유부,대파,쑥갓,김가루,깨소금",30,쉬움,"점심,저녁","맑음,비,눈,더위,추위","봄,여름,가을,겨울",6914715,https://www.10000recipe.com/recipe/6914715,면/만두,,,1,,
치즈감자그라탕,양식,"감자,토마토,치즈,양파,후추,소금,스테비아또는설탕,레몬즙",120,보통,저녁,"맑음,비,눈,더위,추위","봄,여름,가을,겨울",6915177,https://www.10000recipe.com/recipe/6915177,양식,,,1,,
백종원레시피 감자짜글이로 한 끼 뚝딱!,한식,"햄,양파,감자,간장,고춧가루,맛술,고추장,설탕,된장,육수,대파",30,쉬움,"점심,저녁","맑음,비,눈,더위,추위","봄,여름,가을,겨울",6915258,https://www.10000recipe.com/recipe/6915258,찌개,,,1,,
신서유기 백종원 비빔국수 레시피 따라잡기,한식,"돼지고기,다진양파,대파,물,배,단무지,김가루,국수,참기름,통깨,맛술,설탕,물엿,간장,마늘,다진생강,고춧가루,후추가루,양파,간마늘,간생강",20,쉬움,"점심,저녁","맑음,비,눈,더위,추위","봄,여름,가을,겨울",6915529,https://www.10000recipe.com/recipe/6915529,면/만두,,,1,,
무쇠요리 에그인헬,양식,"햄,양파,시금치,청양고추,계란,피자치즈,올리브유,우유,버터,마늘",60,쉬움,저녁,"맑음,비,눈,더위,추위","봄,여름,가을,겨울",6915986,https://www.10000recipe.com/recipe/6915986,양식,,,1,,
[2019 수산물 간편레시피 대국민 공모전] 장려상 꼬막품은노란장미꽃 ★,한식,"꼬막살,염장톳,계란,밀가루,양파,마늘,대파,물,밥,올리브유,홍고추,맛술,간장,매실청,참기름,깨소금,참치액,소금",60,쉬움,저녁,"맑음,비,눈,더위,추위","봄,여름,가을,겨울",6916112,https://www.10000recipe.com/recipe/6916112,면/만두,,,1,,
김치비빔국수 레시피,한식,"소면,김치,포기,간장,올리고당,고춧가루,참기름",30,쉬움,"점심,저녁","맑음,비,눈,더위,추위","봄,여름,가을,겨울",6916496,https://www.10000recipe.com/recipe/6916496,면/만두,,,1,,
에그피자,양식,"계란,방울토마토,페퍼로니,모짜렐라치즈,올리브오일,소금,후추,파슬리가루,설탕,꼬집",30,쉬움,"점심,저녁","맑음,비,눈,더위,추위","봄,여름,가을,겨울",6916883,https://www.10000recipe.com/recipe/6916883,양식,,,1,,
더운 날씨에 제격인 상큼한 크래미 오이초밥 만들기,일식,"밥,오이,크래미,설탕,식초,물,소금,마요네즈,후추",20,쉬움,"점심,저녁","맑음,비,눈,더위,추위","봄,여름,가을,겨울",6917234,https://www.10000recipe.com/recipe/6917234,밥/죽/떡,,,1,,
"불닭볶음면으로 만드는 만두! 매콤 불닭 쌀만두 만들기, 만드는 법",한식,"불닭볶음면,라이스페이퍼,양파,식초,스위트콘,모짜렐라치즈,참치",30,쉬움,"점심,저녁","맑음,비,눈,더위,추위","봄,여름,가을,겨울",6917242,https://www.10000recipe.com/recipe/6917242,면/만두,,,1,,
[암예방레시피] 차돌박이우동볶음,일식,"우동사리,차돌박이,홍파프리카,노란파프리카,청피망,통마늘,저염간장,설탕,참기름",30,쉬움,"점심,저녁","맑음,비,눈,더위,추위","봄,여름,가을,겨울",6917307,https://www.10000recipe.com/recipe/6917307,면/만두,,,1,,
초간단 에어프라이어 레시피 허니갈릭 쉬림프,양식,"새우,민트잎,올리브오일,꿀,소금,후추,파슬리가루,마늘",20,쉬움,"점심,저녁","맑음,비,눈,더위,추위","봄,여름,가을,겨울",6917366,https://www.10000recipe.com/recipe/6917366,양식,,,1,,
태국식 오믈렛 / omelet,양식,"계란,설탕,간장,액젓,식용유",15,쉬움,"아침,점심,야식","맑음,비,눈,더위,추위","봄,여름,가을,겨울",6917678,https://www.10000recipe.com/recipe/6917678,양식,,,1,,
명절에 살찔 걱정 없는 곤약 떡볶이,한식,"곤약,양파,대파,깻잎,모듬어묵,간장,고추장,설탕,카레가루,올리고당,간마늘,통깨",20,쉬움,"점심,저녁","맑음,비,눈,더위,추위","봄,여름,가을,겨울",6918350,https://www.10000recipe.com/recipe/6918350,면/만두,,,1,,
밥솥 만능 양파 볶음+ 스프,양식,"식용유,양파,슬라이스치즈,물,후추,파슬리,소금",60,쉬움,저녁,"맑음,비,눈,더위,추위","봄,여름,가을,겨울",6918626,https://www.10000recipe.com/recipe/6918626,양식,,,1,,
명절음식 새우찌개만들기~전과 고기로 기름졌던 속 개운하게 최고!,한식,"흰다리새우,양파,두부,무센티,청양고추,홍고추,다시마,고춧가루,마늘,집간장",30,쉬움,"점심,저녁","맑음,비,눈,더위,추위","봄,여름,가을,겨울",6918686,https://www.10000recipe.com/recipe/6918686,찌개,,,1,,
두부 강 된장 볶음만들기,한식,"두부,당근,양파,애호박,표고버섯,참기름,대파,고춧가루,매실액,마늘,된장,고추장",60,쉬움,저녁,"맑음,비,눈,더위,추위","봄,여름,가을,겨울",6918865,https://www.10000recipe.com/recipe/6918865,찌개,,,1,,
[ 혼밥 레시피 ] 비건 루꼴라 간장비빔면,한식,"중면,루꼴라,간장,생참기름,식초",15,쉬움,"아침,점심,야식","맑음,비,눈,더위,추위","봄,여름,가을,겨울",6919198,https://www.10000recipe.com/recipe/6919198,면/만두,,,1,,
쉽게 만드는 브런치!아보카도 오픈 토스트 만들기 | 안젤라베이킹,양식,"빵,버터,토마토,계란,아보카도,올리브오일,소금,후추,레몬주스,치즈,허브",60,쉬움,저녁,"맑음,비,눈,더위,추위","봄,여름,가을,겨울",6919340,https://www.10000recipe.com/recipe/6919340,양식,,,1,,
집에서 스테이크 굽기 시간 팁!,양식,"부채살,양파,방울토마토,파프리카,버터",30,쉬움,"점심,저녁","맑음,비,눈,더위,추위","봄,여름,가을,겨울",6919543,https://www.10000recipe.com/recipe/6919543,양식,,,1,,
수산물요리 /매운 오징어찌개,한식,"오징어,감자,어묵,양파,대파,청양고추,다시팩,고추장,고춧가루,간장,참치액,마늘,소금,맛술",20,쉬움,"점심,저녁","맑음,비,눈,더위,추위","봄,여름,가을,겨울",6919623,https://www.10000recipe.com/recipe/6919623,찌개,,,1,,
대패삼겹 된장찌개 국물이 진하고 구수해요!,한식,"대패삼겹,된장크게,쌀뜨물,양파,애호박,대파,느타리버섯,고춧가루,청양고추,마늘,말린표고,두부",60,쉬움,저녁,"맑음,비,눈,더위,추위","봄,여름,가을,겨울",6920076,https://www.10000recipe.com/recipe/6920076,찌개,,,1,,
한그릇요리 간단한 삼색소보로덮밥,한식,"김치,계란,통조림햄,밥,식용유,올리고당,참기름,소금,통깨",30,쉬움,"점심,저녁","맑음,비,눈,더위,추위","봄,여름,가을,겨울",6920098,https://www.10000recipe.com/recipe/6920098,밥/죽/떡,,,1,,
기름지지않은 차돌박이 된장찌개,한식,"두부g,양파,둥근애호박작은크기,팽이버섯,마늘,대파,청양고추,된장,쌀뜨물,차돌박이",10,쉬움,"아침,점심,야식","맑음,비,눈,더위,추위","봄,여름,가을,겨울",6920183,https://www.10000recipe.com/recipe/6920183,찌개,,,1,,
충청도식 애호박국수! 한입사이즈~,한식,"소면줌,애호박,통깨,참기름,소금,후추,식용유,고춧가루,설탕,마늘,간장",20,쉬움,"점심,저녁","맑음,비,눈,더위,추위","봄,여름,가을,겨울",6920200,https://www.10000recipe.com/recipe/6920200,면/만두,,,1,,
"간단한 안주 , 10분완성 깐풍만두",한식,"왕교자만두,올리브유,물,간장,올리고당,식초,다진대파,다진고추,마늘",10,쉬움,"아침,점심,야식","맑음,비,눈,더위,추위","봄,여름,가을,겨울",6920532,https://www.10000recipe.com/recipe/6920532,면/만두,,,1,,
수미네반찬 매콤 소고기뭇국 끓이는법,한식,"무,대파,소고기사태살,고춧가루,마늘,간장,후추",60,쉬움,저녁,"맑음,비,눈,더위,추위","봄,여름,가을,겨울",6920581,https://www.10000recipe.com/recipe/6920581,국/탕,,,1,,
뚝딱 해 먹는 술안주/참치 어묵찌개,한식,"참치캔,감자,양파,대파,다시팩,간장,액젓,맛술,마늘,고추장,고춧가루,후추,소금",20,쉬움,"점심,저녁","맑음,비,눈,더위,추위","봄,여름,가을,겨울",6920632,https://www.10000recipe.com/recipe/6920632,찌개,,,1,,
"[다이어트] KETO pasta alfredo, 저탄고지 버섯크림파스타, 덩어리곤약으로 곤약면 만들기",양식,"덩어리곤약,물,식초,버터,마늘,올리브오일,양송이,브라운버섯g,헤비크림,파마산치즈가루,데친곤약,후추가루선택",15,쉬움,"아침,점심,야식","맑음,비,눈,더위,추위","봄,여름,가을,겨울",6920741,https://www.10000recipe.com/recipe/6920741,면/만두,,,1,,
짭짤한 맥주안주 불닭치즈퐁듀,양식,"모짜렐라치즈,슬라이스치즈,우유,식빵,또띠아,소고기,피망,고구마,소금,후추,버터,파슬리가루",60,쉬움,저녁,"맑음,비,눈,더위,추위","봄,여름,가을,겨울",6920795,https://www.10000recipe.com/recipe/6920795,양식,,,1,,
#술안주#카레떡볶이#아이간식,한식,"떡,소세지,맛살,우유,치즈,카레가루",15,쉬움,"아침,점심,야식","맑음,비,눈,더위,추위","봄,여름,가을,겨울",6920854,https://www.10000recipe.com/recipe/6920854,밥/죽/떡,,,1,,
땅콩버터 탄탄면 만들기 / Sichuan noodles,한식,"대파,라면,땅콩버터,식용유,고춧가루,물",5,쉬움,"아침,점심,야식","맑음,비,눈,더위,추위","봄,여름,가을,겨울",6920927,https://www.10000recipe.com/recipe/6920927,면/만두,,,1,,
소고기배춧국 5~6인분,한식,"데친배추,소고기,대파,마늘,들기름,맛술,물,액젓,간장,굵은소금",60,쉬움,저녁,"맑음,비,눈,더위,추위","봄,여름,가을,겨울",6921230,https://www.10000recipe.com/recipe/6921230,국/탕,,,1,,
(구황작물)매콤하고 얼큰한 감자 고추장 찌개,한식,"두부,호박,양파,감자,홍청양고추,대파,다시백,물,된장,고추장,마늘",30,쉬움,"점심,저녁","맑음,비,눈,더위,추위","봄,여름,가을,겨울",6921286,https://www.10000recipe.com/recipe/6921286,찌개,,,1,,
면역력에 좋은 된장 고기집 된장찌개 간단 찌개 요리 레시피,한식,"된장,쌈장,고춧가루,물,애호박,감자,양파,두부",10,쉬움,"아침,점심,야식","맑음,비,눈,더위,추위","봄,여름,가을,겨울",6921519,https://www.10000recipe.com/recipe/6921519,찌개,,,1,,
초 간 단 '스팸짜글이칼국수' 만들기,한식,"양파,감자,스팸,식용유,참기름,고추장,고춧가루,물,마늘,간장,대파",20,쉬움,"점심,저녁","맑음,비,눈,더위,추위","봄,여름,가을,겨울",6921540,https://www.10000recipe.com/recipe/6921540,면/만두,,,1,,
소고기에 아삭한 채소를 돌돌 @@ 소고기채소말이 ★,한식,"소고기,양파,빨강파프리카,노랑파프리카,팽이버섯,깻잎,간장,물,식초,설탕,마늘,연겨자,소금,후추",30,쉬움,"점심,저녁","맑음,비,눈,더위,추위","봄,여름,가을,겨울",6921545,https://www.10000recipe.com/recipe/6921545,메인반찬,,,1,,
풋고추 요리 / 고추국수,한식,"소면,풋고추,마늘,식초,설탕,간장,참기름,소금",20,쉬움,"점심,저녁","맑음,비,눈,더위,추위","봄,여름,가을,겨울",6922065,https://www.10000recipe.com/recipe/6922065,면/만두,,,1,,
양파 카레,양식,"양파큰거,물,식용류,카레가루,후추",30,쉬움,"점심,저녁","맑음,비,눈,더위,추위","봄,여름,가을,겨울",6922619,https://www.10000recipe.com/recipe/6922619,양식,,,1,,
고기 듬뿍 소고기 무국 진짜 황금레시피,한식,"무,소고기,대파,마늘,참기름,멸치다시육수,간장,꽃소금",30,쉬움,"점심,저녁","맑음,비,눈,더위,추위","봄,여름,가을,겨울",6922959,https://www.10000recipe.com/recipe/6922959,국/탕,,,1,,
초간단 토마토리조또,양식,"토마토,양파,마늘,표고버섯,밥,케찹,페퍼론치노,월계수잎,소금,후추",30,쉬움,"점심,저녁","맑음,비,눈,더위,추위","봄,여름,가을,겨울",6922960,https://www.10000recipe.com/recipe/6922960,양식,,,1,,
리코타치즈필링으로 채운 라자냐면!!! 리코타치즈라자냐 ★,양식,"라자냐면,올리브유,계란,리코타치즈,그라노파다노치즈,소금,후추,피자치즈,크러쉬드페퍼",30,쉬움,"점심,저녁","맑음,비,눈,더위,추위","봄,여름,가을,겨울",6922978,https://www.10000recipe.com/recipe/6922978,양식,,,1,,
대만에서 먹었던 지파이 따라하기 !!! 역시 뭐든 튀겨야함!!,양식,"닭가슴살,매운감자칩,감자칩,소금,후추,계란,칠리파우더,파프리카파우더,밀가루,튀김기름",15,쉬움,"아침,점심,야식","맑음,비,눈,더위,추위","봄,여름,가을,겨울",6923141,https://www.10000recipe.com/recipe/6923141,양식,,,1,,
사먹는 것 보다 맛있는 홈메이드 팟타이 만들기 레시피,한식,"쌀국수건면,청경채,숙주,대파,청양고추,계란,손질새우,닭가슴살,식용유,고추기름,참기름,후추,간장,액젓,마늘,맛술,두반장,미지근한물",30,쉬움,"점심,저녁","맑음,비,눈,더위,추위","봄,여름,가을,겨울",6923220,https://www.10000recipe.com/recipe/6923220,면/만두,,,1,,
꼬막비빔국수:골뱅이가 아니라도 좋아좋아,한식,"꼬막캔,오이,깻잎,양파,파,상추,소면,간장,고추장,고춧가루,식초,마늘,올리고당,매실액,맛술,생강청,참깨",30,보통,"점심,저녁","맑음,비,눈,더위,추위","봄,여름,가을,겨울",6923456,https://www.10000recipe.com/recipe/6923456,면/만두,,,1,,
밥솥으로 만든 오리 파스타(특별한 크리스마스),양식,"오리고기,마카로니,물,올리브유,소금,마늘가루,양파가루,화이트와인,오레가노",30,쉬움,"점심,저녁","맑음,비,눈,더위,추위","봄,여름,가을,겨울",6923716,https://www.10000recipe.com/recipe/6923716,양식,,,1,,
새우카레 스파게티,한식,"새우,스파게티원동전크기,마늘,카레가루,올리브유,소금,후추,파슬리",15,쉬움,"아침,점심,야식","맑음,비,눈,더위,추위","봄,여름,가을,겨울",6923933,https://www.10000recipe.com/recipe/6923933,면/만두,,,1,,
초간단!!명랑 마요크림 우동♡,일식,"우동,명란,버터,간장,마요네즈,김치",10,쉬움,"아침,점심,야식","맑음,비,눈,더위,추위","봄,여름,가을,겨울",6923936,https://www.10000recipe.com/recipe/6923936,면/만두,,,1,,
"우유의 고소함을 두배로, 대파우유라면",한식,"대파,체다치즈,우유,고춧가루",15,쉬움,"아침,점심,야식","맑음,비,눈,더위,추위","봄,여름,가을,겨울",6924131,https://www.10000recipe.com/recipe/6924131,면/만두,,,1,,
"정말 쉬운 계란요리, 담백한 토마토 달걀볶음 레시피",양식,"토마토,계란,식용유,대파,뿌리,청양고추,후추,소금",20,쉬움,"점심,저녁","맑음,비,눈,더위,추위","봄,여름,가을,겨울",6924249,https://www.10000recipe.com/recipe/6924249,양식,,,1,,
요거 하나면 홈파티 준비 끝! 목우촌 오리스테이크,양식,"빨강파프리카,노랑파프리카,양송이버섯,마늘,버터,통그릴오리스테이크,설탕,식초,간장",30,쉬움,"점심,저녁","맑음,비,눈,더위,추위","봄,여름,가을,겨울",6924442,https://www.10000recipe.com/recipe/6924442,양식,,,1,,
연말연시 파티요리 고든램지의 비프 웰링턴,양식,"소고기안심,퍼프페이스트리,양송이,소금,후추,프로슈토,홀그레인머스터드",120,보통,저녁,"맑음,비,눈,더위,추위","봄,여름,가을,겨울",6924533,https://www.10000recipe.com/recipe/6924533,양식,,,1,,
고르곤졸라 크림 파스타&마늘빵 만들기,양식,"링기니면,고르곤졸라,표고버섯,베이컨,생크림,치킨스톡,마늘,페페론치노,파마산치즈,야채순,소금,후추,올리브유,식빵,버터,연유,파슬리가루",30,쉬움,"점심,저녁","맑음,비,눈,더위,추위","봄,여름,가을,겨울",6924698,https://www.10000recipe.com/recipe/6924698,양식,,,1,,
[시금치된장국] 건새우넣어 시원하고 개운한 맛,한식,"시금치,멸치육수,건새우,된장,마늘,대파,고춧가루,간장",30,쉬움,"점심,저녁","맑음,비,눈,더위,추위","봄,여름,가을,겨울",6925089,https://www.10000recipe.com/recipe/6925089,국/탕,,,1,,
병아리 콩 비지찌개,한식,"병아리콩,배추김치,참기름,마늘,간장",60,쉬움,저녁,"맑음,비,눈,더위,추위","봄,여름,가을,겨울",6925339,https://www.10000recipe.com/recipe/6925339,찌개,,,1,,
프란 김치크림소면 만들기,양식,"소면,체다치즈,김치,우유,참치,마늘",10,쉬움,"아침,점심,야식","맑음,비,눈,더위,추위","봄,여름,가을,겨울",6925416,https://www.10000recipe.com/recipe/6925416,양식,,,1,,
순두부그라탕 l 순두부요리?? 그라탕으로 변신!,양식,"순두부,다진돼지고기,양파,양송이버섯,페페론치노,마늘,모짜렐라치즈,올리브유,파슬리가루",30,쉬움,"점심,저녁","맑음,비,눈,더위,추위","봄,여름,가을,겨울",6925505,https://www.10000recipe.com/recipe/6925505,양식,,,1,,
크림파스타 간단하지만 맛있게 만드는법,양식,"생크림,우유,양파,마늘,베이컨,양송이버섯,페투치네면",30,쉬움,"점심,저녁","맑음,비,눈,더위,추위","봄,여름,가을,겨울",6925637,https://www.10000recipe.com/recipe/6925637,양식,,,1,,
차돌박이 파스타 : 왠만한 파스타 맛집 뺨 후려칠 만큼 맛있는 초대박 레시퓌,양식,"스파게티면,차돌박이,양파,마늘,소금,올리브유,간장,맛술",30,보통,"점심,저녁","맑음,비,눈,더위,추위","봄,여름,가을,겨울",6926114,https://www.10000recipe.com/recipe/6926114,면/만두,,,1,,
밥 한 그릇 뚝딱! [김치찌개] 만들기,한식,"김치,돼지고기삼겹살,쌀뜨물,마늘,설탕,두부,양파,파,간장,고춧가루,된장",20,쉬움,"점심,저녁","맑음,비,눈,더위,추위","봄,여름,가을,겨울",6926391,https://www.10000recipe.com/recipe/6926391,찌개,,,1,,
초간단 감바스 알 아히요,양식,"칵테일새우,통마늘,올리브오일,마늘,페페론치노,바게트,스파게티면,소금,통후추후추가루,파슬리가루",20,쉬움,"점심,저녁","맑음,비,눈,더위,추위","봄,여름,가을,겨울",6926478,https://www.10000recipe.com/recipe/6926478,양식,,,1,,
묵은지 김치 파스타 색다른 오일파스타 만들기,양식,"파스타면,묵은지,베이컨줄,마늘,청양고추,홍고추,올리브유,대파,물,굵은소금",30,쉬움,"점심,저녁","맑음,비,눈,더위,추위","봄,여름,가을,겨울",6926652,https://www.10000recipe.com/recipe/6926652,양식,,,1,,
매콤하고 부드러운 두부 참치찌개,한식,"두부,참치캔,청양고추,홍고추,대파,양파,사골육수,간장,참치액,맛술,매실청,마늘,고춧가루,들기름,후추,깨",10,쉬움,"아침,점심,야식","맑음,비,눈,더위,추위","봄,여름,가을,겨울",6926672,https://www.10000recipe.com/recipe/6926672,찌개,,,1,,
월요일의 시작은 치킨으로 시작해! 통마늘치킨 ★,한식,"닭다리살,통마늘,튀김가루,카레가루,식용유,마늘,소금,후추,청주,물",60,쉬움,저녁,"맑음,비,눈,더위,추위","봄,여름,가을,겨울",6926748,https://www.10000recipe.com/recipe/6926748,메인반찬,,,1,,
수미네반찬 애호박국수,한식,"애호박,들기름,대파,소금,마늘,고춧가루,참기름,통깨",15,쉬움,"아침,점심,야식","맑음,비,눈,더위,추위","봄,여름,가을,겨울",6927337,https://www.10000recipe.com/recipe/6927337,면/만두,,,1,,
에그샌드위치 간단간단하게 먹자,양식,"식빵,상추소,삶은달걀,햄,마요네즈",15,쉬움,"아침,점심,야식","맑음,비,눈,더위,추위","봄,여름,가을,겨울",6927525,https://www.10000recipe.com/recipe/6927525,양식,,,1,,
수미네반찬 비빔만두 야식으로 괜찮아,한식,"양파,깻잎,양배추,계란,만두피,당근cm,고추장,고춧가루,마늘,설탕,식초,간장,통깨",30,쉬움,"점심,저녁","맑음,비,눈,더위,추위","봄,여름,가을,겨울",6927548,https://www.10000recipe.com/recipe/6927548,면/만두,,,1,,
햄의 풍부한 맛이 매력적인! 부대찌개,한식,"햄,소시지,김치,양파,대파,라면면,마늘,다진청양고추,고추장,올리고당,간장,후추,물,사골,쌀뜨물",30,쉬움,"점심,저녁","맑음,비,눈,더위,추위","봄,여름,가을,겨울",6927620,https://www.10000recipe.com/recipe/6927620,찌개,,,1,,
소라 짜글이 된장찌개,한식,"소라크게,양파,애호박,대파,불린표고버섯,다시육수,된장,고춧가루,마늘",30,쉬움,"점심,저녁","맑음,비,눈,더위,추위","봄,여름,가을,겨울",6928027,https://www.10000recipe.com/recipe/6928027,찌개,,,1,,
봄입맛을 잡은 새콤 달콤 딸기 샐러드,한식,"양상추,딸기,대저토마토,발사믹식초,레몬즙,꿀,고운소금",10,쉬움,"아침,점심,야식","맑음,비,눈,더위,추위","봄,여름,가을,겨울",6928135,https://www.10000recipe.com/recipe/6928135,,,,1,,
[초간단] 소시지 어묵덮밥~*,한식,"소시지,어묵,양파,대파,밥,간장,올리고당",15,쉬움,"아침,점심,야식","맑음,비,눈,더위,추위","봄,여름,가을,겨울",6928373,https://www.10000recipe.com/recipe/6928373,밥/죽/떡,,,1,,
에어프라이어 고르곤졸라 피자 대신 초간단 고르곤졸라 토스트 만들기 : 세라믹도,양식,"식빵,꿀혹은올리고당,피자치즈,고르곤졸라치즈",10,쉬움,"아침,점심,야식","맑음,비,눈,더위,추위","봄,여름,가을,겨울",6928723,https://www.10000recipe.com/recipe/6928723,양식,,,1,,
< 아이식사> 돈까스 소스 만들기,양식,"토마토,양파,당근,설탕,케첩,간장,식초,밀가루,올리브유",60,쉬움,저녁,"맑음,비,눈,더위,추위","봄,여름,가을,겨울",6928765,https://www.10000recipe.com/recipe/6928765,양식,,,1,,
♥[신혼밥상] 중국식 새우달걀볶음밥,한식,"밥,계란,대파,마늘,칵테일새우,참기름,통깨",20,쉬움,"점심,저녁","맑음,비,눈,더위,추위","봄,여름,가을,겨울",6928857,https://www.10000recipe.com/recipe/6928857,밥/죽/떡,,,1,,
먹기전에는 모르는 냉동만두의 변신! 고로케만두 !!,한식,"만두,계란,튀김가루,빵가루,마요네즈,다진피클,다진양파,레몬즙,꿀,후추,파슬리가루",20,쉬움,"점심,저녁","맑음,비,눈,더위,추위","봄,여름,가을,겨울",6928888,https://www.10000recipe.com/recipe/6928888,면/만두,,,1,,
파드득나물 (참나물) 요리 / 파드득나물(참나물) 국수,한식,"소면,파드득나물,계란노른자,간장,설탕,참기름,소금",20,쉬움,"점심,저녁","맑음,비,눈,더위,추위","봄,여름,가을,겨울",6928922,https://www.10000recipe.com/recipe/6928922,면/만두,,,1,,
돈까스김치나베 만들기 : 매일 메뉴가 고민이라면!,일식,"돈까스,김치,대파,양파,깻잎,계란,참치액,간장,맛술",15,쉬움,"아침,점심,야식","맑음,비,눈,더위,추위","봄,여름,가을,겨울",6928927,https://www.10000recipe.com/recipe/6928927,찌개,,,1,,
[노오븐] 피자,양식,"강력분,설탕,이스트,물,소금,치즈,반죽생략하실꺼면또띠아",90,쉬움,저녁,"맑음,비,눈,더위,추위","봄,여름,가을,겨울",6928974,https://www.10000recipe.com/recipe/6928974,양식,,,1,,
"두툼한 일식 돈까스♥일식돈까스 팁♥빵가루 까지 직접,풍미최고~~",양식,"돼지고기,식빵,계란,밀가루,소금,계핏가루",15,쉬움,"아침,점심,야식","맑음,비,눈,더위,추위","봄,여름,가을,겨울",6929417,https://www.10000recipe.com/recipe/6929417,양식,,,1,,
< 한그릇요리> 비빔국수,한식,"중면,소고기,양파,당근,오이,소금,미향,간장,설탕,올리고당,참기름,마늘,후춧가루,생강가루,통깨",15,쉬움,"아침,점심,야식","맑음,비,눈,더위,추위","봄,여름,가을,겨울",6929714,https://www.10000recipe.com/recipe/6929714,면/만두,,,1,,
고추장찌개:돼지고기다짐육이 셰프의 킥?!,한식,"돼지고기다짐육,술후차,현미유들기름,다시육수,감자,호박,두부,양파,버섯,마늘대작은술,달래,고추장,고춧가루,된장,간장,맛술",20,쉬움,"점심,저녁","맑음,비,눈,더위,추위","봄,여름,가을,겨울",6929722,https://www.10000recipe.com/recipe/6929722,찌개,,,1,,
만레's 요리교실) 홈파티에 제격! 만요교로 배우는 식빵모양의 미트로프,양식,"소고기다짐육,돼지고기다짐육,베이컨,계란,당근,샐러리,양파,식빵,머스터드,토마토케첩,타임,소금,후추,올리고당,다진양파,마늘,바질가루,크러쉬드페퍼,올리브유",60,쉬움,저녁,"맑음,비,눈,더위,추위","봄,여름,가을,겨울",6929834,https://www.10000recipe.com/recipe/6929834,양식,,,1,,
< 한그릇요리 > 베이컨대파볶음밥,한식,"베이컨,당근,계란,밥,대파,간장,고춧가루,참기름,통깨",15,쉬움,"아침,점심,야식","맑음,비,눈,더위,추위","봄,여름,가을,겨울",6929909,https://www.10000recipe.com/recipe/6929909,밥/죽/떡,,,1,,
집에서 연어스테이크 만들기,양식,"연어,올리브유,허브맛솔트,후추가루,레몬,양파,오이피클,할라피뇨,마요네즈,꿀,레몬즙,파슬리가루",30,쉬움,"점심,저녁","맑음,비,눈,더위,추위","봄,여름,가을,겨울",6930291,https://www.10000recipe.com/recipe/6930291,양식,,,1,,
간편 국 당면 계란탕~*,한식,"계란,당면,대파,다시육수,액젓,소금,마늘",15,쉬움,"아침,점심,야식","맑음,비,눈,더위,추위","봄,여름,가을,겨울",6930344,https://www.10000recipe.com/recipe/6930344,국/탕,,,1,,
맛남의광장 마늘탕수육&백종원 탕수육소스,양식,"돈등심,식초,간장,설탕,간생강,레몬즙",60,쉬움,저녁,"맑음,비,눈,더위,추위","봄,여름,가을,겨울",6930510,https://www.10000recipe.com/recipe/6930510,양식,,,1,,
알리오올리옹골레♥스파게티♥간단스파게티로 맛난 브런치~~,한식,"스파게티,마늘,마른청양고추,바지락,면삶을소금,맛술,면수또는물,올리브유,파마산치즈",15,쉬움,"아침,점심,야식","맑음,비,눈,더위,추위","봄,여름,가을,겨울",6930644,https://www.10000recipe.com/recipe/6930644,면/만두,,,1,,
원팬요리]알토란 임성근 돼지고기 김치말이찜 레시피 : 너무 맛있어요!,한식,"밑간한돼지고기,배추김치,된장,맛술,마늘,설탕,멸치액젓,고춧가루,멸치육수,들기름,매실액,쏭쏭썬파",60,쉬움,저녁,"맑음,비,눈,더위,추위","봄,여름,가을,겨울",6930726,https://www.10000recipe.com/recipe/6930726,찌개,,,1,,
"전자레인지 4분!! 다이어트 마약계란밥 만들기 (단백질 38g, 지방 19.6g)",한식,"현미밥,계란,짜지않은치즈,닭가슴살스테이크,대파,치킨스톡,파슬리",5,쉬움,"아침,점심,야식","맑음,비,눈,더위,추위","봄,여름,가을,겨울",6930772,https://www.10000recipe.com/recipe/6930772,밥/죽/떡,,,1,,
스트레스 확~풀리는 얼큰 고추장찌개,한식,"감자,애호박,양파,고추,대파,돼지고기,마늘,고춧가루,새우젓,고추장,간장",30,쉬움,"점심,저녁","맑음,비,눈,더위,추위","봄,여름,가을,겨울",6930822,https://www.10000recipe.com/recipe/6930822,찌개,,,1,,
칠리새우,양식,"까진새우,양파,식용유,파슬리,후추,꼬집,소금,간장,레몬즙,고춧가루,식초,마늘,버터",15,쉬움,"아침,점심,야식","맑음,비,눈,더위,추위","봄,여름,가을,겨울",6930863,https://www.10000recipe.com/recipe/6930863,양식,,,1,,
"진짜 쉬운 비상식량, 초간단 함박스테이크 만드는법",양식,"양파,마늘,소금,버터,식용유,다진돼지고기다진소고기,계란,빵가루,케첩,후추",30,쉬움,"점심,저녁","맑음,비,눈,더위,추위","봄,여름,가을,겨울",6931309,https://www.10000recipe.com/recipe/6931309,양식,,,1,,
고소한 맥앤치즈에 짭짤한 베이컨의 케미! 베이컨 맥앤치즈~,양식,"프라임베이컨,마카로니,옥수수캔,버터,밀가루,우유,체다슬라이스치즈,파마산치즈,소금,후추",30,보통,"점심,저녁","맑음,비,눈,더위,추위","봄,여름,가을,겨울",6931440,https://www.10000recipe.com/recipe/6931440,양식,,,1,,
"어버이날, 초간단 된장찌개 만드는 법",한식,"된장,고추장,감자큰것,쥬키니호박,두부,양파,파,청양고추,물",60,쉬움,저녁,"맑음,비,눈,더위,추위","봄,여름,가을,겨울",6932156,https://www.10000recipe.com/recipe/6932156,찌개,,,1,,
"어버이날기념 몸보신에 좋은 요리, 얼큰한 닭탕 레시피",한식,"닭,삶은우거지,깻잎,된장,마늘,간장,고춧가루,들깨가루",60,쉬움,저녁,"맑음,비,눈,더위,추위","봄,여름,가을,겨울",6932402,https://www.10000recipe.com/recipe/6932402,국/탕,,,1,,
향긋한 취나물 비빔 국수,한식,"소면,취나물,구운달걀,식초,고추장,마늘,매실청,간장,올리고당,설탕,참기름,깨소금",30,쉬움,"점심,저녁","맑음,비,눈,더위,추위","봄,여름,가을,겨울",6932666,https://www.10000recipe.com/recipe/6932666,면/만두,,,1,,
팥배기를 품은 향긋한 녹차 파운드 케이크,한식,"무염버터,박력분,계란,설탕,베이킹파우더,녹차가루,두유,팥배기",60,쉬움,저녁,"맑음,비,눈,더위,추위","봄,여름,가을,겨울",6932700,https://www.10000recipe.com/recipe/6932700,,,,1,,
닭날개,양식,"닭날개,우유,후추밑간용,소금밑간용,간장,물엿,케첩,버터,숟갈",60,쉬움,저녁,"맑음,비,눈,더위,추위","봄,여름,가을,겨울",6932978,https://www.10000recipe.com/recipe/6932978,양식,,,1,,
맛있는 연어스테이크 요리 레스토랑 레시피 : 프렌치 완두콩 & 브라운 버터 매쉬와 연어,양식,"감자감자,버터,우유,소금,밀가루,얇게썬샬롯,완두콩,닭육수,연어필레",60,보통,저녁,"맑음,비,눈,더위,추위","봄,여름,가을,겨울",6933228,https://www.10000recipe.com/recipe/6933228,양식,,,1,,
[영국주방] 홈메이드 피시 앤칩스(Fish and Chips) 만들기,양식,"큰흰살생선,밀가루,맥주,베이킹파우더,꿀,소금,후추,식용유,감자",60,쉬움,저녁,"맑음,비,눈,더위,추위","봄,여름,가을,겨울",6933458,https://www.10000recipe.com/recipe/6933458,양식,,,1,,
♥[신혼밥상] 버섯된장찌개,한식,"된장,느타리버섯,표고버섯,새송이버섯,팽이버섯,양파,두부,고춧가루,마늘,멸치다시마육수",20,쉬움,"점심,저녁","맑음,비,눈,더위,추위","봄,여름,가을,겨울",6933504,https://www.10000recipe.com/recipe/6933504,찌개,,,1,,
맛남의 광장 김찌개 색다른 별미,한식,"마른김,돼지고기앞다리살,양파,청양고추,대파,고춧가루,된장,마늘,간장,액젓,물",30,쉬움,"점심,저녁","맑음,비,눈,더위,추위","봄,여름,가을,겨울",6933577,https://www.10000recipe.com/recipe/6933577,찌개,,,1,,
맛집 안 부러운 베이컨 알리오올리오,한식,"스파게티면,베이컨,마늘,페페론치노,소금,올리브유",20,쉬움,"점심,저녁","맑음,비,눈,더위,추위","봄,여름,가을,겨울",6933622,https://www.10000recipe.com/recipe/6933622,면/만두,,,1,,
세상 간단한 불고기 떡볶이 레시피 69레시피!!,한식,"불고기용소고기,떡,양파,당근,물,설탕,간장,마늘,후추",30,쉬움,"점심,저녁","맑음,비,눈,더위,추위","봄,여름,가을,겨울",6933748,https://www.10000recipe.com/recipe/6933748,밥/죽/떡,,,1,,
얼갈이된장국 :: 담백한 된장국 속편한 식사에 최고!,한식,"얼갈이,멸치다시마육수,대파,된장,고춧가루,마늘,소금,간장,참치액",30,보통,"점심,저녁","맑음,비,눈,더위,추위","봄,여름,가을,겨울",6933780,https://www.10000recipe.com/recipe/6933780,국/탕,,,1,,
새우 또띠아피자 만들기 (에어프라이어기 레시피),양식,"새우,또띠아인치,치즈,루꼴라,파슬리",10,쉬움,"아침,점심,야식","맑음,비,눈,더위,추위","봄,여름,가을,겨울",6933940,https://www.10000recipe.com/recipe/6933940,양식,,,1,,
얼큰한~ 새우젓 두부찌개,한식,"두부,고춧가루,새우젓,마늘,대파,다시마멸치육수,청양고추",30,쉬움,"점심,저녁","맑음,비,눈,더위,추위","봄,여름,가을,겨울",6934159,https://www.10000recipe.com/recipe/6934159,찌개,,,1,,
#69레시피#소고기 뭇국,한식,"소고기,무우,대파,소금,마늘,참기름,후춧가루,생수",30,쉬움,"점심,저녁","맑음,비,눈,더위,추위","봄,여름,가을,겨울",6934181,https://www.10000recipe.com/recipe/6934181,국/탕,,,1,,
맛있게 한끼) 샌드위치 말고! 초간단 햄에그 부리또,양식,"피타브래드,양파,소세지,버섯양파반개양만큼,버터,치즈,계란,소금,후추,파슬리",15,쉬움,"아침,점심,야식","맑음,비,눈,더위,추위","봄,여름,가을,겨울",6934295,https://www.10000recipe.com/recipe/6934295,양식,,,1,,
【채끝살 스테이크】,양식,"소고기,토마토,양파,밥,공기,김자반,가지,브로콜리,감자샐러드",60,쉬움,저녁,"맑음,비,눈,더위,추위","봄,여름,가을,겨울",6934386,https://www.10000recipe.com/recipe/6934386,양식,,,1,,
"핫그릇으로 끝내는 등심 알리오올리오 파스타, 소고기 오일파스타 만들기",양식,"소금,후추,올리브유,등심,청양고추,통마늘,파스타면",20,쉬움,"점심,저녁","맑음,비,눈,더위,추위","봄,여름,가을,겨울",6934700,https://www.10000recipe.com/recipe/6934700,양식,,,1,,
입맛이 없을때! 박막례할머니 간장비빔국수,한식,"국수면,애호박,당근,간장,식초,설탕,참기름,마늘,통깨",15,쉬움,"아침,점심,야식","맑음,비,눈,더위,추위","봄,여름,가을,겨울",6934781,https://www.10000recipe.com/recipe/6934781,면/만두,,,1,,
김치비빔국수 매콤새콤 입맛에 착,한식,"소면,김치,계란,오이,고춧가루,고추장,식초,간장,올리고당,참기름,통깨",15,쉬움,"아침,점심,야식","맑음,비,눈,더위,추위","봄,여름,가을,겨울",6935091,https://www.10000recipe.com/recipe/6935091,면/만두,,,1,,
알리오 올리오 파스타 만들기,양식,"파스타면,올리브유,마늘,페퍼론치노,치킨스톡",20,쉬움,"점심,저녁","맑음,비,눈,더위,추위","봄,여름,가을,겨울",6935138,https://www.10000recipe.com/recipe/6935138,양식,,,1,,
맥주안주로 좋은 매콤한 만두강정 만들기,한식,"만두,식용유,설탕,간장,마늘,케찹,고추장,올리고당,대파",30,쉬움,"점심,저녁","맑음,비,눈,더위,추위","봄,여름,가을,겨울",6935192,https://www.10000recipe.com/recipe/6935192,면/만두,,,1,,
[에어프라이어]등갈비구이,양식,"등갈비,양파,통후추,월계수잎",60,쉬움,저녁,"맑음,비,눈,더위,추위","봄,여름,가을,겨울",6935211,https://www.10000recipe.com/recipe/6935211,양식,,,1,,
누구나 손쉽게 만드는 초간단 대패삼겹살파스타,양식,"대패삼겹살,슬라이스마늘,마늘,대파,청양고추,크러쉬드레드페퍼,오일,파스타면,굵은소금,면수또는물,후추,파슬리가루,간장,설탕,물",30,쉬움,"점심,저녁","맑음,비,눈,더위,추위","봄,여름,가을,겨울",6935224,https://www.10000recipe.com/recipe/6935224,양식,,,1,,
[성게알 요리] 미슐랭 가이드 이태리재 성게어란파스타,양식,"마늘,청정원치킨스톡,파스타면,월계수잎,페페론치노,성게알페이스트",15,어려움,"아침,점심,야식","맑음,비,눈,더위,추위","봄,여름,가을,겨울",6935556,https://www.10000recipe.com/recipe/6935556,양식,,,1,,
[술안주] 매운어묵레시피,한식,"멸치육수,어묵,고추장,고춧가루,설탕,간장,마늘,후추,대파,청양고추",15,쉬움,"아침,점심,야식","맑음,비,눈,더위,추위","봄,여름,가을,겨울",6935832,https://www.10000recipe.com/recipe/6935832,국/탕,,,1,,
튀기지 않고 아웃백 오지치즈후라이 만들기,양식,"감자,식용류,소금,베이컨,피자치즈,체다치즈,통후추",60,쉬움,저녁,"맑음,비,눈,더위,추위","봄,여름,가을,겨울",6935915,https://www.10000recipe.com/recipe/6935915,양식,,,1,,
"아침에 후딱이 끓이기 좋은 명란 두부찌개, 명란젓요리",한식,"두부g,무cm,대파,마늘,명란,다시마멸치육수,청양고추",15,쉬움,"아침,점심,야식","맑음,비,눈,더위,추위","봄,여름,가을,겨울",6936032,https://www.10000recipe.com/recipe/6936032,찌개,,,1,,
"백파더 백종원 라볶이 레시피, 떡과 어묵 추가~",한식,"라면,떡국떡,어묵,깻잎,다시마육수,라면스프,설탕,고추장",10,쉬움,"아침,점심,야식","맑음,비,눈,더위,추위","봄,여름,가을,겨울",6936229,https://www.10000recipe.com/recipe/6936229,면/만두,,,1,,
소보루 가지초밥 ~ 생선이 없어도 좋아~ 여름에도 즐기는 초밥만들기,일식,"다진소고기,가지,청주,마늘,다진대파,후춧가루,간장,맛술,올리고당,고추장,식초,설탕,소금",60,보통,저녁,"맑음,비,눈,더위,추위","봄,여름,가을,겨울",6936745,https://www.10000recipe.com/recipe/6936745,밥/죽/떡,,,1,,
야식 쫄비빔만두 쫄면과 군만두의 만남!,한식,"고추장,사이다,고춧가루,올리고당,참기름,마늘,깨,식초,간장,만두,콩나물,양배추,통,양파,청양고추,오이,당근",30,쉬움,"점심,저녁","맑음,비,눈,더위,추위","봄,여름,가을,겨울",6936838,https://www.10000recipe.com/recipe/6936838,면/만두,,,1,,
만두샐러드 ~ 출출한 배를 채워주는 간단한 야식 ^^,한식,"만두,쌈야채또는새싹채소,양파,고추장,멸치액젓,설탕,매실청,맛술,식초,마늘,참기름,통깨",20,쉬움,"점심,저녁","맑음,비,눈,더위,추위","봄,여름,가을,겨울",6936844,https://www.10000recipe.com/recipe/6936844,면/만두,,,1,,
"출구 없는 매력 속으로 GO, 매콤한 김치비빔국수 만들기",한식,"소면,묵은지,오이,당근,계란,청양고추,고추장,고춧가루,통깨,참기름,설탕",30,쉬움,"점심,저녁","맑음,비,눈,더위,추위","봄,여름,가을,겨울",6936867,https://www.10000recipe.com/recipe/6936867,면/만두,,,1,,
새우 갈릭 버터,양식,"새우,간마늘,버터,파슬리,후추",10,쉬움,"아침,점심,야식","맑음,비,눈,더위,추위","봄,여름,가을,겨울",6936977,https://www.10000recipe.com/recipe/6936977,양식,,,1,,
보들보들 일본식 계란덮밥 텐신항,한식,"계란,전분,크래미,간장,설탕,식초",10,쉬움,"아침,점심,야식","맑음,비,눈,더위,추위","봄,여름,가을,겨울",6937033,https://www.10000recipe.com/recipe/6937033,밥/죽/떡,,,1,,
짭쪼롬한 별미 명란호박찌개,한식,"명란,두부,쥬키니호박,고추,마늘,새우젓,멸치다싯물",15,쉬움,"아침,점심,야식","맑음,비,눈,더위,추위","봄,여름,가을,겨울",6937344,https://www.10000recipe.com/recipe/6937344,찌개,,,1,,
"체리클라푸티, 과즙 팡팡 터지게 만들기",한식,"체리,설탕,밀가루,소금,우유,버터틀에바를용도,슈가파우더",60,쉬움,저녁,"맑음,비,눈,더위,추위","봄,여름,가을,겨울",6937375,https://www.10000recipe.com/recipe/6937375,,,,1,,
[에어프라이어]더운 여름밤 시원한 맥주안주로 딱! 초간단 야식 웨지감자:D,양식,"감자,식용유,맛소금,후추",30,쉬움,"점심,저녁","맑음,비,눈,더위,추위","봄,여름,가을,겨울",6937432,https://www.10000recipe.com/recipe/6937432,양식,,,1,,
NO44 비오는날 애호박짜글이,한식,"애호박,감자,황태채,대파,청량초,홍고추,양파,고춧가루,고추장,된장,어간장,참치액젓,마늘",60,보통,저녁,"맑음,비,눈,더위,추위","봄,여름,가을,겨울",6937737,https://www.10000recipe.com/recipe/6937737,찌개,,,1,,
집에서 소고기 찹스테이크 만들기,양식,"소고기등심,양파,빨간파프리카,노란파프리카,새송이버섯,브로콜리,마늘,허브솔트,식용유,케첩,올리고당",30,쉬움,"점심,저녁","맑음,비,눈,더위,추위","봄,여름,가을,겨울",6937768,https://www.10000recipe.com/recipe/6937768,양식,,,1,,
돼지고기 짜글이 만들기~ 집에 있는 재료만 사용했지만 맛은 좡난이 아이네!! 비오는날 지글지글 칼칼하이 호로록!,한식,"돼지앞다리살,두부한모,물,고추장,된장,고춧가루,미림,멸치액젓,설탕,익은김치,마늘,후추,양파,청양고추",30,쉬움,"점심,저녁","맑음,비,눈,더위,추위","봄,여름,가을,겨울",6938216,https://www.10000recipe.com/recipe/6938216,찌개,,,1,,
"프리타타 만들기, 오믈렛만들기",양식,"계란,우유,감자,파마산치즈가루,새우,마늘,시금치,모짜렐라치즈,소금,후추",60,쉬움,저녁,"맑음,비,눈,더위,추위","봄,여름,가을,겨울",6938340,https://www.10000recipe.com/recipe/6938340,양식,,,1,,
국내의 상륙한 미국 에그슬럿! 줄서지 말고 집에서 만들어보기!,양식,"감자,버터,우유,소금,후추,계란,대파",15,쉬움,"아침,점심,야식","맑음,비,눈,더위,추위","봄,여름,가을,겨울",6938366,https://www.10000recipe.com/recipe/6938366,양식,,,1,,
간단 아침식사 팽이버섯덮밥 정말 맛있다!!♡♡,한식,"팽이버섯,양파,계란,간장,맛술,물",5,쉬움,"아침,점심,야식","맑음,비,눈,더위,추위","봄,여름,가을,겨울",6938416,https://www.10000recipe.com/recipe/6938416,밥/죽/떡,,,1,,
비 오는 날 구수한 근댓국,한식,"근대,대파,된장,디포리,건새우,맛소금,두부,생수",20,쉬움,"점심,저녁","맑음,비,눈,더위,추위","봄,여름,가을,겨울",6938552,https://www.10000recipe.com/recipe/6938552,국/탕,,,1,,
닭볶음탕 말복 메뉴로 딱! 속까지 간이 베여서 맛이 끝내줘요~,한식,"닭볶음탕용닭,감자,당근,양파,홍고추,청양고추,대파,간장,고추장,고춧가루,마늘,맛술,설탕,참기름,후춧가루",60,쉬움,저녁,"맑음,비,눈,더위,추위","봄,여름,가을,겨울",6938795,https://www.10000recipe.com/recipe/6938795,국/탕,,,1,,
초간단 계란볶음밥 만들기!간단하지만 맛은 꿀맛!,한식,"밥,계란,대파,버터",10,쉬움,"아침,점심,야식","맑음,비,눈,더위,추위","봄,여름,가을,겨울",6938837,https://www.10000recipe.com/recipe/6938837,밥/죽/떡,,,1,,
지상 최고의 과일 아보가도가 파스타와 만나 아보가도의 고소함이 입안에 가득한 맛입니다,양식,"페투치네파스타,아보카도,바질,방울토마토,올리브유,훗춧가루,허브소금",30,쉬움,"점심,저녁","맑음,비,눈,더위,추위","봄,여름,가을,겨울",6938850,https://www.10000recipe.com/recipe/6938850,양식,,,1,,
현지스타일로 만드는 샤크슈카(에그 인 헬),양식,"계란,홀토마토,양파,홍피망,청피망,마늘,파프리카파우더,큐민,카이엔페퍼,소금,후추,고수,올리브유,방울토마토,치즈,올리브",30,쉬움,"점심,저녁","맑음,비,눈,더위,추위","봄,여름,가을,겨울",6938877,https://www.10000recipe.com/recipe/6938877,양식,,,1,,
보들보들 꼬소한 백종원 참기름달걀라면 만들기 :),한식,"라면,계란,물,대파,참기름,청양고추",5,쉬움,"아침,점심,야식","맑음,비,눈,더위,추위","봄,여름,가을,겨울",6938923,https://www.10000recipe.com/recipe/6938923,면/만두,,,1,,
에어프라이어로 간단하게 감자튀김피자만들기♡,양식,"냉동감자,피자치즈,햄",30,쉬움,"점심,저녁","맑음,비,눈,더위,추위","봄,여름,가을,겨울",6939095,https://www.10000recipe.com/recipe/6939095,양식,,,1,,
차돌된장찌개 담백하지만 진한 고기맛,한식,"차돌박이,애호박,말린표고,양파,두부,파,말린멸치,된장,마늘,고춧가루,소금",30,쉬움,"점심,저녁","맑음,비,눈,더위,추위","봄,여름,가을,겨울",6939451,https://www.10000recipe.com/recipe/6939451,찌개,,,1,,
초간단 끼니해결 싸지만 고급진 맛 크림라면,양식,"라면사리,양파,마늘,소세지,우유,모자렐라치즈,소금,후추",30,쉬움,"점심,저녁","맑음,비,눈,더위,추위","봄,여름,가을,겨울",6939953,https://www.10000recipe.com/recipe/6939953,양식,,,1,,
감자요리 / 바삭하고 쫀득한 감자 꿀호떡,한식,"감자,감자전분,밀가루,소금,설탕,꿀",20,쉬움,"점심,저녁","맑음,비,눈,더위,추위","봄,여름,가을,겨울",6940221,https://www.10000recipe.com/recipe/6940221,밥/죽/떡,,,1,,
맛보장 미역오이냉국 황금비율 육수비법 ~ 얼음동동 시원한 음식,한식,"오이,미역,청양고추,양파,물,소금,설탕,식초,마늘,통깨",15,쉬움,"아침,점심,야식","맑음,비,눈,더위,추위","봄,여름,가을,겨울",6940231,https://www.10000recipe.com/recipe/6940231,국/탕,,,1,,
"감자 아보카도 아란치니 요리 만들기(ft.에어프라이어)(간단, 다이어트, 자취, 와인 안주, 쉬운, 집들이)",양식,"감자,아보카도,양파,레몬즙or라임즙,올리브오일,소금,계란,밀가루,마늘가루,간장,올리고당,마요네즈,고추",30,쉬움,"점심,저녁","맑음,비,눈,더위,추위","봄,여름,가을,겨울",6940404,https://www.10000recipe.com/recipe/6940404,양식,,,1,,
돼지고기의 깊은 맛과 두부의 만남 - 백종원 순두부찌개,한식,"순두부,호박,간돼지고기,양파,대파,마늘,고춧가루,간장,참기름,멸치,다시마육수,계란",60,쉬움,저녁,"맑음,비,눈,더위,추위","봄,여름,가을,겨울",6940605,https://www.10000recipe.com/recipe/6940605,찌개,,,1,,
미트볼 토마토 리조또 : 이케아 미트볼을 가지고 만들어봤어요 : ),양식,"마늘,다진양파,소금,후추,통,우유,밥아빠",20,쉬움,"점심,저녁","맑음,비,눈,더위,추위","봄,여름,가을,겨울",6941078,https://www.10000recipe.com/recipe/6941078,양식,,,1,,
"한국인의 소울푸드, 돼지고기 듬뿍 넣은 매콤칼칼한 김치찌개 만들기",한식,"김치,김칫국물,돼지고기,청양고추,두부,대파,고춧가루,마늘,소금,생수",60,쉬움,저녁,"맑음,비,눈,더위,추위","봄,여름,가을,겨울",6941095,https://www.10000recipe.com/recipe/6941095,찌개,,,1,,
바바가누쉬♡구운가지 디핑소스♡내맘대로 만드는 레바논 요리~,양식,"가지,마늘,참깨,올리브오일,식초,소금,후추,고춧가루",30,보통,"점심,저녁","맑음,비,눈,더위,추위","봄,여름,가을,겨울",6941617,https://www.10000recipe.com/recipe/6941617,양식,,,1,,
백파더 돼지고기 콩부침개 콩김치찌개 만드는법 간단하네,한식,"백태,다진돼지고기,대파,뿌리,소금,마늘,부침가루,식용유,간장,식초,청양고추,콩물,물,양파,참기름,신김치,고춧가루,멸치액젓",60,쉬움,저녁,"맑음,비,눈,더위,추위","봄,여름,가을,겨울",6941744,https://www.10000recipe.com/recipe/6941744,찌개,,,1,,
된장찌개 전문점 된장이 우리집 된장과 다른 이유!! 건강한 재료 사용한! 된장찌개 먹고 코로나 극복!! 함 달려 보,한식,"애호박,양파,감자작은거,무우,두부,물,간장,멸치액젓,고춧가루,된장,고추장",30,쉬움,"점심,저녁","맑음,비,눈,더위,추위","봄,여름,가을,겨울",6942038,https://www.10000recipe.com/recipe/6942038,찌개,,,1,,
코로나 극복음식/ 저녁 반찬/ 등갈비 묵은지 찌개,한식,"등갈비,무,양파,대파,통마늘,된장,커피,소주,생강가루,묵은지",90,쉬움,저녁,"맑음,비,눈,더위,추위","봄,여름,가을,겨울",6942156,https://www.10000recipe.com/recipe/6942156,찌개,,,1,,
바삭바삭 김치부침개 만들기!!,양식,"김치,포기,양파,고추,베이컨,부침가루,물,계란",10,쉬움,"아침,점심,야식","맑음,비,눈,더위,추위","봄,여름,가을,겨울",6942369,https://www.10000recipe.com/recipe/6942369,양식,,,1,,
깊은맛 보장! 쌀쌀해지는 가을에 딱~! - 소고기무국,한식,"양지,무,간장,마늘,파,참기름,물",30,쉬움,"점심,저녁","맑음,비,눈,더위,추위","봄,여름,가을,겨울",6942457,https://www.10000recipe.com/recipe/6942457,국/탕,,,1,,
"(아기반찬, 아기국) 감자달걀국",한식,"감자,계란,멸치다시마육수총,양파,대파,들기름,아기간장",15,쉬움,"아침,점심,야식","맑음,비,눈,더위,추위","봄,여름,가을,겨울",6943152,https://www.10000recipe.com/recipe/6943152,국/탕,,,1,,
"간단,맛보장 실패없는 된장찌개 레시피",한식,"애호박,팽이버섯,감자,양파,두부,고추,마늘,된장,쌀뜨물,고춧가루",20,쉬움,"점심,저녁","맑음,비,눈,더위,추위","봄,여름,가을,겨울",6943255,https://www.10000recipe.com/recipe/6943255,찌개,,,1,,
해물찌개 얼큰 칼칼한 국물요리!,한식,"홍합살,오징어,조갯살,무,대파,청양고추,홍고추,두부,간장,청주,고춧가루,마늘,멸치다시마육수,후춧가루",60,쉬움,저녁,"맑음,비,눈,더위,추위","봄,여름,가을,겨울",6943436,https://www.10000recipe.com/recipe/6943436,찌개,,,1,,
바지락 된장 파스타,양식,"바지락살,된장,파스타면,올리브유,마늘,애호박,대파,당근",20,쉬움,"점심,저녁","맑음,비,눈,더위,추위","봄,여름,가을,겨울",6943552,https://www.10000recipe.com/recipe/6943552,면/만두,,,1,,
"쌀쌀한 저녁에 먹기좋은 한 그릇, 소고기 무국",한식,"소고기,무,통,대파,마늘,참치액젓,간장,소금",30,쉬움,"점심,저녁","맑음,비,눈,더위,추위","봄,여름,가을,겨울",6943629,https://www.10000recipe.com/recipe/6943629,국/탕,,,1,,
이런 된장!! 너무 맛있잖아! 된장크림파스타,양식,"스파게티면,편썬양송이버섯,채썬양파,우유,파마산치즈가루,올리브오일,된장,베이컨,마늘,생크림,후추",30,보통,"점심,저녁","맑음,비,눈,더위,추위","봄,여름,가을,겨울",6943658,https://www.10000recipe.com/recipe/6943658,면/만두,,,1,,
아이들 국수~*,한식,"소면,계란,양파,당근,파,멸치육수티백,액젓,소금",30,쉬움,"점심,저녁","맑음,비,눈,더위,추위","봄,여름,가을,겨울",6943849,https://www.10000recipe.com/recipe/6943849,면/만두,,,1,,
얼큰 칼칼한 김치짜글이,한식,"돼지목살,고춧가루,고추장,마늘,양파,대파,새송이버섯,배추김치,불린당면,액젓,생수",15,쉬움,"아침,점심,야식","맑음,비,눈,더위,추위","봄,여름,가을,겨울",6944548,https://www.10000recipe.com/recipe/6944548,찌개,,,1,,
이탈리아 가정식 닭고기 스튜 - 뽈로 알라 카치아토라-,양식,"닭다리,베이컨,감자,양파,방울토마토,샬롯,마늘,올리브,새송이버섯,브로컬리,로즈마리,건타임,소금,후추보이진않지만,화이트와인,물,올리브오일,파마산치즈,토마토페이스트",60,보통,저녁,"맑음,비,눈,더위,추위","봄,여름,가을,겨울",6944570,https://www.10000recipe.com/recipe/6944570,양식,,,1,,
백종원 초간단 김치찌개 레시피 국물이 끝내주네요,한식,"돼지고기,신김치,대파,홍고추,쌀뜨물,청양고추,간장,고춧가루,새우젓,마늘",30,쉬움,"점심,저녁","맑음,비,눈,더위,추위","봄,여름,가을,겨울",6944572,https://www.10000recipe.com/recipe/6944572,찌개,,,1,,
정말 맛있는 버섯 파스타 만들기,양식,"파스타면,새우,표고버섯,마늘,양파,청경채,방울토마토,버터,파마산치즈가루,소금,후춧가루,오일,간장,발사믹식초,청주",30,쉬움,"점심,저녁","맑음,비,눈,더위,추위","봄,여름,가을,겨울",6944982,https://www.10000recipe.com/recipe/6944982,면/만두,,,1,,
침 고이게 만드는 그윽한 매운맛! 우유짬뽕,중식,"마늘,양파,청양고추,마른고추,홍합,새우,오징어,식용유,생면,우유,생크림,소금,후추",30,쉬움,"점심,저녁","맑음,비,눈,더위,추위","봄,여름,가을,겨울",6945312,https://www.10000recipe.com/recipe/6945312,면/만두,,,1,,
오븐요리 중 가장 쉬운 파피요트 대구파피요트 만들고 홈파티 준비하자!,양식,"대구살,소금,올리브유,화이트와인,방울토마토,레몬,버터,아스파라거스,타임,로즈마리,감자",30,쉬움,"점심,저녁","맑음,비,눈,더위,추위","봄,여름,가을,겨울",6945345,https://www.10000recipe.com/recipe/6945345,양식,,,1,,
"된장찌개, 기본 재료에 충실하면서 깔끔하고 맛있게 끓이는법",한식,"애호박,양파,파,양송이버섯,팽이버섯,청양고추,홍고추,두부,건다시마,멸치가루,된장,고춧가루,마늘,후추",30,쉬움,"점심,저녁","맑음,비,눈,더위,추위","봄,여름,가을,겨울",6945463,https://www.10000recipe.com/recipe/6945463,찌개,,,1,,
키토제닉 식단 : 소고기 무국,한식,"소고기,무,마늘,잔파,소금",60,쉬움,저녁,"맑음,비,눈,더위,추위","봄,여름,가을,겨울",6945524,https://www.10000recipe.com/recipe/6945524,국/탕,,,1,,
[다이어트] 정말 맛있고 든든한 저칼로리 저탄수화물 면두부 간장국수,한식,"애호박,당근,양파,대파,계란,김가루,면두부,간장,물,마늘,참기름,깨소금,올리고당",20,쉬움,"점심,저녁","맑음,비,눈,더위,추위","봄,여름,가을,겨울",6945894,https://www.10000recipe.com/recipe/6945894,면/만두,,,1,,
바지락 소고기 오일찜 만들기~ 키토식 새우 감바스 알 아히요,양식,"마늘,소고기,백합,새우,빨강파프리카,노랑파프리카,베트남고추",20,쉬움,"점심,저녁","맑음,비,눈,더위,추위","봄,여름,가을,겨울",6945905,https://www.10000recipe.com/recipe/6945905,양식,,,1,,
스위스 감자전,양식,"감자,베이컨,계란,소금,전분가루,식초,에멘탈치즈",60,쉬움,저녁,"맑음,비,눈,더위,추위","봄,여름,가을,겨울",6945948,https://www.10000recipe.com/recipe/6945948,양식,,,1,,
내 맘대로 만들기 _ 새우 바질 페스토 파스타,양식,"통마늘,양파,파스타면,새우,바질페스토,식용유,소금,후추",30,쉬움,"점심,저녁","맑음,비,눈,더위,추위","봄,여름,가을,겨울",6946156,https://www.10000recipe.com/recipe/6946156,면/만두,,,1,,
돼지고기 넣은 백종원 얼큰한 고추장찌개 만들기,한식,"돼지고기찌개용,양파,대파,청양고추,팽이버섯,호박,감자,물,참기름,고추장,멸치액젓,후춧가루,식용유,간장,마늘,굵은고춧가루",30,보통,"점심,저녁","맑음,비,눈,더위,추위","봄,여름,가을,겨울",6946582,https://www.10000recipe.com/recipe/6946582,찌개,,,1,,
"아기 배추된장국_ 겨울에 더 맛있는 우리 아기식단, 국 만들기",한식,"알배추,두부작은거,양파,파,멸치육수,된장,간장,참치액젓,마늘",20,쉬움,"점심,저녁","맑음,비,눈,더위,추위","봄,여름,가을,겨울",6946851,https://www.10000recipe.com/recipe/6946851,국/탕,,,1,,
"손님초대요리, 캠핑요리로 딱 좋은 새우홍합찜",양식,"손질한홍합,손질한새우,펜넬,당근,샬롯,마늘,월계수잎,타임,파슬리,묶음,레몬,화이트와인,올리브오일,소금,후추",30,쉬움,"점심,저녁","맑음,비,눈,더위,추위","봄,여름,가을,겨울",6946942,https://www.10000recipe.com/recipe/6946942,양식,,,1,,
고깃집에서 먹는 '차돌된장찌개',한식,"차돌박이,청양고추,감자,대파,양파,애호박,두부,된장,고추장,간마늘,고춧가루,액젓",30,쉬움,"점심,저녁","맑음,비,눈,더위,추위","봄,여름,가을,겨울",6946957,https://www.10000recipe.com/recipe/6946957,찌개,,,1,,
이탈리아 전통 집밥 레시피 : #1 아마트리치아나 Pasta all'amatriciana 만들기,양식,"토마토퓨레,페페론치노고추가루,올리브유,소금,페코리노로마노치즈가루",15,쉬움,"아침,점심,야식","맑음,비,눈,더위,추위","봄,여름,가을,겨울",6947055,https://www.10000recipe.com/recipe/6947055,양식,,,1,,
양고기챱스테이크,양식,"양고기,양파,브로컬리,방울토마토,올리브오일,소금,후추,허브",15,쉬움,"아침,점심,야식","맑음,비,눈,더위,추위","봄,여름,가을,겨울",6947125,https://www.10000recipe.com/recipe/6947125,양식,,,1,,
맥 앤 치즈 올인원,양식,"베이컨,파슬리가루,소금,후추,빵가루,우유,마늘,버터,밀가루,카이옌페퍼,슬라이스치즈,쉬레드치즈",60,쉬움,저녁,"맑음,비,눈,더위,추위","봄,여름,가을,겨울",6947511,https://www.10000recipe.com/recipe/6947511,양식,,,1,,
매콤 아삭 [김치비빔칼국수] 만들기,한식,"김치,포기,상추,계란,고추장,식초,간장,맛술,올리고당,설탕,참기름,후추",30,쉬움,"점심,저녁","맑음,비,눈,더위,추위","봄,여름,가을,겨울",6947523,https://www.10000recipe.com/recipe/6947523,면/만두,,,1,,
소고기무국 아침국으로 좋은 국물요리 집밥,한식,"소고기국거리,무,대파,간장,참기름,마늘,물,소금",60,쉬움,저녁,"맑음,비,눈,더위,추위","봄,여름,가을,겨울",6947544,https://www.10000recipe.com/recipe/6947544,국/탕,,,1,,
"초스피드 라볶이(간편요리, 한그릇요리, 간식, 술안주, 자취요리)",한식,"라면,양배추,물,고추장,고춧가루,라면스프,봉지,물엿,설탕",15,쉬움,"아침,점심,야식","맑음,비,눈,더위,추위","봄,여름,가을,겨울",6947587,https://www.10000recipe.com/recipe/6947587,면/만두,,,1,,
닭가슴살 요리 / 발사믹식초 닭가슴살 스테이크,양식,"양파,컬리플라워,닭가슴살,올리브오일,버터,소금,발사믹식초,설탕,오레가노,후춧가루",30,쉬움,"점심,저녁","맑음,비,눈,더위,추위","봄,여름,가을,겨울",6947610,https://www.10000recipe.com/recipe/6947610,양식,,,1,,
요리에센스 연두로 새우감바스 만들기 연두단 1기 첫 요리예요 :),양식,"바게뜨,새우살,통마늘,자색양파,마늘,꿀,올리브유,파슬리",60,보통,저녁,"맑음,비,눈,더위,추위","봄,여름,가을,겨울",6947911,https://www.10000recipe.com/recipe/6947911,양식,,,1,,
고사리 파스타 :: 명절남은 음식 응용,양식,"파스타면,고사리나물,올리브유,마늘,페페론치노,소금,치킨스톡,깨,파슬리",20,보통,"점심,저녁","맑음,비,눈,더위,추위","봄,여름,가을,겨울",6948092,https://www.10000recipe.com/recipe/6948092,양식,,,1,,
홈파티 메뉴로 아주 근사한 에그인헬,양식,"양파,피망,베이컨,오일,마늘,후추,파슬리,물,매운고추,계란,모짜렐라치즈,파마산치즈",20,쉬움,"점심,저녁","맑음,비,눈,더위,추위","봄,여름,가을,겨울",6948169,https://www.10000recipe.com/recipe/6948169,양식,,,1,,
집밥 TV) 백종원 백파더 순두부찌개 끓이는 법,한식,"돼지고기간것,양파,대파,식용유,고춧가루,참기름,간장,설탕,마늘,청양고추,물,계란",15,쉬움,"아침,점심,야식","맑음,비,눈,더위,추위","봄,여름,가을,겨울",6948190,https://www.10000recipe.com/recipe/6948190,찌개,,,1,,
닭봉튀김 레시피 #핑그푸드 #한입요리,양식,"닭봉,튀김가루,마늘,포도씨유,설탕,간장,맛술,다진생강,올리브유",60,보통,저녁,"맑음,비,눈,더위,추위","봄,여름,가을,겨울",6948235,https://www.10000recipe.com/recipe/6948235,양식,,,1,,
시금치 크림 리조또,양식,"시금치,단,버터,양파,마늘,닭가슴살,생크림,우유,베이컨,슬라이스치즈,소금,후추",60,쉬움,저녁,"맑음,비,눈,더위,추위","봄,여름,가을,겨울",6948436,https://www.10000recipe.com/recipe/6948436,양식,,,1,,
크리스마스 요리 찹스테이크,양식,"한우등심,고기밑간용굵은소금,통후춧가루,올리브유,양파,레몬슬라이스,노랑파프리카,빨강파프리카,마늘,브로콜리데친것,버터,케첩,설탕",30,쉬움,"점심,저녁","맑음,비,눈,더위,추위","봄,여름,가을,겨울",6948470,https://www.10000recipe.com/recipe/6948470,양식,,,1,,
경상도 소고기무국 레시피 간단하고 얼큰하게!,한식,"소고기,콩나물,청양고추,대파,다시팩,무,참기름,고춧가루,소금,간장",30,보통,"점심,저녁","맑음,비,눈,더위,추위","봄,여름,가을,겨울",6948624,https://www.10000recipe.com/recipe/6948624,국/탕,,,1,,
시원 얼큰한 해물감자국 밥한그릇 뚝딱이에요! 초간단 레시피,한식,"오징어,새우,감자,양파,애호박,버섯,미나리,간장,고춧가루,마늘,멸치액젓,후추",15,쉬움,"아침,점심,야식","맑음,비,눈,더위,추위","봄,여름,가을,겨울",6948656,https://www.10000recipe.com/recipe/6948656,국/탕,,,1,,
바지락탕【우리아이반찬】,한식,"바지락,맛술,다진쪽파,마늘,다시마우린물,간장",15,쉬움,"아침,점심,야식","맑음,비,눈,더위,추위","봄,여름,가을,겨울",6948849,https://www.10000recipe.com/recipe/6948849,국/탕,,,1,,
버섯달걀오븐구이 : 오븐으로 달걀요리 쉽게 하기,양식,"느타리버섯,표고버섯,양파,피망,베이컨,피자치즈,올리브유,계란,우유,소금,후추",30,쉬움,"점심,저녁","맑음,비,눈,더위,추위","봄,여름,가을,겨울",6948877,https://www.10000recipe.com/recipe/6948877,양식,,,1,,
클라우드 에그,양식,"계란,버터or식용유,소금,후추",30,쉬움,"점심,저녁","맑음,비,눈,더위,추위","봄,여름,가을,겨울",6948946,https://www.10000recipe.com/recipe/6948946,양식,,,1,,
또띠아피자,양식,"또띠아,양파,빨강파프리카,콘옥수수,베이컨,모짜렐라치즈,파슬리,노랑파프리카",15,쉬움,"아침,점심,야식","맑음,비,눈,더위,추위","봄,여름,가을,겨울",6949285,https://www.10000recipe.com/recipe/6949285,양식,,,1,,
맛있는 잡채 25분이면 충분해요.초간단 어묵잡채 만드는법,한식,"어묵,납작당면,불린목이버섯,새송이버섯,양파,당근,오일,간장,미림,마늘,참기름,올리고당,참깨",30,쉬움,"점심,저녁","맑음,비,눈,더위,추위","봄,여름,가을,겨울",6949540,https://www.10000recipe.com/recipe/6949540,면/만두,,,1,,
"[유아식국] 하얀, 맑은 아기 순두부찌개",한식,"순두부,봉지,돼지고기,애호박,양파,파,육수팩,홍게간장,마늘",20,쉬움,"점심,저녁","맑음,비,눈,더위,추위","봄,여름,가을,겨울",6950046,https://www.10000recipe.com/recipe/6950046,찌개,,,1,,
백종원 소고기무국 실패없이 끓이기,한식,"국거리용소고기,무,참기름,간장,마늘,후추,대파,다시마,소금",60,쉬움,저녁,"맑음,비,눈,더위,추위","봄,여름,가을,겨울",6950072,https://www.10000recipe.com/recipe/6950072,국/탕,,,1,,
새우젓 요리 / 새우젓 파스타,양식,"마늘,페페론치노,파스타면,올리브오일,새우젓,파마산치즈가루",20,쉬움,"점심,저녁","맑음,비,눈,더위,추위","봄,여름,가을,겨울",6950162,https://www.10000recipe.com/recipe/6950162,면/만두,,,1,,
퍽퍽한 닭가슴살 이제 안녕~~~ㅎ 겉바속촉!!! 닭가슴살 스테이크 만들기,양식,"닭가슴살,양파,파프리카,마늘,방울토마토,소금,후추,올리브유,간장,캐첩,버터,물",60,쉬움,저녁,"맑음,비,눈,더위,추위","봄,여름,가을,겨울",6950454,https://www.10000recipe.com/recipe/6950454,양식,,,1,,
초간단으로 감자계란국 끓여 먹기,한식,"감자,대파,마늘,계란,다시마,다시멸치,간장,소금",15,쉬움,"아침,점심,야식","맑음,비,눈,더위,추위","봄,여름,가을,겨울",6950537,https://www.10000recipe.com/recipe/6950537,국/탕,,,1,,
차돌박이된장볶음라면,한식,"라면사리,차돌박이,대파,된장,간장,올리고당,마늘,맛술,참기름,깨소금,물,고춧가루",15,쉬움,"아침,점심,야식","맑음,비,눈,더위,추위","봄,여름,가을,겨울",6950654,https://www.10000recipe.com/recipe/6950654,면/만두,,,1,,
"스페인 비니투스 꿀대구 만드는법, 꿀대구 뚝딱 레시피!",양식,"대구필렛,부침가루,소금,후추,꿀,버터,알리올리",30,쉬움,"점심,저녁","맑음,비,눈,더위,추위","봄,여름,가을,겨울",6950709,https://www.10000recipe.com/recipe/6950709,양식,,,1,,
"스위스식 감자전 "" 뢰스티 """,양식,"감자,소금,후추,그라나파다노,버터,계란,베이비채소생략가능",30,쉬움,"점심,저녁","맑음,비,눈,더위,추위","봄,여름,가을,겨울",6950957,https://www.10000recipe.com/recipe/6950957,양식,,,1,,
보기만해도 입맛 당기는 양념장이 일품인 김치 비빔국수 레시피,한식,"중면또는소면,배추김치,오이,통깨,고추장,식초,올리고당,간장,설탕,맛술,참기름,후추,삶은계란",30,쉬움,"점심,저녁","맑음,비,눈,더위,추위","봄,여름,가을,겨울",6951168,https://www.10000recipe.com/recipe/6951168,면/만두,,,1,,
떡꼬치 만들어서 간식 겸 점심 때우기...,한식,"떡꼬치용떡,식용유,고추장,케첩,간장,마늘",30,쉬움,"점심,저녁","맑음,비,눈,더위,추위","봄,여름,가을,겨울",6951211,https://www.10000recipe.com/recipe/6951211,밥/죽/떡,,,1,,
아이간식추천 ) 달콤 바삭 만두 탕수육,한식,"물만두,오이,파프리카,파인애플통조림,옥수수통조림,식용유,간장,설탕,파인애플통조림국물,케찹,식초,소금,전분",30,쉬움,"점심,저녁","맑음,비,눈,더위,추위","봄,여름,가을,겨울",6951589,https://www.10000recipe.com/recipe/6951589,면/만두,,,1,,
5분완성 참치미역국 아침국으로 최고,한식,"미역,물,참치캔,마늘,참치액,간장,식용유,들기름,소금",10,쉬움,"아침,점심,야식","맑음,비,눈,더위,추위","봄,여름,가을,겨울",6951605,https://www.10000recipe.com/recipe/6951605,국/탕,,,1,,
깔끔하고 개운한 어묵무국 만들기,한식,"무,어묵,마늘,대파,다시마,소금,간장,멸치액젓",15,쉬움,"아침,점심,야식","맑음,비,눈,더위,추위","봄,여름,가을,겨울",6951607,https://www.10000recipe.com/recipe/6951607,국/탕,,,1,,
마늘쫑 알리오올리오,양식,"마늘,마늘쫑,소세지,페페로치노,스파게티면,올리브오일,치킨스톡,꽃소금,후춧가루,파슬리,면수또는물",30,쉬움,"점심,저녁","맑음,비,눈,더위,추위","봄,여름,가을,겨울",6951765,https://www.10000recipe.com/recipe/6951765,양식,,,1,,
진한 순두부찌개 끓이는법 돼지고기 새우젓은 최고의 조합,한식,"순두부,돼지고기찌개용,대파,양파,애호박,청양고추,팽이버섯,계란,식용유,참기름,청주,마늘,고춧가루,간장,설탕,물,새우젓,후추",30,쉬움,"점심,저녁","맑음,비,눈,더위,추위","봄,여름,가을,겨울",6952154,https://www.10000recipe.com/recipe/6952154,찌개,,,1,,
유아식메뉴 * 시원한 콩나물국,한식,"콩나물,자른대파,새우젓,굵은소금,다시육수팩",15,쉬움,"아침,점심,야식","맑음,비,눈,더위,추위","봄,여름,가을,겨울",6952326,https://www.10000recipe.com/recipe/6952326,국/탕,,,1,,
백파더 순두부찌개 끓이기,한식,"순두부,돼지고기간것,다진양파,대파,청양고추,계란,물,식용유,참기름,고춧가루,간장,마늘,소금,후추가루",30,쉬움,"점심,저녁","맑음,비,눈,더위,추위","봄,여름,가을,겨울",6952542,https://www.10000recipe.com/recipe/6952542,찌개,,,1,,
특별메뉴 에그인헬(샥슈카) 만들기,양식,"계란,냉동새우살,소세지,양파,피자치즈,슬라이스치즈,파마산치즈,바게뜨빵,파슬리가루,후춧가루,마늘,올리브유,맛술",30,쉬움,"점심,저녁","맑음,비,눈,더위,추위","봄,여름,가을,겨울",6952573,https://www.10000recipe.com/recipe/6952573,양식,,,1,,
초간단 허니갈릭떡볶이,한식,"쌀떡볶이떡,굵게다진마늘,카놀라유,파슬리가루,통깨,연유",30,쉬움,"점심,저녁","맑음,비,눈,더위,추위","봄,여름,가을,겨울",6952665,https://www.10000recipe.com/recipe/6952665,밥/죽/떡,,,1,,
쉽고 간단한~ 깐풍만두 만들기,한식,"냉동만두,홍고추,양파,통마늘큰것,대파,간장,물,식초,갈색설탕,케찹",30,쉬움,"점심,저녁","맑음,비,눈,더위,추위","봄,여름,가을,겨울",6952694,https://www.10000recipe.com/recipe/6952694,면/만두,,,1,,
음요레시피 토마토 새우 중국당면 파스타,양식,"중국당면,새우,햄,양파,통,물",60,쉬움,저녁,"맑음,비,눈,더위,추위","봄,여름,가을,겨울",6953141,https://www.10000recipe.com/recipe/6953141,양식,,,1,,
이번 설에는 만둣국 대신 만두를 넣은 담백한 소고기 야채전골 어떠세요?,한식,"만두,배추,소고기,깻잎,대파,표고버섯,다시마,마늘,간장,소금,숙주,생수",90,쉬움,저녁,"맑음,비,눈,더위,추위","봄,여름,가을,겨울",6953148,https://www.10000recipe.com/recipe/6953148,찌개,,,1,,
미트볼 만들기 소고기 요리로 홈파티해요 :),양식,"소고기다짐육,당근작은거,송송썬대파,양파,계란,마늘,맛술,옥수수전분,빵가루,바질가루,파마산치즈가루,소금,올리브유,후추,파슬리가루",60,보통,저녁,"맑음,비,눈,더위,추위","봄,여름,가을,겨울",6953448,https://www.10000recipe.com/recipe/6953448,양식,,,1,,
시원하고 구수한 국물이 일품인 봄동된장국,한식,"봄동,표고버섯,두부,대파,뿌리,청양고추,마늘,다시육수팩,된장,고춧가루",30,쉬움,"점심,저녁","맑음,비,눈,더위,추위","봄,여름,가을,겨울",6953456,https://www.10000recipe.com/recipe/6953456,국/탕,,,1,,
간식 한끼 식사로 좋은 소고기주먹밥 만들기,한식,"소고기,후추,간장,설탕,조미김,양파,밥",20,쉬움,"점심,저녁","맑음,비,눈,더위,추위","봄,여름,가을,겨울",6953765,https://www.10000recipe.com/recipe/6953765,밥/죽/떡,,,1,,
5분요리ㅣ초간단 배추된장국ㅣ누구나 쉽게 따라하는 레시피ㅣ그래 이 맛이야ㅣEP.4,한식,"알배추,대파,물,된장,마늘,간장,다시다,고춧가루,후추",5,쉬움,"아침,점심,야식","맑음,비,눈,더위,추위","봄,여름,가을,겨울",6953919,https://www.10000recipe.com/recipe/6953919,국/탕,,,1,,
"스팸,미역 볶음 라면",한식,"라면,대파,자른불린미역,스팸,기름,면수",15,쉬움,"아침,점심,야식","맑음,비,눈,더위,추위","봄,여름,가을,겨울",6953955,https://www.10000recipe.com/recipe/6953955,면/만두,,,1,,
닭다리스테이크 부드럽고 간단하게 만드는 법(치킨스테이크/홈파티요리),양식,"닭다리살,우유,양파,아스파라거스,새송이버섯,감자,방울토마토,허니머스타드,홀그레인머스타드",60,쉬움,저녁,"맑음,비,눈,더위,추위","봄,여름,가을,겨울",6953965,https://www.10000recipe.com/recipe/6953965,양식,,,1,,
"버섯조림으로 버섯덮밥까지, 반찬으로도 한그릇요리로도 안성맞춤!",한식,"만가닥버섯,마늘,고추,물엿,간장,물,참기름,깨",20,쉬움,"점심,저녁","맑음,비,눈,더위,추위","봄,여름,가을,겨울",6953969,https://www.10000recipe.com/recipe/6953969,메인반찬,,,1,,
간단 된장찌개~♡,한식,"감자,양파,팽이버섯,애호박,두부,된장,쌈장,고추장,소고기다시다,소금",15,쉬움,"아침,점심,야식","맑음,비,눈,더위,추위","봄,여름,가을,겨울",6954520,https://www.10000recipe.com/recipe/6954520,찌개,,,1,,
청국장맛있게끓이는법 구수해,한식,"청국장,된장,마늘,양파,김치,대파,국물용멸치,물,두부",30,쉬움,"점심,저녁","맑음,비,눈,더위,추위","봄,여름,가을,겨울",6954726,https://www.10000recipe.com/recipe/6954726,찌개,,,1,,
볶아서 만들면 더 맛있는 순두부찌개~,한식,"삼겹살,식용유,물,순두부,애호박,익은김치,느타리버섯,양파,고춧가루,간장,멸치액젓,간마늘,다시다,후추가루",30,쉬움,"점심,저녁","맑음,비,눈,더위,추위","봄,여름,가을,겨울",6954799,https://www.10000recipe.com/recipe/6954799,찌개,,,1,,
"원팬 크림 파스타, 프로슈토 파르마 햄 요리",양식,"프로슈토혹은베이컨,파마산치즈,링귀니혹은타글리아텔,무가당휘핑크림,버터,넛메그,소금,후추",20,쉬움,"점심,저녁","맑음,비,눈,더위,추위","봄,여름,가을,겨울",6955088,https://www.10000recipe.com/recipe/6955088,양식,,,1,,
손쉽고 간편하게 맛있는 미트볼 스파게티 만드는 법,양식,"스파게티면,체다치즈",10,쉬움,"아침,점심,야식","맑음,비,눈,더위,추위","봄,여름,가을,겨울",6955090,https://www.10000recipe.com/recipe/6955090,양식,,,1,,
토마토 원팬파스타,양식,"스파게티면,양파,버섯,햄,베트남고추,크림치즈",20,쉬움,"점심,저녁","맑음,비,눈,더위,추위","봄,여름,가을,겨울",6955205,https://www.10000recipe.com/recipe/6955205,양식,,,1,,
저녁메뉴 추천-참치 김치찌개 맛있게 끓이기,한식,"김치,포기,참치,양파,두부,대파,물,간장,고춧가루,설탕",15,쉬움,"아침,점심,야식","맑음,비,눈,더위,추위","봄,여름,가을,겨울",6955420,https://www.10000recipe.com/recipe/6955420,찌개,,,1,,
시원하고 개운한 소고기 무국 만들기,한식,"소고기,무,들기름,소금,간마늘,간장,후추,대파,물",20,쉬움,"점심,저녁","맑음,비,눈,더위,추위","봄,여름,가을,겨울",6955757,https://www.10000recipe.com/recipe/6955757,국/탕,,,1,,
닭안심냉채,한식,"닭안심,양파,당근,파프리카빨강,파프리카노랑,오이,간장,연겨자,배식초,레몬즙,마늘,설탕,매실청,소금",30,쉬움,"점심,저녁","맑음,비,눈,더위,추위","봄,여름,가을,겨울",6955759,https://www.10000recipe.com/recipe/6955759,,,,1,,
[고추장찌개] 반찬하기 싫을때 이거 하나면 충분합니다.,한식,"돼지고기앞다리살,멸치육수,식용유,감자,애호박,두부,청양고추,대파,고추장,중간고춧가루,새우젓,마늘,설탕,간장",20,쉬움,"점심,저녁","맑음,비,눈,더위,추위","봄,여름,가을,겨울",6955923,https://www.10000recipe.com/recipe/6955923,찌개,,,1,,
치킨 키예프 만드는 법: 겉바속촉 맛있어서 순삭,양식,"닭가슴살,버터,계란,마늘,밀가루,빵가루,맛술,소금,후추,식용유",30,쉬움,"점심,저녁","맑음,비,눈,더위,추위","봄,여름,가을,겨울",6955971,https://www.10000recipe.com/recipe/6955971,양식,,,1,,
쪽파 양껏 다져 넣고 만든 오믈렛,양식,"계란,소금,후추,버터,식용유,쏭쏭썬쪽파",15,쉬움,"아침,점심,야식","맑음,비,눈,더위,추위","봄,여름,가을,겨울",6956102,https://www.10000recipe.com/recipe/6956102,양식,,,1,,
"집에서 즐기는 이색 양고기 요리, 호주청정램 프렌치랙 구이!",양식,"호주청정램프렌치랙,감자,당근,방울양배추,버터,올리브오일,다진오레가노,마늘,소금,후추",60,쉬움,저녁,"맑음,비,눈,더위,추위","봄,여름,가을,겨울",6956106,https://www.10000recipe.com/recipe/6956106,양식,,,1,,
"닭날개 오븐구이, 페루 치킨윙 온가족이 좋아할 맛!",양식,"라임즙,후추,마늘,소금,파프리카가루,커민,오레가노,설탕,엑스트라버진올리브유,닭날개,닭다리",120,쉬움,저녁,"맑음,비,눈,더위,추위","봄,여름,가을,겨울",6956114,https://www.10000recipe.com/recipe/6956114,양식,,,1,,
볶음밥!! 삼겹살 쪼끔만 있으면!! 입안이 행복해집니다!! 고놈 참 맛나겠다!,한식,"삼겹살,대파,양파,식용유,밥,계란,맛소금,미림,간장,설탕,물",20,쉬움,"점심,저녁","맑음,비,눈,더위,추위","봄,여름,가을,겨울",6956207,https://www.10000recipe.com/recipe/6956207,밥/죽/떡,,,1,,
꽈리고추 닭가슴살볶음~저칼로리로 가볍게,한식,"닭가슴살,꽈리고추,양파,당근,등분,조림간장,올리고당,올리브유,마늘,통깨",10,쉬움,"아침,점심,야식","맑음,비,눈,더위,추위","봄,여름,가을,겨울",6956234,https://www.10000recipe.com/recipe/6956234,메인반찬,,,1,,
고소하고 담백한 알리오올리오♡,한식,"파스타면,마늘,올리브오일,소금",20,쉬움,"점심,저녁","맑음,비,눈,더위,추위","봄,여름,가을,겨울",6956272,https://www.10000recipe.com/recipe/6956272,면/만두,,,1,,
"맛있는 다이어트요리, 샐러드파스타 만들기",양식,"샐러드채소,파스타면,냉동새우,아보카도오일,발사믹식초,레몬즙,소금,후추",10,쉬움,"아침,점심,야식","맑음,비,눈,더위,추위","봄,여름,가을,겨울",6956312,https://www.10000recipe.com/recipe/6956312,면/만두,,,1,,
꽁치두부찌개~아이들반찬,한식,"두부,꽁치캔,대파,청양고추,양파작은것,간장,마늘,고춧가루,올리고당,설탕,후추가루",30,쉬움,"점심,저녁","맑음,비,눈,더위,추위","봄,여름,가을,겨울",6956577,https://www.10000recipe.com/recipe/6956577,찌개,,,1,,
국물요리/얼큰한 국물요리로 준비한 오징어 고추장찌개,한식,"오징어,무,콩나물,양파,호박,대파,육수,고추장,고춧가루,소금",60,쉬움,저녁,"맑음,비,눈,더위,추위","봄,여름,가을,겨울",6956807,https://www.10000recipe.com/recipe/6956807,찌개,,,1,,
성훈의 스페셜 라면 끓이는 법! 고추참치짜르보나라 ♥,한식,"짜파게티,고추참치,양파,청양고추,마늘,우유,올리브유",30,쉬움,"점심,저녁","맑음,비,눈,더위,추위","봄,여름,가을,겨울",6957002,https://www.10000recipe.com/recipe/6957002,면/만두,,,1,,
"무가 들어간 반죽면, 구면 만들기",한식,"무,밀가루,소금,물,건다시마,건표고버섯,대파,멸치,밴댕이,멸치육수,미림,간장,액젓,계란,애호박",60,쉬움,저녁,"맑음,비,눈,더위,추위","봄,여름,가을,겨울",6957279,https://www.10000recipe.com/recipe/6957279,면/만두,,,1,,
잘 익은 김치로 만든 매콤한 김치우동 #일품요리레시피,일식,"우동면인분,잘익은김치,사각납작어묵,새송이버섯,대파,청양고추,붉은고추,불린표고버섯,간장,마늘,소금,후추가루",30,쉬움,"점심,저녁","맑음,비,눈,더위,추위","봄,여름,가을,겨울",6957739,https://www.10000recipe.com/recipe/6957739,면/만두,,,1,,
감자 새우 계란국 끓이기~*,한식,"작은감자,계란,새우살,파,멸치육수,참치액젓,후추",30,쉬움,"점심,저녁","맑음,비,눈,더위,추위","봄,여름,가을,겨울",6958140,https://www.10000recipe.com/recipe/6958140,국/탕,,,1,,
다이어트 영양식! 연어파피요트/레몬연어스테이크 만들기,양식,"연어스테이크용,레몬,올리브오일,소금,후추,양파,새송이버섯,통마늘,로즈마리,파슬리",30,쉬움,"점심,저녁","맑음,비,눈,더위,추위","봄,여름,가을,겨울",6958241,https://www.10000recipe.com/recipe/6958241,양식,,,1,,
면요리/실곤약 비빔국수/샐러드채소를 곁들여 맛있게 비볐어요♪,한식,"실곤약,샐러드채소,고추장,간장,설탕,고춧가루,매실액기스,사과식초,참기름,깨,식초",10,쉬움,"아침,점심,야식","맑음,비,눈,더위,추위","봄,여름,가을,겨울",6958316,https://www.10000recipe.com/recipe/6958316,면/만두,,,1,,
초간단 너무쉬운 콩나물국 만들기,한식,"콩나물,물,파,마늘,멸치액젓,간장,굵은소금",30,쉬움,"점심,저녁","맑음,비,눈,더위,추위","봄,여름,가을,겨울",6958399,https://www.10000recipe.com/recipe/6958399,국/탕,,,1,,
맛남의광장 성시경레시피~머쉬마루버섯 버터간장구이,한식,"머쉬마루버섯,버터,간장,통깨,식용유",10,쉬움,"아침,점심,야식","맑음,비,눈,더위,추위","봄,여름,가을,겨울",6958565,https://www.10000recipe.com/recipe/6958565,,,,1,,
밥솥 고소한 닭고기배추탕(소면과 같이 드셔도 좋아요),한식,"닭고기,배춧잎,표고버섯,물,간장,맛술,다시다,간마늘",5,쉬움,"아침,점심,야식","맑음,비,눈,더위,추위","봄,여름,가을,겨울",6958613,https://www.10000recipe.com/recipe/6958613,국/탕,,,1,,
가와지1호쌀로 만든 토마토리조또 :),양식,"베이컨,파프리카,당근,양파,마늘,버섯,피자치즈,올리브,밥,버터",30,쉬움,"점심,저녁","맑음,비,눈,더위,추위","봄,여름,가을,겨울",6958850,https://www.10000recipe.com/recipe/6958850,양식,,,1,,
아이들 간식 간장 떡볶이,한식,"떡볶이떡,납작어묵,통그릴소시지,간장,올리고당,설탕,마늘,맛술",15,쉬움,"아침,점심,야식","맑음,비,눈,더위,추위","봄,여름,가을,겨울",6958860,https://www.10000recipe.com/recipe/6958860,밥/죽/떡,,,1,,
사골곰탕에 파 듬뿍 넣고 끓인 부대찌개 레시피,한식,"비비고사골곰탕,후랑크소시지,스팸,대파,김치,마늘,고춧가루,멸치액젓,치즈",30,쉬움,"점심,저녁","맑음,비,눈,더위,추위","봄,여름,가을,겨울",6959108,https://www.10000recipe.com/recipe/6959108,찌개,,,1,,
경기미 참드림쌀 로만든 어묵 구운주먹밥,한식,"밥,어묵,당근,청양고추,식용유,간장,참기름,고춧가루,참깨",30,쉬움,"점심,저녁","맑음,비,눈,더위,추위","봄,여름,가을,겨울",6959599,https://www.10000recipe.com/recipe/6959599,밥/죽/떡,,,1,,
소고기다짐육으로 미트볼만들기,양식,"소고기다짐육,부추,양파,계란,표고버섯가루,고추장,간장,매실액,생강청,마늘칩",30,쉬움,"점심,저녁","맑음,비,눈,더위,추위","봄,여름,가을,겨울",6959906,https://www.10000recipe.com/recipe/6959906,양식,,,1,,
추억의 분식집 메뉴 새콤달콤 쫄면 만들기,한식,"쫄면,상추,깻잎,당근,양배추,콩나물,삶은계란,간장,고추장,고춧가루,설탕,식초,마늘,참기름,통깨,사과즙",30,쉬움,"점심,저녁","맑음,비,눈,더위,추위","봄,여름,가을,겨울",6959975,https://www.10000recipe.com/recipe/6959975,면/만두,,,1,,
감자국 끓이기~,한식,"감자,양파,대파,계란,물,들기름,간장,새우젓,마늘",30,쉬움,"점심,저녁","맑음,비,눈,더위,추위","봄,여름,가을,겨울",6960093,https://www.10000recipe.com/recipe/6960093,국/탕,,,1,,
돼지고기 감자찌개 밥비벼! 밥비벼!,한식,"감자중간크기,돼지고기다짐육,양파작은것,대파큰것,청양고추,마늘,고춧가루,고추장,간장,설탕,올리브유,후추가루",30,쉬움,"점심,저녁","맑음,비,눈,더위,추위","봄,여름,가을,겨울",6960268,https://www.10000recipe.com/recipe/6960268,찌개,,,1,,
감자 짜글이 찌게,한식,"감자,돼지고기,양파,대파,마늘,고추장,고춧가루,후추",30,쉬움,"점심,저녁","맑음,비,눈,더위,추위","봄,여름,가을,겨울",6960441,https://www.10000recipe.com/recipe/6960441,찌개,,,1,,
오늘의요리] 새우 바질페스토 파스타 ..굿♡ (요리강의 4),양식,"링귀니,새우,통마늘,베트남고추,오일,천일염,훈제파프리카,바질등모둠허브,올리브유,버터,후추",30,어려움,"점심,저녁","맑음,비,눈,더위,추위","봄,여름,가을,겨울",6960447,https://www.10000recipe.com/recipe/6960447,양식,,,1,,
바나나잼을 넣어 만든 바나나찐빵 ♥ 아이간식으로 추천!,한식,"바나나,황설탕,레몬즙,계피가루,밀가루박력분,우유,설탕,베이킹파우더,소금,바나나잼",60,쉬움,저녁,"맑음,비,눈,더위,추위","봄,여름,가을,겨울",6960603,https://www.10000recipe.com/recipe/6960603,,,,1,,
[감자그라탱 황금레시피]/갖은 야채를 함께 넣어 만든 건강한 요리 함께 만들어 보아요!!,양식,"감자개,브로콜리,방울토마토개,양파반개,마늘쪽,모짜렐라치즈,베트남고추,소금,후추,올리브유,블랙올리브",30,쉬움,"점심,저녁","맑음,비,눈,더위,추위","봄,여름,가을,겨울",6960608,https://www.10000recipe.com/recipe/6960608,양식,,,1,,
아침식사대용 감자계란국,한식,"감자중간크기,양파,대파,청양고추,간장,새우젓,참치액,소금,후춧가루,계란,다시마,멸치,건새우,물",20,쉬움,"점심,저녁","맑음,비,눈,더위,추위","봄,여름,가을,겨울",6960931,https://www.10000recipe.com/recipe/6960931,국/탕,,,1,,
간단한 메밀국수육수로 만든 토마토소바 ♥,한식,"메밀면,대파,김가루,쯔유,다시마육수,방울토마토,간장,설탕,레몬즙",30,쉬움,"점심,저녁","맑음,비,눈,더위,추위","봄,여름,가을,겨울",6960987,https://www.10000recipe.com/recipe/6960987,면/만두,,,1,,
원팬파스타! 케찹으로 만든 나폴리탄파스타,양식,"스파게티면,양파,마늘,프랑크소시지,케첩,물,소금,후추,올리브유,파마산치즈,파슬리가루",20,쉬움,"점심,저녁","맑음,비,눈,더위,추위","봄,여름,가을,겨울",6961459,https://www.10000recipe.com/recipe/6961459,양식,,,1,,
초복에 챙겨 먹어야 할 닭곰탕 & 닭무침,한식,"닭볶음탕용닭,통마늘,무,대파,오이,양파,고춧가루,식초,마늘,간장,참기름,깨,물엿,설탕,연겨자",60,쉬움,저녁,"맑음,비,눈,더위,추위","봄,여름,가을,겨울",6961493,https://www.10000recipe.com/recipe/6961493,국/탕,,,1,,
편스토랑 류수영 쌈계탕 도전♡,한식,"닭호,무,물,통마늘,생강,적양파,대파,맛간장또는간장,맛술,고춧가루,멸치액젓,사과잼,마른고추,알배추잎",50,보통,저녁,"맑음,비,눈,더위,추위","봄,여름,가을,겨울",6961780,https://www.10000recipe.com/recipe/6961780,국/탕,,,1,,
소고기 콩나물국 # 이열치열 기력보충,한식,"소고기,콩나물,무,물,대파,표고버섯기둥,간장,참기름,포도씨유,멸치액젓,고춧가루,마늘,다진생강,꽃소금",60,쉬움,저녁,"맑음,비,눈,더위,추위","봄,여름,가을,겨울",6961893,https://www.10000recipe.com/recipe/6961893,국/탕,,,1,,
"우유후추면, 부드러운 우유와 후추의 밀당",한식,"오징어,마늘,양파,청양고추,건고추,홍합,손질새우,생크림,우유,소금,후추,중화면또는국수,대파",30,쉬움,"점심,저녁","맑음,비,눈,더위,추위","봄,여름,가을,겨울",6961976,https://www.10000recipe.com/recipe/6961976,면/만두,,,1,,
얼갈이 된장국 구수하게 끓이기,한식,"얼갈이,단,두부,된장,간장,소금,마늘,고춧가루,양파,멸치육수",30,쉬움,"점심,저녁","맑음,비,눈,더위,추위","봄,여름,가을,겨울",6962146,https://www.10000recipe.com/recipe/6962146,국/탕,,,1,,
두부면 팟타이,한식,"편마늘,양파,숙주,새우,계란,파,두부면,멸치액젓,후추",15,쉬움,"아침,점심,야식","맑음,비,눈,더위,추위","봄,여름,가을,겨울",6962261,https://www.10000recipe.com/recipe/6962261,면/만두,,,1,,
"[ 김치비빔국수 ] 초간단요리, 입맛없을때, 새콤달콤",한식,"김치,소면,참기름,고추장,고춧가루,간장,식초,설탕,통깨",5,쉬움,"아침,점심,야식","맑음,비,눈,더위,추위","봄,여름,가을,겨울",6962433,https://www.10000recipe.com/recipe/6962433,면/만두,,,1,,
다이어트음식 두부면볶음 전탄고지식단,한식,"새우,청양고추,마늘,기버터,허브솔트",15,쉬움,"아침,점심,야식","맑음,비,눈,더위,추위","봄,여름,가을,겨울",6962487,https://www.10000recipe.com/recipe/6962487,면/만두,,,1,,
냉 냉 토마토 냉국 ~얼려서 만든 토마토가 신의한수,한식,"냉동토마토개,오이,새싹,물,설탕,식초,소금,마늘,통깨",10,쉬움,"아침,점심,야식","맑음,비,눈,더위,추위","봄,여름,가을,겨울",6962597,https://www.10000recipe.com/recipe/6962597,국/탕,,,1,,
여름에 먹기 좋은 새콤달콤 100%믿고 먹는 백종원 골뱅이소면,한식,"작은골뱅이통조림,소면,황태채,파,식초,설탕,고춧가루,고추장,참기름,통깨",30,쉬움,"점심,저녁","맑음,비,눈,더위,추위","봄,여름,가을,겨울",6963335,https://www.10000recipe.com/recipe/6963335,면/만두,,,1,,
오징어 다이어트요리. 오징어 야채말이 만들기.,한식,"오징어,노란파프리카,빨강파프리카,피망,깻잎,고추장,올리고당,식초,깻가루,마늘",60,쉬움,저녁,"맑음,비,눈,더위,추위","봄,여름,가을,겨울",6963368,https://www.10000recipe.com/recipe/6963368,메인반찬,,,1,,
닭가슴살요리/닭가슴살스테이크,양식,"닭가슴살,흰후추,우유,물,케첩,올리고당,매실진액,마늘,양배추즙,버터,양파,방울토마토,양송이버섯,청양고추",60,쉬움,저녁,"맑음,비,눈,더위,추위","봄,여름,가을,겨울",6963556,https://www.10000recipe.com/recipe/6963556,양식,,,1,,
든든한 함박으로 한끼? 함박스튜,양식,"소고기,돼지고기,양파,계란,빵가루,소금,후추,식용유,양송이,홀토마토,고추장,설탕,페퍼론치노,버터,올리브유,리코타치즈,파마산치즈가루",30,쉬움,"점심,저녁","맑음,비,눈,더위,추위","봄,여름,가을,겨울",6963576,https://www.10000recipe.com/recipe/6963576,양식,,,1,,
"베이컨 버섯크림 ""리조또""",양식,"불린쌀,베이컨,만가닥버섯,양파,마늘,치킨스톡,생크림,우유,꽃소금,올리브유,버터,통후추,파슬리가루,슈레드치즈,베이비채소",60,쉬움,저녁,"맑음,비,눈,더위,추위","봄,여름,가을,겨울",6963727,https://www.10000recipe.com/recipe/6963727,양식,,,1,,
[무드앤쿡#.45] 단호박 시리즈 1탄 : 면역력 높여주는 노란색 힘 <단호박 치즈 그라탕>,양식,"단호박,통,마늘,양파,양송이버섯,버터,밀가루,우유,모짜렐라치즈,소금,후추",60,쉬움,저녁,"맑음,비,눈,더위,추위","봄,여름,가을,겨울",6963956,https://www.10000recipe.com/recipe/6963956,양식,,,1,,
훈제오리김치볶음면,한식,"훈제오리,라면,김치,양파,마늘,청양고추,고추장,맛술,올리고당,참기름,통깨",30,쉬움,"점심,저녁","맑음,비,눈,더위,추위","봄,여름,가을,겨울",6964187,https://www.10000recipe.com/recipe/6964187,면/만두,,,1,,
시간 없을 때 정말 쉽고 빠르게 만들 수 있는 계란국,한식,"계란,대파,물,새우젓또는소금,간장,맛술,소금,후추",10,쉬움,"아침,점심,야식","맑음,비,눈,더위,추위","봄,여름,가을,겨울",6964614,https://www.10000recipe.com/recipe/6964614,국/탕,,,1,,
카레는 쉬운데 스튜는 어렵다?! 그래서 준비했어요^^ ♡소고기 토마토 스튜♡,양식,"토마토또는홀토마토,감자,당근,양파,셀러리,브로콜리,소고기등심,밀가루,버터,소금,후추,토마토페이스트,닭육수",30,쉬움,"점심,저녁","맑음,비,눈,더위,추위","봄,여름,가을,겨울",6964668,https://www.10000recipe.com/recipe/6964668,양식,,,1,,
[무드앤쿡#.60] 이색 파스타 시리즈 7편 : 집에서 간단히 즐기는 퓨전 보양식 <보양식 파스타>,양식,"파스타면,마늘,양파,시금치,훈제오리고기",30,쉬움,"점심,저녁","맑음,비,눈,더위,추위","봄,여름,가을,겨울",6964893,https://www.10000recipe.com/recipe/6964893,면/만두,,,1,,
다이어트식:달갈 토마토 볶음,한식,"계란,토마토,소금,간장,꿀",10,쉬움,"아침,점심,야식","맑음,비,눈,더위,추위","봄,여름,가을,겨울",6965521,https://www.10000recipe.com/recipe/6965521,메인반찬,,,1,,
[무드앤쿡#.73] 연어 시리즈 4편 : 고소한 크림 소스에 빵을 푹 찍어 먹으면 GOOD! <연어크림스튜>,양식,"연어,양파,시금치,방울토마토선택,생크림,치킨육수,소금,후추",60,쉬움,저녁,맑음,가을,6965695,https://www.10000recipe.com/recipe/6965695,양식,짭짤함,가을,1,,
광어가 두부 이불 덮었네 [로제 광어스테이크 두부롤],양식,"국내산광어,올리브오일,소금,후추,두부면,우유,양파다이스,간마늘,체다치즈,모짜렐라치즈",60,쉬움,저녁,"맑음,비,눈,더위,추위","봄,여름,가을,겨울",6966027,https://www.10000recipe.com/recipe/6966027,양식,,,1,,
[구수하고 담백한 된장찌개]/한국인의 밥상에 대표가 되는 찌개가 된장찌개가 아닐까 생각해 보네요!! 꿀팁 방출~,한식,"된장,느타리버섯,대파,호박,청양고추,마늘,참기름,고춧가루,육수",20,쉬움,"점심,저녁","맑음,비,눈,더위,추위","봄,여름,가을,겨울",6966053,https://www.10000recipe.com/recipe/6966053,찌개,,,1,,
케찹과 햄만 있으면 파스타 완성! 초간단 나폴리탄 파스타,양식,"파스타면,양파,햄,소금,올리브유,케찹,마요네즈",20,쉬움,"점심,저녁","맑음,비,눈,더위,추위","봄,여름,가을,겨울",6966073,https://www.10000recipe.com/recipe/6966073,면/만두,,,1,,
"고기 느타리 버섯 닭가슴살 죽.(이유식, 다이어트식, 보양식 모든게 가능한 건강죽!!!)",양식,"고기느타리,닭가슴살작은것,대파,밥,깨소금,통마늘,대추,물,마늘,맛술,후추,소금,간장",60,쉬움,저녁,"맑음,비,눈,더위,추위","봄,여름,가을,겨울",6966150,https://www.10000recipe.com/recipe/6966150,밥/죽/떡,,,1,,
두부면 가지파스타 인생다이어트요리,양식,"두부면,가지,대파,마늘,페퍼론치노,소금,후추,올리브유,설탕,간장",30,쉬움,"점심,저녁","맑음,비,눈,더위,추위","봄,여름,가을,겨울",6966522,https://www.10000recipe.com/recipe/6966522,면/만두,,,1,,
(HACCP인증제품) 고추참치&토마토파스타 <고토파스타>,양식,"두부면,고추참치,모짜렐라치즈,마늘,새송이버섯,허브솔트,건고추,파슬리가루,파마산치즈",30,쉬움,"점심,저녁","맑음,비,눈,더위,추위","봄,여름,가을,겨울",6967219,https://www.10000recipe.com/recipe/6967219,면/만두,,,1,,
#HACCP#간장두부덮밥,한식,"밥,두부,대파,양파,팽이버섯,마늘,후춧가루,전분물,참기름,간장,설탕,물",20,쉬움,"점심,저녁","맑음,비,눈,더위,추위","봄,여름,가을,겨울",6967279,https://www.10000recipe.com/recipe/6967279,밥/죽/떡,,,1,,
쉬워요.맛있어요.따끈한 돼지고기 김치찌개,한식,"돼지고기찌개용,김장김치,두부,대파,멸치다시마육수,간장,맛술,설탕,참치액,들기름,후추",30,쉬움,"점심,저녁","맑음,비,눈,더위,추위","봄,여름,가을,겨울",6967493,https://www.10000recipe.com/recipe/6967493,찌개,,,1,,
짭조름하고 매콤한 두반장파스타,양식,"파스타면,바지락,두반장,양파,마늘,설탕,소금,후추,올리브유",20,쉬움,"점심,저녁","맑음,비,눈,더위,추위","봄,여름,가을,겨울",6967540,https://www.10000recipe.com/recipe/6967540,면/만두,,,1,,
주꾸미 알리오 올리오 파스타 만들기 주꾸미 요리 초간단 브런치메뉴 (feat. 데체코 통밀 파스타 링귀니와 푸실리),양식,"주꾸미,링귀니,푸실리,양파,마늘,올리브오일,통후추,소금,페퍼론치노,버터,파슬리가루",30,쉬움,"점심,저녁","맑음,비,눈,더위,추위","봄,여름,가을,겨울",6967613,https://www.10000recipe.com/recipe/6967613,양식,,,1,,
부드럽고 고소한 들깨순두부찌개 만들기,한식,"물,육수팩,건표고슬라이스,양파,대파,마늘,간장,참치액,순두부,들깨가루",30,쉬움,"점심,저녁","맑음,비,눈,더위,추위","봄,여름,가을,겨울",6967660,https://www.10000recipe.com/recipe/6967660,찌개,,,1,,
새송이버터구이::당신의 맥주는 내가 처리했다구!,한식,"새송이버섯,버터,허브솔트,파슬리,파마산치즈",10,쉬움,"아침,점심,야식","맑음,비,눈,더위,추위","봄,여름,가을,겨울",6967724,https://www.10000recipe.com/recipe/6967724,,,,1,,
메밀김밥 / 메밀면김밥 쉽고 맛있게 만들어요!,한식,"김밥김,메밀면,깻잎,야채,간장,참기름,청양고추청",30,쉬움,"점심,저녁","맑음,비,눈,더위,추위","봄,여름,가을,겨울",6967837,https://www.10000recipe.com/recipe/6967837,면/만두,,,1,,
팟운센,한식,"얇은녹두국수,마늘,양파,후추,갈은닭고기,당근,양배추,방울토마토,계란,파또는고수,붉은고추,물,설탕",20,쉬움,"점심,저녁","맑음,비,눈,더위,추위","봄,여름,가을,겨울",6968037,https://www.10000recipe.com/recipe/6968037,면/만두,,,1,,
고구마치즈그라탱 만들기,양식,"밤고구마,양파,베이컨,버터,시럽또는올리고당,모짜렐라치즈,후추",60,쉬움,저녁,"맑음,비,눈,더위,추위","봄,여름,가을,겨울",6968119,https://www.10000recipe.com/recipe/6968119,양식,,,1,,
"전복크림파스타, 나도 할 수 있다! 고급요리!",양식,"전복,우유,스파게티면,대파,양파,마늘,소금,올리브유,버터",20,쉬움,"점심,저녁","맑음,비,눈,더위,추위","봄,여름,가을,겨울",6968538,https://www.10000recipe.com/recipe/6968538,양식,,,1,,
10분완성 초간단 국요리 중국식 계란탕 새우계란탕 뜨끈한 국요리,한식,"새우,대파,표고버섯,계란,치킨스톡,참치액젓,전분가루,마늘",10,쉬움,"아침,점심,야식","맑음,비,눈,더위,추위","봄,여름,가을,겨울",6968561,https://www.10000recipe.com/recipe/6968561,국/탕,,,1,,
김장 때만 먹을 수 있는!! ‘배추속대국(지짐이)’ 끓이는 방법~국물이 끝내줘요!시어머님께 전수 받은 레시피 그대로,한식,"절임배추속대,김장용무생채,목살,대파,들기름,새우젓",60,쉬움,저녁,"맑음,비,눈,더위,추위","봄,여름,가을,겨울",6968592,https://www.10000recipe.com/recipe/6968592,국/탕,,,1,,
15분이면 충분~ 참치덮밥(일식 요리법),일식,"참치캔,계란,양파,잔파,통깨,밥,간장,맛술,소주,설탕",15,쉬움,"아침,점심,야식","맑음,비,눈,더위,추위","봄,여름,가을,겨울",6968604,https://www.10000recipe.com/recipe/6968604,밥/죽/떡,,,1,,
<영양식> 들깨 순두부찌개 영양가득~,양식,"순두부봉,표고버섯,양파,들깨가루,참기름,마늘,참치액젓,물,대파,청량고추,소금",20,쉬움,"점심,저녁","맑음,비,눈,더위,추위","봄,여름,가을,겨울",6969190,https://www.10000recipe.com/recipe/6969190,찌개,,,1,,
간단하게 만드는 두릅된장찌개 밥비벼먹어요!,한식,"두릅,된장,애호박,표고버섯,팽이버섯,청양고추,고춧가루,물",30,쉬움,"점심,저녁","맑음,비,눈,더위,추위","봄,여름,가을,겨울",6969221,https://www.10000recipe.com/recipe/6969221,찌개,,,1,,
목살 스테이크 만들기,양식,"두툼한목살,부침가루또는밀가루,허브솔트,식용유,맛술,설탕,물",30,쉬움,"점심,저녁","맑음,비,눈,더위,추위","봄,여름,가을,겨울",6969684,https://www.10000recipe.com/recipe/6969684,양식,,,1,,
맑은 오징어 무국 만들기,한식,"오징어,무,대파,청양고추,고춧가루,멸치다시마육수,간장,마늘,소금",30,쉬움,"점심,저녁","맑음,비,눈,더위,추위","봄,여름,가을,겨울",6970033,https://www.10000recipe.com/recipe/6970033,국/탕,,,1,,
감자자글이!!!,한식,"돼지고기,스팸,대파,양파,감자,마늘,들기름,고추장,간장,설탕,고춧가루",15,쉬움,"아침,점심,야식","맑음,비,눈,더위,추위","봄,여름,가을,겨울",6970056,https://www.10000recipe.com/recipe/6970056,찌개,,,1,,
"에그인헬 만들기, 중독성 있는 홈브런치요리, 지중해 식단, 건강 식단",양식,"돼지고기다짐육,토마토,양파,홀토마토,마늘,소시지,바질가루,큐민,버터,계란,모차렐라치즈",30,쉬움,"점심,저녁","맑음,비,눈,더위,추위","봄,여름,가을,겨울",6970106,https://www.10000recipe.com/recipe/6970106,양식,,,1,,
감자짜글이 백종원요리비책 레시피 완전 밥도둑,한식,"감자,양파,스팸,청양고추,대파,고춧가루,마늘,맛술,간장,설탕,고추장,된장",30,쉬움,"점심,저녁","맑음,비,눈,더위,추위","봄,여름,가을,겨울",6970324,https://www.10000recipe.com/recipe/6970324,찌개,,,1,,
홈파티 음식 새우관자볶음 만드는 법 간단하지만 맛있어요.,한식,"관자,새우,버터,마늘,방울토마토,블랙올리브,레몬즙,로즈마리,타임,레지아노블록치즈,후춧가루",30,쉬움,"점심,저녁","맑음,비,눈,더위,추위","봄,여름,가을,겨울",6970430,https://www.10000recipe.com/recipe/6970430,메인반찬,,,1,,
"콩 샐러드, 맛과 건강이 공존할 수 있다니",양식,"백태,소금,애호박,양파,햄,통마늘",30,쉬움,"점심,저녁","맑음,비,눈,더위,추위","봄,여름,가을,겨울",6970536,https://www.10000recipe.com/recipe/6970536,양식,,,1,,
통닭구이 전기구이 마늘 올리브유 품은 통닭구이,양식,"닭kg,마늘,올리브유,소금,로즈마리",120,쉬움,저녁,"맑음,비,눈,더위,추위","봄,여름,가을,겨울",6970654,https://www.10000recipe.com/recipe/6970654,양식,,,1,,
햄버거 만들기 만들어진 패티로 쉽고 간편하게,양식,"햄버거빵,패티,치즈,토마토,양파,상추,피클,케첩,마요네즈",20,쉬움,"점심,저녁","맑음,비,눈,더위,추위","봄,여름,가을,겨울",6970988,https://www.10000recipe.com/recipe/6970988,양식,,,1,,
"어묵콩나물국:둘이 만나면 맛내기 쉬운국,쉬운 레시피",한식,"콩나물,네모어묵,물,무,잔멸치,다시마,간장,소금,마늘,고춧가루,후추",20,쉬움,"점심,저녁","맑음,비,눈,더위,추위","봄,여름,가을,겨울",6971016,https://www.10000recipe.com/recipe/6971016,국/탕,,,1,,
아이들도 좋아하는 오징어버터볶음밥 간단레시피,한식,"오징어,양파,버터,마늘,허브솔트,밥",20,쉬움,"점심,저녁","맑음,비,눈,더위,추위","봄,여름,가을,겨울",6971285,https://www.10000recipe.com/recipe/6971285,밥/죽/떡,,,1,,
국물로 밥 비벼 먹은 제주갈치 무우찌개,한식,"갈치토막,무우,양파,대파,맛술,멸치다시마육수,간장,매실청,마늘,고춧가루,참치액,생강즙",60,쉬움,저녁,"맑음,비,눈,더위,추위","봄,여름,가을,겨울",6971295,https://www.10000recipe.com/recipe/6971295,찌개,,,1,,
두부면파스타:토마토소스에 버무린 맛있는 다이어트식사,양식,"두부면,완숙토마토,올리브오일,양파,가지,소세지,루꼴라",20,쉬움,"점심,저녁","맑음,비,눈,더위,추위","봄,여름,가을,겨울",6971551,https://www.10000recipe.com/recipe/6971551,면/만두,,,1,,
홈메이드 피자,양식,"강력분,설탕,드라이이스트,소금,따뜻한물,포도씨유,피자치즈,파프리카,양파,베이컨,블랙올리브,표고버섯,스위트콘",90,쉬움,저녁,"맑음,비,눈,더위,추위","봄,여름,가을,겨울",6972270,https://www.10000recipe.com/recipe/6972270,양식,,,1,,
참치 감자찌개 얼큰하고 시원하게 고추참치로 만들어 보세요.,한식,"고추참치,감자,양파,물,마늘,고춧가루,새우젓",20,쉬움,"점심,저녁","맑음,비,눈,더위,추위","봄,여름,가을,겨울",6972598,https://www.10000recipe.com/recipe/6972598,찌개,,,1,,
시금치돼지고기 김밥(유아용),한식,"간돼지고기,시금치,밥,김,참기름,참깨,치즈,간장,맛술,설탕",15,쉬움,"아침,점심,야식","맑음,비,눈,더위,추위","봄,여름,가을,겨울",6972832,https://www.10000recipe.com/recipe/6972832,밥/죽/떡,,,1,,
새우젓으로 간을해서 더욱 깔끔한 ‘버섯달걀국’ 포근하고 부드러운 계란 느낌 살려~~!!,한식,"멸치육수,계란,양파,홍고추,표고버섯,새우젓,소금",20,쉬움,"점심,저녁","맑음,비,눈,더위,추위","봄,여름,가을,겨울",6973049,https://www.10000recipe.com/recipe/6973049,국/탕,,,1,,
구수한 ‘된장찌개’ 맛있게 끓이는 방법~! 무가 들어가서 시원해요^^,한식,"양파,애호박,청양고추,홍고추,두부,느타리버섯,팽이버섯,무,멸치육수,마늘,간장,고춧가루,설탕",30,쉬움,"점심,저녁","맑음,비,눈,더위,추위","봄,여름,가을,겨울",6973233,https://www.10000recipe.com/recipe/6973233,찌개,,,1,,
고소함+고소함 두부면크림파스타,양식,"두유,마늘,베이컨,양파,양송이버섯,브로콜리,두부면,파마산치즈가루,소금,후추,올리브유,파슬리가루",30,쉬움,"점심,저녁","맑음,비,눈,더위,추위","봄,여름,가을,겨울",6973354,https://www.10000recipe.com/recipe/6973354,면/만두,,,1,,
"참치김치덮밥 만드는법, 맛있는 한그릇요리",한식,"김치,참치,대파,계란,참기름,통깨,식용유,간장,고춧가루,설탕,마늘",20,쉬움,"점심,저녁","맑음,비,눈,더위,추위","봄,여름,가을,겨울",6973479,https://www.10000recipe.com/recipe/6973479,밥/죽/떡,,,1,,
간단한 파스타 브런치/봉골레파스타,양식,"스파게티면,모시조개,올리브유,굵은소금,베트남고추,마늘,화이트와인,가는소금,후추",20,쉬움,"점심,저녁","맑음,비,눈,더위,추위","봄,여름,가을,겨울",6973823,https://www.10000recipe.com/recipe/6973823,양식,,,1,,
명절 뒤 느끼함 싸-악 잡아줄 매코옴한 고추장찌개 만들기!,한식,"감자,애호박,돼지고기,대파,양파,마늘,참기름,고추장,고춧가루,된장",30,쉬움,"점심,저녁","맑음,비,눈,더위,추위","봄,여름,가을,겨울",6973876,https://www.10000recipe.com/recipe/6973876,찌개,,,1,,
편스토랑 스타일의 고추참치 비빔우동 만들기,일식,"우동사리,양파,고추참치,식용유,대파,참치액,고춧가루,마늘,참기름",30,쉬움,"점심,저녁","맑음,비,눈,더위,추위","봄,여름,가을,겨울",6973941,https://www.10000recipe.com/recipe/6973941,면/만두,,,1,,
참치 레몬 폰즈 타타키,한식,"다랑어등살,디종머스타드,통깨가루,굵은후추,오이,방울토마토,양파,레몬,소금,올리브유,간장,양조식초,설탕,가쓰오부시",15,쉬움,"아침,점심,야식","맑음,비,눈,더위,추위","봄,여름,가을,겨울",6974119,https://www.10000recipe.com/recipe/6974119,메인반찬,,,1,,
밥도둑 명인 소리 들을수 있는 짜글이 찌개~,한식,"돼지고기앞다리살,감자,물,식용유,된장,고추장,고춧가루,설탕,간장,미림,간마늘,청양고추,후추가루",30,쉬움,"점심,저녁","맑음,비,눈,더위,추위","봄,여름,가을,겨울",6974158,https://www.10000recipe.com/recipe/6974158,찌개,,,1,,
크림치즈딸기롤,한식,"식빵,딸기,크림치즈",30,쉬움,"점심,저녁","맑음,비,눈,더위,추위","봄,여름,가을,겨울",6974433,https://www.10000recipe.com/recipe/6974433,,,,1,,
감자 계란 국,한식,"계란,감자,대파,다시육수,참치액,볶음소금",30,쉬움,"점심,저녁","맑음,비,눈,더위,추위","봄,여름,가을,겨울",6974497,https://www.10000recipe.com/recipe/6974497,국/탕,,,1,,
함박스테이크 만드는 방법! 손님 초대용,양식,"다진소고기,다진돼지고기,빵가루,케첩,간장,설탕,마늘,소금,버터,후추,양파,슬라이스치즈,계란,과일,채소,케찹,식초,양송이버섯",30,쉬움,"점심,저녁","맑음,비,눈,더위,추위","봄,여름,가을,겨울",6974683,https://www.10000recipe.com/recipe/6974683,양식,,,1,,
치킨 스피니치,양식,"닭가슴살,시금치,단,그라노파다노치즈,체다치즈,후추,소금,버터,올리브유,우유,휘핑크림,바질,머스타드",30,보통,"점심,저녁","맑음,비,눈,더위,추위","봄,여름,가을,겨울",6974755,https://www.10000recipe.com/recipe/6974755,양식,,,1,,
매쉬드 포테이토 만들기,양식,"감자,버터,우유,소금,후추,넉맥,파마산치즈가루,올리고당",20,쉬움,"점심,저녁","맑음,비,눈,더위,추위","봄,여름,가을,겨울",6974841,https://www.10000recipe.com/recipe/6974841,양식,,,1,,
간단 맛있는 돼지고기 다짐육 간장비빔국수,한식,"돼지다짐육,간장,마늘,설탕,올리고당,후춧가루,소면,식초,참기름",20,쉬움,"점심,저녁","맑음,비,눈,더위,추위","봄,여름,가을,겨울",6974870,https://www.10000recipe.com/recipe/6974870,면/만두,,,1,,
스크램블에그 달걀 계란요리,양식,"계란,소금,황설탕,후추가루,양파,파,버터,우유",10,쉬움,"아침,점심,야식","맑음,비,눈,더위,추위","봄,여름,가을,겨울",6975056,https://www.10000recipe.com/recipe/6975056,양식,,,1,,
샐러드 우동 만드는 법,일식,"우동면,새우,양상추,통,참깨드레싱,버터,허브솔트",20,쉬움,"점심,저녁","맑음,비,눈,더위,추위","봄,여름,가을,겨울",6975163,https://www.10000recipe.com/recipe/6975163,면/만두,,,1,,
밥도둑 메뉴 애호박찌개 만드는법,한식,"애호박,돼지고기찌개용,양파,대파,청양고추,홍고추,멸치다시마육수,고추장,고춧가루,마늘,참기름,간장,새우젓,맛술,후추",30,쉬움,"점심,저녁","맑음,비,눈,더위,추위","봄,여름,가을,겨울",6975222,https://www.10000recipe.com/recipe/6975222,찌개,,,1,,
초간단 간장 비빔 국수.,한식,"소면,간장,식초,설탕,깨가루,참기름",15,쉬움,"아침,점심,야식","맑음,비,눈,더위,추위","봄,여름,가을,겨울",6975342,https://www.10000recipe.com/recipe/6975342,면/만두,,,1,,
마늘 듬뿍 계란 볶음 밥,한식,"포도씨유,버터,밥,계란,마늘,맛소금,파",10,쉬움,"아침,점심,야식","맑음,비,눈,더위,추위","봄,여름,가을,겨울",6975439,https://www.10000recipe.com/recipe/6975439,밥/죽/떡,,,1,,
닭칼국수 만드는법 닭가슴살 국물요리 저녁점심메뉴,한식,"닭가슴살,멸치액젓,후추,간마늘,호박,감자,양파,파,소금",20,쉬움,"점심,저녁","맑음,비,눈,더위,추위","봄,여름,가을,겨울",6975466,https://www.10000recipe.com/recipe/6975466,면/만두,,,1,,
초간단 봉골레파스타 (집에있는 재료로 쉽게 만들기),양식,"바지락,스파게티면,양파,버섯,청양고추,마늘,올리브유,후추,소금",30,쉬움,"점심,저녁","맑음,비,눈,더위,추위","봄,여름,가을,겨울",6975572,https://www.10000recipe.com/recipe/6975572,양식,,,1,,
구수하고 향긋한 달래된장찌개 만드는 법,한식,"달래,멸치육수,대파,양파,애호박,홍고추,청양고추,된장,마늘,두부",60,보통,저녁,"맑음,비,눈,더위,추위","봄,여름,가을,겨울",6975595,https://www.10000recipe.com/recipe/6975595,찌개,,,1,,
♥[시혼밥상] 술안주 새우콘치즈,한식,"통새우,스위트콘,모짜렐라치즈,버터,마요네즈,설탕",10,쉬움,"아침,점심,야식","맑음,비,눈,더위,추위","봄,여름,가을,겨울",6975626,https://www.10000recipe.com/recipe/6975626,메인반찬,,,1,,
<초간단>참치김치찌개!,한식,"익은배추김치,참치캔,두부,대파,마늘,고춧가루,간장,설탕",30,쉬움,"점심,저녁","맑음,비,눈,더위,추위","봄,여름,가을,겨울",6975879,https://www.10000recipe.com/recipe/6975879,찌개,,,1,,
"소고기들깨미역국~유아,어린이국!",한식,"건미역,소고기,들깨가루,간장,후추가루,들기름",30,쉬움,"점심,저녁","맑음,비,눈,더위,추위","봄,여름,가을,겨울",6976016,https://www.10000recipe.com/recipe/6976016,국/탕,,,1,,
새우를 넣은 굴소스파스타 초간단레시피,양식,"새우,스파게티면,통마늘,청양고추,소금,버터,파마산치즈가루",20,쉬움,"점심,저녁","맑음,비,눈,더위,추위","봄,여름,가을,겨울",6976097,https://www.10000recipe.com/recipe/6976097,면/만두,,,1,,
"오트밀을 맛있게 먹어보자, 오트밀 카레",한식,"오트밀,닭가슴살,양파,당근,고형카레,물,올리브유,달걀후라이,후추",15,쉬움,"아침,점심,야식","맑음,비,눈,더위,추위","봄,여름,가을,겨울",6976106,https://www.10000recipe.com/recipe/6976106,밥/죽/떡,,,1,,
[만개백과] EP. 09 구수한 맛이 매력적인 된장찌개,한식,"감자,양파,애호박,표고버섯,두부,대파,청양고추,홍고추,멸치,물,다시마,건새우,된장,마늘,고춧가루",30,쉬움,"점심,저녁","맑음,비,눈,더위,추위","봄,여름,가을,겨울",6977004,https://www.10000recipe.com/recipe/6977004,찌개,,,1,,
[만개백과] EP. 10 얼큰하게 맛있는 장칼국수,한식,"감자,양파,애호박,대파,청양고추,느타리버섯,멸치,다시마,건새우,물,고추장,된장,마늘,고춧가루,간장",30,쉬움,"점심,저녁","맑음,비,눈,더위,추위","봄,여름,가을,겨울",6977309,https://www.10000recipe.com/recipe/6977309,면/만두,,,1,,
입맛이 확도는 반찬이 땡길 때! 밥도둑 참치무조림,한식,"무,참치통조림,양파,대파,다시마육수,깨,간장,된장,고춧가루,맛술,설탕,후추",30,쉬움,"점심,저녁","맑음,비,눈,더위,추위","봄,여름,가을,겨울",6977387,https://www.10000recipe.com/recipe/6977387,메인반찬,,,1,,
토마토 스파게티 그라탕 만들기,양식,"스파게티면,소고기다짐육,양파,피망,마늘,피자치즈,우유,올리브유,파슬리가루,소금,설탕,맛술,후춧가루",30,쉬움,"점심,저녁","맑음,비,눈,더위,추위","봄,여름,가을,겨울",6977653,https://www.10000recipe.com/recipe/6977653,양식,,,1,,
백종원 만둣국 [담백한 국물맛이 일품! 뜨끈하고 깊은 국물맛의 냉동만두요리!],한식,"멸치육수,냉동만두,애호박,당근,양파,마늘,간장,꽃소금",30,쉬움,"점심,저녁","맑음,비,눈,더위,추위","봄,여름,가을,겨울",6977658,https://www.10000recipe.com/recipe/6977658,국/탕,,,1,,
도시락싸기 좋은 참치마요 삼각(김)밥,한식,"깨,후추,소금,올리브유,밥,캔참치,주먹밥토핑",30,쉬움,"점심,저녁","맑음,비,눈,더위,추위","봄,여름,가을,겨울",6977976,https://www.10000recipe.com/recipe/6977976,밥/죽/떡,,,1,,
된장찌개 간단레시피,한식,"중멸치,무,양파,맛타리버섯,두부,홍고추,된장,마늘,고춧가루",15,쉬움,"아침,점심,야식","맑음,비,눈,더위,추위","봄,여름,가을,겨울",6978062,https://www.10000recipe.com/recipe/6978062,찌개,,,1,,
대파베이컨파스타 스파게티면 삶는 시간 냉동보관,양식,"스파게티,대파,베이컨,치킨스톡,멸치액젓,후추,올리브유,소금",20,쉬움,"점심,저녁","맑음,비,눈,더위,추위","봄,여름,가을,겨울",6978096,https://www.10000recipe.com/recipe/6978096,양식,,,1,,
꼬마김밥과 겨자소스 도시락으로 최고 마약김밥과 소스,한식,"김,밥,당근,얇은사각어묵,계란,소금,식용유,김밥용단무지,참기름,깨,간장,올리고당,사과식초,연겨자,간마늘",60,쉬움,저녁,"맑음,비,눈,더위,추위","봄,여름,가을,겨울",6978351,https://www.10000recipe.com/recipe/6978351,밥/죽/떡,,,1,,
[뉴스턴트] 요리를 새롭게! 더 맛있게! 해물쟁반짜장,중식,"짜파게티,해물믹스,양파,부추,물,고추기름,완두콩,오이,고춧가루,계란",30,쉬움,"점심,저녁","맑음,비,눈,더위,추위","봄,여름,가을,겨울",6978358,https://www.10000recipe.com/recipe/6978358,면/만두,,,1,,
TV<스페인하숙>에 나온 차승원된장찌개,한식,"돼지고기,감자,무,양파,청양고추,홍고추,멸치육수,된장,고추장,고춧가루",60,쉬움,저녁,"맑음,비,눈,더위,추위","봄,여름,가을,겨울",6978388,https://www.10000recipe.com/recipe/6978388,찌개,,,1,,
"소고기무채들깨탕~유아,어린이국!",한식,"소고기,무,대파,들깨가루,마늘,소금,다시마육수또는물",30,쉬움,"점심,저녁","맑음,비,눈,더위,추위","봄,여름,가을,겨울",6978407,https://www.10000recipe.com/recipe/6978407,국/탕,,,1,,
명란젓파스타 짭쪼롬하고 꾸덕한 그 맛~!,양식,"명란,우유,마늘,올리브유,버터,파스타면,물,소금",10,쉬움,"아침,점심,야식","맑음,비,눈,더위,추위","봄,여름,가을,겨울",6978451,https://www.10000recipe.com/recipe/6978451,면/만두,,,1,,
맑은 감자계란국 끓이기,한식,"감자,계란,양파,대파,간장,액젓,소금,후추,멸치다시육수",30,쉬움,"점심,저녁","맑음,비,눈,더위,추위","봄,여름,가을,겨울",6978490,https://www.10000recipe.com/recipe/6978490,국/탕,,,1,,
대파베이컨 스파게티,한식,"스파게티,대파,베이컨,치킨스톡,멸치액젓,후추,올리브유",30,쉬움,"점심,저녁","맑음,비,눈,더위,추위","봄,여름,가을,겨울",6978541,https://www.10000recipe.com/recipe/6978541,면/만두,,,1,,
새우로 간단하게 맛있게! 감바스 알 아히요 만들기,양식,"새우,올리브오일,마늘,방울토마토,페퍼론치노,소금,후추",30,쉬움,"점심,저녁","맑음,비,눈,더위,추위","봄,여름,가을,겨울",6978582,https://www.10000recipe.com/recipe/6978582,양식,,,1,,
나폴리탄스파게티 / 케첩파스타 / 핫소스가 들어가 더 맛있는 파스타,양식,"스파게티면,양파,비엔나소시지,마늘,맛소금,올리브유,면수,케첩",20,쉬움,"점심,저녁","맑음,비,눈,더위,추위","봄,여름,가을,겨울",6978706,https://www.10000recipe.com/recipe/6978706,양식,,,1,,
어묵김치찌개 [어묵과 김치의 조합은 그야말로 밥도둑이죠! 칼칼한 국물맛과 맛있는 건더기의 콜라보!],한식,"신김치,김치국물,사각어묵,양파,대파,애호박,마늘,설탕,쌀뜨물,고춧가루,간장,꽃소금",30,쉬움,"점심,저녁","맑음,비,눈,더위,추위","봄,여름,가을,겨울",6978813,https://www.10000recipe.com/recipe/6978813,찌개,,,1,,
고기나 해산물 필요없는 순수한 순두부찌개:) 국룰레시피,한식,"순두부,양파,대파,마늘,느타리버섯,올리브유,참기름,고춧가루,소금,액젓,물",10,쉬움,"아침,점심,야식","맑음,비,눈,더위,추위","봄,여름,가을,겨울",6978919,https://www.10000recipe.com/recipe/6978919,찌개,,,1,,
고깃집에서 먹던 바로 그 맛! 차돌박이 된장찌개 레시피,한식,"소고기차돌박이,애호박,대파,양파,청양고추,팽이버섯,두부,멸치다시육수팩,끓는물,된장,고추장,간장,마늘,고춧가루",30,쉬움,"점심,저녁","맑음,비,눈,더위,추위","봄,여름,가을,겨울",6979009,https://www.10000recipe.com/recipe/6979009,찌개,,,1,,
연어스테이크 만들기 ~ 상큼한 레몬청을 이용한 연어스테이크 소스 만드는법 로즈마리로 마리네이트,양식,"구이용연어,올리브유,로즈마리,소금,레몬청,마요네즈,양파,통후추,머스타드",20,쉬움,"점심,저녁","맑음,비,눈,더위,추위","봄,여름,가을,겨울",6979154,https://www.10000recipe.com/recipe/6979154,양식,,,1,,
달콤한 간장국수 만들기 (+면 삶는방법),한식,"소면,간장,설탕,고춧가루,참기름,깨",15,쉬움,"아침,점심,야식","맑음,비,눈,더위,추위","봄,여름,가을,겨울",6979497,https://www.10000recipe.com/recipe/6979497,면/만두,,,1,,
♥[신혼밥상] 10분 뚝딱 양배추참치덮밥,한식,"양배추,통,참치캔,대파,후춧가루,참기름,통깨,고추장,고춧가루,간장,설탕,맛술,마늘",10,쉬움,"아침,점심,야식","맑음,비,눈,더위,추위","봄,여름,가을,겨울",6979508,https://www.10000recipe.com/recipe/6979508,메인반찬,짭짤함,미분류,1,,
"아기 반찬, 부추돼지고기볶음 레시피!",한식,"돼지고기,부추,양파,물",15,쉬움,"아침,점심,야식","맑음,비,눈,더위,추위","봄,여름,가을,겨울",6979760,https://www.10000recipe.com/recipe/6979760,메인반찬,,,1,,
"(이탈리아 음식)-아스파라거스와 계란(Asparagi Freschi Vinaigrette)다이어트 음식,브런치",양식,"삶은계란,아스파라거스,올리브오일,소금,후추",20,쉬움,"점심,저녁","맑음,비,눈,더위,추위","봄,여름,가을,겨울",6979871,https://www.10000recipe.com/recipe/6979871,양식,,,1,,
처음 시도해 보는 중식 차돌 짬뽕 국물 레시피,중식,"차돌박이,냉동새우,양파,대파,양배추,통,당근,청양고추,마늘,간장,고춧가루,후추,소금",30,쉬움,"점심,저녁","맑음,비,눈,더위,추위","봄,여름,가을,겨울",6980228,https://www.10000recipe.com/recipe/6980228,찌개,,,1,,
10분 컷 '토마토스파게티' 레시피,양식,"올리브유,마늘,양파,다진베이컨,통,완숙토마토,물,스파게티면,소금,후추,면수",10,쉬움,"아침,점심,야식","맑음,비,눈,더위,추위","봄,여름,가을,겨울",6980235,https://www.10000recipe.com/recipe/6980235,양식,,,1,,
닭가슴살 야채볶음 건강하고 포만감 좋은 다이어트요리,한식,"훈제닭가슴살,표고버섯,양파,대파,마늘,소금,후추,올리브유,계란",15,쉬움,"아침,점심,야식","맑음,비,눈,더위,추위","봄,여름,가을,겨울",6980298,https://www.10000recipe.com/recipe/6980298,메인반찬,,,1,,
된장으로 짭짤한 맛을 살린 된장비빔국수,한식,"소면,깻잎,통깨,홍고추,된장,고추장,간장,물엿,설탕,참기름,마늘",15,쉬움,"아침,점심,야식","맑음,비,눈,더위,추위","봄,여름,가을,겨울",6981219,https://www.10000recipe.com/recipe/6981219,면/만두,,,1,,
오징어 콩나물국 끓이기,한식,"손질오징어,콩나물,대파,청양고추,홍고추,마늘,액젓,맛술,소금,후추,물,다시팩",60,쉬움,저녁,"맑음,비,눈,더위,추위","봄,여름,가을,겨울",6981442,https://www.10000recipe.com/recipe/6981442,국/탕,,,1,,
"얼큰, 칼칼한 고추장 찌개 황금레시피",한식,"돼지고기,표고버섯,양파,대파,감자,애호박,청양고추,물,고추장,고춧가루,간장,액젓,마늘,멸치다시다,식용유,참기름,후추",60,쉬움,저녁,"맑음,비,눈,더위,추위","봄,여름,가을,겨울",6981663,https://www.10000recipe.com/recipe/6981663,찌개,,,1,,
고소한 잣국수 만들기,한식,"잣,두부,우유,물,소금,면",10,쉬움,"아침,점심,야식","맑음,비,눈,더위,추위","봄,여름,가을,겨울",6981856,https://www.10000recipe.com/recipe/6981856,면/만두,,,1,,
차돌 된장국수 주말 점심으로 딱!,한식,"차돌박이,된장,육수,숙주,소면,청양고추,고춧가루",30,쉬움,"점심,저녁","맑음,비,눈,더위,추위","봄,여름,가을,겨울",6982138,https://www.10000recipe.com/recipe/6982138,면/만두,,,1,,
원팬 닭가슴살파스타 색다른 파스타재료로 새로운 레시피!,양식,"닭가슴살,파스타면,양파,우유,물,소금,후추,마늘,올리브오일,고운고춧가루,화이타가루,파슬리가루",20,쉬움,"점심,저녁","맑음,비,눈,더위,추위","봄,여름,가을,겨울",6982204,https://www.10000recipe.com/recipe/6982204,면/만두,,,1,,
취향저격 당하는 김치어묵파스타,양식,"파스타면,김치,어묵,소금,계란,올리브오일,참치액,면수,파슬리가루",15,쉬움,"아침,점심,야식","맑음,비,눈,더위,추위","봄,여름,가을,겨울",6982481,https://www.10000recipe.com/recipe/6982481,면/만두,,,1,,
대패 삼겹살이 듬뿍 들어간 '대패 된장찌개',한식,"대패삼겹살,대파,마늘,양파,고춧가루,소금,후추,물,된장,식용유,두부",60,보통,저녁,"맑음,비,눈,더위,추위","봄,여름,가을,겨울",6982525,https://www.10000recipe.com/recipe/6982525,찌개,,,1,,
매콤달콤 팽이버섯새우덮밥 만들기,한식,"팽이버섯,새우,계란,밥,청양고추,물,식용유,고추장,고춧가루,케첩,간장,물엿,설탕",30,쉬움,"점심,저녁","맑음,비,눈,더위,추위","봄,여름,가을,겨울",6982539,https://www.10000recipe.com/recipe/6982539,밥/죽/떡,,,1,,
"스팸마늘쫑주먹밥 / 쉽고 맛좋은 초간단 주먹밥, 스팸 마늘쫑요리",한식,"스팸,마늘쫑,밥,맛소금,참기름,깨,마요네즈,맛술,후추가루",10,쉬움,"아침,점심,야식","맑음,비,눈,더위,추위","봄,여름,가을,겨울",6982684,https://www.10000recipe.com/recipe/6982684,밥/죽/떡,,,1,,
마늘쫑 삼겹살 파스타 감칠맛 폭발 입에 착 붙어요,양식,"마늘쫑,양파,삼겹살,꼰낄리에파스타면,참치액,후추,면수",30,쉬움,"점심,저녁","맑음,비,눈,더위,추위","봄,여름,가을,겨울",6982806,https://www.10000recipe.com/recipe/6982806,양식,,,1,,
초간단계란국 황태채 넣어 더 구수하게~,한식,"황태채,계란,다시마육수,간장,들기름,참기름,대파,소금",15,쉬움,"아침,점심,야식","맑음,비,눈,더위,추위","봄,여름,가을,겨울",6982867,https://www.10000recipe.com/recipe/6982867,국/탕,,,1,,
겉바속쫀! 스위스 브런치 에그감자전,한식,"감자,베이컨,치즈,밀가루,계란,소금,후추,파마산치즈가루,파슬리가루",5,쉬움,"아침,점심,야식","맑음,비,눈,더위,추위","봄,여름,가을,겨울",6982884,https://www.10000recipe.com/recipe/6982884,메인반찬,,,1,,
백종원 보리새우 알배기 배추된장국 아침 건새우국물요리 만드는법,한식,"알배기배추,건새우,된장,고추장,설탕,물,파,고춧가루,소금",15,쉬움,"아침,점심,야식","맑음,비,눈,더위,추위","봄,여름,가을,겨울",6983264,https://www.10000recipe.com/recipe/6983264,국/탕,,,1,,
오일파스타 : 알리오올리오파스타만들기,양식,"스파게티면,편마늘,마늘,올리브,페페론치노,소금,올리브유,면수",30,쉬움,"점심,저녁","맑음,비,눈,더위,추위","봄,여름,가을,겨울",6983297,https://www.10000recipe.com/recipe/6983297,양식,,,1,,
[만개백과] EP. 20 누구나 좋아하는 부대찌개,한식,"스팸g,프랑크소시지,김치,다진돼지고기,두부,양파,대파,사골육수,물,고추장,고춧가루,간장,맛술,마늘,후추,베이크드빈,라면사리,체다치즈",30,쉬움,"점심,저녁","맑음,비,눈,더위,추위","봄,여름,가을,겨울",6983392,https://www.10000recipe.com/recipe/6983392,찌개,,,1,,
간단한 감잣국 만들기 #두리문 #감자요리 #감자 #간단한요리 #여름반찬,한식,"감자,자른다시마,대파,청양고추,천일염,물",20,쉬움,"점심,저녁","맑음,비,눈,더위,추위","봄,여름,가을,겨울",6983505,https://www.10000recipe.com/recipe/6983505,국/탕,,,1,,
얼큰한 국물 요리! 김치 콩나물국 만들기,한식,"김치,콩나물,두부,마늘,참치액,물,육수코인",30,쉬움,"점심,저녁","맑음,비,눈,더위,추위","봄,여름,가을,겨울",6983797,https://www.10000recipe.com/recipe/6983797,국/탕,,,1,,
매콤 황태 감자국,한식,"황태채,무,감자,양파,대파,참기름,간장,고춧가루,마늘,멸치액젓",30,쉬움,"점심,저녁","맑음,비,눈,더위,추위","봄,여름,가을,겨울",6983926,https://www.10000recipe.com/recipe/6983926,국/탕,,,1,,
"콩나물 하나로 반찬부터 국까지, 집밥레시피",한식,"콩나물,대파,간장,고춧가루,마늘,소금,물,참기름,깨소금",30,쉬움,"점심,저녁","맑음,비,눈,더위,추위","봄,여름,가을,겨울",6984253,https://www.10000recipe.com/recipe/6984253,국/탕,,,1,,
한치 오일파스타 한치제철요리 한치 파스타 다이어트 식단 관리 메뉴,양식,"링귀니면,소금,올리브오일,한치,오징어,양파,마늘,페퍼론치노홀,후춧가루,이즈니포션버터,이탈리안허브,파슬리가루",60,쉬움,저녁,"맑음,비,눈,더위,추위","봄,여름,가을,겨울",6984283,https://www.10000recipe.com/recipe/6984283,양식,,,1,,
청양고추 넣어 매콤하고 담백한 땡초 간장국수 요리 만들기,한식,"청양고추,김,소면,계란노른자,간장,올리고당,참기름,마늘,매실액,깨",20,쉬움,"점심,저녁","맑음,비,눈,더위,추위","봄,여름,가을,겨울",6984317,https://www.10000recipe.com/recipe/6984317,면/만두,,,1,,
쉽고 간편한 챱스테이크,양식,"쇠고기부채살,빨강파프리카,노란파프리카,양파,간마늘,버터,케찹,올리고당,후추가루,소금",30,쉬움,"점심,저녁","맑음,비,눈,더위,추위","봄,여름,가을,겨울",6984409,https://www.10000recipe.com/recipe/6984409,양식,,,1,,
[유아식]담백한 아기 순두부찌개 끓이는 법,한식,"순두부,돼지고기,양파,애호박,대파,마늘,육수,아기간장,참기름,현미유",60,쉬움,저녁,"맑음,비,눈,더위,추위","봄,여름,가을,겨울",6984481,https://www.10000recipe.com/recipe/6984481,찌개,,,1,,
고소한 간장국수 # 간단레시피 # 별미국수,한식,"소면,계란,김,오이,소금,간장,매실액,참기름,통깨",30,쉬움,"점심,저녁","맑음,비,눈,더위,추위","봄,여름,가을,겨울",6984509,https://www.10000recipe.com/recipe/6984509,면/만두,,,1,,
"트러플잣국수, 콩국수 게 섰거라!",한식,"잣,두부,우유,물,미숫가루,설탕,트러플소금,트러플오일,삶은달걀,오이,방울토마토,검은깨",30,쉬움,"점심,저녁","맑음,비,눈,더위,추위","봄,여름,가을,겨울",6984642,https://www.10000recipe.com/recipe/6984642,면/만두,,,1,,
미니 밤호박 에그슬럿,양식,"미니단호박,계란,베이컨,옥수수,모짜렐라치즈,체다치즈,소금,후추",10,쉬움,"아침,점심,야식","맑음,비,눈,더위,추위","봄,여름,가을,겨울",6984719,https://www.10000recipe.com/recipe/6984719,양식,,,1,,
1인분도 가능한 유명한 고깃집의 3분 스피드 후식 된장찌개!,한식,"양파,호박,두부,물,고춧가루,소다시다,혼다시,미원,마늘,된장,고추장,무우,감자",30,쉬움,"점심,저녁","맑음,비,눈,더위,추위","봄,여름,가을,겨울",6984758,https://www.10000recipe.com/recipe/6984758,찌개,,,1,,
초간단하게 만드는 스팸 묵은지 주먹밥 - 도시락메뉴,한식,"밥,묵은지,스팸,김자반,참기름,설탕,다진쪽파,참깨",30,쉬움,"점심,저녁","맑음,비,눈,더위,추위","봄,여름,가을,겨울",6985116,https://www.10000recipe.com/recipe/6985116,밥/죽/떡,,,1,,
임연수 스테이크와 앙티부아즈 소스 레시피 프렌치 스타일,양식,"임연수,소금,로즈마리,버터,양파,마늘,토마토,딜,레몬즙,다진이탈리안파슬리,앤초비,올리브오일",30,쉬움,"점심,저녁","맑음,비,눈,더위,추위","봄,여름,가을,겨울",6985237,https://www.10000recipe.com/recipe/6985237,양식,,,1,,
"우유와 치즈, 통밀 푸실리로 새우크림파스타 만들기",양식,"통밀푸실리면,양파,데친브로콜리,큰새우,슬라이스치즈,파마산치즈,마늘,우유,허브솔트,파슬리가루,올리브오일",30,쉬움,"점심,저녁","맑음,비,눈,더위,추위","봄,여름,가을,겨울",6985694,https://www.10000recipe.com/recipe/6985694,양식,,,1,,
[만개백과] EP. 26 여름철 입맛을 돋우는 열무비빔국수,한식,"소면,오이,열무김치,설탕,식초,간장,올리고당,고추장,고춧가루,참기름,깨소금,삶은달걀",20,쉬움,"점심,저녁","맑음,비,눈,더위,추위","봄,여름,가을,겨울",6985757,https://www.10000recipe.com/recipe/6985757,면/만두,,,1,,
편스토랑 류수영의 옥수수 샐러드,한식,"옥수수,양파,파프리카,마요네즈,설탕,식초,통깨,소금,후추",10,쉬움,"아침,점심,야식","맑음,비,눈,더위,추위","봄,여름,가을,겨울",6985768,https://www.10000recipe.com/recipe/6985768,,,,1,,
"간단 저녁메뉴로 스팸두부짜글이 찌개 만들기, 맛있는 스팸요리",한식,"두부,스팸,대파,양파,애호박,감자,청양고추,표고버섯,다시다,멸치,물,간장,고춧가루,고추장,들기름,올리고당,후추,멸치액젓,마늘",60,쉬움,저녁,"맑음,비,눈,더위,추위","봄,여름,가을,겨울",6985769,https://www.10000recipe.com/recipe/6985769,찌개,,,1,,
[만개백과] EP. 27 누구나 끓일 수 있는 간편육개장,한식,"소고기국거리또는불고기용,숙주,불린고사리,느타리버섯,대파,다시마cm,물,계란,식용유,참기름,고춧가루,마늘,간장,소금,후추",30,쉬움,"점심,저녁","맑음,비,눈,더위,추위","봄,여름,가을,겨울",6985824,https://www.10000recipe.com/recipe/6985824,국/탕,,,1,,
위스키 & 와인안주로 어울리는 브리치즈 구이 만들기,양식,"브리치즈,견과류,메이플시럽",10,쉬움,"아침,점심,야식","맑음,비,눈,더위,추위","봄,여름,가을,겨울",6986078,https://www.10000recipe.com/recipe/6986078,양식,,,1,,
[만개백과] EP. 29 은은한 향이 매력적인 표고버섯덮밥,한식,"표고버섯,양파,당근,대파,소고기,전분,물,간장,마늘,맛술,후추,설탕,참기름",20,쉬움,"점심,저녁","맑음,비,눈,더위,추위","봄,여름,가을,겨울",6986168,https://www.10000recipe.com/recipe/6986168,밥/죽/떡,,,1,,
참치김치찌개~3가지만 있으면 누구나 다 만들수있다!,한식,"배추김치,참치캔,대파,소금,설탕,후추가루",15,쉬움,"아침,점심,야식","맑음,비,눈,더위,추위","봄,여름,가을,겨울",6986427,https://www.10000recipe.com/recipe/6986427,찌개,,,1,,
구운 달걀카레덮밥 만들기,한식,"계란,양파,고형카레,물,케첩,버터,크러쉬드레드페퍼,밥,소금,식초",30,쉬움,"점심,저녁","맑음,비,눈,더위,추위","봄,여름,가을,겨울",6986433,https://www.10000recipe.com/recipe/6986433,밥/죽/떡,,,1,,
상추겉절이비빔메밀국수,한식,"메밀면,상추,당근,양파,간장,설탕,참기름,깨소금,소금,식초,매실액",10,쉬움,"아침,점심,야식","맑음,비,눈,더위,추위","봄,여름,가을,겨울",6986593,https://www.10000recipe.com/recipe/6986593,면/만두,,,1,,
애호박두부국 끓이기,한식,"애호박,양파,두부,새우젓,마늘,멸치육수용,다시마,소금,대파,청양고추",15,쉬움,"아침,점심,야식","맑음,비,눈,더위,추위","봄,여름,가을,겨울",6986650,https://www.10000recipe.com/recipe/6986650,국/탕,,,1,,
탱글한 새우살이 매력적인 새우요리 감바스 알 아히요 ! 와인안주 굿,양식,"새우살,코끼리마늘,마늘,베트남고추,소금,통후추,올리브유,고메버터,파스타면,파슬리",15,쉬움,"아침,점심,야식","맑음,비,눈,더위,추위","봄,여름,가을,겨울",6986719,https://www.10000recipe.com/recipe/6986719,양식,,,1,,
매콤담백한 고추장달걀볶음밥 만들기,한식,"계란,대파,밥,고추장,소금,후추,김가루,참기름",10,쉬움,"아침,점심,야식","맑음,비,눈,더위,추위","봄,여름,가을,겨울",6986805,https://www.10000recipe.com/recipe/6986805,밥/죽/떡,,,1,,
순두부된장라면 해장라면으로 굿,한식,"순두부,라면,된장,콩나물,청양고추,대파,마늘,물",10,쉬움,"아침,점심,야식","맑음,비,눈,더위,추위","봄,여름,가을,겨울",6986848,https://www.10000recipe.com/recipe/6986848,면/만두,,,1,,
#텐트밖은유럽 #아라비아따해물파스타만들기 #해물토마토파스타만들기 #냉동새우,양식,"냉동새우,냉동해물믹스,냉동야채,육수,토마토페이스트,마늘허브소금,후추,바질가루,편마늘,마늘,레드페퍼홀,면수,파스타면,소금",30,쉬움,"점심,저녁","맑음,비,눈,더위,추위","봄,여름,가을,겨울",6987231,https://www.10000recipe.com/recipe/6987231,양식,,,1,,
자극없이 속을 데워주는 맑은 소고기 무국 만들기!,한식,"국거리소고기,무,참기름,간장,참치액,양파,마늘,후추,파",60,쉬움,저녁,"맑음,비,눈,더위,추위","봄,여름,가을,겨울",6987572,https://www.10000recipe.com/recipe/6987572,국/탕,,,1,,
쫀득쫀득한 감자 뇨끼 만들기,양식,"감자,전분,밀가루강력분,파르미지아노레지아노,소금,후추,생크림,체다치즈,마늘,양파,베이컨,청량고추",30,쉬움,"점심,저녁","맑음,비,눈,더위,추위","봄,여름,가을,겨울",6988166,https://www.10000recipe.com/recipe/6988166,양식,,,1,,
파리에서 먹었던 프랑스식 홍합찜 집에서 쉽게 만들기,양식,"홍합,샐러리,통마늘,올리브,방울토마토,올리브오일,화이트와인,후추,버터,파슬리",20,쉬움,"점심,저녁","맑음,비,눈,더위,추위","봄,여름,가을,겨울",6988279,https://www.10000recipe.com/recipe/6988279,양식,,,1,,
"집에서 만드는 향긋한 파스타, 미나리버섯파스타",양식,"스파게티면,소금,양송이버섯,미나리,마늘,페퍼론치노,치킨스톡,올리브유,후추,그라나파다노치즈",20,쉬움,"점심,저녁","맑음,비,눈,더위,추위","봄,여름,가을,겨울",6988337,https://www.10000recipe.com/recipe/6988337,면/만두,,,1,,
국물맛이 좋은 새우탕만드는법/새우요리/꽃게탕양념장/김진옥요리가좋다,한식,"새우,무,애호박,대파,청양고추,멸치다시마육수,쑥갓,고춧가루,마늘,된장,간장,멸치액젓,미림,소금,후춧가루",20,쉬움,"점심,저녁","맑음,비,눈,더위,추위","봄,여름,가을,겨울",6988517,https://www.10000recipe.com/recipe/6988517,국/탕,,,1,,
숟가락으로 막 퍼먹게 되는 가지닭가슴살볶음,한식,"닭가슴살,가지,양파,파,마늘,청양고추,노두유,깨,식용유",10,쉬움,"아침,점심,야식","맑음,비,눈,더위,추위","봄,여름,가을,겨울",6988535,https://www.10000recipe.com/recipe/6988535,메인반찬,,,1,,
방구코딱지의 요리 #12 [짜글이],한식,"돼지고기앞다리살,양파,감자,홍고추,청고추,당근,파,쌀뜨물,고추장,고춧가루,마늘,맛술,설탕,된장,숟갈,간장",30,쉬움,"점심,저녁","맑음,비,눈,더위,추위","봄,여름,가을,겨울",6988557,https://www.10000recipe.com/recipe/6988557,찌개,,,1,,
대파 싫어하는 아이들도 잘 먹는 대파 냉파스타 만들어 보세요.,양식,"대파,푸실리면,간장,올리브오일,참기름,올리고당,식초,마늘",30,쉬움,"점심,저녁","맑음,비,눈,더위,추위","봄,여름,가을,겨울",6989041,https://www.10000recipe.com/recipe/6989041,면/만두,고소함,미분류,1,,
"술술 들어가는 쫄순이, 순두부쫄면",한식,"순두부,쫄면사리,계란,양파,대파,마늘,고춧가루,물,간장,치킨스톡,후추,식용유,청양고추",30,쉬움,"점심,저녁","맑음,비,눈,더위,추위","봄,여름,가을,겨울",6989285,https://www.10000recipe.com/recipe/6989285,면/만두,,,1,,
간단한 저녁메뉴로 [대패 삼겹 덮밥] 만들기,한식,"대패삼겹살,양파,대파,청양고추,통깨,밥,간장,미림,설탕,후추",15,쉬움,"아침,점심,야식","맑음,비,눈,더위,추위","봄,여름,가을,겨울",6989665,https://www.10000recipe.com/recipe/6989665,밥/죽/떡,,,1,,
간단하게 만드는 단짠단짠 양념 등갈비,한식,"돼지등갈비,콜라,맛술,간장,꿀,매실,마늘",30,쉬움,"점심,저녁","맑음,비,눈,더위,추위","봄,여름,가을,겨울",6989788,https://www.10000recipe.com/recipe/6989788,메인반찬,,,1,,
수플레 오믈렛 만들기,양식,"계란,양파,시금치,버섯,소세지,치즈,버터,올리브오일,케찹,허니머스터드",60,보통,저녁,"맑음,비,눈,더위,추위","봄,여름,가을,겨울",6991221,https://www.10000recipe.com/recipe/6991221,양식,,,1,,
"토달볶 토달볶음 토마토달걀볶음 & 프렌치토스트 만드는법 - 브런치, 아침식사",양식,"계란,식빵,방울토마토,우유,대파,버터,파마산치즈,연유,후추,소금",30,쉬움,"점심,저녁","맑음,비,눈,더위,추위","봄,여름,가을,겨울",6991353,https://www.10000recipe.com/recipe/6991353,양식,,,1,,
[식약처] 새우완자탕,한식,"새우,청경채,계란,치킨육수,전분,후춧가루,소금,물녹말",60,보통,저녁,"맑음,비,눈,더위,추위","봄,여름,가을,겨울",6991378,https://www.10000recipe.com/recipe/6991378,국/탕,,,1,,
삼겹살김치찌개 묵은지요리,한식,"삼겹살,묵은지,식용유,액젓,김치국물,쌀뜬물,고춧가루,청량고추,양파",20,쉬움,"점심,저녁","맑음,비,눈,더위,추위","봄,여름,가을,겨울",6992152,https://www.10000recipe.com/recipe/6992152,찌개,,,1,,
다이어트에 좋은 닭가슴살 또띠아 롤~~균형있는 영양만점 다이어트 메뉴,한식,"또띠아,오이,닭가슴살,치즈,노란파프리카,빨간파프리카,홀그레인머스타드",30,쉬움,"점심,저녁","맑음,비,눈,더위,추위","봄,여름,가을,겨울",6992204,https://www.10000recipe.com/recipe/6992204,,,,1,,
[식약처] 열무 곤약국수,한식,"열무김치,실곤약,오이,레몬,양파,계란,당근,통깨",60,보통,저녁,"맑음,비,눈,더위,추위","봄,여름,가을,겨울",6992343,https://www.10000recipe.com/recipe/6992343,면/만두,,,1,,
묵은지간장국수 묵은지를 쭉쭉 찢어보세요 한끼가 해결됩니다,한식,"묵은지,포기,소면,소금,간장,설탕,들기름,통깨,마늘",15,쉬움,"아침,점심,야식","맑음,비,눈,더위,추위","봄,여름,가을,겨울",6992379,https://www.10000recipe.com/recipe/6992379,면/만두,,,1,,
새우볶음우동 (쯔유와 굴소스 이용해 누구나 좋아할 맛),일식,"우동면,새우,양배추,대파,청경채,호박,당근,양파,마늘,깨소금,파슬리가루,고추기름,식용유,쯔유,후춧가루",15,쉬움,"아침,점심,야식","맑음,비,눈,더위,추위","봄,여름,가을,겨울",6992397,https://www.10000recipe.com/recipe/6992397,면/만두,,,1,,
저녁메뉴 추천! 간단하게 스팸 김치 순두부찌개 끓이기,한식,"순두부,물,스팸,양파,신김치,대파,식용유,참기름,마늘,고춧가루,간장,설탕,슬라이스치즈",20,쉬움,"점심,저녁","맑음,비,눈,더위,추위","봄,여름,가을,겨울",6992527,https://www.10000recipe.com/recipe/6992527,찌개,,,1,,
한그릇요리 치즈계란덮밥 레시피,한식,"밥,간장,계란,버터,체다슬라이스치즈",10,쉬움,"아침,점심,야식","맑음,비,눈,더위,추위","봄,여름,가을,겨울",6992588,https://www.10000recipe.com/recipe/6992588,밥/죽/떡,,,1,,
<수미네반찬> 애호박국수 만들기....,한식,"애호박,국수,대파흰부분,물,들기름,소금,마늘,고춧가루,참기름,통깨",15,쉬움,"아침,점심,야식","맑음,비,눈,더위,추위","봄,여름,가을,겨울",6992608,https://www.10000recipe.com/recipe/6992608,면/만두,,,1,,
우삼겹 시금치 된장국..,한식,"우삼겹,시금치,양파,대파,청양고추,된장,고춧가루,마늘,간장,참치액,다시다",60,쉬움,저녁,"맑음,비,눈,더위,추위","봄,여름,가을,겨울",6992692,https://www.10000recipe.com/recipe/6992692,국/탕,,,1,,
저탄고지 다이어트 얼큰삼겹탕,한식,"대패삼겹살,숙주,양배추,통,알배기배추,대파,청양고추,멸치다시마육수,고춧가루,고추장,마늘,액젓,후추",15,쉬움,"아침,점심,야식","맑음,비,눈,더위,추위","봄,여름,가을,겨울",6992894,https://www.10000recipe.com/recipe/6992894,국/탕,,,1,,
연말연시 또는 크리스마스 손님초대 음식으로 간단하고 맛있는 과카몰리 만들기,양식,"아보카도,방울토마토,양파,허브솔트,후춧가루,레몬,소금",10,쉬움,"아침,점심,야식","맑음,비,눈,더위,추위","봄,여름,가을,겨울",6993461,https://www.10000recipe.com/recipe/6993461,양식,,,1,,
고추장 면 볶음 : 지유 표 !,한식,"생소면,고추장,기름,간장",10,쉬움,"아침,점심,야식","맑음,비,눈,더위,추위","봄,여름,가을,겨울",6993556,https://www.10000recipe.com/recipe/6993556,면/만두,,,1,,
연말연시 홈파티음식 치킨스테이크 소스가 필요 없는 닭다리살스테이크,양식,"닭다리살,버터,호박,노랑파프리카,빨강파프리카,간장,소금,맛술,설탕,올리고당,마늘,훈제파프리카가루,후추,올리브유",60,쉬움,저녁,"맑음,비,눈,더위,추위","봄,여름,가을,겨울",6993579,https://www.10000recipe.com/recipe/6993579,양식,,,1,,
고깃집 된장찌개 진한 국물이 일품♡,한식,"두부,애호박,감자,대파,청양고추,다시용멸치,된장,쌈장,고춧가루,마늘",10,쉬움,"아침,점심,야식","맑음,비,눈,더위,추위","봄,여름,가을,겨울",6993602,https://www.10000recipe.com/recipe/6993602,찌개,,,1,,
겨울에 먹어야 더 맛있는 꼬막비빔밥(+삶는 팁),한식,"꼬막,소금,청주,밥,청양고추,대파,간장,고춧가루,매실액,통깨,들기름,마늘",30,쉬움,"점심,저녁","맑음,비,눈,더위,추위","봄,여름,가을,겨울",6994016,https://www.10000recipe.com/recipe/6994016,밥/죽/떡,,,1,,
토마토라구 보다 맛있는 화이트라구파스타,양식,"소고기다짐육,돼지고기다짐육,양파,샐러리,당근,양송이버섯,마늘,소금,후추,올리브유,물,치킨스톡큐브,월계수잎,우유,생크림,파마산치즈가루,파스타면,달걀노른자,그라나파다노치즈,파슬리잎",60,쉬움,저녁,"맑음,비,눈,더위,추위","봄,여름,가을,겨울",6994018,https://www.10000recipe.com/recipe/6994018,양식,,,1,,
[크리스마스 연말파티 메뉴] 따스한 국물이 끝내주는 그리스식 맑은 홍합스튜,양식,"홍합,마른고추,양파,무cm,화이트와인,홍합육수,소금,후추,허브가루,올리브유,송송썬파,줄기,다진허브,실고추",15,쉬움,"아침,점심,야식","맑음,비,눈,더위,추위","봄,여름,가을,겨울",6994135,https://www.10000recipe.com/recipe/6994135,양식,,,1,,
대파계란국,한식,"대파,계란,참치액,간장,마늘,후춧가루,소금,코인육수",15,쉬움,"아침,점심,야식","맑음,비,눈,더위,추위","봄,여름,가을,겨울",6994310,https://www.10000recipe.com/recipe/6994310,국/탕,,,1,,
"홈파티, 연말요리에 스테이크 말고 (몽골리안 비프)",양식,"소고기부채살,감자전분,마늘,다진생강,쪽파줄,식용유,참기름,간장,설탕,치킨파우더,노추,후추,물",30,쉬움,"점심,저녁","맑음,비,눈,더위,추위","봄,여름,가을,겨울",6994497,https://www.10000recipe.com/recipe/6994497,메인반찬,,,1,,
김치치즈밥 초간단 레시피 맛은 말해뭐해,한식,"밥,피자치즈,스위트콘,김치,양파,스팸,고춧가루,설탕,고추장,케찹",10,쉬움,"아침,점심,야식","맑음,비,눈,더위,추위","봄,여름,가을,겨울",6994675,https://www.10000recipe.com/recipe/6994675,밥/죽/떡,,,1,,
이모모찌 감자떡 감자 3개..... 가족들이 제발 또 만들어 달래요,한식,"감자,전분가루,소금,모짜렐라치즈,식용유,간장,미림,물,설탕",15,쉬움,"아침,점심,야식","맑음,비,눈,더위,추위","봄,여름,가을,겨울",6994956,https://www.10000recipe.com/recipe/6994956,밥/죽/떡,,,1,,
에그인헬 만들기 샥슈카 재료 토마토소스 요리,양식,"계란,소세지,돼지고기다짐육,홍피망,양파,표고버섯,브로콜리,당근,토마토,마늘,버터,물,후추,파슬리가루,파마산치즈가루",30,쉬움,"점심,저녁","맑음,비,눈,더위,추위","봄,여름,가을,겨울",6995172,https://www.10000recipe.com/recipe/6995172,양식,,,1,,
맛집 버전으로 고추장찌개 해보기,한식,"돼지고기앞다리살,감자,애호박,두부,느타리버섯,팽이버섯,식용유,참기름,고춧가루,고추장,마늘,액젓,맛술,간장,다시다",30,쉬움,"점심,저녁","맑음,비,눈,더위,추위","봄,여름,가을,겨울",6995449,https://www.10000recipe.com/recipe/6995449,찌개,,,1,,
스팸참치찌개,한식,"묵은지,스팸,참치캔,대파,김치국물,쌀뜨물,고춧가루,떡국떡",20,쉬움,"점심,저녁","맑음,비,눈,더위,추위","봄,여름,가을,겨울",6995818,https://www.10000recipe.com/recipe/6995818,찌개,,,1,,
"명절 남은 황태포, 촉촉 바삭한 황태채버터구이로 변신",한식,"황태포,버터,마요네즈,설탕",10,쉬움,"아침,점심,야식","맑음,비,눈,더위,추위","봄,여름,가을,겨울",6996209,https://www.10000recipe.com/recipe/6996209,,,,1,,
칼칼하고 구수한 소고기된장찌개,한식,"소고기,두부,양파,미니새송이버섯,애호박,청량고추,된장,고추장,고춧가루,멸치다시육수",30,쉬움,"점심,저녁","맑음,비,눈,더위,추위","봄,여름,가을,겨울",6996236,https://www.10000recipe.com/recipe/6996236,찌개,,,1,,
후레쉬한 토마토파스타(토마토소스X),양식,"파스타면,방울토마토,새우,양파,마늘,페페론치노,올리브오일,파마산치즈가루,바질가루,후추,소금",30,쉬움,"점심,저녁","맑음,비,눈,더위,추위","봄,여름,가을,겨울",6996792,https://www.10000recipe.com/recipe/6996792,양식,,,1,,
뜨거운 쫄면이 있다고요? 네. 온쫄면 물쫄면 쫄우동,일식,"쫄면인분,유부채,계란,대파,쑥갓,멸치다시마육수,간장,김가루,고춧가루,액젓,미림,참기름",15,쉬움,"아침,점심,야식","맑음,비,눈,더위,추위","봄,여름,가을,겨울",6997016,https://www.10000recipe.com/recipe/6997016,면/만두,,,1,,
돼지고기 고추장찌개 남는 채소로 냉장고 털기 술안주로 최고,한식,"돼지고기,감자,양파,애호박,대파,새송이버섯,고춧가루,고추장,액젓,간장,올리고당,마늘,후추",30,쉬움,"점심,저녁","맑음,비,눈,더위,추위","봄,여름,가을,겨울",6997344,https://www.10000recipe.com/recipe/6997344,찌개,,,1,,
직장인 점심 도시락 만들기 햄계란볶음밥 레시피,한식,"밥,대파흰부분,통조림햄,계란,설탕,간장",5,쉬움,"아침,점심,야식","맑음,비,눈,더위,추위","봄,여름,가을,겨울",6997454,https://www.10000recipe.com/recipe/6997454,밥/죽/떡,,,1,,
스팸참치김치찌개~국물까지 맛있다!,한식,"잘익은배추김치,등분,참치캔,스팸,대파,물또는다시육수,고춧가루,마늘,후추가루,설탕",30,쉬움,"점심,저녁","맑음,비,눈,더위,추위","봄,여름,가을,겨울",6997578,https://www.10000recipe.com/recipe/6997578,찌개,,,1,,
[제철요리] 아침 메뉴 추천 겨울철 보양식 매생이죽,양식,"매생이,당근,새우살,밥,공기,멸치다시마육수,간장,참기름,간깨,조리용나이프,조리주걱,대접",20,쉬움,"점심,저녁","맑음,비,눈,더위,추위","봄,여름,가을,겨울",6997631,https://www.10000recipe.com/recipe/6997631,밥/죽/떡,,,1,,
짬뽕처럼 얼큰하고 시원한 굴순두부찌개 만들기,중식,"굴,애호박,대파,식용유,청양고추,고춧가루,간장,물,계란,조리용나이프,대접",30,쉬움,"점심,저녁","맑음,비,눈,더위,추위","봄,여름,가을,겨울",6997804,https://www.10000recipe.com/recipe/6997804,찌개,,,1,,
편스토랑 액젓볶음밥 만드는 법,한식,"밥,새우,통마늘,대파,계란,식용유,멸치액젓,설탕,소금,찬기",30,쉬움,"점심,저녁","맑음,비,눈,더위,추위","봄,여름,가을,겨울",6997882,https://www.10000recipe.com/recipe/6997882,밥/죽/떡,,,1,,
이색적인 깻잎새우마요덮밥 만들기,한식,"밥,새우,올리브유,깻잎,간장,참기름,마늘,소금,꼬집,마요네즈",20,쉬움,"점심,저녁","맑음,비,눈,더위,추위","봄,여름,가을,겨울",6998485,https://www.10000recipe.com/recipe/6998485,밥/죽/떡,,,1,,
냉이된장국 - 냉이손질하기 구수한 된장국,한식,"냉이,대파,감자,된장,마늘,육수,멸치,디포리,다시마,계량컵",30,쉬움,"점심,저녁","맑음,비,눈,더위,추위","봄,여름,가을,겨울",6998700,https://www.10000recipe.com/recipe/6998700,국/탕,,,1,,
새콤달콤 비빔국수 황금비율 레시피♡,한식,"소면,김치,고추장,고춧가루,간장,설탕,식초,김치국물,참기름",10,쉬움,"아침,점심,야식","맑음,비,눈,더위,추위","봄,여름,가을,겨울",6998714,https://www.10000recipe.com/recipe/6998714,면/만두,,,1,,
진짜 대충 만들어도 맛있는 어묵비빔국수,한식,"소면,어묵,깻잎,통깨,고추장,고춧가루,매실액,간장,설탕,식초,참기름,조리용나이프,채망,위생장갑,면기",15,쉬움,"아침,점심,야식","맑음,비,눈,더위,추위","봄,여름,가을,겨울",6998851,https://www.10000recipe.com/recipe/6998851,면/만두,,,1,,
살짝 눌러붙게 조리는 간장치킨맛 간장두부조림,한식,"두부,간장,설탕,물엿,소주,참기름,마늘,고춧가루,파,통깨,조리용나이프,뒤집개",20,쉬움,"점심,저녁","맑음,비,눈,더위,추위","봄,여름,가을,겨울",6998876,https://www.10000recipe.com/recipe/6998876,,,,1,,
[식약처] 황태미역국,한식,"건미역,황태,황태머리,다시마,표고버섯,대파,물,참기름,마늘,저염국간장,거름채망,조리용나이프,면기",60,보통,저녁,"맑음,비,눈,더위,추위","봄,여름,가을,겨울",6998942,https://www.10000recipe.com/recipe/6998942,국/탕,,,1,,
들깨치즈볶음라면 레시피 쿠지라이식라면 끓이기,한식,"라면,계란,슬라이스치즈,피자치즈,물,들깨가루",10,쉬움,"아침,점심,야식","맑음,비,눈,더위,추위","봄,여름,가을,겨울",6999222,https://www.10000recipe.com/recipe/6999222,면/만두,,,1,,
"손님상메뉴 봄나물 달래요리 달래두부선 삼각두부선/달래무침, 두부샌드",한식,"두부,달래,식용유,소금,고춧가루,멸치액젓,식초,황설탕,참기름,올리고당,깨소금,키친타올",30,쉬움,"점심,저녁","맑음,비,눈,더위,추위","봄,여름,가을,겨울",6999272,https://www.10000recipe.com/recipe/6999272,메인반찬,,,1,,
[만개백과] EP. 49 한국인이 사랑하는 돼지고기 김치찌개,한식,"돼지고기앞다리살,김치,포기,쌀뜨물,양파,대파,들기름,설탕,된장,고춧가루,마늘,청양고추,두부",60,쉬움,저녁,"맑음,비,눈,더위,추위","봄,여름,가을,겨울",6999327,https://www.10000recipe.com/recipe/6999327,찌개,,,1,,
냉이와 찰떡궁합인 음식은 된장이래요! 냉이된장국,한식,"냉이,두부,애호박,홍고추,된장,물,멸치다시팩,마늘,소금,면기",30,쉬움,"점심,저녁","맑음,비,눈,더위,추위","봄,여름,가을,겨울",6999328,https://www.10000recipe.com/recipe/6999328,국/탕,,,1,,
누구나 쉽게 해먹는 안주/반찬 갑 김치찌개,한식,"돼지고기,김치,돼지기름,소금,후추,양파,파,단,물,간장,참치액젓,고춧가루,설탕,마늘,미원,두부,계량컵",15,쉬움,"아침,점심,야식","맑음,비,눈,더위,추위","봄,여름,가을,겨울",6999553,https://www.10000recipe.com/recipe/6999553,찌개,,,1,,
단짠단짠 밥도둑 고등어데리야끼구이 만들기,한식,"고등어,쯔유,간장,설탕,양파,물,키친타올,뒤집개",20,쉬움,"점심,저녁","맑음,비,눈,더위,추위","봄,여름,가을,겨울",6999755,https://www.10000recipe.com/recipe/6999755,메인반찬,,,1,,
"이렇게 먹다가 살 너무 빠질까 걱정(?) 5분컷 다이어트 식단, 비빔두부",한식,"두부,캔참치,샐러드채소,계란,현미밥,공기,연두,참기름,후춧가루,깨,채망",10,쉬움,"아침,점심,야식","맑음,비,눈,더위,추위","봄,여름,가을,겨울",6999822,https://www.10000recipe.com/recipe/6999822,밥/죽/떡,,,1,,
누구나 쉽게 만드는 비빔국수 레시피,한식,"소면,고추장,고춧가루,간장,설탕,식초,올리고당,마늘,참기름,다시다,면기",10,쉬움,"아침,점심,야식","맑음,비,눈,더위,추위","봄,여름,가을,겨울",6999922,https://www.10000recipe.com/recipe/6999922,면/만두,,,1,,
국물이 시원한 시금치 건새우 된장국 만드는법,한식,"시금치,멸치다시마육수,된장,간장,건새우,물,소금,사기대접",30,쉬움,"점심,저녁","맑음,비,눈,더위,추위","봄,여름,가을,겨울",7000392,https://www.10000recipe.com/recipe/7000392,국/탕,,,1,,
국물이 시원한 뚝배기 당면 소불고기 레시피,한식,"불고기용소고기,당근,양파,느타리버섯,파프리카,당면,간장,올리고당,설탕,마늘,참기름,깨,물,뚝배기",20,쉬움,"점심,저녁","맑음,비,눈,추위",가을,7000439,https://www.10000recipe.com/recipe/7000439,국/탕,달콤함,가을,1,,
오리지널 생일상 요리! 잡채 불지않게 만들기,한식,"돼지고기잡채용,설탕,간장,후춧가루,마늘,맛술,당면,양파,당근,피망,식용유,소금,니트릴장갑,대나무",60,보통,저녁,"맑음,비,눈,더위,추위","봄,여름,가을,겨울",7000943,https://www.10000recipe.com/recipe/7000943,면/만두,,,1,,
참외비빔국수,한식,"국수,참외,대파,배추김치,고추장,설탕,통깨,참기름,매실액,면기",15,쉬움,"아침,점심,야식","맑음,비,눈,더위,추위","봄,여름,가을,겨울",7001087,https://www.10000recipe.com/recipe/7001087,면/만두,,,1,,
"봄향기 가득, 달래 계란장 두부 비빔밥",한식,"계란,달래,두부,식용유,밥,마늘,상추,숙주,김치,김,간장,육수,참기름,설탕,고춧가루,깨,소금",60,쉬움,저녁,"맑음,비,눈,더위,추위","봄,여름,가을,겨울",7001483,https://www.10000recipe.com/recipe/7001483,밥/죽/떡,,,1,,
삼겹살쌈장볶음밥 레시피 한그릇메뉴,한식,"삼겹살,대파,밥,쌈장,통깨",10,쉬움,"아침,점심,야식","맑음,비,눈,더위,추위","봄,여름,가을,겨울",7001500,https://www.10000recipe.com/recipe/7001500,밥/죽/떡,,,1,,
엽떡 초보 맛 양념 레시피만큼 맛있는 당면볶이,한식,"물,당면,대파,어묵,깨,설탕,고춧가루,간장,올리고당,마늘,후추,카레가루,다시다",10,쉬움,"아침,점심,야식","맑음,비,눈,더위,추위","봄,여름,가을,겨울",7001513,https://www.10000recipe.com/recipe/7001513,면/만두,,,1,,
류수영 원팬파스타 후추치즈파스타,양식,"물,면,소금,우유,슬라이스치즈,케찹,후추,마늘,조리용집게",15,쉬움,"아침,점심,야식","맑음,비,눈,더위,추위","봄,여름,가을,겨울",7001575,https://www.10000recipe.com/recipe/7001575,양식,,,1,,
매콤달콤 냉동만두로 만든 만두강정 강정소스 레시피 / 아이간식 술안주로 안성맞춤,한식,"만두,고추장,케찹,간장,올리고당,마늘,참기름,생수,에어프라이어",15,쉬움,"아침,점심,야식","맑음,비,눈,더위,추위","봄,여름,가을,겨울",7001925,https://www.10000recipe.com/recipe/7001925,면/만두,,,1,,
평생 써먹는 편스토랑 고추장찌개,한식,"삼겹살,채선대파,감자,애호박,청양고추,양파,두부,생강,마늘,고춧가루,설탕,간장,액젓,새우젓,고추장,소금,식초,주방나이프",20,쉬움,"점심,저녁","맑음,비,눈,더위,추위","봄,여름,가을,겨울",7002122,https://www.10000recipe.com/recipe/7002122,찌개,,,1,,
호텔보다 맛있는 인생 스크램블 에그 10분만에 만들기,양식,"계란,우유,소금,설탕,버터,미니거품기",10,쉬움,"아침,점심,야식","맑음,비,눈,더위,추위","봄,여름,가을,겨울",7002273,https://www.10000recipe.com/recipe/7002273,양식,,,1,,
간단하면서 든든한 스팸김치유부초밥,일식,"사각유부,밥,스팸,김치,대파,설탕,참기름,참깨,위생장갑",15,쉬움,"아침,점심,야식","맑음,비,눈,더위,추위","봄,여름,가을,겨울",7002744,https://www.10000recipe.com/recipe/7002744,밥/죽/떡,,,1,,
꽃게파스타 만드는법~ 꽃게 알리오올리오~,양식,"꽃게,냉동새우,마늘,파스타인분,소금,청양고추,홍고추,엑스트라버진올리브오일,파슬리가루",30,쉬움,"점심,저녁","맑음,비,눈,더위,추위","봄,여름,가을,겨울",7002989,https://www.10000recipe.com/recipe/7002989,양식,,,1,,
토마호크 스테이크 굽기 인덕션 미디움레어 스테이크 만들기,양식,"토마호크,스테이크시즈닝,올리브오일,버터,가니쉬,키친타올,호일",30,쉬움,"점심,저녁","맑음,비,눈,더위,추위","봄,여름,가을,겨울",7003064,https://www.10000recipe.com/recipe/7003064,양식,,,1,,
가지를 싫어하는 사람들에게 강력추천하는 '가지파스타',양식,"가지,파스타면,대파,마늘,방울토마토,올리브오일,달걀노른자,크러쉬드레드페퍼,파마산치즈,소금,간장,설탕,후추,치즈그라인더",30,쉬움,"점심,저녁","맑음,비,눈,더위,추위","봄,여름,가을,겨울",7003293,https://www.10000recipe.com/recipe/7003293,면/만두,,,1,,
얼큰하고 진한 부대라면 :D,한식,"라면,식용유,김치,베이컨,고추장,소세지,대파,치즈",15,쉬움,"아침,점심,야식","맑음,비,눈,더위,추위","봄,여름,가을,겨울",7003409,https://www.10000recipe.com/recipe/7003409,면/만두,,,1,,
매콤달콤 입맛을 사로잡는 김치비빔쫄면 :D,한식,"쫄면,배추김치,고추장,간장,설탕,식초,마늘,매실청,깨,참기름,위생장갑,면기",15,쉬움,"아침,점심,야식","맑음,비,눈,더위,추위","봄,여름,가을,겨울",7003419,https://www.10000recipe.com/recipe/7003419,면/만두,,,1,,
돼지고기 김치찌개 레시피 목살 듬뿍 넣어요,한식,"돼지고기목살,묵은지,포기,두부,양파,대파,청양고추,김치국물,설탕,멸치액젓,고춧가루,마늘,위생장갑",30,쉬움,"점심,저녁","맑음,비,눈,더위,추위","봄,여름,가을,겨울",7003439,https://www.10000recipe.com/recipe/7003439,찌개,,,1,,
알리오 올리오 파스타 오일 파스타 레시피,양식,"스파게티면,물,소금,올리브오일,마늘,페페론치노,대파,면수,웍",20,쉬움,"점심,저녁","맑음,비,눈,더위,추위","봄,여름,가을,겨울",7003720,https://www.10000recipe.com/recipe/7003720,양식,,,1,,
대파 라면 레시피,한식,"대파,식용유,고춧가루,라면,물",15,쉬움,"아침,점심,야식","맑음,비,눈,더위,추위","봄,여름,가을,겨울",7003834,https://www.10000recipe.com/recipe/7003834,면/만두,,,1,,
초간단 진짜 맛있는 된장찌개 끓이기,한식,"식용유or올리브유,된장,고추장,쌈장,후추,고춧가루,양파,파,버섯,쇠고기,마늘,두부,청양고추",30,쉬움,"점심,저녁","맑음,비,눈,더위,추위","봄,여름,가을,겨울",7003866,https://www.10000recipe.com/recipe/7003866,찌개,,,1,,
펜네 파스타로 베이컨 크림파스타 만들기,양식,"펜네파스타,베이컨,우유,양파,파마산치즈가루,버터,꽃소금,밀가루,올리브유,파슬리",30,쉬움,"점심,저녁","맑음,비,눈,더위,추위","봄,여름,가을,겨울",7004087,https://www.10000recipe.com/recipe/7004087,양식,,,1,,
밥과 잘어울리는 스팸덮밥,한식,"스팸,계란,파,밥,간장,맛술,설탕,물,참기름,키친타올,뒤집개",15,쉬움,"아침,점심,야식","맑음,비,눈,더위,추위","봄,여름,가을,겨울",7004170,https://www.10000recipe.com/recipe/7004170,메인반찬,,,1,,
5분 완성! 오무라이스소스 돈까스소스 분식집 탑티어 찍던 바로 그맛!,양식,"파프리카,계란,우유반컵,케찹큰술,맹물,후추가루,가염버터조각,밥g,맛소금",10,쉬움,"아침,점심,야식","맑음,비,눈,더위,추위","봄,여름,가을,겨울",7004416,https://www.10000recipe.com/recipe/7004416,양식,,,1,,
"달달하고 톡톡 터지는 솥밥 만들어보세요, 초당옥수수 솥밥",한식,"초당옥수수,쌀,물,소금,버터,차돌박이,맛술,간장,올리고당,마늘,후추",30,쉬움,"점심,저녁","맑음,비,눈,더위,추위","봄,여름,가을,겨울",7004786,https://www.10000recipe.com/recipe/7004786,밥/죽/떡,,,1,,
간단하지만 고급진 쫄깃쫄깃 찹스테이크볶음우동,양식,"소고기찹스테이크용,우동면,양파,파프리카,피망,양송이버섯,올리브오일,소금,후추,가쓰오부시,설탕,맛술",15,쉬움,"아침,점심,야식","맑음,비,눈,더위,추위","봄,여름,가을,겨울",7004787,https://www.10000recipe.com/recipe/7004787,면/만두,,,1,,
주꾸미김치라면) 주꾸미랑 김치넣고 끓이는 시원한 해장라면~,한식,"물,라면,김치,쭈꾸미,청량고추,대파,고춧가루,후추,간마늘,면기",10,쉬움,"아침,점심,야식","맑음,비,눈,더위,추위","봄,여름,가을,겨울",7004829,https://www.10000recipe.com/recipe/7004829,면/만두,,,1,,
방울 토마토 마리네이드 만들기 발사믹 글레이즈로 만드는 법 다이어트에 좋은 토마토 절임,양식,"방울토마토,양파,올리브유,발사믹글레이즈,꿀,레몬즙,파슬리,허브믹스,유리병",15,쉬움,"아침,점심,야식","맑음,비,눈,더위,추위","봄,여름,가을,겨울",7004929,https://www.10000recipe.com/recipe/7004929,양식,,,1,,
감바스 알 아히요 레시피 감바스 만드는법,양식,"새우,소금,후추,맛술,통마늘,아스파라거스,토마토,페페론치노,올리브오일,치킨스톡,허브솔트",30,쉬움,"점심,저녁","맑음,비,눈,더위,추위","봄,여름,가을,겨울",7005208,https://www.10000recipe.com/recipe/7005208,양식,,,1,,
깻잎 쌈밥(깻잎데침/쌈장),한식,"밥,깻잎,쌈장,참기름,깨소금,위생장갑",30,쉬움,"점심,저녁","맑음,비,눈,더위,추위","봄,여름,가을,겨울",7005426,https://www.10000recipe.com/recipe/7005426,밥/죽/떡,,,1,,
키토 다이어트 라이스페이퍼만두(저탄고지 식단),한식,"라이스페이퍼,만두소,숙주,부추,소금,라드혹은올리브오일,돼지고기다짐육,소고기다짐육,두부,양파,대파,마늘,다진생강,후추,위생장갑,뒤집개",90,쉬움,저녁,"맑음,비,눈,더위,추위","봄,여름,가을,겨울",7005450,https://www.10000recipe.com/recipe/7005450,면/만두,,,1,,
키토 다이어트 달걀지단김밥(저탄고지 식단),한식,"김밥김,계란,오이,당근,스트링치즈,소금,올리브오일,뒤집개,김발",60,보통,저녁,"맑음,비,눈,더위,추위","봄,여름,가을,겨울",7005451,https://www.10000recipe.com/recipe/7005451,밥/죽/떡,,,1,,
"아이 떡꼬치.떡강정 만들기. 맵지않은 떡꼬치 양념장 레시피- 6세, 초등1 아이가 좋아하는 엄마표 간단 간식",한식,"떡볶이떡,들기름,식용유,간장,케찹,식초,설탕,올리고당,물,키친타올",30,쉬움,"점심,저녁","맑음,비,눈,더위,추위","봄,여름,가을,겨울",7005617,https://www.10000recipe.com/recipe/7005617,밥/죽/떡,,,1,,
류수영 고추장찌개 레시피│편스토랑 TOP3 레시피 고추장소진요리,한식,"삼겹살,다진생강,마늘,고춧가루,대파,청양고추,양파,감자,애호박,두부,설탕,간장,참치액젓,새우젓,고추장,식초,대접",60,쉬움,저녁,"맑음,비,눈,더위,추위","봄,여름,가을,겨울",7005626,https://www.10000recipe.com/recipe/7005626,찌개,,,1,,
원팬토스트 햄 치즈 토스트 쉽게 만드는 법,양식,"식빵,계란,체더치즈,슬라이스햄,딸기잼,우유,소금,설탕,버터,파이렉스계량컵",15,쉬움,"아침,점심,야식","맑음,비,눈,더위,추위","봄,여름,가을,겨울",7005735,https://www.10000recipe.com/recipe/7005735,양식,,,1,,
토마토 콩나물 프리타타 만들기 - 방울 토마토요리,양식,"방울토마토,계란,새우,깻잎,모짜렐라치즈,우유,체다치즈,콩나물,버터,맛술,소금,후추,뒤집개",30,쉬움,"점심,저녁","맑음,비,눈,더위,추위","봄,여름,가을,겨울",7005879,https://www.10000recipe.com/recipe/7005879,양식,,,1,,
만들긴 힘들지만 완성하면 뿌듯해요. 스팸체크무스비,한식,"스팸,계란,맛술,소금,밥,김밥용김,참기름,깨소금,체망,뒤집개,김발",60,보통,저녁,"맑음,비,눈,더위,추위","봄,여름,가을,겨울",7006505,https://www.10000recipe.com/recipe/7006505,밥/죽/떡,,,1,,
귀엽고 재밌게 색다른 한 끼 '알파벳 파스타',양식,"새우,방울토마토,파스타면,마늘,모짜렐라치즈,올리브오일,굵은소금,실리콘주걱",30,쉬움,"점심,저녁","맑음,비,눈,더위,추위","봄,여름,가을,겨울",7006708,https://www.10000recipe.com/recipe/7006708,양식,,,1,,
브런치 메뉴 바질페스토 볶음밥 (파브리 쉐프 레시피),양식,"밥,바질페스토,마늘,올리브오일,계란,그라나파다노치즈,파슬리가루,토마토,올리브유,소금,후추,발사믹글레이즈,조리용나이프,치즈그라인더",20,쉬움,"점심,저녁","맑음,비,눈,더위,추위","봄,여름,가을,겨울",7006903,https://www.10000recipe.com/recipe/7006903,양식,,,1,,
초 간단 시금치 오일 파스타,양식,"스파게티면,시금치,편마늘,소금,후추,올리브오일,칵테일새우,마늘,페페론치노,조리용나이프",15,쉬움,"아침,점심,야식","맑음,비,눈,더위,추위","봄,여름,가을,겨울",7007232,https://www.10000recipe.com/recipe/7007232,양식,,,1,,
간장크림떡볶이 가장 고소한 떡볶이 레시피 크림떡볶이 간장떡볶이 까르보나라떡볶이 유아식메뉴 유아식떡볶이,양식,"떡볶이떡,양파,새송이버섯,브로콜리,베이컨,생크림,소시지,간장,마늘,맛술,소금,물,치즈가루,조리용나이프",20,쉬움,"점심,저녁","맑음,비,눈,더위,추위","봄,여름,가을,겨울",7007580,https://www.10000recipe.com/recipe/7007580,양식,,,1,,
"퍽퍽하지 않고 영양 만점, 우엉닭고기함박스테이크",양식,"닭가슴살,우엉,양파,버터,맛술,계란,빵가루,간장,설탕,물,식초,케찹,올리고당,위생장갑",60,쉬움,저녁,"맑음,비,눈,더위,추위","봄,여름,가을,겨울",7008198,https://www.10000recipe.com/recipe/7008198,양식,,,1,,
알싸하고 크리미한 크림라면,한식,"라면사리,물,우유,슬라이스치즈,마늘,케찹,후춧가루,면기",5,쉬움,"아침,점심,야식","맑음,비,눈,더위,추위","봄,여름,가을,겨울",7008374,https://www.10000recipe.com/recipe/7008374,면/만두,,,1,,
피타브레드로 샌드위치 만들기! 과카몰리 샌드위치,양식,"피타브레드,치즈,베이컨,아보카도,큰토마토,양파,레몬즙,올리브오일,소금,후추,조리용나이프,키친타올",20,쉬움,"점심,저녁","맑음,비,눈,더위,추위","봄,여름,가을,겨울",7008397,https://www.10000recipe.com/recipe/7008397,양식,,,1,,
편스토랑 류수영 버섯 크림 리조또 10분 리소토 만들기,양식,"즉석밥,양송이버섯,양파,마늘,우유,체다치즈,파마산치즈,계란노른자,버터,참치액,후추,파슬리가루,조리용나이프",15,쉬움,"아침,점심,야식","맑음,비,눈,더위,추위","봄,여름,가을,겨울",7008493,https://www.10000recipe.com/recipe/7008493,양식,,,1,,
누구나 할 수 있는 스팸 참치 김치찌개 맛있게 끓이는법,한식,"신김치,포기,양파,청양고추,대파,스팸또는리챔,참치캔,멸치액젓,참치액젓,간장,마늘,고춧가루,설탕,위생장갑",20,쉬움,"점심,저녁","맑음,비,눈,더위,추위","봄,여름,가을,겨울",7009468,https://www.10000recipe.com/recipe/7009468,찌개,,,1,,
베이컨 계란 스크램블 볶음밥 만들기 남은 찬밥 활용 요리,한식,"밥,대파,계란,베이컨,후춧가루,웍,밥공기",30,쉬움,"점심,저녁","맑음,비,눈,더위,추위","봄,여름,가을,겨울",7009471,https://www.10000recipe.com/recipe/7009471,밥/죽/떡,,,1,,
정통 까르보나라 집에서 간단하게 만들기,양식,"페코리노치즈,계란,베이컨,파스타면,후추,치즈그레이터,조리용나이프",15,쉬움,"아침,점심,야식","맑음,비,눈,더위,추위","봄,여름,가을,겨울",7009911,https://www.10000recipe.com/recipe/7009911,양식,,,1,,
과카몰리 데빌드에그/아보카도퓨레,양식,"아보카도퓨레,양파,토마토,할라피뇨,라임즙,파르메산치즈,소금,후추,삶은달걀,파슬리가루,파프리카가루,아보카도,올리브유,레몬즙,설탕,조리용나이프,체망,키친타올",30,쉬움,"점심,저녁","맑음,비,눈,더위,추위","봄,여름,가을,겨울",7009938,https://www.10000recipe.com/recipe/7009938,양식,,,1,,
유아식 ) 두부카레라이스 두부 넣고 만든 카레,한식,"두부,양파,감자,당근,물,어린이카레,계량컵,키친타월",30,쉬움,"점심,저녁","맑음,비,눈,더위,추위","봄,여름,가을,겨울",7010953,https://www.10000recipe.com/recipe/7010953,밥/죽/떡,,,1,,
새우요리 야식메뉴 초간단 새우볶음우동/굴소스 우동볶음,일식,"우동면,생새우,대파,식용유,면수,참기름,깨소금,간장,맛술,황설탕,물엿,식초,후추,트레이,위생장갑,조리용나이프",15,쉬움,"아침,점심,야식","맑음,비,눈,더위,추위","봄,여름,가을,겨울",7012549,https://www.10000recipe.com/recipe/7012549,면/만두,,,1,,
너무 맛있음 주의! 차돌박이 숙주볶음,한식,"차돌박이,숙주,마늘,파,깨,대파,간장,맛술,설탕,참기름,웍",10,쉬움,"아침,점심,야식","맑음,비,눈,더위,추위","봄,여름,가을,겨울",7012639,https://www.10000recipe.com/recipe/7012639,메인반찬,,,1,,
[식약처] 고등어 라따뚜이 파스타,양식,"고등어,시래기,무,대파,청양고추,토마토홀,가지,애호박,표고버섯,두부면,가다랑어포,바질잎,식용유,물,건지개,키친타월,주걱",60,보통,저녁,"맑음,비,눈,더위,추위","봄,여름,가을,겨울",7012795,https://www.10000recipe.com/recipe/7012795,양식,,,1,,
[식약처] 밀푀유 채소 웰링턴,양식,"배추,소고기,숙주,청경채,표고버섯,새송이버섯,백목이버섯,다시마,깻잎,두부,머스타드,마늘,양파,토마토,우유,들깨가루,올리브유,간장,로즈메리,소금,후추,전분,물,키친타월,종이호일,에어프라이어",60,보통,저녁,"맑음,비,눈,더위,추위","봄,여름,가을,겨울",7012797,https://www.10000recipe.com/recipe/7012797,양식,,,1,,
다짐육 넣은 순두부찌개 레시피,한식,"양파,돼지고기다짐육,생수,순두부,느타리버섯,계란,청양고추,식용유,고춧가루,소금,설탕,간장,조리용나이프",30,쉬움,"점심,저녁","맑음,비,눈,더위,추위","봄,여름,가을,겨울",7012943,https://www.10000recipe.com/recipe/7012943,찌개,,,1,,
매콤하고 맑은 감자 버섯국,한식,"감자,버섯,봉지,양파,청양고추,물,계란,파,연두,소금,조리용나이프,대접",15,쉬움,"아침,점심,야식","맑음,비,눈,더위,추위","봄,여름,가을,겨울",7013378,https://www.10000recipe.com/recipe/7013378,국/탕,,,1,,
바지락을 넣어 개운한 ~ 순두부찌개 맛있게 끓이는법 순두부찌개 황금레시피,한식,"순두부,바지락,멸치다시마육수,간장,멸치액젓,마늘,고춧가루,식용유,대파,청양고추,후춧가루,조리용나이프,뚝배기",10,쉬움,"아침,점심,야식","맑음,비,눈,더위,추위","봄,여름,가을,겨울",7013418,https://www.10000recipe.com/recipe/7013418,찌개,,,1,,
고등어조림) 가을 무 듬뿐 넣고 만든 고등어조림,한식,"고등어,무,양파,대파,청양고추,물,간장,고춧가루,된장,설탕,매실액,맛술,참치액,마늘,생강가루,후추,조리용나이프",60,쉬움,저녁,"맑음,비,눈,더위,추위","봄,여름,가을,겨울",7013518,https://www.10000recipe.com/recipe/7013518,찌개,,,1,,
류수영 레시피 버터새우갈릭피자 레시피,양식,"새우,마늘,방울토마토,또띠아,치즈,올리고당,올리브,햄,버터,조리용나이프,뒤집개",30,보통,"점심,저녁","맑음,비,눈,더위,추위","봄,여름,가을,겨울",7013530,https://www.10000recipe.com/recipe/7013530,양식,,,1,,
콩나물국,한식,"콩나물,마늘,간장,대파,소금,조리용나이프,뚝배기",20,쉬움,"점심,저녁","맑음,비,눈,더위,추위","봄,여름,가을,겨울",7014382,https://www.10000recipe.com/recipe/7014382,국/탕,,,1,,
(심야식당 최고의 메뉴!) 일본 나폴리탄 스파게티,양식,"소세지,스파게티면,마늘,양파,파프리카,후추,케찹,설탕,식초,고춧가루,조리용나이프",15,쉬움,"아침,점심,야식","맑음,비,눈,더위,추위","봄,여름,가을,겨울",7015139,https://www.10000recipe.com/recipe/7015139,양식,,,1,,
구수하고 시원한 배추된장국 기본이 가장맛있어요,한식,"배추,다시마,멸치,무,대파,양파,표고버섯,된장,마늘,조리용나이프,대접",60,쉬움,저녁,"맑음,비,눈,더위,추위","봄,여름,가을,겨울",7015312,https://www.10000recipe.com/recipe/7015312,국/탕,,,1,,
진한 국물이 맛있는 스팸두부조림 만들기(두부스팸짜글이),한식,"두부,스팸,양파,대파,고춧가루,설탕,마늘,간장,물,조리용나이프",20,쉬움,"점심,저녁","맑음,비,눈,더위,추위","봄,여름,가을,겨울",7015387,https://www.10000recipe.com/recipe/7015387,메인반찬,,,1,,
완전 맛있는 한그릇요리 양배추참치덮밥 만들기! 정말 쉬워요~,한식,"참치,양배추,양파,대파,맛술,간장,소금,참기름,통깨,후추,식용유,계란,조리용나이프",20,쉬움,"점심,저녁","맑음,비,눈,더위,추위","봄,여름,가을,겨울",7015409,https://www.10000recipe.com/recipe/7015409,밥/죽/떡,,,1,,
감자계란국 레시피 간단국요리,한식,"감자,계란,물,동전육수,간장,조리용나이프,대접",15,쉬움,"아침,점심,야식","맑음,비,눈,더위,추위","봄,여름,가을,겨울",7015487,https://www.10000recipe.com/recipe/7015487,국/탕,,,1,,
김장김치가 맛있게 익었을때 만두피대신 김치를 돌돌말아 만든 김치말이전골(찌개) 만들기,한식,"배추김치,돼지고기다짐육,두부,멸치다시마육수,대파,마늘,고운소금,참기름,후춧가루,위생장갑,조리용나이프,면보,키친타올",30,쉬움,"점심,저녁","맑음,비,눈,더위,추위","봄,여름,가을,겨울",7015835,https://www.10000recipe.com/recipe/7015835,국/탕,,,1,,
파기름낸 팽이버섯 계란 볶음밥,한식,"대파,양파,올리브오일,팽이버섯,계란,밥,간장,메이플시럽,참기름,깨,조리용나이프",10,쉬움,"아침,점심,야식","맑음,비,눈,더위,추위","봄,여름,가을,겨울",7015978,https://www.10000recipe.com/recipe/7015978,밥/죽/떡,,,1,,
알배추주먹밥 밥2숟가락만 넣어요 휠씬 포만감있고 맛있습니다,한식,"알배추,두부,참치,당근,홍고추,청양고추,참기름,간장,맛소금,물,식초,설탕,고추기름,마늘,조리용나이프,모양틀,계량컵",15,쉬움,"아침,점심,야식","맑음,비,눈,더위,추위","봄,여름,가을,겨울",7016293,https://www.10000recipe.com/recipe/7016293,밥/죽/떡,,,1,,
남편＆남친에게 만들어 주면 좋아하는 【한마 유지로 오므라이스】,양식,"감자,양파,파프리카,혼합야채,닭다리살,버터,밥,소금후추,미원,어니언파우더,치킨스톡,케챱,계란,우유,김,치즈,검정색식용색소,조리용나이프,조리주걱,대접,거품기,체망,뒤집개",30,어려움,"점심,저녁","맑음,비,눈,더위,추위","봄,여름,가을,겨울",7016578,https://www.10000recipe.com/recipe/7016578,양식,,,1,,
겨울엔 청국장찌개가 맛있지!!,한식,"배추김치,등분,청국장,두부,청양고추,된장,코인육수,마늘,고춧가루,조리용나이프",30,쉬움,"점심,저녁","맑음,비,눈,더위,추위","봄,여름,가을,겨울",7016658,https://www.10000recipe.com/recipe/7016658,찌개,,,1,,
[닭곰탕] 겨울날에는 뜨끈한 닭곰탕으로 몸보신 해요~,한식,"닭볶음용,마늘,무우,대파,생수,후추,소금,조리주걱,조리용나이프,뚝배기,면기",60,쉬움,저녁,"맑음,비,눈,더위,추위","봄,여름,가을,겨울",7016725,https://www.10000recipe.com/recipe/7016725,찌개,,,1,,
맥앤...고추장?,한식,"마카로니,물,치즈,고추장,고춧가루,실리콘주걱",15,쉬움,"아침,점심,야식","맑음,비,눈,더위,추위","봄,여름,가을,겨울",7016829,https://www.10000recipe.com/recipe/7016829,면/만두,,,1,,
깻잎쌈밥 만드는법 깻잎요리 깻잎쌈밥 레시피 통조림 참치요리 고추장 쌈밥 도시락,한식,"밥,참치,깻잎,참기름,소금,고추장,통깨,물",15,쉬움,"아침,점심,야식","맑음,비,눈,더위,추위","봄,여름,가을,겨울",7017024,https://www.10000recipe.com/recipe/7017024,밥/죽/떡,,,1,,
매시드 포테이토 만드는법 감자요리 으깬감자 매쉬드포테이토 레시피 우유 버터 매시트 포테이토,양식,"감자,물,우유,버터,소금,설탕,후추,파슬리가루,조리용나이프,조리주걱",30,쉬움,"점심,저녁","맑음,비,눈,더위,추위","봄,여름,가을,겨울",7017089,https://www.10000recipe.com/recipe/7017089,양식,,,1,,
짜장라면 맛있게 만들기,중식,"짜장라면,새우,양파,대파,완두콩,면수,올리브오일,버터,물,맛술,후추,참기름,조리용나이프",30,쉬움,"점심,저녁","맑음,비,눈,더위,추위","봄,여름,가을,겨울",7017153,https://www.10000recipe.com/recipe/7017153,면/만두,,,1,,
양송이 버섯 크림 리조또 리소토 만들기 홈브런치,양식,"양송이버섯,쌀,양파,베이컨,생크림,우유,파마산치즈,슬라이스올리브,마늘,버터,올리브오일,파슬리가루,참치액,맛술,조리용나이프",60,쉬움,저녁,"맑음,비,눈,더위,추위","봄,여름,가을,겨울",7017620,https://www.10000recipe.com/recipe/7017620,양식,,,1,,
스팸짜글이,한식,"스팸,감자,양파,대파,표고버섯,고추장,된장,마늘,주방필러,조리용나이프",30,쉬움,"점심,저녁","맑음,비,눈,더위,추위","봄,여름,가을,겨울",7017633,https://www.10000recipe.com/recipe/7017633,국/탕,,,1,,
모짜렐라 치즈와 다짐육 추가하여 만드는 미트 스파게티,한식,"파스타면,모짜렐라치즈,올리브유,돼지고기다짐육,마늘,맛술,소금,후추,포크",15,쉬움,"아침,점심,야식","맑음,비,눈,더위,추위","봄,여름,가을,겨울",7017663,https://www.10000recipe.com/recipe/7017663,면/만두,,,1,,
돌아기 시금치리조또 12개월 13개월 14개월 유아식 아이 식단,양식,"시금치,단,우유,치즈,밥,조리용나이프,유아식기",30,쉬움,"점심,저녁","맑음,비,눈,더위,추위","봄,여름,가을,겨울",7018329,https://www.10000recipe.com/recipe/7018329,양식,,,1,,
[만만셰] 집에서 프랑스요리를 간단하게 베샤멜소스 볶음밥 by. 몽마망,양식,"밥,베이컨,양파,피망,당근,방울토마토,버터,밀가루,우유,생크림,물,치킨스톡,마늘,모짜렐라치즈,파슬리,조리용나이프,조리주걱",30,쉬움,"점심,저녁","맑음,비,눈,더위,추위","봄,여름,가을,겨울",7018516,https://www.10000recipe.com/recipe/7018516,양식,,,1,,
감자를 활용한! 뚝딱 크림파스타,양식,"양파,감자,파스타면,생크림,우유,후추,치킨스톡,조리용나이프",15,쉬움,"아침,점심,야식","맑음,비,눈,더위,추위","봄,여름,가을,겨울",7019557,https://www.10000recipe.com/recipe/7019557,양식,,,1,,
떡만두국 구정명절,한식,"떡국떡,계란,김치만두,꽃소금,참치액,대파,구운김,멸치,다시마,물,조리용나이프,면기",30,쉬움,"점심,저녁","맑음,비,눈,더위,추위","봄,여름,가을,겨울",7019574,https://www.10000recipe.com/recipe/7019574,면/만두,,,1,,
"(유아,어린이국)키조개관자 납작시금치된장국!",한식,"키조개관자,시금치,청양고추,해물품은한알,된장,마늘,생강술,후추가루,과도,조리용나이프,대접",30,쉬움,"점심,저녁","맑음,비,눈,더위,추위","봄,여름,가을,겨울",7019940,https://www.10000recipe.com/recipe/7019940,국/탕,,,1,,
베이컨 반찬 베이컨숙주볶음 레시피,한식,"베이컨,숙주,청양고추,대파,식용유,통깨,간장,맛술,마늘,올리고당,조리용나이프,스텐트레이",30,쉬움,"점심,저녁","맑음,비,눈,더위,추위","봄,여름,가을,겨울",7020127,https://www.10000recipe.com/recipe/7020127,메인반찬,,,1,,
밑반찬 잔멸치마늘볶음,한식,"잔멸치,마늘,간장,매실액,생강청,술,조리용나이프",10,쉬움,"아침,점심,야식","맑음,비,눈,더위,추위","봄,여름,가을,겨울",7020389,https://www.10000recipe.com/recipe/7020389,,,,1,,
다이어트식단~새송이브로콜리들깨무침!,한식,"브로콜리,새송이버섯,소금,가는소금,들깨가루,참기름,조리용나이프,위생장갑,반찬통",10,쉬움,"아침,점심,야식","맑음,비,눈,더위,추위","봄,여름,가을,겨울",7020586,https://www.10000recipe.com/recipe/7020586,,,,1,,
계란 김국 만들기,한식,"구운김,계란,대파,홍고추,물,간장,멸치액젓,마늘,소금,조리용나이프,찬기,면기",20,쉬움,"점심,저녁","맑음,비,눈,더위,추위","봄,여름,가을,겨울",7020719,https://www.10000recipe.com/recipe/7020719,국/탕,,,1,,
순두부 계란국 만들기,한식,"순두부,계란,대파,양파,물,간장,멸치액젓,마늘,소금,조리용나이프,대접",20,쉬움,"점심,저녁","맑음,비,눈,더위,추위","봄,여름,가을,겨울",7020802,https://www.10000recipe.com/recipe/7020802,국/탕,,,1,,
참치쌈장 상추쌈밥 참치쌈장 참치쌈밥 참치쌈장쌈밥,한식,"참치캔,양파,대파,청양고추,간마늘,고춧가루,설탕,된장,고추장,물,조리용나이프,위생장갑",20,쉬움,"점심,저녁","맑음,비,눈,더위,추위","봄,여름,가을,겨울",7020918,https://www.10000recipe.com/recipe/7020918,밥/죽/떡,,,1,,
골뱅이볶음덮밥,한식,"골뱅이,양파,대파,부추,마늘,설탕,간장,고춧가루,통깨,참기름,조리용나이프",30,쉬움,"점심,저녁","맑음,비,눈,더위,추위","봄,여름,가을,겨울",7020998,https://www.10000recipe.com/recipe/7020998,메인반찬,,,1,,
편스토랑 류수영 고등어조림 레시피 고등어무조림 레시피,한식,"고등어큰것,무,양파,대파,청양고추,홍고추,간장,고춧가루,설탕,식초,마늘,생강,소금,된장,후추,물,맛술,밀가루,조리용나이프,위생장갑",60,보통,저녁,"맑음,비,눈,더위,추위","봄,여름,가을,겨울",7021259,https://www.10000recipe.com/recipe/7021259,찌개,,,1,,
달래된장찌개 얼큰하게,한식,"달래,무,표고버섯,대파,애호박,홍고추,청양고추,두부,멸치육수,된장,고추장,고춧가루,마늘,조리용나이프",30,쉬움,"점심,저녁","맑음,비,눈,더위,추위","봄,여름,가을,겨울",7021493,https://www.10000recipe.com/recipe/7021493,찌개,,,1,,
베이컨말이밥 만드는법 간단메뉴 어린이메뉴 베이컨말이주먹밥 레시피,한식,"베이컨,밥,참기름,마늘,맛술,간장,올리고당,후추,물,조리용나이프,위생장갑",10,쉬움,"아침,점심,야식","맑음,비,눈,더위,추위","봄,여름,가을,겨울",7021528,https://www.10000recipe.com/recipe/7021528,밥/죽/떡,,,1,,
아침메뉴 아침국 봄동요리 봄동된장국 소고기양지요리 소고기봄동국,한식,"봄동,소고기양지,양파,대파,다시마육수,된장,마늘,참기름,간장,고추장,황설탕,맛술,소금,조리용나이프,스텐트레이,조리주걱,대접",30,쉬움,"점심,저녁","맑음,비,눈,더위,추위","봄,여름,가을,겨울",7021547,https://www.10000recipe.com/recipe/7021547,국/탕,,,1,,
버섯크림파스타 만들기 리가토니 크림파스타 레시피,양식,"파스타면,훈제오리고기,느타리버섯,올리브유,소금,페페론치노,치킨스톡,버터,생크림,후추,치즈,조리용나이프,건지기채망",15,쉬움,"아침,점심,야식","맑음,비,눈,더위,추위","봄,여름,가을,겨울",7021719,https://www.10000recipe.com/recipe/7021719,양식,,,1,,
류수영 김치찌개 편스토랑 돼지고기 김치찌개 만드는 법,한식,"김치찌개,포기,돼지고기앞다리살,양파,대파,물,김치국물,마늘,새우젓,간장,고춧가루,소금,식초,조리용나이프",60,쉬움,저녁,"맑음,비,눈,더위,추위","봄,여름,가을,겨울",7022245,https://www.10000recipe.com/recipe/7022245,찌개,,,1,,
참치김치찌개 김치찌개 레시피 초간단 아침메뉴,한식,"신김치,캔참치,물,김치국물,간장,고춧가루,설탕,대파,조리용나이프,계량컵,면기",30,쉬움,"점심,저녁","맑음,비,눈,더위,추위","봄,여름,가을,겨울",7022771,https://www.10000recipe.com/recipe/7022771,찌개,,,1,,
오삼불고기 레시피 삼겹살 오징어 제육볶음 오징어제육볶음 오삼불고기 양념만드는법,한식,"통오징어,삼겹살,양파,당근채썬것,소면원크기,미니새송이버섯,다진대파,고춧가루,고추장,맛술,마늘,매실액,간장,조리용나이프,조리용집게",20,쉬움,"점심,저녁","맑음,비,눈,더위,추위","봄,여름,가을,겨울",7024005,https://www.10000recipe.com/recipe/7024005,메인반찬,,,1,,
로즈마리갈릭치킨 만드는법 로즈마리 마늘치킨 레몬제스트 닭가슴살 냉동닭가슴살 로즈마리갈릭치킨레시피 감자뇨끼,양식,"마늘,닭가슴살,올리브오일,레몬제스트레몬개분량,로즈마리,소금,후추,토마토,뇨끼생략가능,조리용나이프,뒤집개",30,쉬움,"점심,저녁","맑음,비,눈,더위,추위","봄,여름,가을,겨울",7024537,https://www.10000recipe.com/recipe/7024537,양식,,,1,,
알배추 잔치국수 레시피,한식,"소면,육수,배춧잎,계란,식용유,마늘,간장,설탕,참기름,통깨,맛술,조리용나이프,계량컵,뒤집개,웍,면기",30,쉬움,"점심,저녁","맑음,비,눈,더위,추위","봄,여름,가을,겨울",7024681,https://www.10000recipe.com/recipe/7024681,면/만두,,,1,,
표고버섯 무 어묵국~깨끗한국물의 감칠맛의 비법!,한식,"표고버섯건표고버섯한주먹,순살어묵납작어묵,무,등분,청양고추,멸치다시,건보리새우,마늘,참치액,생강술맛술,소금,조리용나이프,육수팩",30,쉬움,"점심,저녁","맑음,비,눈,더위,추위","봄,여름,가을,겨울",7024760,https://www.10000recipe.com/recipe/7024760,국/탕,,,1,,
떡국떡과 넙적당면 떡볶이,한식,"납작당면,물,떡국떡,대파,양파,어묵,메이플시럽,간장,연두,케찹,고춧가루,고추장,후추,물엿,조리용나이프",20,쉬움,"점심,저녁","맑음,비,눈,더위,추위","봄,여름,가을,겨울",7024851,https://www.10000recipe.com/recipe/7024851,밥/죽/떡,,,1,,
총각무 볶음밥 총각김치 닭가슴살 볶음밥 만들기 남은 알타리무 요리,한식,"총각무,닭가슴살,밥,올리고당,고춧가루,마요네즈,된장,조리용나이프",60,쉬움,저녁,"맑음,비,눈,더위,추위","봄,여름,가을,겨울",7024929,https://www.10000recipe.com/recipe/7024929,밥/죽/떡,,,1,,
로즈메리 갈릭 감자구이 만드는법 감자구이 감자요리 로즈마리 마늘요리 감자오븐구이 로즈마리갈릭감자구이레시피 오븐요리,양식,"감자,마늘,로즈메리,소금,후추,올리브오일cm정도깔리게,조리용나이프,종이호일",60,쉬움,저녁,"맑음,비,눈,더위,추위","봄,여름,가을,겨울",7025808,https://www.10000recipe.com/recipe/7025808,양식,,,1,,
마요네즈 스팸계란볶음밥 레시피,한식,"공기밥,계란,식용유,스팸,마요네즈,간장,통깨,조리용나이프,실리콘주걱",30,쉬움,"점심,저녁","맑음,비,눈,더위,추위","봄,여름,가을,겨울",7026723,https://www.10000recipe.com/recipe/7026723,밥/죽/떡,,,1,,
우리'통'밀로 만든 표고버섯 토르텔로니 만두,한식,"우리통밀가루,계란,표고버섯,리코타치즈,파마산치즈,마늘,파슬리,엑스트라버진올리브유,생크림,소금,후추,전자저울,포크,조리용나이프,조리주걱,채망",60,쉬움,저녁,"맑음,비,눈,더위,추위","봄,여름,가을,겨울",7026739,https://www.10000recipe.com/recipe/7026739,면/만두,,,1,,
[만만셰] 우렁 대신 골뱅이를 넣어 만든 골뱅이강된장 by.초록쿠킹,한식,"골뱅이g,두부,양파,느타리버섯g,감자g,애호박g,된장,고추장,설탕,참기름,감자전분,물,식용유,조리용나이프",20,쉬움,"점심,저녁","맑음,비,눈,더위,추위","봄,여름,가을,겨울",7026873,https://www.10000recipe.com/recipe/7026873,찌개,,,1,,
"새콤달콤함에 매콤함도~, 맛있는 야채 비빔국수",한식,"소면,오이,당근,채썬적양배추,상추,쌈무,사과,골뱅이통조림,삶은달걀,그외삶은수육없어도무방,고추장,고춧가루,간장,매실액,설탕,식초,참기름,깨,조리용나이프,위생장갑,면기",20,쉬움,"점심,저녁","맑음,비,눈,더위,추위","봄,여름,가을,겨울",7026973,https://www.10000recipe.com/recipe/7026973,면/만두,,,1,,
맑은콩나물국~냉국으로 드시기에 좋아요~,한식,"콩나물,대파,홍고추청양,맛소금가는소금,참치액,조리용나이프,대접",15,쉬움,"아침,점심,야식","맑음,비,눈,더위,추위","봄,여름,가을,겨울",7027163,https://www.10000recipe.com/recipe/7027163,국/탕,,,1,,
면역력 높이는 건강한 반찬 통마늘 표고버섯볶음 만드는 법,한식,"마늘,표고버섯,식용유,고추장,고춧가루,올리고당,간장,참기름,볶은참깨,조리용나이프",30,쉬움,"점심,저녁","맑음,비,눈,더위,추위","봄,여름,가을,겨울",7027181,https://www.10000recipe.com/recipe/7027181,메인반찬,,,1,,
활용도 높은 차지키 소스 그릭요거트 오이샐러드 다이어트 요리(Feat. 홀그레인 머스터드),양식,"오이,허브딜,마늘,올리브오일,레몬즙,홀그레인머스터드생략가능,취향에따라조절가능,소금오이절임용,딜,니트릴장갑,조리용나이프",5,쉬움,"아침,점심,야식","맑음,비,눈,더위,추위","봄,여름,가을,겨울",7027645,https://www.10000recipe.com/recipe/7027645,양식,,,1,,
편스토랑 류수영 러브 황태해장국 레시피 어남선생 황태해장국 만드는법,한식,"황태채,무,두부,콩나물,대파,계란,청양고추고명용,마늘,간장,참치액,굵은소금,식초,참기름,물,조리용나이프,대접,뚝배기",60,쉬움,저녁,"맑음,비,눈,더위,추위","봄,여름,가을,겨울",7028113,https://www.10000recipe.com/recipe/7028113,국/탕,,,1,,
영양밥으로 속이 꽉 찬 누룽지 삼계탕,한식,"닭,전복,누룽지,찹쌀,공기,마늘,대추,밤,건삼,양파,대파,생강,통후추,소주,소금,후추,니트릴장갑,조리용나이프",60,보통,저녁,"맑음,비,눈,더위,추위","봄,여름,가을,겨울",7028303,https://www.10000recipe.com/recipe/7028303,국/탕,,,1,,
자극적이지 않아 더욱 맛있는 간장비빔국수 레시피!(간장비빔국수 양념장 만들기),한식,"소면,오이,김가루,설탕,간장,마늘,후춧가루,들기름,깨소금,조리용나이프,면기",20,쉬움,"점심,저녁","맑음,비,눈,더위,추위","봄,여름,가을,겨울",7028671,https://www.10000recipe.com/recipe/7028671,면/만두,,,1,,
여름반찬 아삭오이고추 만능된장무침 레시피,한식,"오이고추,된장,고춧가루,통깨,올리고당,참기름,조리용나이프",5,쉬움,"아침,점심,야식","맑음,비,눈,더위,추위","봄,여름,가을,겨울",7029097,https://www.10000recipe.com/recipe/7029097,,,,1,,
무화과 크로스티니 만드는법 무화과 활용 여름과일 크림치즈 루꼴라 발사믹 무화과 크로스티니 레시피,양식,"빵바게트같은종류,무화과반으로자른것조각,루꼴라,올리브오일,크림치즈,발사믹글레이즈,조리용나이프,뒤집개",15,쉬움,"아침,점심,야식","맑음,비,눈,더위,추위","봄,여름,가을,겨울",7029879,https://www.10000recipe.com/recipe/7029879,양식,,,1,,
어남선생 무침만두 편스토랑 류수영 레시피,한식,"냉동만두,고춧가루,설탕,물,고추장듬뿍,케첩,키친타올",10,쉬움,"아침,점심,야식","맑음,비,눈,더위,추위","봄,여름,가을,겨울",7030092,https://www.10000recipe.com/recipe/7030092,면/만두,,,1,,
해장하기 좋은 초간단 [차돌육개장] 만들기,한식,"차돌박이g,대파,숙주g,느타리버섯g,삶은고사리,사골육수시판용팩,고춧가루,참기름,올리브유,후추,소금,간장,간마늘,참치액젓,조리용나이프,대접",20,쉬움,"점심,저녁","맑음,비,눈,더위,추위","봄,여름,가을,겨울",7030618,https://www.10000recipe.com/recipe/7030618,국/탕,,,1,,
주말은 국 하나로! 아기 어묵국 레시피,한식,"사각어묵,두부,무,대파,마늘,간장,육수팩,조리용나이프,대접",30,쉬움,"점심,저녁","맑음,비,눈,더위,추위","봄,여름,가을,겨울",7030975,https://www.10000recipe.com/recipe/7030975,국/탕,,,1,,
편스토랑 류수영 어묵국수 당장레시피 한그릇요리 초간단 초스피드 feat. 사각어묵 참치액,한식,"사각어묵,대파흰부분,참치액,물,후추,소면g,조리용나이프,면기",15,쉬움,"아침,점심,야식","맑음,비,눈,더위,추위","봄,여름,가을,겨울",7031633,https://www.10000recipe.com/recipe/7031633,면/만두,,,1,,
돈까스 만들기 옛날 수제 등심돈까스,양식,"돼지고기등심돈까스용,부침가루,계란,빵가루,파슬리,소금,후추,식용유,쟁반,뒤집개",60,쉬움,저녁,"맑음,비,눈,더위,추위","봄,여름,가을,겨울",7031824,https://www.10000recipe.com/recipe/7031824,양식,,,1,,
돼지고기된장찌개,한식,"돼지고기앞뒷다리살,양파,애호박,감자,두부,대파,고추장,된장,고춧가루,간장,설탕,마늘,조리용나이프",30,쉬움,"점심,저녁","맑음,비,눈,더위,추위","봄,여름,가을,겨울",7031859,https://www.10000recipe.com/recipe/7031859,국/탕,,,1,,
유퀴즈 류수영 설마 고추장 비빔국수 류수영 비빔국수 양념장 레시피 만들기,한식,"소면또는중면사용,양파,오이,닭가슴살블랙페퍼,청양고추,홍고추,김가루,통깨,식초,설탕,맛소금,고춧가루,참기름,간장,마늘,케찹,고추장듬뿍,후추,채수오이양파절일때나온,조리용나이프,위생장갑",60,쉬움,저녁,"맑음,비,눈,더위,추위","봄,여름,가을,겨울",7032269,https://www.10000recipe.com/recipe/7032269,면/만두,,,1,,
간단 알배춧국,한식,"알배추,통,물,동전육수,풋고추,홍고추,대파,된장,소주,마늘,후추,조리용나이프,대접",30,쉬움,"점심,저녁","맑음,비,눈,더위,추위","봄,여름,가을,겨울",7032421,https://www.10000recipe.com/recipe/7032421,국/탕,,,1,,
닭곰탕 만들기 여름 보양식 추천 말복음식,양식,"닭,대파육수용,양파육수용,통후추육수용,굵은소금육수용,물,대파고명용,소금간맞추기,후추간맞추기,위생장갑,조리용나이프,뚝배기",60,쉬움,저녁,"맑음,비,눈,더위,추위","봄,여름,가을,겨울",7032442,https://www.10000recipe.com/recipe/7032442,국/탕,,,1,,
아기 수제비 반죽만드는 법 감자수제비 레시피,한식,"감자,밀가루감자와밀가루비율,소금,새우,마늘,간장,해물육수,조리용나이프,매셔,위생장갑",30,쉬움,"점심,저녁","맑음,비,눈,더위,추위","봄,여름,가을,겨울",7032512,https://www.10000recipe.com/recipe/7032512,면/만두,,,1,,
김가루 잔치국수 레시피,한식,"물,동전육수,소면,조미김,대파,당근,계란,참치액젓,소금,조리용나이프,면기",20,쉬움,"점심,저녁","맑음,비,눈,더위,추위","봄,여름,가을,겨울",7032709,https://www.10000recipe.com/recipe/7032709,면/만두,,,1,,
돼지고기버섯볶음밥,한식,"돼지고기다짐육,새송이버섯,대파,소금,후추,간장,설탕,밥,식용유,조리용나이프",15,쉬움,"아침,점심,야식","맑음,비,눈,더위,추위","봄,여름,가을,겨울",7032731,https://www.10000recipe.com/recipe/7032731,밥/죽/떡,,,1,,
"바삭한 튀김 옷을 입은 맛있는 광어, 피쉬앤칩스",양식,"광어필렛g,감자,튀김가루g,물ml,빵가루g,미림,소금,후추,마요네즈g,레몬즙,설탕,양파다진,피클다진,조리용나이프,계량컵,니트릴장갑",60,쉬움,저녁,"맑음,비,눈,더위,추위","봄,여름,가을,겨울",7032886,https://www.10000recipe.com/recipe/7032886,양식,,,1,,
집나간 입맛 돌아오게 해주는 초간단 들기름비빔칼국수,한식,"들기름,간장,매실액,마늘,통깨,면기",15,쉬움,"아침,점심,야식","맑음,비,눈,더위,추위","봄,여름,가을,겨울",7033463,https://www.10000recipe.com/recipe/7033463,면/만두,,,1,,
꽃게된장찌개!,한식,"생물꽃게,애호박둥근호박,두부,청양고추,팽이버섯,된장유기농된장,마늘,생강술맛술,고춧가루,후추가루,참치액,주방솔,조리용나이프",30,쉬움,"점심,저녁","맑음,비,눈,더위,추위","봄,여름,가을,겨울",7033587,https://www.10000recipe.com/recipe/7033587,찌개,,,1,,
의외로 간단한 [새우볶음밥],한식,"밥,계란,칵테일새우,당근,파,소금,후추,조리용나이프,조리주걱",30,쉬움,"점심,저녁","맑음,비,눈,더위,추위","봄,여름,가을,겨울",7034442,https://www.10000recipe.com/recipe/7034442,밥/죽/떡,,,1,,
떡없는 매콤한 넙적당면볶이,한식,"넙적당면,매실청,케찹,간장,설탕,고추장,물,어묵,대파,조리용나이프",15,쉬움,"아침,점심,야식","맑음,비,눈,더위,추위","봄,여름,가을,겨울",7034909,https://www.10000recipe.com/recipe/7034909,면/만두,,,1,,
감칠맛 가득 밥반찬 애호박 새우마요 볶음,한식,"새우,애호박,올리브유,참기름,맛술,간장,마요네즈,와사비,후추,대파,니트릴장갑,조리용나이프",20,쉬움,"점심,저녁","맑음,비,눈,더위,추위","봄,여름,가을,겨울",7035279,https://www.10000recipe.com/recipe/7035279,메인반찬,,,1,,
참치 순두부찌개 끓이는 법/ 간단 순두부찌개 양념 요리 레시피,한식,"순두부봉지,계란,다시마멸치육수,참치캔개,양파,대파,청양고추,식용유,마늘,고운고춧가루,간장,후추,조리용나이프,뚝배기",30,쉬움,"점심,저녁","맑음,비,눈,더위,추위","봄,여름,가을,겨울",7035288,https://www.10000recipe.com/recipe/7035288,찌개,,,1,,
언니네 산지직송 애호박 간장국수 /간장비빔국수 양념장 레시피,한식,"마스코바도설탕,간장,레몬즙,참기름,참깨,현미국수,파기름,애호박,마늘,청양고추,도시락김,미니절구,조리용나이프,조리주걱,면기",10,쉬움,"아침,점심,야식","맑음,비,눈,더위,추위","봄,여름,가을,겨울",7035769,https://www.10000recipe.com/recipe/7035769,면/만두,,,1,,
흑백요리사 히든천재님의 링귀니 알리오 올리오 흉내내봤습니다,양식,"링귀니파스타,올리브오일,소금,마늘,건페페론치노,파슬리,그라나파다노치즈,조리용나이프,트레이,위생장갑,조리주걱,그레이터",15,보통,"아침,점심,야식","맑음,비,눈,더위,추위","봄,여름,가을,겨울",7035773,https://www.10000recipe.com/recipe/7035773,양식,,,1,,
집에 무 밖에 없을때 끓이는 간단한 국,한식,"무,대파,마늘,들깨가루,참치액젓,간장,참기름또는들기름,조리용나이프",15,쉬움,"아침,점심,야식","맑음,비,눈,더위,추위","봄,여름,가을,겨울",7036013,https://www.10000recipe.com/recipe/7036013,국/탕,,,1,,
"바쁜 아침 초간단 국물요리, 새우살 미역국",한식,"미역,새우살,물,멸치액젓,동전육수,참기름,대접",2,쉬움,"아침,점심,야식","맑음,비,눈,더위,추위","봄,여름,가을,겨울",7036134,https://www.10000recipe.com/recipe/7036134,국/탕,,,1,,
알리오올리오 파스타 빠르게 만들기,양식,"스파게티면,마늘,페페론치노,파슬리,올리브유,치킨스톡,소금,조리용나이프",15,쉬움,"아침,점심,야식","맑음,비,눈,더위,추위","봄,여름,가을,겨울",7036189,https://www.10000recipe.com/recipe/7036189,면/만두,,,1,,
허니갈릭또띠아피자 레시피,양식,"또띠아,마늘,꿀,올리브유,모짜렐라치즈,뒤집개,키친타올",20,쉬움,"점심,저녁","맑음,비,눈,더위,추위","봄,여름,가을,겨울",7036196,https://www.10000recipe.com/recipe/7036196,양식,,,1,,
10분컷 간단 캠핑요리 ‘ 어묵 볶음밥 ’ 아이들 입맛 저격!,한식,"어묵,식은밥,소금,후추,대파,소시지,양파,식용유,조리용나이프,조리주걱",15,쉬움,"아침,점심,야식","맑음,비,눈,더위,추위","봄,여름,가을,겨울",7036629,https://www.10000recipe.com/recipe/7036629,밥/죽/떡,,,1,,
"할로윈 요리, 크리스마스의 악몽의 ‘잭 커리’ 만들기",한식,"단호박,감자,당근,양파,카레블록,물,비트,조리용나이프,밥주걱",30,쉬움,"점심,저녁","맑음,비,눈,더위,추위","봄,여름,가을,겨울",7036680,https://www.10000recipe.com/recipe/7036680,밥/죽/떡,,,1,,
어린이국~닭곰탕!,한식,"닭삼계탕용g짜리,월계수잎,편생강,대파,알마늘,통후추,생강술맛술이나소주,치킨스톡작은큐브,소금,후추가루,위생장갑,조리용나이프,뚝배기",60,쉬움,저녁,"맑음,비,눈,더위,추위","봄,여름,가을,겨울",7036933,https://www.10000recipe.com/recipe/7036933,국/탕,,,1,,
견과류 품은 멸치볶음; 잔멸치 볶음 손이 가요 손이가~,한식,"잔멸치,아몬드,호두,간장,올리브오일,올리고당,설탕,맛술,마요네즈,통깨,조리주걱",5,쉬움,"아침,점심,야식","맑음,비,눈,더위,추위","봄,여름,가을,겨울",7038084,https://www.10000recipe.com/recipe/7038084,,,,1,,
"애호박 요리, 애호박계란국 레시피",한식,"애호박,양파,계란,대파,육수,참치액젓,소금,마늘,간장,후추,계량컵,거품기,조리용나이프,대접",30,쉬움,"점심,저녁","맑음,비,눈,더위,추위","봄,여름,가을,겨울",7038236,https://www.10000recipe.com/recipe/7038236,국/탕,,,1,,
특별한 날을 위한 무밀푀유나베,한식,"무,돼지고기다짐육,간장,부추,물,참치액,맛술,조리용나이프,니트릴장갑",20,쉬움,"점심,저녁","맑음,비,눈,더위,추위","봄,여름,가을,겨울",7038298,https://www.10000recipe.com/recipe/7038298,국/탕,,,1,,
순살 생선으로 만드는 덮밥 /생선간장조림 덮밥 전분 소스,한식,"순살대구,소금,감자전분,마늘,설탕,간장,물,맛술,꿀,식용유,면기,키친타월",30,쉬움,"점심,저녁","맑음,비,눈,더위,추위","봄,여름,가을,겨울",7038405,https://www.10000recipe.com/recipe/7038405,메인반찬,,,1,,
홍가리비 바질페스토 치즈구이,양식,"홍가리비g,모짜렐라치즈,무염버터,올리브오일,마늘,소금,후추,생바질,조리용나이프",20,쉬움,"점심,저녁","맑음,비,눈,더위,추위","봄,여름,가을,겨울",7039262,https://www.10000recipe.com/recipe/7039262,양식,,,1,,
순두부찌개 뜨끈함에 피로가 녹는 초간단 기사식당 순두부,한식,"순두부,계란,대파,청양고추,돼지고기다짐육,양파,물,범일진간장,마늘,고춧가루,참기름,소금,설탕,뚝배기,조리용나이프",30,보통,"점심,저녁","맑음,비,눈,더위,추위","봄,여름,가을,겨울",7039715,https://www.10000recipe.com/recipe/7039715,찌개,,,1,,
카레 부추 볶음밥,한식,"밥,카레가루,버터,올리브유,부추,마늘,통깨,계란,식용유,포크,조리용나이프",20,쉬움,"점심,저녁","맑음,비,눈,더위,추위","봄,여름,가을,겨울",7039745,https://www.10000recipe.com/recipe/7039745,밥/죽/떡,,,1,,
매콤한 토마토 참치 파스타! 두부면 파스타!,양식,"두부면,참치캔,토마토퓨레,엔초비선택,양파,마늘,크러쉬드페퍼론치노,건조오레가노,소금,후추,올리브오일,파슬리또는처빌선택,조리용나이프",20,쉬움,"점심,저녁","맑음,비,눈,더위,추위","봄,여름,가을,겨울",7039931,https://www.10000recipe.com/recipe/7039931,양식,,,1,,
흑백요리사 두부찌개 만들기,한식,"두부g,양파,대파,청양고추,멸치육수,식용유,참치액,고춧가루,고추장,마늘,조리용나이프,면기",30,쉬움,"점심,저녁","맑음,비,눈,더위,추위","봄,여름,가을,겨울",7039986,https://www.10000recipe.com/recipe/7039986,찌개,,,1,,
단호박롤까스,양식,"돼지고기등심g,미니단호박,계란,빵가루,밀가루,구운호두,식용유,미림,소금,후추,마요네즈,설탕,미트해머,찬기,트레이,조리용나이프,포크,에어프라이어",30,쉬움,"점심,저녁","맑음,비,눈,더위,추위","봄,여름,가을,겨울",7040047,https://www.10000recipe.com/recipe/7040047,양식,,,1,,
깊은 맛이 좋은 무된장찌개 만드는법,한식,"무,양파,애호박,팽이버섯,청양고추,두부,육수팩,물,된장,고춧가루,대파,조리용나이프,대접",30,보통,"점심,저녁","맑음,비,눈,더위,추위","봄,여름,가을,겨울",7040248,https://www.10000recipe.com/recipe/7040248,찌개,,,1,,
김장김치가 익었을때 김치말이전골 김치찜 돼지고기김치말이 묵은지전골,한식,"돼지고기목살,잘익은배추김치장정도,김칫국물,멸치다시마육수,마늘,후춧가루,미림,간장,고춧가루,소금,양파,대파,니트릴장갑,조리용나이프,계량컵",60,쉬움,저녁,"맑음,비,눈,더위,추위","봄,여름,가을,겨울",7040881,https://www.10000recipe.com/recipe/7040881,국/탕,,,1,,
시원하고 칼칼한 홍합탕만들기 홍합손질법,한식,"홍합,굵은소금세척용,물,청고추,홍고추,마늘,참치액젓,고무장갑,조리용나이프",30,쉬움,"점심,저녁","맑음,비,눈,더위,추위","봄,여름,가을,겨울",7040924,https://www.10000recipe.com/recipe/7040924,국/탕,,,1,,
눈사람 함박스테이크 감자샐러드로 홈파티 음식 다진 돼지고기로 간단하게,양식,"돼지고기다짐육,소고기다짐육,양파볶은다진양파,빵가루,간장,케첩,계란,소금,후추,물,양송이버섯,양파,버터,설탕,감자삶은감자,마요네즈,파마산치즈가루,체다치즈,김,당근,검은깨,뒤집개,조리용나이프,매셔",30,쉬움,"점심,저녁",맑음,가을,7041117,https://www.10000recipe.com/recipe/7041117,양식,짭짤함,가을,1,,
라면보다 쉬운 떡만두국 끓이기 떡국 레시피 떡만두국 만들기,한식,"떡국용떡,만두,사골육수,대파,마늘,간장,멸치액젓,후춧가루,김가루,조리용나이프,면기",15,쉬움,"아침,점심,야식","맑음,비,눈,더위,추위","봄,여름,가을,겨울",7041564,https://www.10000recipe.com/recipe/7041564,국/탕,,,1,,
[까르보나라 떡볶이] 냉장고털이 겸 간단한 간식 만들기,한식,"양배추,떡볶이떡,양파,소세지,베이컨,마늘,청양고추,물,후추,조리용나이프",20,쉬움,"점심,저녁","맑음,비,눈,더위,추위","봄,여름,가을,겨울",7041672,https://www.10000recipe.com/recipe/7041672,밥/죽/떡,,,1,,
[크림스피니치] 시력 개선에 직방인 시금치 스피니치,양식,"시금치,양파,마늘,생크림,그라나파다노치즈,체다슬라이스치즈,버터,소금,후추,조리용나이프,실리콘주걱,계량컵",15,쉬움,"아침,점심,야식","맑음,비,눈,더위,추위","봄,여름,가을,겨울",7041715,https://www.10000recipe.com/recipe/7041715,양식,,,1,,
소고기 된장찌개 맛있게 끓이는법 / 된장찌개재료 레시피,한식,"물,표고버섯,무,대파,양파,애호박,냉동우삼겹,코인육수,된장,간마늘,두부,니트릴장갑,조리용나이프,계량컵",20,쉬움,"점심,저녁","맑음,비,눈,더위,추위","봄,여름,가을,겨울",7042042,https://www.10000recipe.com/recipe/7042042,찌개,,,1,,
편스토랑 이정현 옛날 돈가스 /경양식 돈가스 소스 만들기 꿀팁!,양식,"돈가스용돼지고기등심,건조마늘가루,우유,밀가루컵,계란,후추,소금,빵가루,식용유,밀가루,버터,케첩,간장,딸기잼,물,양송이버섯,니트릴장갑,고기망치,조리용나이프,계량컵,거품기,쟁반,채망",60,보통,저녁,"맑음,비,눈,더위,추위","봄,여름,가을,겨울",7042064,https://www.10000recipe.com/recipe/7042064,양식,,,1,,
베이컨김치볶음밥 레시피 간단 김치볶음밥 만들기,한식,"김치,베이컨,밥,식용유,대파,설탕,간장,참기름,조리용나이프,뒤집개,밥공기",20,쉬움,"점심,저녁","맑음,비,눈,더위,추위","봄,여름,가을,겨울",7042252,https://www.10000recipe.com/recipe/7042252,밥/죽/떡,,,1,,
초간단 계란국 끓이는법 팽이버섯 계란국 레시피,한식,"계란,팽이버섯손질후,대파,마늘,참치액,동전육수,소금,후추,물,조리용나이프",15,쉬움,"아침,점심,야식","맑음,비,눈,더위,추위","봄,여름,가을,겨울",7042580,https://www.10000recipe.com/recipe/7042580,국/탕,,,1,,
소고기 미역국 기본 레시피,한식,"소고기국거리,마른미역,물,마늘,간장,액젓,참기름,소금",30,쉬움,"점심,저녁","맑음,비,눈,더위,추위","봄,여름,가을,겨울",7042625,https://www.10000recipe.com/recipe/7042625,국/탕,,,1,,
버섯계란누룽지죽,한식,"누룽지,물,팽이버섯,계란,대파,다시마멸치액젓,연두,참기름,깨,조리용나이프,면기",10,쉬움,"아침,점심,야식","맑음,비,눈,더위,추위","봄,여름,가을,겨울",7042638,https://www.10000recipe.com/recipe/7042638,밥/죽/떡,,,1,,
어묵탕 얼큰 매콤 시원하게 만드는 법!!~~,한식,"어묵,양파,무우,대파,청양고추,국물용멸치,생수,간장,마늘,후추,조리용나이프,채망",20,쉬움,"점심,저녁","맑음,비,눈,더위,추위","봄,여름,가을,겨울",7042949,https://www.10000recipe.com/recipe/7042949,국/탕,,,1,,
떡국떡탕수육,한식,"떡국떡,빨강파프리카,노랑파프리카,브로콜리,당근,전분가루,물,간장,설탕,식초,조리용나이프",10,쉬움,"아침,점심,야식","맑음,비,눈,더위,추위","봄,여름,가을,겨울",7043288,https://www.10000recipe.com/recipe/7043288,밥/죽/떡,,,1,,
최화정 시금치 키쉬/단백질 폭탄 레시피,양식,"또띠아,계란,소금,다진파프리카,리코타치즈,시금치,모짜렐라치즈,조리용나이프,에어프라이어",30,쉬움,"점심,저녁","맑음,비,눈,더위,추위","봄,여름,가을,겨울",7043480,https://www.10000recipe.com/recipe/7043480,양식,,,1,,
초간단 케일쌈밥,한식,"케일,밥,참기름,소금,매운쌈장,깨",10,쉬움,"아침,점심,야식","맑음,비,눈,더위,추위","봄,여름,가을,겨울",7043964,https://www.10000recipe.com/recipe/7043964,밥/죽/떡,,,1,,
얼큰한 소고기 무국 끓이기 대파 소고기국 만드는법,한식,"소고기국거리,대파,작은무,청양고추,마늘,참기름,고춧가루,간장,소금,참치액젓,조리용나이프",30,쉬움,"점심,저녁","맑음,비,눈,더위,추위","봄,여름,가을,겨울",7044378,https://www.10000recipe.com/recipe/7044378,국/탕,,,1,,
라면보다 쉽다 중화비빔당면 레시피,한식,"당면,식용유,굵은고춧가루,설탕,치킨스톡,마늘,다진대파,참기름,식초,위생장갑",60,쉬움,저녁,"맑음,비,눈,더위,추위","봄,여름,가을,겨울",7044411,https://www.10000recipe.com/recipe/7044411,면/만두,,,1,,
짜장밥,중식,"돼지고기,당근,감자,양파,버섯,마늘,올리브유,조리용나이프",15,쉬움,"아침,점심,야식","맑음,비,눈,더위,추위","봄,여름,가을,겨울",7044588,https://www.10000recipe.com/recipe/7044588,국/탕,,,1,,
스타우브 베이비웍 오뎅국,한식,"오뎅,무,양파,간장,마늘,후추,두부,대파,다시마,멸치,물,조리용나이프",15,쉬움,"아침,점심,야식","맑음,비,눈,더위,추위","봄,여름,가을,겨울",7044682,https://www.10000recipe.com/recipe/7044682,국/탕,,,1,,
국물맛이 살아있는 어묵김치찌개 만들기,한식,"김치,포기,어묵,물,식용유,고춧가루,마늘,참치액,대파,조리용나이프,조리주걱",30,보통,"점심,저녁","맑음,비,눈,더위,추위","봄,여름,가을,겨울",7044903,https://www.10000recipe.com/recipe/7044903,찌개,,,1,,
이거 하나면 해장 끝! 부드러운 해장계란국수 레시피,한식,"대파,소면,계란,고추장,된장,마늘,소고기다시다,물,조리용나이프,포크",10,쉬움,"아침,점심,야식","맑음,비,눈,더위,추위","봄,여름,가을,겨울",7045344,https://www.10000recipe.com/recipe/7045344,면/만두,,,1,,
이모카세 두부찌개/정희원의 저속노화 레시피,한식,"두부g,대파,물,코인육수,참기름,고추장,간장,연두순,마늘,고춧가루,조리용나이프",15,쉬움,"아침,점심,야식","맑음,비,눈,더위,추위","봄,여름,가을,겨울",7045815,https://www.10000recipe.com/recipe/7045815,찌개,,,1,,
갈치조림 만들기 만능 생선 조림 양념 레시피,한식,"물,갈치마리토막정도,무,대파,청양고추,양파,간장,고춧가루,고추장,설탕,물엿,맛술,마늘,다진생강,조리용나이프,트레이",60,보통,저녁,"맑음,비,눈,더위,추위","봄,여름,가을,겨울",7046096,https://www.10000recipe.com/recipe/7046096,찌개,,,1,,
돼지갈비 레시피/ 양념 돼지갈비구이,한식,"돼지목살,간장,설탕,마늘,맛술,배음료,양파,조리용나이프,계량컵,스텐트레이,조리용집게",30,쉬움,"점심,저녁","맑음,비,눈,더위,추위","봄,여름,가을,겨울",7046333,https://www.10000recipe.com/recipe/7046333,메인반찬,,,1,,
"추운날 해장으로 딱 좋은! 담백하고 진한 ""떡만두국"" 레시피 알려드릴게요!",한식,"사골곰탕더미식인분팩기준,만두먹고싶은만큼,떡국떡,마늘,치킨스톡",15,쉬움,"아침,점심,야식","맑음,비,눈,더위,추위","봄,여름,가을,겨울",7046514,https://www.10000recipe.com/recipe/7046514,국/탕,,,1,,
<다이어트 건강식>초간단 밀가루 없는 알배추전,한식,"알배추,포기,청양고추,계란,식용유,간장,레몬즙,참기름,소금,참깨,조리용나이프,뒤집개",10,쉬움,"아침,점심,야식","맑음,비,눈,더위,추위","봄,여름,가을,겨울",7046523,https://www.10000recipe.com/recipe/7046523,메인반찬,,,1,,
<다이어트 건강식>초간단 닭가슴살 토마토 스튜,양식,"닭가슴살,토마토,브로콜리,통마늘,소금,올리브유,마늘,조리용나이프,조리주걱",15,쉬움,"아침,점심,야식","맑음,비,눈,더위,추위","봄,여름,가을,겨울",7046634,https://www.10000recipe.com/recipe/7046634,양식,,,1,,
당면 더한 얼큰계란탕 매콤 계란국 끓이기,한식,"당면,대파,마늘,물,계란,청양고추,후추,고춧가루,간장,참치액젓,밧드,조리용나이프",15,쉬움,"아침,점심,야식","맑음,비,눈,더위,추위","봄,여름,가을,겨울",7047265,https://www.10000recipe.com/recipe/7047265,국/탕,,,1,,
"채소의 풍미를 입안 가득 느낄 수 있는 ""건미역 배추전골""을 만들어 봤어요!",한식,"알배추인분에맞춰서,청경채인분에맞춰서,버섯인분에맞춰서,연두또는미림,건미역인분에맞춰서,물인분에맞춰서,코인육수인분에맞춰서,조리용나이프",20,쉬움,"점심,저녁","맑음,비,눈,더위,추위","봄,여름,가을,겨울",7047379,https://www.10000recipe.com/recipe/7047379,국/탕,,,1,,
"식탁에서 빠지면 아쉬운 국물요리, 우거지생선찌개",한식,"생선,쌀뜨물,동전육수,우거지,대파,청양초,홍초,마늘,고춧가루,멸치액젓,후추,조리용나이프",3,쉬움,"아침,점심,야식","맑음,비,눈,더위,추위","봄,여름,가을,겨울",7047819,https://www.10000recipe.com/recipe/7047819,찌개,,,1,,
밥없이 먹어도 든든한 들깨달걀미역국 끓이기,한식,"불린미역,계란,참기름,마늘,물Lml,간장,참치액,맛소금,들깨가루",90,쉬움,저녁,"맑음,비,눈,더위,추위","봄,여름,가을,겨울",7047892,https://www.10000recipe.com/recipe/7047892,국/탕,,,1,,
브로콜리 크림 파스타 요리 우유로 만드는 국물 스파게티,양식,"스파게티면,브로콜리,새우,양파,파,새송이버섯,마늘,올리브오일,우유,소금,후추,조리용나이프",30,쉬움,"점심,저녁","맑음,비,눈,더위,추위","봄,여름,가을,겨울",7047898,https://www.10000recipe.com/recipe/7047898,양식,,,1,,
<다이어트 건강식>초간단 야채 비빔밥,한식,"콩나물,애호박,당근,잡곡밥,공기,참기름,소금,계란,조리용나이프,찜기,밥주걱",15,쉬움,"아침,점심,야식","맑음,비,눈,더위,추위","봄,여름,가을,겨울",7047927,https://www.10000recipe.com/recipe/7047927,밥/죽/떡,,,1,,
[푸실리파스타] 브런치로 추천하는 크림파스타,양식,"푸실리,알배기배춧잎,베이컨,생크림,우유,대파,마늘,소금,후추,그라나파다노선택,조리주걱,조리용나이프",20,쉬움,"점심,저녁","맑음,비,눈,더위,추위","봄,여름,가을,겨울",7047964,https://www.10000recipe.com/recipe/7047964,면/만두,,,1,,
향긋한 냉이 된장찌개 만들기 /냉이된장국 레시피,한식,"손질된냉이,두부,애호박,양파,느타리버섯,대파,멸치육수,된장,마늘,고춧가루,조리용나이프",20,쉬움,"점심,저녁","맑음,비,눈,더위,추위","봄,여름,가을,겨울",7048141,https://www.10000recipe.com/recipe/7048141,찌개,,,1,,
술한잔 생각나는 무고추전 만들기,한식,"무,청양고추,부침가루,물,맛소금,식용유,조리용나이프,계량컵,뒤집개",20,쉬움,"점심,저녁","맑음,비,눈,더위,추위","봄,여름,가을,겨울",7048152,https://www.10000recipe.com/recipe/7048152,메인반찬,,,1,,
참치 청국장,한식,"청국장다담,고추장,육수,익은김치,참치캔,두부,대파,액젓,마늘,뚝배기,조리용나이프",30,쉬움,"점심,저녁","맑음,비,눈,더위,추위","봄,여름,가을,겨울",7049191,https://www.10000recipe.com/recipe/7049191,찌개,,,1,,
감칠맛 나는 맛조개 술찜,양식,"맛조개,마늘,올리브유,버터,소주혹은청주,베트남건고추,후추,파슬리,조리용나이프",15,쉬움,"아침,점심,야식","맑음,비,눈,더위,추위","봄,여름,가을,겨울",7049464,https://www.10000recipe.com/recipe/7049464,양식,,,1,,
초간단 참치 미역국,한식,"미역,물,참치,양파,두부,어간장,액젓,마늘,코인육수,조리용나이프",15,쉬움,"아침,점심,야식","맑음,비,눈,더위,추위","봄,여름,가을,겨울",7050356,https://www.10000recipe.com/recipe/7050356,국/탕,,,1,,
시금치된장국,한식,"시금치,된장,고추장,조미료,대파,마늘,조리주걱",30,쉬움,"점심,저녁","맑음,비,눈,더위,추위","봄,여름,가을,겨울",7050733,https://www.10000recipe.com/recipe/7050733,국/탕,,,1,,
밑반찬으로 너무 좋은 계란말이,한식,"계란,소금,대파,뒤집개,조리용나이프,김밥말이",30,쉬움,"점심,저녁","맑음,비,눈,더위,추위","봄,여름,가을,겨울",7050937,https://www.10000recipe.com/recipe/7050937,,,,1,,
마늘 버터 파스타 만들기 / 갈릭 칩을 올린 스파게티 레시피,양식,"스파게티면,올리브오일,무염버터,페페론치노,마늘,파슬리,소금,조리용나이프,키친타올",30,보통,"점심,저녁","맑음,비,눈,더위,추위","봄,여름,가을,겨울",7050998,https://www.10000recipe.com/recipe/7050998,양식,,,1,,
저염도 저당으로 혈당 걱정없는 쑥 부꾸미 레시피,한식,"팥,쑥,소금,설탕,찹쌀가루,니트릴장갑,채망,계량컵,조리주걱,조리용나이프,뒤집개",60,쉬움,저녁,"맑음,비,눈,더위,추위","봄,여름,가을,겨울",7051225,https://www.10000recipe.com/recipe/7051225,밥/죽/떡,,,1,,
49.100% 야채 토마토수프(ft.내 영혼의 토마토수프)(2025.4.29),한식,"토마토,마늘,대파,양파,당근,다시마,생바질깻잎,소금,후추,올리브오일,모짜렐라치즈생략가능,파슬리가루,조리용나이프,계량컵",60,쉬움,저녁,"맑음,비,눈,더위,추위","봄,여름,가을,겨울",7051457,https://www.10000recipe.com/recipe/7051457,국/탕,,,1,,
들깨깻잎 팽이버섯 볶음,한식,"팽이버섯,깻잎,간장,물,마요네즈,들깨가루,들깻가루,조리용나이프",15,쉬움,"아침,점심,야식","맑음,비,눈,더위,추위","봄,여름,가을,겨울",7051581,https://www.10000recipe.com/recipe/7051581,,,,1,,
한그릇요리 푸짐한 카레 라이스,한식,"소고기,감자,새송이버섯,애호박,양파,토마토,슬라이스치즈선택,대파,미향,카레가루,조리용나이프",30,쉬움,"점심,저녁","맑음,비,눈,더위,추위","봄,여름,가을,겨울",7051606,https://www.10000recipe.com/recipe/7051606,밥/죽/떡,,,1,,
쉽고 맛있는 스테이크 가니쉬 만들기 / 전자레인지 매시드포테이토,양식,"감자,우유약ml,버터,소금,후추,조리용나이프,포크",15,쉬움,"아침,점심,야식","맑음,비,눈,더위,추위","봄,여름,가을,겨울",7052176,https://www.10000recipe.com/recipe/7052176,양식,,,1,,
레드벨벳 슬기님의 컴백 전 관리비결!,한식,"두부,팽이버섯,봉지,간장,알룰로스,마늘,물,조리용나이프",10,쉬움,"아침,점심,야식","맑음,비,눈,더위,추위","봄,여름,가을,겨울",7052506,https://www.10000recipe.com/recipe/7052506,메인반찬,짭짤함,미분류,1,,
"(유아국,어린이국)순두부 들깨가루 무채국!",한식,"제주무,순두부작은,대파,들기름이나참기름,마늘,들깨가루,참치액,소금무채절일때,소금입맛대로,조리용나이프,뚝배기",30,쉬움,"점심,저녁","맑음,비,눈,더위,추위","봄,여름,가을,겨울",7052509,https://www.10000recipe.com/recipe/7052509,국/탕,짭짤함,미분류,1,,
아이가 언제나 좋아하는 새우볶음밥,한식,"칵테일새우,계란,대파,당근,식용유가놀라유,소금,참기름,조리용나이프",20,쉬움,"점심,저녁","맑음,비,눈,더위,추위","봄,여름,가을,겨울",7052673,https://www.10000recipe.com/recipe/7052673,밥/죽/떡,,,1,,
"지코바 만들기, 매콤 양념치킨레시피 치킨은 이제 집코바",양식,"닭다리정육,떡볶이떡or떡국용떡,고추장,고춧가루,간장,설탕,물엿,케찹,마늘,통깨,키친타올,조리주걱",30,쉬움,"점심,저녁","맑음,비,눈,더위,추위","봄,여름,가을,겨울",7052776,https://www.10000recipe.com/recipe/7052776,양식,,,1,,
초간단 계란국 끓이는 법 / 두부 파계란국 레시피,한식,"계란,대파,양파,두부,물,코인육수,참치액,굵은소금,후추,조리용나이프,계량컵",15,쉬움,"아침,점심,야식","맑음,비,눈,더위,추위","봄,여름,가을,겨울",7053287,https://www.10000recipe.com/recipe/7053287,국/탕,,,1,,
편스토랑 이정현'고구마파이',한식,"토르티야지름cm,삶은고구마g,모차렐라치즈,우유ml,계란,종이호일,에어프라이어",10,쉬움,"아침,점심,야식","맑음,비,눈,더위,추위","봄,여름,가을,겨울",7053625,https://www.10000recipe.com/recipe/7053625,,,,1,,
얼큰한 오징어콩나물무국 / 콩나물국끓이기 / 해장국추천,한식,"멸치육수,오징어,무,콩나물,대파,고추,고춧가루,마늘,간장,참치액,다시망,조리용나이프",20,쉬움,"점심,저녁","맑음,비,눈,더위,추위","봄,여름,가을,겨울",7053899,https://www.10000recipe.com/recipe/7053899,국/탕,,,1,,
김밥 와... 왜 이제야 해봤을까요? 불없이 만드는 깻잎 야채듬뿍 김밥의 정체,한식,"오이,단무지,크래미,파프리카,당근,깻잎,밥,조리용나이프",10,쉬움,"아침,점심,야식","맑음,비,눈,더위,추위","봄,여름,가을,겨울",7054047,https://www.10000recipe.com/recipe/7054047,밥/죽/떡,,,1,,
휘리릭 간단한 김밥 도시락 / 어묵땡초김밥 만들기,한식,"밥,어묵,청양고추,당근,김밥김,마늘,간장,맛술,올리고당,참기름,깨,후추,다지기,조리주걱,조리용나이프",15,쉬움,"아침,점심,야식","맑음,비,눈,더위,추위","봄,여름,가을,겨울",7054716,https://www.10000recipe.com/recipe/7054716,밥/죽/떡,,,1,,
꼬소한 버터마늘가지볶음밥!,한식,"편마늘,가지,버터조각,마늘,간장,치킨스톡,후추,크러쉬드레드페퍼선택,조리용나이프",15,쉬움,"아침,점심,야식","맑음,비,눈,더위,추위","봄,여름,가을,겨울",7054845,https://www.10000recipe.com/recipe/7054845,밥/죽/떡,,,1,,
80.매생이굴떡국(ft.바다향연)(2025.6.18),한식,"떡국떡,매생이,냉동굴,다시마,생수,참치액,대파흰부분,간장,코인육수,계량컵",60,쉬움,저녁,"맑음,비,눈,더위,추위","봄,여름,가을,겨울",7055540,https://www.10000recipe.com/recipe/7055540,국/탕,,,1,,
81.돼지등심 가지덮밥(ft.소화잘되는)(2025.6.19),한식,"가지g,천일염,물엿,돼지등심,미림,양파,대파,청양고추,홍고추,고춧가루,간장,두반장,마늘,통깨,참기름,조리용나이프",60,쉬움,저녁,"맑음,비,눈,더위,추위","봄,여름,가을,겨울",7055631,https://www.10000recipe.com/recipe/7055631,메인반찬,,,1,,
초고속 충전 한끼 메뉴 새콤달콤매콤 후루룩짭짭 비빔국수 황금레시피(2:2:2:2의 비법),한식,"국수소면,상추,오이,당근,단무지,고추장,간장,참기름,식초,설탕,고춧가루,마늘,깨소금,조리용나이프,면기",30,쉬움,"점심,저녁","맑음,비,눈,더위,추위","봄,여름,가을,겨울",7055706,https://www.10000recipe.com/recipe/7055706,면/만두,,,1,,
크레미 계란 누룽지죽,한식,"누룽지칩,대파녹색부분,당근,표고버섯,크레미,물,치킨스톡,계란,참기름,깨,조리용나이프",10,쉬움,"아침,점심,야식","맑음,비,눈,더위,추위","봄,여름,가을,겨울",7055938,https://www.10000recipe.com/recipe/7055938,밥/죽/떡,,,1,,
83.바나나오트밀파이 (ft.4구에그팬•10대슈퍼푸드) (2025.6.23),한식,"바나나,오트밀,시나몬가루,베이킹파우더,식용유,다지기,뒤집개",20,쉬움,"점심,저녁","맑음,비,눈,더위,추위","봄,여름,가을,겨울",7056011,https://www.10000recipe.com/recipe/7056011,,,,1,,
우삼겹 김치찌개 레시피 묵은지 김치찌개재료,한식,"묵은지김치,포기,우삼겹,양파,대파,간장,마늘,물,조리용나이프",60,쉬움,저녁,"맑음,비,눈,더위,추위","봄,여름,가을,겨울",7056075,https://www.10000recipe.com/recipe/7056075,찌개,,,1,,
참외오이비빔국수 레시피 / 여름 제철 과일로 만든 참외비빔국수,한식,"오이,참외,소금,식초,매실청,고추장,고춧가루,마늘,설탕,간장,참기름,조리용나이프,채망",30,쉬움,"점심,저녁","맑음,비,눈,더위,추위","봄,여름,가을,겨울",7056190,https://www.10000recipe.com/recipe/7056190,면/만두,,,1,,
85.버섯들깨탕(ft.실패없는 건강식) (2025.6.25),한식,"팽이버섯,냉동양송이,양파,감자,홍고추,대파,들깨가루,무,연두부,생수,마늘,간장,참치액,조각다시마,조리용나이프,조리주걱,웍",60,쉬움,저녁,"맑음,비,눈,더위,추위","봄,여름,가을,겨울",7056249,https://www.10000recipe.com/recipe/7056249,국/탕,,,1,,
재료 한번에 다~ 넣고 바글바글 맛있는 “애호박명란짜글이”,한식,"애호박,명란,마늘,고춧가루,간장,참치액,알룰로스,물,조리용나이프",20,쉬움,"점심,저녁","맑음,비,눈,더위,추위","봄,여름,가을,겨울",7056259,https://www.10000recipe.com/recipe/7056259,찌개,짭짤함,미분류,1,,
친정식구 마음으로 끓인 전복죽,한식,"전복,찹쌀,계란,참기름,소금간,면기",60,어려움,저녁,"맑음,비,눈,더위,추위","봄,여름,가을,겨울",7056325,https://www.10000recipe.com/recipe/7056325,밥/죽/떡,,,1,,
86.떡만둣국(ft.다시마 우린 물) (2025.6.26),한식,"떡국떡,물만두,조각다시마,팽이버섯,생수,코인육수,참치액,간장,소금,조리용나이프",30,쉬움,"점심,저녁","맑음,비,눈,더위,추위","봄,여름,가을,겨울",7056329,https://www.10000recipe.com/recipe/7056329,국/탕,,,1,,
언니네 산지직송 염정아 애호박 간장국수,한식,"소면인분,애호박,소금,대파,청양고추,마늘,간장,설탕,레몬즙,참기름,통깨,김가루,니트릴장갑,조리용나이프",30,쉬움,"점심,저녁","맑음,비,눈,더위,추위","봄,여름,가을,겨울",7056654,https://www.10000recipe.com/recipe/7056654,면/만두,,,1,,
이것 하나로 달라지는 '새우감바스' 꿀팁,양식,"냉동새우,올리브오일,물,통마늘작으면더넣어주세요,레드페퍼,코인육수,소금,후추,조리용나이프",30,쉬움,"점심,저녁","맑음,비,눈,더위,추위","봄,여름,가을,겨울",7056898,https://www.10000recipe.com/recipe/7056898,양식,,,1,,
91.냉冷메밀국수(ft.여름날 인기국수)(2025.7.3),한식,"메밀국수,대파,무,계란,조각다시마,다시마물,메밀소바장국,조미김,강판,채망,조리용나이프,면기",30,쉬움,"점심,저녁","맑음,비,눈,더위,추위","봄,여름,가을,겨울",7056962,https://www.10000recipe.com/recipe/7056962,면/만두,,,1,,
92.여름감자전(ft.제철음식)(2025.7.4),한식,"감자,미니비엔나,부침가루,당근,대파,소금,생수,조리용나이프,뒤집개",30,쉬움,"점심,저녁","맑음,비,눈,더위,추위","봄,여름,가을,겨울",7057093,https://www.10000recipe.com/recipe/7057093,메인반찬,,,1,,
여름단골메뉴 동치미육수 비빔면,한식,"오이,깻잎,무쌈,삶은달걀,면,육수동치미,깨,조리용나이프,면기",10,쉬움,"아침,점심,야식","맑음,비,눈,더위,추위","봄,여름,가을,겨울",7057160,https://www.10000recipe.com/recipe/7057160,면/만두,,,1,,
차예련도 반한 이연복 순두부찌개 레시피 / 라면스프 하나로 5분완성,한식,"라면스프,순두부,계란,대파,물,참치액젓,마늘,고춧가루,계량컵,조리용나이프",5,쉬움,"아침,점심,야식","맑음,비,눈,더위,추위","봄,여름,가을,겨울",7057246,https://www.10000recipe.com/recipe/7057246,찌개,,,1,,
바질페스토 스팸 볶음밥,양식,"양송이버섯,양파,마늘,바질페스토,스팸,밥,버터,계란,조리용나이프,조리주걱",20,쉬움,"점심,저녁","맑음,비,눈,더위,추위","봄,여름,가을,겨울",7057653,https://www.10000recipe.com/recipe/7057653,양식,,,1,,
참치캔 두부요리 참치두부짜글이 레시피 참치두부조림,한식,"두부,참치캔,양파,대파,청양고추,통깨,고춧가루,올리고당,간장,멸치액젓,고추장,마늘,후추,분말육수생략가능,물,계량컵,조리용나이프",20,쉬움,"점심,저녁","맑음,비,눈,더위,추위","봄,여름,가을,겨울",7057827,https://www.10000recipe.com/recipe/7057827,찌개,,,1,,
콩나물냉라면,한식,"팔도비빔면,콩나물,물,식초,설탕,얼음,계량컵,조리용나이프,면기",15,쉬움,"아침,점심,야식","맑음,비,눈,더위,추위","봄,여름,가을,겨울",7057859,https://www.10000recipe.com/recipe/7057859,면/만두,,,1,,
100.고구마 브로콜리 카레라이스 (ft.다이어트 집밥) (2025.7.16),한식,"고구마,양파,당근,애호박,브로콜리,참치캔,고형커리,조리용나이프,웍",60,쉬움,저녁,"맑음,비,눈,더위,추위","봄,여름,가을,겨울",7058020,https://www.10000recipe.com/recipe/7058020,밥/죽/떡,,,1,,
"어묵 계란국, 계란 어묵국 레시피 계란 어묵탕",한식,"어묵,양파,대파,계란,코인육수,쯔유,참치액젓,마늘,후추,조리용나이프,면기",20,쉬움,"점심,저녁","맑음,비,눈,더위,추위","봄,여름,가을,겨울",7058147,https://www.10000recipe.com/recipe/7058147,국/탕,,,1,,
뜨끈하고 얼큰한 김치어묵국,한식,"대파국물용,다진김치,어묵,물,새우젓,마늘,고춧가루,홍게간장,식초,참치액,대파어슷썬,조리용나이프",20,쉬움,"점심,저녁","맑음,비,눈,더위,추위","봄,여름,가을,겨울",7058215,https://www.10000recipe.com/recipe/7058215,국/탕,,,1,,
돼지고기다짐육 볶음밥 만들기 / 다짐육 주먹밥 다짐육요리,한식,"돼지고기다짐육,식용유,밥,김가루,참기름,깨,간장,설탕,미림,마늘,후추,대파,조리용나이프,키친타올",60,쉬움,저녁,"맑음,비,눈,더위,추위","봄,여름,가을,겨울",7058415,https://www.10000recipe.com/recipe/7058415,밥/죽/떡,,,1,,
105.초간단콩국수만들기(ft.두부로) (2025.7.23),한식,"두부,볶은깨,볶은땅콩,볶은캐슈넛,땅콩버터,꽃소금,계란,미니오이,복숭아,조리용나이프,면기",30,쉬움,"점심,저녁","맑음,비,눈,더위,추위","봄,여름,가을,겨울",7058600,https://www.10000recipe.com/recipe/7058600,면/만두,,,1,,
리코타치즈 파스타 요리 레시피 / 다이어트 토마토 홈브런치,양식,"파스타,올리브오일,마늘,토마토,리코타치즈크게,참치액치킨스톡,소금,후추,파슬리,조리용나이프,전기포트",30,쉬움,"점심,저녁","맑음,비,눈,더위,추위","봄,여름,가을,겨울",7058966,https://www.10000recipe.com/recipe/7058966,양식,,,1,,
111.감자튀김(ft.적은기름) (2025.7.31),한식,"감자,식용유,파슬리가루,소금,후추,조리용나이프",30,쉬움,"점심,저녁","맑음,비,눈,더위,추위","봄,여름,가을,겨울",7059232,https://www.10000recipe.com/recipe/7059232,메인반찬,,,1,,
112.유부야채롤(ft.불없는요리)(2025.8.1),한식,"파프리카노랑,아보카도,미니오이,깻잎,단무지,밥,공기,롤유부,조리용나이프",60,쉬움,저녁,"맑음,비,눈,더위,추위","봄,여름,가을,겨울",7059367,https://www.10000recipe.com/recipe/7059367,밥/죽/떡,,,1,,
야들야들! 부드러운 닭볶음탕 레시피,한식,"닭볶음탕용닭,감자,양파,청양고추,대파,간장,소주,고춧가루,설탕,맛술,고추장,카레가루,후추,계량컵,조리용나이프",60,쉬움,저녁,"맑음,비,눈,더위,추위","봄,여름,가을,겨울",7059386,https://www.10000recipe.com/recipe/7059386,국/탕,,,1,,
오이 계란 샌드위치,양식,"오이,소금,계란,식빵,마요네즈,홀그레인머스터드,조리주걱,조리용나이프",10,쉬움,"아침,점심,야식","맑음,비,눈,더위,추위","봄,여름,가을,겨울",7059777,https://www.10000recipe.com/recipe/7059777,양식,,,1,,
117.탕수糖水가지(ft.새콤산뜻) (2025.8.8),한식,"가지,소금,감자전분,식용유,간장,참치액젓,식초,물엿,설탕,간마늘,후추,고춧가루,방망이",60,쉬움,저녁,"맑음,비,눈,더위,추위","봄,여름,가을,겨울",7059856,https://www.10000recipe.com/recipe/7059856,메인반찬,,,1,,
손으로 밀고 썰어 만든 정성 가득 손칼국수,한식,"밀가루인분기준,꽃소금,따뜻한물,참기름,동전육수인분,물,고추씨,애호박,양파,당근,대파,참치액젓,고춧가루인분,간장,통깨",60,보통,저녁,"맑음,비,눈,더위,추위","봄,여름,가을,겨울",7059998,https://www.10000recipe.com/recipe/7059998,면/만두,,,1,,
두리문 호박 국수 만드는 법 제철 야채로 국수 만들기,한식,"면,호박,꽃소금,신김치,멸치다시마육수,통깨,올리브유,조리용나이프,볶음주걱",10,쉬움,"아침,점심,야식","맑음,비,눈,더위,추위","봄,여름,가을,겨울",7060059,https://www.10000recipe.com/recipe/7060059,면/만두,,,1,,
굴소스로 감칠맛 살린 초간단 어묵볶음밥~,한식,"어묵,공깃밥,공기,당근,대파,양파,식용유,간장,참기름,소금,후추,조리용나이프,조리주걱",10,쉬움,"아침,점심,야식","맑음,비,눈,더위,추위","봄,여름,가을,겨울",7060163,https://www.10000recipe.com/recipe/7060163,밥/죽/떡,,,1,,
장흥한우 표고 들기름 라구파스타,양식,"한우,표고버섯,양파,마늘쫑,들기름,청주,치킨스톡,물,크림,들깨가루,삶은파스타면,썬쪽파,치즈가루",30,쉬움,"점심,저녁","맑음,비,눈,더위,추위","봄,여름,가을,겨울",7060168,https://www.10000recipe.com/recipe/7060168,면/만두,,,1,,
고소한 맛이 일품! 비지찌개 레시피,한식,"돼지고기,콩비지,양파,대파,신김치,고춧가루,간장,다시다,액젓,조리용나이프,조리주걱",30,쉬움,"점심,저녁","맑음,비,눈,더위,추위","봄,여름,가을,겨울",7060300,https://www.10000recipe.com/recipe/7060300,찌개,,,1,,
간장된장제육볶음 만들기/제육볶음 양념,한식,"돼지고기앞다리살,대파,간장,된장,올리고당,참기름,후춧가루,통깨,조리집게",30,쉬움,"점심,저녁","맑음,비,눈,더위,추위","봄,여름,가을,겨울",7060676,https://www.10000recipe.com/recipe/7060676,메인반찬,,,1,,
124.비빔국수(2025.8.20),한식,"소면,오이,고추장,가는고춧가루,설탕,식초,매실청,미림,마늘,통깨,물,사이다,배즙,땅콩버터,채망,위생장갑",30,쉬움,"점심,저녁","맑음,비,눈,더위,추위","봄,여름,가을,겨울",7060731,https://www.10000recipe.com/recipe/7060731,면/만두,,,1,,
133.토마토반달오믈렛(ft.평생레시피) (2025.9.2)),한식,"토마토,대파,계란,소금후추,간마늘,모짜렐라치즈,식용유",30,쉬움,"점심,저녁","맑음,비,눈,더위,추위","봄,여름,가을,겨울",7061712,https://www.10000recipe.com/recipe/7061712,,,,1,,
136.달걀누룽지탕(2025.9.5),한식,"누룽지,생수,계란,대파,소금,맛술,참치액,참기름",30,쉬움,"점심,저녁","맑음,비,눈,더위,추위","봄,여름,가을,겨울",7061926,https://www.10000recipe.com/recipe/7061926,밥/죽/떡,,,1,,
139.무화과 샐러드(ft.8월말~9월초) (2025.9.10),한식,"무화과,새싹채소,플레인요거트,하루견과,그래놀라,꿀",20,쉬움,"점심,저녁","맑음,비,눈,더위,추위","봄,여름,가을,겨울",7062284,https://www.10000recipe.com/recipe/7062284,,,,1,,
140.무화과 샌드위치(ft.8월말~9월초) (2025.9.11),양식,"식빵,딸기잼,키위잼,무화과",30,쉬움,"점심,저녁","맑음,비,눈,더위,추위","봄,여름,가을,겨울",7062358,https://www.10000recipe.com/recipe/7062358,양식,,,1,,
144.청경채표고두부볶음(ft.두반장)(2025.9.17),한식,"청경채,표고버섯,두부,마늘,두반장,식용유,소금,전분,생수,참기름",30,쉬움,"점심,저녁","맑음,비,눈,더위,추위","봄,여름,가을,겨울",7062760,https://www.10000recipe.com/recipe/7062760,메인반찬,,,1,,
145.우무묵콩국수(ft.다이어트) (2025.9.18),한식,"우무묵채,콩국수,방울토마토,소금,오이",20,쉬움,"점심,저녁","맑음,비,눈,더위,추위","봄,여름,가을,겨울",7062829,https://www.10000recipe.com/recipe/7062829,면/만두,,,1,,
초간단인데 맛 보장 한그릇요리 [항정살덮밥],한식,"항정살,양파,다진청양고추,간장,알룰로스,맛술,마늘,물",15,쉬움,"아침,점심,야식","맑음,비,눈,더위,추위","봄,여름,가을,겨울",7062856,https://www.10000recipe.com/recipe/7062856,메인반찬,,,1,,
147.도토리 묵사발(ft.청정원 동치미육수) (2025.9.22),한식,"도토리묵,묵은지,볶은김자반,오이,통깨,설탕,참기름",30,쉬움,"점심,저녁","맑음,비,눈,더위,추위","봄,여름,가을,겨울",7063060,https://www.10000recipe.com/recipe/7063060,국/탕,,,1,,
150.가지덮밥•1(ft.장어구이인 줄) (2025.9.25),한식,"가지,전분가루,간장,미림,원당,간생강,물엿,생수",60,쉬움,저녁,"맑음,비,눈,더위,추위","봄,여름,가을,겨울",7063279,https://www.10000recipe.com/recipe/7063279,메인반찬,,,1,,
제육볶음 만드는법~ 편스토랑 김강우 재우지않는 제육볶음,한식,"한돈앞다리살,소금,후추,전분,고추장,간장,설탕,알마늘,대파,통깨,참기름",15,쉬움,"아침,점심,야식","맑음,비,눈,더위,추위","봄,여름,가을,겨울",7063717,https://www.10000recipe.com/recipe/7063717,메인반찬,,,1,,
명절 참치세트 받으셨나요? 메인재료 3가지로 너무 맛있는 김밥레시피,한식,"오이고추,참치캔g,김,간장,참기름,알룰로스,마늘,맛술,들깨가루,통깨,밥,소금",15,쉬움,"아침,점심,야식","맑음,비,눈,더위,추위","봄,여름,가을,겨울",7063768,https://www.10000recipe.com/recipe/7063768,밥/죽/떡,,,1,,
대파 듬뿍 넣은 한우사골곰탕 만두국,한식,"고기만두,한우사골곰탕,대파,후추",10,쉬움,"아침,점심,야식","맑음,비,눈,더위,추위","봄,여름,가을,겨울",7063887,https://www.10000recipe.com/recipe/7063887,면/만두,,,1,,
급진급빠 다이어트 순두부장 만들기 양념 속편한 순두부요리 레시피,한식,"순두부,양파,대파,간장,맛술,설탕,물,참기름,통깨",10,쉬움,"아침,점심,야식","맑음,비,눈,더위,추위","봄,여름,가을,겨울",7064116,https://www.10000recipe.com/recipe/7064116,메인반찬,,,1,,
156.꽈리고추부침(ft.입맛없으신 분)(2025.10.10),한식,"꽈리고추,튀김가루,생수,식용유,간장,식초,통깨",30,쉬움,"점심,저녁","맑음,비,눈,더위,추위","봄,여름,가을,겨울",7064185,https://www.10000recipe.com/recipe/7064185,메인반찬,,,1,,
우삼겹갈비탕,한식,"우삼겹,물,마늘,당면,대파,참치액,소금,후추",20,쉬움,"점심,저녁","맑음,비,눈,더위,추위","봄,여름,가을,겨울",7064578,https://www.10000recipe.com/recipe/7064578,국/탕,,,1,,
애호박간장국수 애호박으로 만드는 인생 간장국수 레시피 애호박요리,한식,"애호박,청양고추,소면,달걀노른자,소금,마늘,범일진간장,설탕,고춧가루,참기름,통깨",20,쉬움,"점심,저녁","맑음,비,눈,더위,추위","봄,여름,가을,겨울",7064586,https://www.10000recipe.com/recipe/7064586,면/만두,,,1,,
162.전복느타리버섯조림 (2025.10.20),한식,"전복,느타리버섯,청양고추,홍고추,대파,참기름,통깨,통마늘,식용유,생수,간장,매실액,미림,식초,참치액,올리고당",60,쉬움,저녁,"맑음,비,눈,더위,추위","봄,여름,가을,겨울",7064755,https://www.10000recipe.com/recipe/7064755,메인반찬,,,1,,
165.황태순두부누룽지탕(ft.초간단레시피) (2025.10.23),한식,"황태채,순두부,누룽지,생수,대파,간마늘,참기름,참치액",30,쉬움,"점심,저녁","맑음,비,눈,더위,추위","봄,여름,가을,겨울",7064944,https://www.10000recipe.com/recipe/7064944,국/탕,,,1,,
166.홍고추전(ft.맵지 않을까?) (2025.10.24),한식,"홍고추,돼지다짐육,계란,대파,간마늘,소금,후추,밀가루,식용유",60,쉬움,저녁,"맑음,비,눈,더위,추위","봄,여름,가을,겨울",7065016,https://www.10000recipe.com/recipe/7065016,메인반찬,,,1,,
잔멸치 후리가케 10분 완성 초간단 레시피,한식,"잔멸치,파프리카,올리브유,맛술,물엿,참기름,깨",10,쉬움,"아침,점심,야식","맑음,비,눈,더위,추위","봄,여름,가을,겨울",7065132,https://www.10000recipe.com/recipe/7065132,,,,1,,
167.청양고추전(ft.맵지 않을까?) (2025.10.27),한식,"돼지다짐육,청양고추,밀가루,대파,식용유,소금,후추,간마늘,계란",60,쉬움,저녁,"맑음,비,눈,더위,추위","봄,여름,가을,겨울",7065168,https://www.10000recipe.com/recipe/7065168,메인반찬,,,1,,
169.동태전(2025.10.29),한식,"동태포,계란,소금,대파,식용유,밀가루",60,쉬움,저녁,"맑음,비,눈,더위,추위","봄,여름,가을,겨울",7065350,https://www.10000recipe.com/recipe/7065350,메인반찬,,,1,,
돼지고기 듬뿍넣은 구수한 청국장 끓이기,한식,"돼지고기,청국장,두부,마늘,묵은지,무우,동전육수,양파,대파,청양고추,된장",60,쉬움,저녁,"맑음,비,눈,더위,추위","봄,여름,가을,겨울",7065433,https://www.10000recipe.com/recipe/7065433,국/탕,,,1,,
글루텐 프리.오보 베지 완자/ 두부.오트밀 완자찜/ 애호박.두부 완자/ 만두대신~담백하고 든든한 한 끼.,한식,"두부g,애호박g,오트밀롤드오트,계란,간장,식초,물,고춧가루,후추,고운소금,마늘,전분",60,쉬움,저녁,"맑음,비,눈,더위,추위","봄,여름,가을,겨울",7065676,https://www.10000recipe.com/recipe/7065676,면/만두,,,1,,
174.시금치나물무침•1(2025.11.5),한식,"시금치,물,소금,간마늘,참기름,통깨,대파",30,쉬움,"점심,저녁","맑음,비,눈,더위,추위","봄,여름,가을,겨울",7065767,https://www.10000recipe.com/recipe/7065767,메인반찬,,,1,,
175.열무두부무침(2025.11.6),한식,"열무,두부,대파,마늘,된장,참치액,소금",60,쉬움,저녁,"맑음,비,눈,더위,추위","봄,여름,가을,겨울",7065813,https://www.10000recipe.com/recipe/7065813,메인반찬,,,1,,
집에서도 파는 맛 그대로! 닭볶음탕 완벽 레시피,한식,"생닭,감자,느타리,대파,고추,물,맛술,고춧가루,고추장,설탕,올리고당,간장,마늘,후추",20,쉬움,"점심,저녁","맑음,비,눈,더위,추위","봄,여름,가을,겨울",7065820,https://www.10000recipe.com/recipe/7065820,국/탕,,,1,,
[10분완성] 간단하게 만드는 어묵 라볶이,한식,"봉지라면,어묵,양파,대파,물,피자치즈,고추장,라면스프,고춧가루,알룰로스설탕,계란,떡볶이용떡,소시지",10,쉬움,"아침,점심,야식","맑음,비,눈,더위,추위","봄,여름,가을,겨울",7065911,https://www.10000recipe.com/recipe/7065911,면/만두,,,1,,
177.시금치나물무침•2(2025.11.10),한식,"시금치,물,소금,된장,간마늘,참기름,통깨,대파,참치액",30,쉬움,"점심,저녁","맑음,비,눈,더위,추위","봄,여름,가을,겨울",7066035,https://www.10000recipe.com/recipe/7066035,메인반찬,,,1,,
180.가지밥•1(ft.아이들도 잘 먹는)(2025.11.13),한식,"가지,잡채용돼지고기,미림,쌀,생수,대파,간장,참기름,고춧가루,통깨,참치액,후추",60,쉬움,저녁,"맑음,비,눈,더위,추위","봄,여름,가을,겨울",7066237,https://www.10000recipe.com/recipe/7066237,밥/죽/떡,,,1,,
"밥도둑 수준을 넘어선 대패김치볶음, ㄹㅇ 레전드!",한식,"대패삼겹살,대파,고추장,고춧가루,설탕,간장,마늘,후추,참기름",15,쉬움,"아침,점심,야식","맑음,비,눈,더위,추위","봄,여름,가을,겨울",7066350,https://www.10000recipe.com/recipe/7066350,메인반찬,,,1,,
스팸계란 주먹밥 레시피 김가루 주먹밥 만들기,한식,"밥,계란,스팸,김가루or조미김팩,소금,올리브오일,통깨",20,쉬움,"점심,저녁","맑음,비,눈,더위,추위","봄,여름,가을,겨울",7066447,https://www.10000recipe.com/recipe/7066447,밥/죽/떡,,,1,,
182.굴떡국(2025.11.17),한식,"떡국떡,생굴,표고버섯,대파,생수,코인육수,참치액,후추,소금",60,쉬움,저녁,"맑음,비,눈,더위,추위","봄,여름,가을,겨울",7066450,https://www.10000recipe.com/recipe/7066450,국/탕,,,1,,
얼큰 떡만두국 레시피 감칠맛 폭발 진한 국물 만들기,한식,"떡,만두,계란,대파,물,코인육수,식용유,고춧가루,마늘,간장,참치액젓,소금,후추",15,쉬움,"아침,점심,야식","맑음,비,눈,더위,추위","봄,여름,가을,겨울",7066503,https://www.10000recipe.com/recipe/7066503,면/만두,,,1,,
185.황금볶음밥(2025.11.20),한식,"찹쌀,멥쌀,계란,스팸,분말치킨스톡,식용유,완두콩,대파,후추",90,쉬움,저녁,"맑음,비,눈,더위,추위","봄,여름,가을,겨울",7066643,https://www.10000recipe.com/recipe/7066643,밥/죽/떡,,,1,,
첫 숟갈에서 \'어?\' 하게되는 순두부달걀명란탕 !,한식,"물,동전육수멸치맛,계란,맛소금,미원,순두부,봉지,명란",10,쉬움,"아침,점심,야식","맑음,비,눈,더위,추위","봄,여름,가을,겨울",7066803,https://www.10000recipe.com/recipe/7066803,국/탕,,,1,,
188.가지밥•2(ft.with돼지안심)(2025.11.25),한식,"가지개,쌀,돼지등심잡채용,볶은조미김,양파,대파,청양고추,생수,간장,후춧가루,참치액,참기름,마늘",60,쉬움,저녁,"맑음,비,눈,더위,추위","봄,여름,가을,겨울",7066917,https://www.10000recipe.com/recipe/7066917,밥/죽/떡,,,1,,
고추장 오리볶음,한식,"생오리슬라이스,양파,대파,팽이버섯,마늘,고추장,고춧가루,간장,설탕,맛술,후추,생강가루,물",20,쉬움,"점심,저녁","맑음,비,눈,더위,추위","봄,여름,가을,겨울",7066967,https://www.10000recipe.com/recipe/7066967,메인반찬,,,1,,
북어김치국,한식,"송송썬배추김치,북어채,대파,마늘,참치액,동전육수,새우젓",20,쉬움,"점심,저녁","맑음,비,눈,더위,추위","봄,여름,가을,겨울",7066974,https://www.10000recipe.com/recipe/7066974,국/탕,,,1,,
뜨끈한 국물요리 ~ 어묵 우동 만드는법,일식,"어묵,우동면사리,멸치다시마육수,건표고,계란,대파,마늘,쑥갓,간장,액젓,소금,후추",10,쉬움,"아침,점심,야식","맑음,비,눈,더위,추위","봄,여름,가을,겨울",7067044,https://www.10000recipe.com/recipe/7067044,면/만두,,,1,,
191.무설탕 과일파이 (ft.사과•바나나•샤인머스켓) (2025.11.28),한식,"냉동바나나,사과,샤인머스켓,계란,타피오카전분,옥수수전분,밀가루,계핏가루,식용유,블루베리",30,쉬움,"점심,저녁","맑음,비,눈,더위,추위","봄,여름,가을,겨울",7067122,https://www.10000recipe.com/recipe/7067122,,,,1,,
중독성 200%! 가래떡으로 만든 한 입 쏘~옥 소시지 떡강정 레시피,한식,"가래떡,소시지,식용유,설탕,고춧가루,케첩,올리고당,고추장,간장,물",15,쉬움,"아침,점심,야식","맑음,비,눈,더위,추위","봄,여름,가을,겨울",7067147,https://www.10000recipe.com/recipe/7067147,밥/죽/떡,,,1,,
후추 팍팍 한우사골 대파 왕만두국,한식,"왕만두,한우사골곰탕,대파,올리브오일,계란",15,쉬움,"아침,점심,야식","맑음,비,눈,더위,추위","봄,여름,가을,겨울",7067214,https://www.10000recipe.com/recipe/7067214,면/만두,,,1,,
명란찜 만드는 법 밥도둑 명란젓갈찜 레시피 초간단 반찬 요리,한식,"명란젓갈,대파,청양고추,고춧가루,통깨,참기름",20,쉬움,"점심,저녁","맑음,비,눈,더위,추위","봄,여름,가을,겨울",7067228,https://www.10000recipe.com/recipe/7067228,메인반찬,,,1,,
"193.핑크과일파이•2 (ft.No 설탕•소금,사과,바나나,귤, 적용과,..) (2025.12.2)",한식,"적용과,샤인머스켓,무화과,바나나,귤,사과,계란,타피오카전분,옥수수전분,찹쌀가루,밀가루",30,쉬움,"점심,저녁","맑음,비,눈,더위,추위","봄,여름,가을,겨울",7067452,https://www.10000recipe.com/recipe/7067452,,,,1,,
밥도둑 소세지 조림!,한식,"소세지,마늘,간장,케찹,식용유,알룰로스,깨,물",30,쉬움,"점심,저녁","맑음,비,눈,더위,추위","봄,여름,가을,겨울",7067560,https://www.10000recipe.com/recipe/7067560,메인반찬,,,1,,
속 든든하게 챙기는 소고기 무국 레시피,한식,"무,소고기국거리용,코인육수,마늘,참치액젓,맛술,소금",30,쉬움,"점심,저녁","맑음,비,눈,더위,추위","봄,여름,가을,겨울",7067585,https://www.10000recipe.com/recipe/7067585,국/탕,,,1,,
"순두부덮밥, 초간단 다이어트 자취 요리",한식,"순두부,계란,대파,양파,양조간장진간장,참기름,통깨,고춧가루,설탕",5,쉬움,"아침,점심,야식","맑음,비,눈,더위,추위","봄,여름,가을,겨울",7067664,https://www.10000recipe.com/recipe/7067664,밥/죽/떡,,,1,,
#닭다리살요리 #레몬소금닭갈비만들기 #레몬과소금으로간을한레몬닭갈비 #맛집따라하기,한식,"정육닭다리살,천일염,레몬슬라이스,물,설탕,올리고당,후추,양배추,통",60,쉬움,저녁,"맑음,비,눈,더위,추위","봄,여름,가을,겨울",7067850,https://www.10000recipe.com/recipe/7067850,메인반찬,,,1,,
게살 계란탕 만들기 초간단 부드러운 크래미 계란국 레시피,한식,"크래미,계란,대파,물,코인육수,간장,후추,소금부족한간",10,쉬움,"아침,점심,야식","맑음,비,눈,더위,추위","봄,여름,가을,겨울",7067864,https://www.10000recipe.com/recipe/7067864,국/탕,,,1,,
카레 토마토 파스타 레시피,양식,"카레가루,스파게티면,소금,식용유",10,쉬움,"아침,점심,야식","맑음,비,눈,더위,추위","봄,여름,가을,겨울",7067875,https://www.10000recipe.com/recipe/7067875,면/만두,,,1,,
비빔만두 만들기 애플하우스 비빔만두 비빔만두 양념 레시피,한식,"냉동만두,케찹,설탕,간장,고추장,고춧가루,마늘,물",15,쉬움,"아침,점심,야식","맑음,비,눈,더위,추위","봄,여름,가을,겨울",7067937,https://www.10000recipe.com/recipe/7067937,면/만두,,,1,,
햄 계란 덮밥!,한식,"양파,햄스팸,밥,계란,식용유,간장,맛술,알룰로스,참기름,마늘",15,쉬움,"아침,점심,야식","맑음,비,눈,더위,추위","봄,여름,가을,겨울",7068064,https://www.10000recipe.com/recipe/7068064,밥/죽/떡,,,1,,
꾸덕한 카레볶음면!,한식,"양배추,도삭면,식용유,마늘,카레가루,치킨스톡",10,쉬움,"아침,점심,야식","맑음,비,눈,더위,추위","봄,여름,가을,겨울",7068139,https://www.10000recipe.com/recipe/7068139,면/만두,,,1,,
10분 만에 고급 레스토랑 분위기 내는 [알배추구이],양식,"알배추,그라나파다노치즈,부추,올리브오일,마늘,건고추,연두,버터",15,쉬움,"아침,점심,야식","맑음,비,눈,더위,추위","봄,여름,가을,겨울",7068521,https://www.10000recipe.com/recipe/7068521,양식,,,1,,
크리스마스 음식 귤 리스 샐러드 만드는 법,한식,"귤,딸기방울토마토,잎채소,그래놀라,보코치니치즈,올리브오일,화이트발사믹레몬즙,발사믹식초",15,쉬움,"아침,점심,야식","맑음,비,눈,더위,추위","봄,여름,가을,겨울",7068580,https://www.10000recipe.com/recipe/7068580,,,,1,,
209.가지밥•3(ft.비빔장) (2025.12.24),한식,"가지,돼지안심잡채용,대파,간장,참치액,통깨,고춧가루,참기름",60,쉬움,저녁,"맑음,비,눈,더위,추위","봄,여름,가을,겨울",7068636,https://www.10000recipe.com/recipe/7068636,밥/죽/떡,,,1,,
단짠단짝 고소~감자로 만든 감자치즈전,한식,"찐감자,감자전분,우유,모짜렐라치즈,간장,꿀,물",15,쉬움,"아침,점심,야식","맑음,비,눈,더위,추위","봄,여름,가을,겨울",7068650,https://www.10000recipe.com/recipe/7068650,메인반찬,,,1,,
허니갈릭쉬림프 간단하고 근사한 크리스마스 홈 파티 냉동 새우 요리,양식,"냉동새우,파슬리,전분,범일불간장,마늘,꿀,레드페퍼",20,쉬움,"점심,저녁","맑음,비,눈,더위,추위","봄,여름,가을,겨울",7068733,https://www.10000recipe.com/recipe/7068733,양식,,,1,,
"떡국만들기 실패없는 이유, 딱 '이거' 하나!",한식,"곰탕,떡국떡,계란,대파,후추",15,쉬움,"아침,점심,야식","맑음,비,눈,더위,추위","봄,여름,가을,겨울",7069121,https://www.10000recipe.com/recipe/7069121,밥/죽/떡,,,1,,
감자전분의 마법! 시판 새우칩보다 10배 맛있는 리얼새우칩,한식,"칵테일새우,소금,후춧가루,감자전분",10,쉬움,"아침,점심,야식","맑음,비,눈,더위,추위","봄,여름,가을,겨울",7069129,https://www.10000recipe.com/recipe/7069129,,,,1,,
[붉은요리] 라면보다 맛있는 닭가슴살 닭개장 15분만에 만들기!,한식,"닭가슴살,계란,대파,양파,청양고추,올리브유,마요네즈,고춧가루,참치액젓,후추",15,쉬움,"아침,점심,야식","맑음,비,눈,더위,추위","봄,여름,가을,겨울",7069352,https://www.10000recipe.com/recipe/7069352,국/탕,,,1,,
고기 없이도 든든한 감자미역국/아침식사·해장국으로 속 편한 건강국,한식,"감자,건미역,양파,들깨가루,물,동전육수,멸치액젓,소금,참기름",30,쉬움,"점심,저녁","맑음,비,눈,더위,추위","봄,여름,가을,겨울",7069361,https://www.10000recipe.com/recipe/7069361,국/탕,,,1,,
실패 없는 로제떡볶이 만드는법 남은 떡국떡요리 아이들 점심메뉴,한식,"떡국떡,후랑크소시지g,고추장,고운고춧가루안매운것,설탕,우유,카레가루,케첩,소금",20,쉬움,"점심,저녁","맑음,비,눈,더위,추위","봄,여름,가을,겨울",7069387,https://www.10000recipe.com/recipe/7069387,밥/죽/떡,,,1,,
보글보글 묵은지 돼지고기 김치찌개,한식,"돼지고기,묵은지,양파,두부,마늘,대파,고춧가루,액젓",30,쉬움,"점심,저녁","맑음,비,눈,더위,추위","봄,여름,가을,겨울",7069691,https://www.10000recipe.com/recipe/7069691,찌개,,,1,,
콩나물국 # 콩나물 무국,한식,"콩나물,무,청량고추,대파,마늘,고대도액젓,굵은멸치",20,쉬움,"점심,저녁","맑음,비,눈,더위,추위","봄,여름,가을,겨울",7069697,https://www.10000recipe.com/recipe/7069697,국/탕,,,1,,
[붉은요리] 스팸 김치볶음밥 레시피,한식,"신김치,스팸,대파,밥,오일,고춧가루,마요네즈,통깨,참기름",20,쉬움,"점심,저녁","맑음,비,눈,더위,추위","봄,여름,가을,겨울",7069898,https://www.10000recipe.com/recipe/7069898,밥/죽/떡,,,1,,
10분 만에 초간단 명란 버터 파스타 만들기,양식,"파스타면인분에g,버터,명란,레몬즙,후추,건파슬리,물,소금",10,쉬움,"아침,점심,야식","맑음,비,눈,더위,추위","봄,여름,가을,겨울",7069914,https://www.10000recipe.com/recipe/7069914,양식,짭짤함,미분류,1,,
겨울음료 진저레몬티,한식,"생강,물,레몬",10,쉬움,"아침,점심,야식","맑음,비,눈,더위,추위","봄,여름,가을,겨울",7070043,https://www.10000recipe.com/recipe/7070043,,,,1,,
[매운요리] 김치 야채 참치찌개 매콤참치김치찌개,한식,"김치,매운고춧가루,마늘,간장,아보카도오일,양파,버섯,할라피뇨,대파,두부,참치,코인육수,가루육수,물",20,쉬움,"점심,저녁","맑음,비,눈,더위,추위","봄,여름,가을,겨울",7070129,https://www.10000recipe.com/recipe/7070129,찌개,,,1,,
새우 오일 파스타 만들기 (2인분),양식,"파스타면원동전크기,면수,소금,다진마늘그리고편마늘한줌,치킨스톡,그라파다노치즈분말,레드페퍼",30,쉬움,"점심,저녁","맑음,비,눈,더위,추위","봄,여름,가을,겨울",7070155,https://www.10000recipe.com/recipe/7070155,면/만두,,,1,,
냉동만두 에어프라이어 깐풍만두 만들기,한식,"냉동물만두,양파,파프리카,간장,생강청,매실액,식초,후추입자있게",20,쉬움,"점심,저녁","맑음,비,눈,더위,추위","봄,여름,가을,겨울",7070165,https://www.10000recipe.com/recipe/7070165,면/만두,,,1,,
아이반찬 닭안심파프리카볶음,한식,"닭안심,양파,파프리카,소금,참기름",10,쉬움,"아침,점심,야식","맑음,비,눈,더위,추위","봄,여름,가을,겨울",7070232,https://www.10000recipe.com/recipe/7070232,메인반찬,,,1,,
실패없는 무생채 레시피,한식,"무,대파,소금,설탕,고춧가루,간장,식초",5,쉬움,"아침,점심,야식","맑음,비,눈,더위,추위","봄,여름,가을,겨울",7070354,https://www.10000recipe.com/recipe/7070354,,,,1,,
"속 풀리는 얼큰 오징어무국 레시피, 해장으로 딱 좋은 국물",한식,"오징어,무,대파,청양고추,홍고추,물,코인육수,마늘,고춧가루,간장,참치액,맛술,후추",30,쉬움,"점심,저녁","맑음,비,눈,더위,추위","봄,여름,가을,겨울",7070377,https://www.10000recipe.com/recipe/7070377,국/탕,,,1,,
안매운 고추장 이용한 댤걀 국수 레시피에요! 맛있어요~,한식,"소면,고추장,둥이네된장가루또는된장,T육수가루포,마늘,대파,계란,물",20,쉬움,"점심,저녁","맑음,비,눈,더위,추위","봄,여름,가을,겨울",7070741,https://www.10000recipe.com/recipe/7070741,면/만두,,,1,,
집에서 만드는 초간단 갈비탕 만들어보세요!,한식,"샤브샤브,대파,마늘,표고버섯,양파,물,간장,소금",30,쉬움,"점심,저녁","맑음,비,눈,더위,추위","봄,여름,가을,겨울",7070742,https://www.10000recipe.com/recipe/7070742,국/탕,,,1,,
어묵덮밥,한식,"밥,납작어묵,양파중,당근,대파,마늘,식용유,통깨,간장,올리고당,고춧가루,후추",30,쉬움,"점심,저녁","맑음,비,눈,더위,추위","봄,여름,가을,겨울",7070840,https://www.10000recipe.com/recipe/7070840,밥/죽/떡,,,1,,
소고기무국 레시피 ㅣ 무가 달달해서 더 진한 소고기 뭇국 끓이는 법,한식,"소고기양지,무g,토막,대파,물,액젓,마늘,굵은소금천일염,후추",60,쉬움,저녁,"맑음,비,눈,더위,추위","봄,여름,가을,겨울",7071213,https://www.10000recipe.com/recipe/7071213,국/탕,,,1,,
순두부계란탕 만드는법 순두부 계란국 맑은 순두부국 끓이기,한식,"순두부g,계란,냉동왕새우,양파,물,코인육수,간장,참치액,후추",10,쉬움,"아침,점심,야식","맑음,비,눈,더위,추위","봄,여름,가을,겨울",7071235,https://www.10000recipe.com/recipe/7071235,국/탕,,,1,,
돼지고기 고추장 두부찌개,한식,"돼지고기,두부,고추장,대파,마늘,물,소금,후추",30,쉬움,"점심,저녁","맑음,비,눈,더위,추위","봄,여름,가을,겨울",7071308,https://www.10000recipe.com/recipe/7071308,찌개,,,1,,
소고기 안심 미역국,한식,"미역,설탕,소고기안심,마늘,들기름,간장,가루육수,육수,물",20,쉬움,"점심,저녁","맑음,비,눈,더위,추위","봄,여름,가을,겨울",7071387,https://www.10000recipe.com/recipe/7071387,국/탕,,,1,,
그릭요거트 콩포트 오픈 샌드위치 다이어트 디저트,한식,"그릭요거트,블루베리,호밀빵,알룰로스,레몬즙",15,쉬움,"아침,점심,야식","맑음,비,눈,더위,추위","봄,여름,가을,겨울",7071467,https://www.10000recipe.com/recipe/7071467,,,,1,,
선재스님 간장 두부조림 레시피,한식,"두부g,아보카도오일,간장,조청,물",20,쉬움,"점심,저녁","맑음,비,눈,더위,추위","봄,여름,가을,겨울",7071567,https://www.10000recipe.com/recipe/7071567,메인반찬,,,1,,
된장술밥 레시피 고기집 된장찌개 만드는 법,한식,"우삼겹,양파,대파,두부,물,밥,된장,쌈장,마늘,고춧가루,코인육수",30,쉬움,"점심,저녁","맑음,비,눈,더위,추위","봄,여름,가을,겨울",7071692,https://www.10000recipe.com/recipe/7071692,국/탕,,,1,,
이정현 사과 비빔국수.,한식,"소면,갈은사과,고추장,다진양파,설탕,마늘,매실청,참기름",30,쉬움,"점심,저녁","맑음,비,눈,더위,추위","봄,여름,가을,겨울",7071728,https://www.10000recipe.com/recipe/7071728,면/만두,,,1,,
백종원 깐 메추리알 장조림 만들기 도시락자취밑반찬,한식,"메추리알,물,간장,맛술,후추,올리고당,통깨",15,쉬움,"아침,점심,야식","맑음,비,눈,더위,추위","봄,여름,가을,겨울",7071789,https://www.10000recipe.com/recipe/7071789,메인반찬,,,1,,
소시지 볶음 레시피 양상추 볶음 요리법,한식,"양상추,프랑크소시지,양파,당근,마늘,대파,청양고추,후춧가루",30,쉬움,"점심,저녁","맑음,비,눈,더위,추위","봄,여름,가을,겨울",7071803,https://www.10000recipe.com/recipe/7071803,메인반찬,,,1,,
삼겹살 간장조림,한식,"삼겹살,간장,설탕,대파,통마늘",20,쉬움,"점심,저녁","맑음,비,눈,더위,추위","봄,여름,가을,겨울",7071903,https://www.10000recipe.com/recipe/7071903,메인반찬,,,1,,
백종원 간장 진미채볶음 만들기 오징어채 일미무침 도시락반찬,한식,"진미채,간장,물,맛술,후추,통깨,올리고당,마늘",15,쉬움,"아침,점심,야식","맑음,비,눈,더위,추위","봄,여름,가을,겨울",7071957,https://www.10000recipe.com/recipe/7071957,,,,1,,
고기없는 미역국 만들기 감자미역국 레시피,한식,"감자,미역,물,들기름,마늘,참치액,소금",30,쉬움,"점심,저녁","맑음,비,눈,더위,추위","봄,여름,가을,겨울",7072001,https://www.10000recipe.com/recipe/7072001,국/탕,,,1,,
매콤하지만 물 안 생기는 낙지볶음 만들기,한식,"낙지,양파,대파,당근,청양고추,들기름,통깨,밀가루,천일염,고춧가루,간장,설탕,올리고당,맛술,마늘,참기름,후추",30,쉬움,"점심,저녁","맑음,비,눈,더위,추위","봄,여름,가을,겨울",7072063,https://www.10000recipe.com/recipe/7072063,메인반찬,,,1,,
순두부 김치콩나물국!,한식,"순두부,배추김치어른주먹양,콩나물,청양고추,대파,마늘,참치액",15,쉬움,"아침,점심,야식","맑음,비,눈,더위,추위","봄,여름,가을,겨울",7072066,https://www.10000recipe.com/recipe/7072066,국/탕,,,1,,
베이컨 크림스파게티 레시피,한식,"스파게티면,베이컨,병,우유,올리브유,소금",15,쉬움,"아침,점심,야식","맑음,비,눈,더위,추위","봄,여름,가을,겨울",7072142,https://www.10000recipe.com/recipe/7072142,면/만두,,,1,,
김치콩나물국 끓이는법 김치콩나물국 초간단 레시피,한식,"물,대파,신김치,콩나물,마늘,청양고추,고춧가루,코인육수,소금,액젓,식초생략가능",20,쉬움,"점심,저녁","맑음,비,눈,더위,추위","봄,여름,가을,겨울",7072214,https://www.10000recipe.com/recipe/7072214,국/탕,,,1,,
햄야채 볶음밥 레시피 겨울방학 점심 메뉴 간단 한 그릇 햄 볶음밥 레시피,한식,"찬밥,사각햄,양파,당근,애호박,대파,올리브유,간장,참기름,통깨",20,쉬움,"점심,저녁","맑음,비,눈,더위,추위","봄,여름,가을,겨울",7072343,https://www.10000recipe.com/recipe/7072343,밥/죽/떡,,,1,,
구수한 비지찌개 끓이는 법 시골밥상 콩비지찌개 레시피 밥도둑 찌개 요리,한식,"콩비지,돼지고기,신김치,무,대파,참기름,간장,물,소금",20,쉬움,"점심,저녁","맑음,비,눈,더위,추위","봄,여름,가을,겨울",7072347,https://www.10000recipe.com/recipe/7072347,찌개,,,1,,
물만두 요리 꿀조합 간장양념소스,한식,"물만두,다시다,참기름,다진쪽파또는대파,간장,식초,설탕,만두삶은육수",15,쉬움,"아침,점심,야식","맑음,비,눈,더위,추위","봄,여름,가을,겨울",7072356,https://www.10000recipe.com/recipe/7072356,면/만두,,,1,,
감칠맛 있는 당근 김밥,한식,"당근,계란,김밥김,밥,공기,마늘,오일,참기름,소금",30,쉬움,"점심,저녁","맑음,비,눈,더위,추위","봄,여름,가을,겨울",7072492,https://www.10000recipe.com/recipe/7072492,밥/죽/떡,,,1,,
표고버섯 연근 솥밥 만들기,한식,"표고버섯,연근,당근,다시마,쌀,대파,다시마우린물,간장,맛술",30,쉬움,"점심,저녁","맑음,비,눈,더위,추위","봄,여름,가을,겨울",7072520,https://www.10000recipe.com/recipe/7072520,밥/죽/떡,,,1,,
버터 김치볶음밥 레시피 양배추 김치볶음밥 레시피 간장 버터밥 레시피,한식,"밥,양배추,배추김치,계란,간장,버터,통깨",30,쉬움,"점심,저녁","맑음,비,눈,더위,추위","봄,여름,가을,겨울",7072581,https://www.10000recipe.com/recipe/7072581,밥/죽/떡,,,1,,
들기름 두부구이 두부부침 양념장 레시피 두부반찬,한식,"두부,들기름,식용유,소금,간장,알룰로스,마늘,고춧가루,통깨",20,쉬움,"점심,저녁","맑음,비,눈,더위,추위","봄,여름,가을,겨울",7072605,https://www.10000recipe.com/recipe/7072605,,,,1,,
밥반찬 메뉴 계란 장조림,한식,"계란,물,대파,양파,간장,코인육수,깨",15,쉬움,"아침,점심,야식","맑음,비,눈,더위,추위","봄,여름,가을,겨울",7072609,https://www.10000recipe.com/recipe/7072609,,,,1,,
복어 지리탕 ~ 밀복 지리탕 만드는법,한식,"밀복,복어애,멸치다시마육수,무,대파,마늘,생강,미나리,구운소금,맛술,식초,애플사이다식초,간장,와사비",60,쉬움,저녁,"맑음,비,눈,더위,추위","봄,여름,가을,겨울",7072693,https://www.10000recipe.com/recipe/7072693,국/탕,,,1,,
"양파의 단맛과 청양고추의 한 방, 국물까지 싹 비우는 냉파 계란 칼국수",한식,"계란,양파,대파,물,마늘,다시다,소금",30,쉬움,"점심,저녁","맑음,비,눈,더위,추위","봄,여름,가을,겨울",7072723,https://www.10000recipe.com/recipe/7072723,면/만두,,,1,,
시원한 맛이 일품인 어묵김치찌개 만들기,한식,"신김치,김치국물,식용유,물,마늘,어묵,고춧가루,참치액,대파",30,쉬움,"점심,저녁","맑음,비,눈,추위",가을,7072849,https://www.10000recipe.com/recipe/7072849,찌개,짭짤함,가을,1,,
"베이컨 양배추 볶음, 진짜 쉬운 양배추 반찬 레시피",한식,"양배추,베이컨,올리브유,마늘,소금,후추,통깨",10,쉬움,"아침,점심,야식","맑음,비,눈,더위,추위","봄,여름,가을,겨울",7072884,https://www.10000recipe.com/recipe/7072884,메인반찬,짭짤함,미분류,1,,
"애호박 새우젓국 맑은 깊은 맛, 두부 넣어 든든해요",한식,"애호박,두부,대파,고추,물,코인육수,마늘,새우젓,후추선택",10,쉬움,"아침,점심,야식","맑음,비,눈,더위,추위","봄,여름,가을,겨울",7072885,https://www.10000recipe.com/recipe/7072885,국/탕,,,1,,
삼겹살지코바 만들기 돼코바 손님접대 지코바양념,한식,"삼겹살,가래떡,식용유,통깨,간장,꿀,설탕,고춧가루,맛술,케찹,마늘,고추장",20,쉬움,"점심,저녁","맑음,비,눈,더위,추위","봄,여름,가을,겨울",7072953,https://www.10000recipe.com/recipe/7072953,메인반찬,,,1,,
"떡국 맛있게 끓이는 법, 매콤하게 즐기는 얼큰 떡국 레시피",한식,"떡국떡,계란,대파,물,코인육수,식용유,고춧가루,간장,참치액젓,마늘,후추",10,쉬움,"아침,점심,야식","맑음,비,눈,더위,추위","봄,여름,가을,겨울",7073021,https://www.10000recipe.com/recipe/7073021,국/탕,,,1,,
언제 먹어도 마음까지 채워주는 반찬 [두부조림],한식,"두부,양파,청홍고추,대파,고춧가루,간장,설탕,마늘,들기름,통깨,물",30,쉬움,"점심,저녁","맑음,비,눈,더위,추위","봄,여름,가을,겨울",7073178,https://www.10000recipe.com/recipe/7073178,메인반찬,,,1,,
당근 고추참치덮밥 초간단 도시락 메뉴,한식,"당근,고추참치,마늘,대파",15,쉬움,"아침,점심,야식","맑음,비,눈,더위,추위","봄,여름,가을,겨울",7073275,https://www.10000recipe.com/recipe/7073275,밥/죽/떡,,,1,,
매콤하게 구워 더 맛있는 새송이버섯 매콤구이 레시피 (1봉지로 만드는 초간단 반찬),한식,"새송이버섯,간장,참기름,고춧가루,고추장,물엿,검은깨,통깨",30,쉬움,"점심,저녁",맑음,가을,7073279,https://www.10000recipe.com/recipe/7073279,메인반찬,매콤함,가을,1,,
양배추로 식감 살린 훈제오리볶음,한식,"훈제오리,양배추,양파,간장,후추,통마늘",20,쉬움,"점심,저녁","맑음,비,눈,더위,추위","봄,여름,가을,겨울",7073283,https://www.10000recipe.com/recipe/7073283,메인반찬,,,1,,
향긋함의 끝판왕! 미나리 물닭갈비 레시피 (잡내 제로 손질법),한식,"닭고기절단육,양파,대파,미나리,쫄면사리,사골육수,고춧가루,간장,마늘,설탕,맛술,소금,술,카레가루,후추",60,쉬움,저녁,"맑음,비,눈,더위,추위","봄,여름,가을,겨울",7073305,https://www.10000recipe.com/recipe/7073305,국/탕,,,1,,
간장 두부조림 레시피 두부조림 양념장 황금레시피,한식,"두부,소금,후추,오일,간장,설탕,맛술,마늘,물,참기름,통깨",30,쉬움,"점심,저녁","맑음,비,눈,더위,추위","봄,여름,가을,겨울",7073454,https://www.10000recipe.com/recipe/7073454,,,,1,,
오징어채볶음 만들기 질기지 않게 만드는 비결,한식,"오징어채,물,간장,미림맛술,물엿,설탕,대파,참기름,통깨,후추선택",15,쉬움,"아침,점심,야식","맑음,비,눈,더위,추위","봄,여름,가을,겨울",7073477,https://www.10000recipe.com/recipe/7073477,,,,1,,
냉이된장국 레시피 끓이는법 효능 냉이요리 추천,한식,"냉이,애호박,양파,청양고추,두부,물,된장,코인육수,마늘,고춧가루",20,쉬움,"점심,저녁","맑음,비,눈,더위,추위","봄,여름,가을,겨울",7073523,https://www.10000recipe.com/recipe/7073523,국/탕,매콤함,미분류,1,,
속 풀리는 얼큰 계란국,한식,"계란,물,대파,마늘,고춧가루,간장,참치액또는멸치액젓선택,소금,후추,참기름",20,쉬움,"점심,저녁","맑음,비,눈,더위,추위","봄,여름,가을,겨울",7073695,https://www.10000recipe.com/recipe/7073695,국/탕,,,1,,
어묵탕 간단 레시피 끓이는법 남은 냉동 떡국떡 활용요리,한식,"사각어묵,떡국떡,대파,양파,물,코인육수,참치액,간장,마늘,후추",20,쉬움,"점심,저녁","맑음,비,눈,더위,추위","봄,여름,가을,겨울",7073715,https://www.10000recipe.com/recipe/7073715,국/탕,,,1,,
"다진 돼지고기 소보로 만들기 아이 아침 등교메뉴, 반찬없는 날",한식,"돼지고기다짐육,식용유,마늘,맛술,후춧가루,간장,참치액,설탕",20,쉬움,"점심,저녁","맑음,비,눈,더위,추위","봄,여름,가을,겨울",7073728,https://www.10000recipe.com/recipe/7073728,,,,1,,
꼬마 김밥 만들기 우엉 김밥,한식,"우엉조림,당근,계란,후춧가루,밥,김밥용김,깻잎,소금,참기름,통깨",30,쉬움,"점심,저녁","맑음,비,눈,더위,추위","봄,여름,가을,겨울",7073908,https://www.10000recipe.com/recipe/7073908,밥/죽/떡,,,1,,
매번 먹어도 질리지 않는 시금치 파스타 레시피!,양식,"마늘약,시금치,페퍼론치노,올리브오일",20,쉬움,"점심,저녁","맑음,비,눈,더위,추위","봄,여름,가을,겨울",7073915,https://www.10000recipe.com/recipe/7073915,양식,,,1,,
콩나물어묵찜,한식,"콩나물,납작사각어묵,양파,청양고추,대파,녹말가루,물,채소육수,간장,고춧가루,마늘,맛술,설탕,후추",30,쉬움,"점심,저녁","맑음,비,눈,더위,추위","봄,여름,가을,겨울",7073937,https://www.10000recipe.com/recipe/7073937,메인반찬,,,1,,
꾸덕 매콤 불닭소스 들어간 크림카레 당면 레시피,한식,"납작당면,체다치즈,버터,양파,비엔나소시지,우유,고형카레,고춧가루,고추장,후추,파슬리가루",15,쉬움,"아침,점심,야식","맑음,비,눈,더위,추위","봄,여름,가을,겨울",7074007,https://www.10000recipe.com/recipe/7074007,면/만두,,,1,,
잔치국수 초간단레시피 어묵국수 만드는법,한식,"소면,대파,어묵,간장,참치액젓,고춧가루,김가루,코인육수,물",20,쉬움,"점심,저녁","맑음,비,눈,더위,추위","봄,여름,가을,겨울",7074035,https://www.10000recipe.com/recipe/7074035,면/만두,,,1,,
모닝빵으로 마늘빵만들기 에어프라이어로 간단한간식레시피,한식,"버터,마늘,파슬리,치즈가루,피자치즈,올리고당",30,쉬움,"점심,저녁","맑음,비,눈,더위,추위","봄,여름,가을,겨울",7074045,https://www.10000recipe.com/recipe/7074045,,,,1,,
창억떡 호박인절미 호박인절미카스테라,한식,"설탕,식용유,카스테라큰거,소금,습식찹쌀가루,단호박",120,보통,저녁,"맑음,비,눈,더위,추위","봄,여름,가을,겨울",7074055,https://www.10000recipe.com/recipe/7074055,밥/죽/떡,,,1,,
묵은지들기름파스타/깔끔하고 맛있는 레시피/쉬운 레시피,양식,"묵은지,들기름,스파게티면,마늘,페퍼론치노,올리브오일,설탕,대파송송,간장,소금,후추,면수스파게티면삶은",30,쉬움,"점심,저녁","맑음,비,눈,더위,추위","봄,여름,가을,겨울",7074065,https://www.10000recipe.com/recipe/7074065,면/만두,,,1,,
류수영 간장국수.어른도.아이도반한 국수,한식,"간장,설탕,참기름,마늘",15,쉬움,"아침,점심,야식","맑음,비,눈,더위,추위","봄,여름,가을,겨울",7074073,https://www.10000recipe.com/recipe/7074073,면/만두,,,1,,
류수영 양념레시피 초간단 골뱅이소면 새콤달콤골뱅이소면.,한식,"고추장,식초,간장,설탕,마늘,고춧가루,통깨",10,쉬움,"아침,점심,야식","맑음,비,눈,더위,추위","봄,여름,가을,겨울",7074076,https://www.10000recipe.com/recipe/7074076,면/만두,,,1,,
시금치된장 고추장넣었더니?이맛뭐죠?밥두공기 순삭,한식,"알육수,고추장,된장,마늘",60,쉬움,저녁,"맑음,비,눈,더위,추위","봄,여름,가을,겨울",7074078,https://www.10000recipe.com/recipe/7074078,국/탕,짭짤함,미분류,1,,
집에서 간단하게 만드는 날치알밥레시피,한식,"밥,날치알,김치,포기,단무지,상추,크레미,김가루,버터",15,쉬움,"아침,점심,야식","맑음,비,눈,더위,추위","봄,여름,가을,겨울",7074090,https://www.10000recipe.com/recipe/7074090,국/탕,,,1,,
단짠단짠 고기없이깊은맛! 메추리알장조림만드는법표고버섯장조림,한식,"표고버섯,알육수,간장,설탕,깨소금,참기름,깐메추리알",60,쉬움,저녁,"맑음,비,눈,더위,추위","봄,여름,가을,겨울",7074106,https://www.10000recipe.com/recipe/7074106,,,,1,,
다이어트쫄면 미역국수15칼로리 양념황금레시피,한식,"고추장,고춧가루,간장,식초,설탕,마늘,참기름,깨소금",15,쉬움,"아침,점심,야식","맑음,비,눈,더위,추위","봄,여름,가을,겨울",7074114,https://www.10000recipe.com/recipe/7074114,면/만두,,,1,,
통닭 김치 반반김밥,한식,"김,계란,당근,햄,시금치,단,단무지,맛살,김치,밥",60,보통,저녁,"맑음,비,눈,더위,추위","봄,여름,가을,겨울",7074121,https://www.10000recipe.com/recipe/7074121,밥/죽/떡,,,1,,
참치 김치찌개 만드는 법 떡국떡 이용한 황금 레시피,한식,"잘익은김치,포기,캔참치,떡국떡,대파,고춧가루,간장,물또는쌀뜨물",15,쉬움,"아침,점심,야식","맑음,비,눈,더위,추위","봄,여름,가을,겨울",7074209,https://www.10000recipe.com/recipe/7074209,찌개,매콤함,미분류,1,,
국민반찬 부서지지 않는 감자채 볶음 만드는 법 10분 완성 레시피,한식,"감자,소금,깨소금,기름,검은깨",15,쉬움,"아침,점심,야식","맑음,비,눈,더위,추위","봄,여름,가을,겨울",7074215,https://www.10000recipe.com/recipe/7074215,메인반찬,,,1,,
매콤달콤한 밥도둑!고추장멸치볶음황금레시피,한식,"멸치,고추장,들기름,마늘,올리고당,깨소금,미림",10,쉬움,"아침,점심,야식","맑음,비,눈,더위,추위","봄,여름,가을,겨울",7074277,https://www.10000recipe.com/recipe/7074277,,,,1,,
"야들한 소갈비찜 레시피, \'이렇게\' 만드세요!",한식,"소갈비,간장,설탕,맛술,통마늘,배갈배대체가능,물,물엿,참기름",60,쉬움,저녁,"맑음,비,눈,더위,추위","봄,여름,가을,겨울",7074287,https://www.10000recipe.com/recipe/7074287,메인반찬,,,1,,
매콤떡볶이,한식,"물,집고추장,설탕,사각어묵,대파",30,쉬움,"점심,저녁","맑음,비,눈,더위,추위","봄,여름,가을,겨울",7074323,https://www.10000recipe.com/recipe/7074323,밥/죽/떡,,,1,,
시금치 오일파스타 초간단레시피,양식,"파스타면,시금치,통마늘,마늘,올리브오일,페퍼론치노,버터,후추,소금",20,쉬움,"점심,저녁","맑음,비,눈,더위,추위","봄,여름,가을,겨울",7074373,https://www.10000recipe.com/recipe/7074373,양식,,,1,,
쑥된장국 4월에 꼭 먹어야 하는 바지락 쑥국레시피,한식,"쑥g,바지락,양파,된장,마늘,간장,쌀뜨물,코인육수",30,쉬움,"점심,저녁","맑음,비,눈,더위,추위","봄,여름,가을,겨울",7074374,https://www.10000recipe.com/recipe/7074374,국/탕,,,1,,
매운 돼지갈비찜 황금레시피 돼지갈비찜 양념장,한식,"돼지갈비,소금,양파,물,후추,대파,통깨,마늘,고춧가루,간장,참치액,맛술,물엿",60,쉬움,저녁,"맑음,비,눈,더위,추위","봄,여름,가을,겨울",7074401,https://www.10000recipe.com/recipe/7074401,메인반찬,,,1,,
묵은지 삼겹살 김치찜 초간단 레시피,한식,"삼겹살,묵은지,대파,양파,청양고추,코인육수,물,고춧가루,간장,참치액젓,맛술,알룰로스,마늘,후추",30,보통,"점심,저녁","맑음,비,눈,더위,추위","봄,여름,가을,겨울",7074542,https://www.10000recipe.com/recipe/7074542,메인반찬,,,1,,
초간단 라면 볶음밥,한식,"국물라면,즉석밥,대파,식용유",20,쉬움,"점심,저녁","맑음,비,눈,더위,추위","봄,여름,가을,겨울",7074572,https://www.10000recipe.com/recipe/7074572,밥/죽/떡,,,1,,
연두부 양념장 만들기 다이어트 연두부 요리 레시피,한식,"연두부g,다진대파또는쪽파,마늘,간장,맛술,설탕,고춧가루,들기름,통깨",5,쉬움,"아침,점심,야식","맑음,비,눈,더위,추위","봄,여름,가을,겨울",7074659,https://www.10000recipe.com/recipe/7074659,,,,1,,
다이어트 식단 애호박 당근라페 덮밥,한식,"애호박,당근라페,올리브오일,소금,계란",10,쉬움,"아침,점심,야식","맑음,비,눈,더위,추위","봄,여름,가을,겨울",7074693,https://www.10000recipe.com/recipe/7074693,밥/죽/떡,,,1,,
김치청국장 맛있게 끓이기,한식,"배추김치,애호박,두부,양파작은사이즈,대파,코인육수,쌀뜨물,된장,청국장,마늘",15,쉬움,"아침,점심,야식","맑음,비,눈,더위,추위","봄,여름,가을,겨울",7074750,https://www.10000recipe.com/recipe/7074750,찌개,담백함,미분류,1,,
농도가 핵심! 최강록 오짬두부,한식,"오징어짬뽕라면분말스프,오징어짬뽕라면건더기스프,두부,계란,라조장,고명용대파,물",15,쉬움,"아침,점심,야식","맑음,비,눈,더위,추위","봄,여름,가을,겨울",7074784,https://www.10000recipe.com/recipe/7074784,국/탕,,,1,,
"바삭 달콤 밥도둑, 밥새우볶음으로 완성하는 초간단 후리카케 레시피",한식,"밥새우,마늘,간장반,설탕,기름,올리고당,통깨",20,쉬움,"점심,저녁","맑음,비,눈,더위,추위","봄,여름,가을,겨울",7074800,https://www.10000recipe.com/recipe/7074800,,,,1,,
다이어트두부면(17칼로리)불 없이만드는 시원한 두부면콩국수,한식,"오이,토마토,찐계란,깨소금,소금",15,쉬움,"아침,점심,야식","맑음,더위",여름,7074824,https://www.10000recipe.com/recipe/7074824,면/만두,짭짤함,여름,1,,
취나물 된장무침 (야생 취나물),한식,"생취나물,소금,된장,마늘,매실청,참기름,깨소금",30,쉬움,"점심,저녁","맑음,비,눈,더위,추위","봄,여름,가을,겨울",7075068,https://www.10000recipe.com/recipe/7075068,메인반찬,,,1,,
실패 없는 전자레인지 계란찜 만들기,한식,"계란,대파,맛소금",10,쉬움,"아침,점심,야식","맑음,비,눈,더위,추위","봄,여름,가을,겨울",7075146,https://www.10000recipe.com/recipe/7075146,메인반찬,,,1,,
김치볶음밥,한식,"김치,들기름,밥,고추장",20,쉬움,"점심,저녁","맑음,비,눈,더위,추위","봄,여름,가을,겨울",7075265,https://www.10000recipe.com/recipe/7075265,밥/죽/떡,,,1,,
부타노가쿠니 2인분 뚝딱⋆ ࣪. ˖ ࣪⭑,한식,"돼지고기,마늘,생강cm,청양고추,청경채,대파,계란,물,물중간추가,간장,맛술,쯔유,스테비아설탕,육수한알,식초계란삶는용,소금계란삶는용",90,보통,저녁,"맑음,비,눈,더위,추위","봄,여름,가을,겨울",7075415,https://www.10000recipe.com/recipe/7075415,메인반찬,,,1,,
"294.대파전(ft.혈당, 뚝!)(2026.4.29)",한식,"대파,생수,옥수수전붐,부침가루,꿀가루,소금,식용유",60,쉬움,저녁,"맑음,비,눈,더위,추위","봄,여름,가을,겨울",7075516,https://www.10000recipe.com/recipe/7075516,메인반찬,,,1,,
소고기 미역국끓이기,한식,"미역,소고기,참기름,간장,참치액젓,물",60,쉬움,저녁,"맑음,비,눈,더위,추위","봄,여름,가을,겨울",7075845,https://www.10000recipe.com/recipe/7075845,국/탕,짭짤함,미분류,1,,
닭양념구이,한식,"닭다리살,대파,식용유,고추장,고춧가루,청양고추가루,간장,마늘,생강가루,후추,참기름,올리고당,맛술",60,쉬움,저녁,"맑음,비,눈,더위,추위","봄,여름,가을,겨울",7075847,https://www.10000recipe.com/recipe/7075847,메인반찬,,,1,,
감자 멸치 조림 황금 레시피,한식,"중감자,멸치,올리고당,간장,식용유,물,마늘,파,뿌리,참기름,깨소금",30,쉬움,"점심,저녁","맑음,비,눈,더위,추위","봄,여름,가을,겨울",7075869,https://www.10000recipe.com/recipe/7075869,,,,1,,
쫄깃한 식감 살리는 표고 버섯 볶음,한식,"표고버섯,마늘,들기름,올리고당,참기름,깨소금,후추",20,쉬움,"점심,저녁","맑음,비,눈,더위,추위","봄,여름,가을,겨울",7075897,https://www.10000recipe.com/recipe/7075897,,,,1,,
집에서도 곤드레밥 맛있게 만드는 법,한식,"삶은곤드레,들기름,소금,간장,고춧가루,달래,참기름,통깨",60,쉬움,저녁,맑음,봄,7075926,https://www.10000recipe.com/recipe/7075926,밥/죽/떡,고소함,봄,1,,
입맛 확 돋우는 미나리비빔밥 레시피,한식,"미나리,밥,대파,고춧가루,마늘,간장,매실액,식초,참기름,통깨",10,쉬움,"아침,점심,야식",맑음,봄,7075989,https://www.10000recipe.com/recipe/7075989,밥/죽/떡,고소함,봄,1,,
녹차 티백 없이 만드는 초초간단 오차즈케 [고등어 오차즈케],한식,"순살고등어,녹차음료,쯔유또는간장,후리카게",10,쉬움,"아침,점심,야식","맑음,비,눈,더위,추위","봄,여름,가을,겨울",7076505,https://www.10000recipe.com/recipe/7076505,밥/죽/떡,,,1,,
낙지비빔면!,한식,"손질낙지,중화면,간장,고춧가루,마늘,맛술,고추장,알룰로스,참기름",30,쉬움,"점심,저녁","맑음,비,눈,더위,추위","봄,여름,가을,겨울",7076731,https://www.10000recipe.com/recipe/7076731,면/만두,,,1,,
309.꽈리고추멸치조림(2026.5.27),한식,"꽈리고추,손질멸치중간크기,참기름,통깨",30,쉬움,"점심,저녁","맑음,비,눈,더위,추위","봄,여름,가을,겨울",7076774,https://www.10000recipe.com/recipe/7076774,,,,1,,
마늘쫑 비빔밥,한식,"마늘쫑,고춧가루,고추장,설탕또는알룰로스,간장,물,참기름,깨소금",15,쉬움,"아침,점심,야식","맑음,비,눈,더위,추위","봄,여름,가을,겨울",7076803,https://www.10000recipe.com/recipe/7076803,밥/죽/떡,,,1,,
고구마 그라탕,양식,"고구마,피자치즈,슬라이스치즈,파슬리가루,돼지고기간것,양파,마늘,간장,술,설탕,후추,버터,밀가루,우유,소금",60,쉬움,저녁,"맑음,비,눈,더위,추위","봄,여름,가을,겨울",748753,https://www.10000recipe.com/recipe/748753,양식,,,1,,
고구마 라이스 그라탕,양식,"고구마,브로콜리데친것,밥,양파,토마토,당근,피자치즈,빵가루,버터,토마토케첩,후춧가루,소금",30,쉬움,"점심,저녁","맑음,비,눈,더위,추위","봄,여름,가을,겨울",843124,https://www.10000recipe.com/recipe/843124,양식,,,1,,
파프리카 미트로프,양식,"파프리카,토마토큰것,양파큰것,돼지고기살코기간것,밀가루,올리브유,피자치즈,마늘,소금,후추또는허브솔트,카레가루,빵가루,올리브오일,파슬리가루,양파,토마토,치킨스톡,토마토케찹,토마토퓨레,물,후추",60,쉬움,저녁,"맑음,비,눈,더위,추위","봄,여름,가을,겨울",955284,https://www.10000recipe.com/recipe/955284,양식,,,1,,
김치그라탕,양식,"김치,밥,모차렐라치즈,파슬리가루생략가능,가루수프,수프만들물",30,쉬움,"점심,저녁","맑음,비,눈,더위,추위","봄,여름,가을,겨울",982816,https://www.10000recipe.com/recipe/982816,양식,,,1,,
